group,setting,seed,N,family,method,item,T,elapsed,mass,inertia,sd_mass,sd_inertia,pred_sd_mass,pred_sd_inertia,rollout_sd_mass,rollout_sd_inertia,rollout_T,success
break_even,noise10,1001,5,low_yaw,passive,1,0.775,0.8240000000000001,1.057923681117422,0.010908513635278904,0.04085445392115846,0.007457913601739482,0.04198798919011376,0.007511107839158406,0.04198798919011376,0.007511107839158406,0.775,1
break_even,noise10,1001,5,low_yaw,passive,2,0.75,0.798,1.058954126301196,0.009533787694576945,0.029307447505024564,0.006963525543099387,0.029309671144033718,0.007016279487211115,0.030192093426774372,0.0070706207087782615,0.75,1
break_even,noise10,1001,5,low_yaw,passive,3,0.75,0.798,1.0581065353015309,0.008170055346677998,0.024060383978330113,0.006517142509420828,0.0240557174118293,0.006574221167748699,0.024793088325972178,0.006699526738519012,0.75,1
break_even,noise10,1001,5,low_yaw,passive,4,0.75,0.798,1.05537951574867,0.007201740415242182,0.020888465244457848,0.006169741673430146,0.020888017007211573,0.0061714569967097205,0.021707626397501793,0.006350285115514478,0.7250000000000001,1
break_even,noise10,1001,5,low_yaw,passive,5,0.75,0.798,1.0575003575559228,0.006722384007026329,0.018708021468729217,0.005853486681655863,0.01870976492868621,0.005898414049306224,0.01954603582532998,0.006050522294715765,0.7250000000000001,1
break_even,noise10,1001,5,low_yaw,always_probe,1,0.7000000000000001,0.748,1.0483902380543577,0.002838073993771474,0.03022605639693693,0.0013789480767640119,0.030222717430655268,0.0013795891473611182,0.030699903649704593,0.0014410350550667814,0.675,1
break_even,noise10,1001,5,low_yaw,always_probe,2,0.7000000000000001,0.748,1.0527512880256937,0.0028083104927421358,0.024804823782223984,0.0013741217853507966,0.02480658718283553,0.0013747157321957223,0.025634529205822727,0.0014364011721237772,0.675,1
break_even,noise10,1001,5,low_yaw,always_probe,3,0.7000000000000001,0.748,1.0534416688377468,0.0027853650016000098,0.02154628043907246,0.0013690644031276477,0.0215437367898274,0.0013697575086358165,0.022459062931727333,0.0014318117066100587,0.675,1
break_even,noise10,1001,5,low_yaw,always_probe,4,0.7000000000000001,0.748,1.0522282254662856,0.002755476208263346,0.019301313189803097,0.0013643493806229246,0.019302350671555713,0.0013645608255806489,0.020230892475127382,0.001427265953435158,0.675,1
break_even,noise10,1001,5,low_yaw,always_probe,5,0.7000000000000001,0.748,1.0549758072416606,0.002753518818708847,0.017637054636426196,0.0013594307297208148,0.01763787335971938,0.0013602656623544526,0.018556719888913,0.0014227632230795928,0.675,1
break_even,noise10,1001,5,low_yaw,batch_aware,1,0.775,0.8240000000000001,1.057923681117422,0.010908513635278904,0.04085445392115846,0.007457913601739482,0.04198798919011376,0.007511107839158406,0.04198798919011376,0.007511107839158406,0.775,1
break_even,noise10,1001,5,low_yaw,batch_aware,2,0.75,0.798,1.058954126301196,0.009533787694576945,0.029307447505024564,0.006963525543099387,0.029309671144033718,0.007016279487211115,0.030192093426774372,0.0070706207087782615,0.75,1
break_even,noise10,1001,5,low_yaw,batch_aware,3,0.75,0.798,1.0581065353015309,0.008170055346677998,0.024060383978330113,0.006517142509420828,0.0240557174118293,0.006574221167748699,0.024793088325972178,0.006699526738519012,0.75,1
break_even,noise10,1001,5,low_yaw,batch_aware,4,0.75,0.798,1.05537951574867,0.007201740415242182,0.020888465244457848,0.006169741673430146,0.020888017007211573,0.0061714569967097205,0.021707626397501793,0.006350285115514478,0.7250000000000001,1
break_even,noise10,1001,5,low_yaw,batch_aware,5,0.75,0.798,1.0575003575559228,0.006722384007026329,0.018708021468729217,0.005853486681655863,0.01870976492868621,0.005898414049306224,0.01954603582532998,0.006050522294715765,0.7250000000000001,1
break_even,noise10,1001,5,low_yaw,ignore_passive,1,0.775,0.8240000000000001,1.057923681117422,0.010908513635278904,0.04085445392115846,0.007457913601739482,0.04198798919011376,0.007511107839158406,0.04198798919011376,0.007511107839158406,0.775,1
break_even,noise10,1001,5,low_yaw,ignore_passive,2,0.75,0.798,1.058954126301196,0.009533787694576945,0.029307447505024564,0.006963525543099387,0.029309671144033718,0.007016279487211115,0.030192093426774372,0.0070706207087782615,0.75,1
break_even,noise10,1001,5,low_yaw,ignore_passive,3,0.75,0.798,1.0581065353015309,0.008170055346677998,0.024060383978330113,0.006517142509420828,0.0240557174118293,0.006574221167748699,0.024793088325972178,0.006699526738519012,0.75,1
break_even,noise10,1001,5,low_yaw,ignore_passive,4,0.75,0.798,1.05537951574867,0.007201740415242182,0.020888465244457848,0.006169741673430146,0.020888017007211573,0.0061714569967097205,0.021707626397501793,0.006350285115514478,0.7250000000000001,1
break_even,noise10,1001,5,low_yaw,ignore_passive,5,0.75,0.798,1.0575003575559228,0.006722384007026329,0.018708021468729217,0.005853486681655863,0.01870976492868621,0.005898414049306224,0.01954603582532998,0.006050522294715765,0.7250000000000001,1
break_even,noise10,1001,5,low_yaw,uncertainty_trigger,1,0.7000000000000001,0.748,1.0483902380543577,0.002838073993771474,0.03022605639693693,0.0013789480767640119,0.030222717430655268,0.0013795891473611182,0.030699903649704593,0.0014410350550667814,0.675,1
break_even,noise10,1001,5,low_yaw,uncertainty_trigger,2,0.7000000000000001,0.748,1.0527512880256937,0.0028083104927421358,0.024804823782223984,0.0013741217853507966,0.02480658718283553,0.0013747157321957223,0.025634529205822727,0.0014364011721237772,0.675,1
break_even,noise10,1001,5,low_yaw,uncertainty_trigger,3,0.7000000000000001,0.748,1.0534416688377468,0.0027853650016000098,0.02154628043907246,0.0013690644031276477,0.0215437367898274,0.0013697575086358165,0.022459062931727333,0.0014318117066100587,0.675,1
break_even,noise10,1001,5,low_yaw,uncertainty_trigger,4,0.7000000000000001,0.748,1.0522282254662856,0.002755476208263346,0.019301313189803097,0.0013643493806229246,0.019302350671555713,0.0013645608255806489,0.020230892475127382,0.001427265953435158,0.675,1
break_even,noise10,1001,5,low_yaw,uncertainty_trigger,5,0.7000000000000001,0.748,1.0549758072416606,0.002753518818708847,0.017637054636426196,0.0013594307297208148,0.01763787335971938,0.0013602656623544526,0.018556719888913,0.0014227632230795928,0.675,1
break_even,noise10,1002,5,low_yaw,passive,1,0.8250000000000001,0.874,0.7512843103768914,0.011330227522235363,0.03917617305295662,0.007517360948275495,0.04028267407660387,0.007595192442118511,0.04028267407660387,0.007595192442118511,0.8250000000000001,1
break_even,noise10,1002,5,low_yaw,passive,2,0.8,0.848,0.7491686636243252,0.010413023454712355,0.028146441220593645,0.006990733558018751,0.02814103553798703,0.0071302386874138686,0.02896193645854848,0.007215357726383965,0.8,1
break_even,noise10,1002,5,low_yaw,passive,3,0.8,0.848,0.7472783481009891,0.011013592534523432,0.02309905426800491,0.006563430554613044,0.023102016384289863,0.006682010534588081,0.02378178690292078,0.006887345765528023,0.8,1
break_even,noise10,1002,5,low_yaw,passive,4,0.775,0.8240000000000001,0.7390769416253066,0.011408002430498198,0.020054441508668426,0.006207556983210994,0.020198889223501566,0.006285256310999704,0.020811906008170015,0.006573896816596785,0.775,1
break_even,noise10,1002,5,low_yaw,passive,5,0.775,0.8240000000000001,0.7390536003691971,0.010371192852414732,0.017962338424260316,0.00582765740661528,0.018066151040560398,0.005962942429710912,0.018733766311752616,0.006299684821853098,0.775,1
break_even,noise10,1002,5,low_yaw,always_probe,1,0.75,0.798,0.7469809423768302,0.010355846680602434,0.02942150306616324,0.001428956791325565,0.02941948932047987,0.001429610376524821,0.029885253319280495,0.0014444876785420667,0.7250000000000001,1
break_even,noise10,1002,5,low_yaw,always_probe,2,0.7250000000000001,0.774,0.7468334911291489,0.010318032667589398,0.02403754836510686,0.0014240010018139431,0.02428313719389819,0.0014250871866938783,0.024807960096538066,0.0014407214806440361,0.7250000000000001,1
break_even,noise10,1002,5,low_yaw,always_probe,3,0.7250000000000001,0.774,0.7462811157262166,0.010351482779154531,0.020819667533296407,0.0014191930825053244,0.02098185551581244,0.0014202697153074678,0.021667189775513247,0.0014369845886683455,0.7250000000000001,1
break_even,noise10,1002,5,low_yaw,always_probe,4,0.7250000000000001,0.774,0.7399550120189218,0.010379309818916537,0.018620284991366746,0.0014147571405697713,0.01873674312085263,0.0014155042432293192,0.01947988767262342,0.0014332766245122846,0.7250000000000001,1
break_even,noise10,1002,5,low_yaw,always_probe,5,0.7250000000000001,0.774,0.7399895985076202,0.010325750409253114,0.016997665180826533,0.0014093978747759175,0.017084197739945177,0.0014109859802711074,0.017844374596167643,0.0014295972168676392,0.7250000000000001,1
break_even,noise10,1002,5,low_yaw,batch_aware,1,0.8250000000000001,0.874,0.7512843103768914,0.011330227522235363,0.03917617305295662,0.007517360948275495,0.04028267407660387,0.007595192442118511,0.04028267407660387,0.007595192442118511,0.8250000000000001,1
break_even,noise10,1002,5,low_yaw,batch_aware,2,0.8,0.848,0.7491686636243252,0.010413023454712355,0.028146441220593645,0.006990733558018751,0.02814103553798703,0.0071302386874138686,0.02896193645854848,0.007215357726383965,0.8,1
break_even,noise10,1002,5,low_yaw,batch_aware,3,0.8,0.848,0.7472783481009891,0.011013592534523432,0.02309905426800491,0.006563430554613044,0.023102016384289863,0.006682010534588081,0.02378178690292078,0.006887345765528023,0.8,1
break_even,noise10,1002,5,low_yaw,batch_aware,4,0.775,0.8240000000000001,0.7390769416253066,0.011408002430498198,0.020054441508668426,0.006207556983210994,0.020198889223501566,0.006285256310999704,0.020811906008170015,0.006573896816596785,0.775,1
break_even,noise10,1002,5,low_yaw,batch_aware,5,0.775,0.8240000000000001,0.7390536003691971,0.010371192852414732,0.017962338424260316,0.00582765740661528,0.018066151040560398,0.005962942429710912,0.018733766311752616,0.006299684821853098,0.775,1
break_even,noise10,1002,5,low_yaw,ignore_passive,1,0.8250000000000001,0.874,0.7512843103768914,0.011330227522235363,0.03917617305295662,0.007517360948275495,0.04028267407660387,0.007595192442118511,0.04028267407660387,0.007595192442118511,0.8250000000000001,1
break_even,noise10,1002,5,low_yaw,ignore_passive,2,0.8,0.848,0.7491686636243252,0.010413023454712355,0.028146441220593645,0.006990733558018751,0.02814103553798703,0.0071302386874138686,0.02896193645854848,0.007215357726383965,0.8,1
break_even,noise10,1002,5,low_yaw,ignore_passive,3,0.8,0.848,0.7472783481009891,0.011013592534523432,0.02309905426800491,0.006563430554613044,0.023102016384289863,0.006682010534588081,0.02378178690292078,0.006887345765528023,0.8,1
break_even,noise10,1002,5,low_yaw,ignore_passive,4,0.775,0.8240000000000001,0.7390769416253066,0.011408002430498198,0.020054441508668426,0.006207556983210994,0.020198889223501566,0.006285256310999704,0.020811906008170015,0.006573896816596785,0.775,1
break_even,noise10,1002,5,low_yaw,ignore_passive,5,0.775,0.8240000000000001,0.7390536003691971,0.010371192852414732,0.017962338424260316,0.00582765740661528,0.018066151040560398,0.005962942429710912,0.018733766311752616,0.006299684821853098,0.775,1
break_even,noise10,1002,5,low_yaw,uncertainty_trigger,1,0.75,0.798,0.7469809423768302,0.010355846680602434,0.02942150306616324,0.001428956791325565,0.02941948932047987,0.001429610376524821,0.029885253319280495,0.0014444876785420667,0.7250000000000001,1
break_even,noise10,1002,5,low_yaw,uncertainty_trigger,2,0.7250000000000001,0.774,0.7468334911291489,0.010318032667589398,0.02403754836510686,0.0014240010018139431,0.02428313719389819,0.0014250871866938783,0.024807960096538066,0.0014407214806440361,0.7250000000000001,1
break_even,noise10,1002,5,low_yaw,uncertainty_trigger,3,0.7250000000000001,0.774,0.7462811157262166,0.010351482779154531,0.020819667533296407,0.0014191930825053244,0.02098185551581244,0.0014202697153074678,0.021667189775513247,0.0014369845886683455,0.7250000000000001,1
break_even,noise10,1002,5,low_yaw,uncertainty_trigger,4,0.7250000000000001,0.774,0.7399550120189218,0.010379309818916537,0.018620284991366746,0.0014147571405697713,0.01873674312085263,0.0014155042432293192,0.01947988767262342,0.0014332766245122846,0.7250000000000001,1
break_even,noise10,1002,5,low_yaw,uncertainty_trigger,5,0.7250000000000001,0.774,0.7399895985076202,0.010325750409253114,0.016997665180826533,0.0014093978747759175,0.017084197739945177,0.0014109859802711074,0.017844374596167643,0.0014295972168676392,0.7250000000000001,1
break_even,noise10,1003,5,low_yaw,passive,1,0.775,0.8240000000000001,0.4721848112943538,0.010977529732420567,0.03891836838723746,0.007467655166185968,0.04008455432359244,0.007512153708711548,0.04008455432359244,0.007512153708711548,0.775,1
break_even,noise10,1003,5,low_yaw,passive,2,0.775,0.8240000000000001,0.4637045147623119,0.010322270458585256,0.0279316850997509,0.0069569606072634104,0.028337128407665512,0.007065215607634966,0.029224266013528812,0.007109885498279504,0.775,1
break_even,noise10,1003,5,low_yaw,passive,3,0.775,0.8240000000000001,0.46251161694680293,0.009891287690607915,0.02292506643277027,0.006614494823255968,0.023144379933462945,0.006622613498840231,0.024116375467648117,0.006766011658897696,0.775,1
break_even,noise10,1003,5,low_yaw,passive,4,0.775,0.8240000000000001,0.4625542070239249,0.008665790630405294,0.01990582227421988,0.0062785811926238605,0.020048576123196295,0.006324408100902693,0.020999679059124438,0.0064392630402723946,0.75,1
break_even,noise10,1003,5,low_yaw,passive,5,0.775,0.8240000000000001,0.46412279987928934,0.008574287577942449,0.017834655607385428,0.0059679838535296485,0.017935668620022396,0.006020882500454763,0.018844827240309073,0.0061556975048847285,0.75,1
break_even,noise10,1003,5,low_yaw,always_probe,1,0.7250000000000001,0.774,0.4651454898168075,0.008349142224839033,0.028783132495424725,0.001408238644099672,0.029217748376340575,0.0014087361190707832,0.029249683820493515,0.0014427901416402043,0.7000000000000001,1
break_even,noise10,1003,5,low_yaw,always_probe,2,0.7250000000000001,0.774,0.4604042627525459,0.008332130584803619,0.023616191792843168,0.0014036781689275586,0.023861704012613213,0.0014045070584100385,0.02438941907426957,0.001438619253790668,0.7000000000000001,1
break_even,noise10,1003,5,low_yaw,always_probe,3,0.7250000000000001,0.774,0.4609042502178853,0.008326237702416158,0.020507151272010082,0.0013999362398967766,0.020662786370110285,0.001399965029292263,0.021352219023796675,0.0014344843302718684,0.7000000000000001,1
break_even,noise10,1003,5,low_yaw,always_probe,4,0.7250000000000001,0.774,0.4609040429041764,0.008268481475033921,0.018371817280179465,0.0013958672242549144,0.018483355838679803,0.001396267325618855,0.019224914474537527,0.0014303848571875955,0.7000000000000001,1
break_even,noise10,1003,5,low_yaw,always_probe,5,0.7000000000000001,0.748,0.4623772894977758,0.008268408164577424,0.016876614380117828,0.0013909887980822716,0.01687560467396361,0.0013917869893292304,0.017628395539234173,0.0014263203308635553,0.7000000000000001,1
break_even,noise10,1003,5,low_yaw,batch_aware,1,0.775,0.8240000000000001,0.4721848112943538,0.010977529732420567,0.03891836838723746,0.007467655166185968,0.04008455432359244,0.007512153708711548,0.04008455432359244,0.007512153708711548,0.775,1
break_even,noise10,1003,5,low_yaw,batch_aware,2,0.775,0.8240000000000001,0.4637045147623119,0.010322270458585256,0.0279316850997509,0.0069569606072634104,0.028337128407665512,0.007065215607634966,0.029224266013528812,0.007109885498279504,0.775,1
break_even,noise10,1003,5,low_yaw,batch_aware,3,0.775,0.8240000000000001,0.46251161694680293,0.009891287690607915,0.02292506643277027,0.006614494823255968,0.023144379933462945,0.006622613498840231,0.024116375467648117,0.006766011658897696,0.775,1
break_even,noise10,1003,5,low_yaw,batch_aware,4,0.775,0.8240000000000001,0.4625542070239249,0.008665790630405294,0.01990582227421988,0.0062785811926238605,0.020048576123196295,0.006324408100902693,0.020999679059124438,0.0064392630402723946,0.75,1
break_even,noise10,1003,5,low_yaw,batch_aware,5,0.775,0.8240000000000001,0.46412279987928934,0.008574287577942449,0.017834655607385428,0.0059679838535296485,0.017935668620022396,0.006020882500454763,0.018844827240309073,0.0061556975048847285,0.75,1
break_even,noise10,1003,5,low_yaw,ignore_passive,1,0.775,0.8240000000000001,0.4721848112943538,0.010977529732420567,0.03891836838723746,0.007467655166185968,0.04008455432359244,0.007512153708711548,0.04008455432359244,0.007512153708711548,0.775,1
break_even,noise10,1003,5,low_yaw,ignore_passive,2,0.775,0.8240000000000001,0.4637045147623119,0.010322270458585256,0.0279316850997509,0.0069569606072634104,0.028337128407665512,0.007065215607634966,0.029224266013528812,0.007109885498279504,0.775,1
break_even,noise10,1003,5,low_yaw,ignore_passive,3,0.775,0.8240000000000001,0.46251161694680293,0.009891287690607915,0.02292506643277027,0.006614494823255968,0.023144379933462945,0.006622613498840231,0.024116375467648117,0.006766011658897696,0.775,1
break_even,noise10,1003,5,low_yaw,ignore_passive,4,0.775,0.8240000000000001,0.4625542070239249,0.008665790630405294,0.01990582227421988,0.0062785811926238605,0.020048576123196295,0.006324408100902693,0.020999679059124438,0.0064392630402723946,0.75,1
break_even,noise10,1003,5,low_yaw,ignore_passive,5,0.775,0.8240000000000001,0.46412279987928934,0.008574287577942449,0.017834655607385428,0.0059679838535296485,0.017935668620022396,0.006020882500454763,0.018844827240309073,0.0061556975048847285,0.75,1
break_even,noise10,1003,5,low_yaw,uncertainty_trigger,1,0.7250000000000001,0.774,0.4651454898168075,0.008349142224839033,0.028783132495424725,0.001408238644099672,0.029217748376340575,0.0014087361190707832,0.029249683820493515,0.0014427901416402043,0.7000000000000001,1
break_even,noise10,1003,5,low_yaw,uncertainty_trigger,2,0.7250000000000001,0.774,0.4604042627525459,0.008332130584803619,0.023616191792843168,0.0014036781689275586,0.023861704012613213,0.0014045070584100385,0.02438941907426957,0.001438619253790668,0.7000000000000001,1
break_even,noise10,1003,5,low_yaw,uncertainty_trigger,3,0.7250000000000001,0.774,0.4609042502178853,0.008326237702416158,0.020507151272010082,0.0013999362398967766,0.020662786370110285,0.001399965029292263,0.021352219023796675,0.0014344843302718684,0.7000000000000001,1
break_even,noise10,1003,5,low_yaw,uncertainty_trigger,4,0.7250000000000001,0.774,0.4609040429041764,0.008268481475033921,0.018371817280179465,0.0013958672242549144,0.018483355838679803,0.001396267325618855,0.019224914474537527,0.0014303848571875955,0.7000000000000001,1
break_even,noise10,1003,5,low_yaw,uncertainty_trigger,5,0.7000000000000001,0.748,0.4623772894977758,0.008268408164577424,0.016876614380117828,0.0013909887980822716,0.01687560467396361,0.0013917869893292304,0.017628395539234173,0.0014263203308635553,0.7000000000000001,1
break_even,noise10,1005,5,low_yaw,passive,1,0.775,0.8240000000000001,0.3130732299915642,0.011477457372802839,0.03773119275810482,0.007353259621501285,0.038812796362480875,0.007513925397296245,0.038812796362480875,0.007513925397296245,0.775,1
break_even,noise10,1005,5,low_yaw,passive,2,0.775,0.8240000000000001,0.3070745635605143,0.012548537089602184,0.027449637339839662,0.006873536793165123,0.027829433839435244,0.006960577553459855,0.028671862586365844,0.007111846143150309,0.775,1
break_even,noise10,1005,5,low_yaw,passive,3,0.75,0.798,0.3123048106385526,0.014938238383683232,0.022846320347987708,0.006516002836880323,0.022848333025072963,0.00653463136650997,0.023775540786453636,0.0067680966099535455,0.775,1
break_even,noise10,1005,5,low_yaw,passive,4,0.75,0.798,0.31476822902592444,0.015312786191029418,0.019982448207962817,0.006179718177050673,0.01998428207453359,0.006238136553519632,0.02075515556069827,0.006441435908966959,0.75,1
break_even,noise10,1005,5,low_yaw,passive,5,0.75,0.798,0.3185986191755769,0.015281154209211866,0.017979625131315746,0.005897969564541092,0.017979228045328328,0.0059348834364534395,0.018654207951425687,0.00615792393874742,0.75,1
break_even,noise10,1005,5,low_yaw,always_probe,1,0.7000000000000001,0.748,0.3159999954710621,0.02346661153454207,0.028664351376739283,0.001553977441340316,0.028661476627753635,0.0015548736755679861,0.02869604449733461,0.0014436628810356492,0.7000000000000001,1
break_even,noise10,1005,5,low_yaw,always_probe,2,0.7000000000000001,0.748,0.31108885216987403,0.023465020429824162,0.02377480923066435,0.0015494506220247806,0.023773848133266842,0.0015498412165992881,0.02403903187405433,0.0014394895876923503,0.7000000000000001,1
break_even,noise10,1005,5,low_yaw,always_probe,3,0.7000000000000001,0.748,0.3142201016878806,0.023538346851936787,0.020753017403006814,0.0015455049414902665,0.020755792907655227,0.001545422077280962,0.021097928757391877,0.0014353522784146407,0.7000000000000001,1
break_even,noise10,1005,5,low_yaw,always_probe,4,0.7000000000000001,0.748,0.3163544875228301,0.023509529979820053,0.01865229903121718,0.001540959869064772,0.018654410046787053,0.0015415189924141376,0.019025487208604492,0.0014312504390386258,0.7000000000000001,1
break_even,noise10,1005,5,low_yaw,always_probe,5,0.7000000000000001,0.748,0.31932441571885606,0.023484241457231787,0.017082832980023863,0.0015367692862741304,0.017081587064234162,0.0015368934029732536,0.01746405759431051,0.0014271835656273677,0.7000000000000001,1
break_even,noise10,1005,5,low_yaw,batch_aware,1,0.775,0.8240000000000001,0.3130732299915642,0.011477457372802839,0.03773119275810482,0.007353259621501285,0.038812796362480875,0.007513925397296245,0.038812796362480875,0.007513925397296245,0.775,1
break_even,noise10,1005,5,low_yaw,batch_aware,2,0.775,0.8240000000000001,0.3070745635605143,0.012548537089602184,0.027449637339839662,0.006873536793165123,0.027829433839435244,0.006960577553459855,0.028671862586365844,0.007111846143150309,0.775,1
break_even,noise10,1005,5,low_yaw,batch_aware,3,0.75,0.798,0.3123048106385526,0.014938238383683232,0.022846320347987708,0.006516002836880323,0.022848333025072963,0.00653463136650997,0.023775540786453636,0.0067680966099535455,0.775,1
break_even,noise10,1005,5,low_yaw,batch_aware,4,0.75,0.798,0.31476822902592444,0.015312786191029418,0.019982448207962817,0.006179718177050673,0.01998428207453359,0.006238136553519632,0.02075515556069827,0.006441435908966959,0.75,1
break_even,noise10,1005,5,low_yaw,batch_aware,5,0.75,0.798,0.3185986191755769,0.015281154209211866,0.017979625131315746,0.005897969564541092,0.017979228045328328,0.0059348834364534395,0.018654207951425687,0.00615792393874742,0.75,1
break_even,noise10,1005,5,low_yaw,ignore_passive,1,0.775,0.8240000000000001,0.3130732299915642,0.011477457372802839,0.03773119275810482,0.007353259621501285,0.038812796362480875,0.007513925397296245,0.038812796362480875,0.007513925397296245,0.775,1
break_even,noise10,1005,5,low_yaw,ignore_passive,2,0.775,0.8240000000000001,0.3070745635605143,0.012548537089602184,0.027449637339839662,0.006873536793165123,0.027829433839435244,0.006960577553459855,0.028671862586365844,0.007111846143150309,0.775,1
break_even,noise10,1005,5,low_yaw,ignore_passive,3,0.75,0.798,0.3123048106385526,0.014938238383683232,0.022846320347987708,0.006516002836880323,0.022848333025072963,0.00653463136650997,0.023775540786453636,0.0067680966099535455,0.775,1
break_even,noise10,1005,5,low_yaw,ignore_passive,4,0.75,0.798,0.31476822902592444,0.015312786191029418,0.019982448207962817,0.006179718177050673,0.01998428207453359,0.006238136553519632,0.02075515556069827,0.006441435908966959,0.75,1
break_even,noise10,1005,5,low_yaw,ignore_passive,5,0.75,0.798,0.3185986191755769,0.015281154209211866,0.017979625131315746,0.005897969564541092,0.017979228045328328,0.0059348834364534395,0.018654207951425687,0.00615792393874742,0.75,1
break_even,noise10,1005,5,low_yaw,uncertainty_trigger,1,0.7000000000000001,0.748,0.3159999954710621,0.02346661153454207,0.028664351376739283,0.001553977441340316,0.028661476627753635,0.0015548736755679861,0.02869604449733461,0.0014436628810356492,0.7000000000000001,1
break_even,noise10,1005,5,low_yaw,uncertainty_trigger,2,0.7000000000000001,0.748,0.31108885216987403,0.023465020429824162,0.02377480923066435,0.0015494506220247806,0.023773848133266842,0.0015498412165992881,0.02403903187405433,0.0014394895876923503,0.7000000000000001,1
break_even,noise10,1005,5,low_yaw,uncertainty_trigger,3,0.7000000000000001,0.748,0.3142201016878806,0.023538346851936787,0.020753017403006814,0.0015455049414902665,0.020755792907655227,0.001545422077280962,0.021097928757391877,0.0014353522784146407,0.7000000000000001,1
break_even,noise10,1005,5,low_yaw,uncertainty_trigger,4,0.7000000000000001,0.748,0.3163544875228301,0.023509529979820053,0.01865229903121718,0.001540959869064772,0.018654410046787053,0.0015415189924141376,0.019025487208604492,0.0014312504390386258,0.7000000000000001,1
break_even,noise10,1005,5,low_yaw,uncertainty_trigger,5,0.7000000000000001,0.748,0.31932441571885606,0.023484241457231787,0.017082832980023863,0.0015367692862741304,0.017081587064234162,0.0015368934029732536,0.01746405759431051,0.0014271835656273677,0.7000000000000001,1
break_even,noise10,1006,5,low_yaw,passive,1,0.8,0.848,0.6737490910041473,0.012075929935979496,0.04017296637754573,0.007378192748770772,0.04022124078763978,0.007549333809777776,0.04022124078763978,0.007549333809777776,0.8,1
break_even,noise10,1006,5,low_yaw,passive,2,0.775,0.8240000000000001,0.6749735514191911,0.012230972261492471,0.02846753803977301,0.00690034191502882,0.028890469420051842,0.006996603195756102,0.02936743579858267,0.0071413772002305404,0.775,1
break_even,noise10,1006,5,low_yaw,passive,3,0.75,0.798,0.6801898681339559,0.012519296628285236,0.02348395195511366,0.0065125002581558145,0.023484854040632493,0.0065532713945593395,0.024247559583617007,0.006793129899621966,0.775,1
break_even,noise10,1006,5,low_yaw,passive,4,0.75,0.798,0.6812075912271504,0.011753932961588949,0.020450602560485236,0.006109996433209513,0.020449300623258396,0.006222273480905255,0.02111977582333679,0.0064626215804560365,0.75,1
break_even,noise10,1006,5,low_yaw,passive,5,0.75,0.798,0.678702674732959,0.011044885465499336,0.01835196291475149,0.0058316827492940196,0.01835371275694908,0.005864883683973307,0.01895581704667114,0.006176090712871402,0.75,1
break_even,noise10,1006,5,low_yaw,always_probe,1,0.7000000000000001,0.748,0.6650794038435458,0.0157360814723177,0.029797988828155538,0.0014910274321691932,0.029804240141940094,0.0014921373632340465,0.029852228192824702,0.0014427634024755435,0.7000000000000001,1
break_even,noise10,1006,5,low_yaw,always_probe,2,0.7000000000000001,0.748,0.6681707413303457,0.01572330173118912,0.024470245871747155,0.0014860626391980472,0.024477877664818518,0.0014867653462310503,0.024786263260384755,0.0014385926877813055,0.7000000000000001,1
break_even,noise10,1006,5,low_yaw,always_probe,3,0.7000000000000001,0.748,0.6733609790970679,0.015726492608651065,0.02125551627827715,0.0014813779023946409,0.0212539824517228,0.0014818085157634723,0.021650866119816613,0.0014344579351029626,0.7000000000000001,1
break_even,noise10,1006,5,low_yaw,always_probe,4,0.7000000000000001,0.748,0.6751052084791113,0.015661071601701965,0.01904997765947515,0.0014758022423141384,0.019048321739731505,0.0014771954926969828,0.01946666816945037,0.0014303586305890582,0.7000000000000001,1
break_even,noise10,1006,5,low_yaw,always_probe,5,0.7000000000000001,0.748,0.6742263535321421,0.015604705796769959,0.017412819098659247,0.0014713703925370557,0.017413895645325222,0.0014716600671517946,0.0178331699702225,0.0014262942706089294,0.7000000000000001,1
break_even,noise10,1006,5,low_yaw,batch_aware,1,0.8,0.848,0.6737490910041473,0.012075929935979496,0.04017296637754573,0.007378192748770772,0.04022124078763978,0.007549333809777776,0.04022124078763978,0.007549333809777776,0.8,1
break_even,noise10,1006,5,low_yaw,batch_aware,2,0.775,0.8240000000000001,0.6749735514191911,0.012230972261492471,0.02846753803977301,0.00690034191502882,0.028890469420051842,0.006996603195756102,0.02936743579858267,0.0071413772002305404,0.775,1
break_even,noise10,1006,5,low_yaw,batch_aware,3,0.75,0.798,0.6801898681339559,0.012519296628285236,0.02348395195511366,0.0065125002581558145,0.023484854040632493,0.0065532713945593395,0.024247559583617007,0.006793129899621966,0.775,1
break_even,noise10,1006,5,low_yaw,batch_aware,4,0.75,0.798,0.6812075912271504,0.011753932961588949,0.020450602560485236,0.006109996433209513,0.020449300623258396,0.006222273480905255,0.02111977582333679,0.0064626215804560365,0.75,1
break_even,noise10,1006,5,low_yaw,batch_aware,5,0.75,0.798,0.678702674732959,0.011044885465499336,0.01835196291475149,0.0058316827492940196,0.01835371275694908,0.005864883683973307,0.01895581704667114,0.006176090712871402,0.75,1
break_even,noise10,1006,5,low_yaw,ignore_passive,1,0.8,0.848,0.6737490910041473,0.012075929935979496,0.04017296637754573,0.007378192748770772,0.04022124078763978,0.007549333809777776,0.04022124078763978,0.007549333809777776,0.8,1
break_even,noise10,1006,5,low_yaw,ignore_passive,2,0.775,0.8240000000000001,0.6749735514191911,0.012230972261492471,0.02846753803977301,0.00690034191502882,0.028890469420051842,0.006996603195756102,0.02936743579858267,0.0071413772002305404,0.775,1
break_even,noise10,1006,5,low_yaw,ignore_passive,3,0.75,0.798,0.6801898681339559,0.012519296628285236,0.02348395195511366,0.0065125002581558145,0.023484854040632493,0.0065532713945593395,0.024247559583617007,0.006793129899621966,0.775,1
break_even,noise10,1006,5,low_yaw,ignore_passive,4,0.75,0.798,0.6812075912271504,0.011753932961588949,0.020450602560485236,0.006109996433209513,0.020449300623258396,0.006222273480905255,0.02111977582333679,0.0064626215804560365,0.75,1
break_even,noise10,1006,5,low_yaw,ignore_passive,5,0.75,0.798,0.678702674732959,0.011044885465499336,0.01835196291475149,0.0058316827492940196,0.01835371275694908,0.005864883683973307,0.01895581704667114,0.006176090712871402,0.75,1
break_even,noise10,1006,5,low_yaw,uncertainty_trigger,1,0.7000000000000001,0.748,0.6650794038435458,0.0157360814723177,0.029797988828155538,0.0014910274321691932,0.029804240141940094,0.0014921373632340465,0.029852228192824702,0.0014427634024755435,0.7000000000000001,1
break_even,noise10,1006,5,low_yaw,uncertainty_trigger,2,0.7000000000000001,0.748,0.6681707413303457,0.01572330173118912,0.024470245871747155,0.0014860626391980472,0.024477877664818518,0.0014867653462310503,0.024786263260384755,0.0014385926877813055,0.7000000000000001,1
break_even,noise10,1006,5,low_yaw,uncertainty_trigger,3,0.7000000000000001,0.748,0.6733609790970679,0.015726492608651065,0.02125551627827715,0.0014813779023946409,0.0212539824517228,0.0014818085157634723,0.021650866119816613,0.0014344579351029626,0.7000000000000001,1
break_even,noise10,1006,5,low_yaw,uncertainty_trigger,4,0.7000000000000001,0.748,0.6751052084791113,0.015661071601701965,0.01904997765947515,0.0014758022423141384,0.019048321739731505,0.0014771954926969828,0.01946666816945037,0.0014303586305890582,0.7000000000000001,1
break_even,noise10,1006,5,low_yaw,uncertainty_trigger,5,0.7000000000000001,0.748,0.6742263535321421,0.015604705796769959,0.017412819098659247,0.0014713703925370557,0.017413895645325222,0.0014716600671517946,0.0178331699702225,0.0014262942706089294,0.7000000000000001,1
break_even,noise10,1007,5,low_yaw,passive,1,0.8,0.848,0.30072017737117007,0.0120304995376881,0.03775301404211927,0.007402819806392136,0.03783089135499489,0.007548404303672327,0.03783089135499489,0.007548404303672327,0.8,1
break_even,noise10,1007,5,low_yaw,passive,2,0.8,0.848,0.2970313904977161,0.01207908247970408,0.02744474994651502,0.0068689393291863805,0.027454392197165254,0.00703240232661875,0.027882008925996092,0.0071746335618751165,0.8,1
break_even,noise10,1007,5,low_yaw,passive,3,0.775,0.8240000000000001,0.2949989182059095,0.012425697725959684,0.02262607730967806,0.006462428014725523,0.022838182680291617,0.006557784636834984,0.023100596977368066,0.0068514001741532314,0.8,1
break_even,noise10,1007,5,low_yaw,passive,4,0.775,0.8240000000000001,0.29714792447286453,0.01300514076058515,0.019692184011619727,0.006163142226035238,0.019830535130441983,0.006202975909058372,0.020304752120757563,0.006542138795601209,0.775,1
break_even,noise10,1007,5,low_yaw,passive,5,0.775,0.8240000000000001,0.2953821236691309,0.012976010215207506,0.017664842325691613,0.005870602683290993,0.017766674450770795,0.005938740802864607,0.018327483209312403,0.00627129944682359,0.775,1
break_even,noise10,1007,5,low_yaw,always_probe,1,0.7250000000000001,0.774,0.30184731766034606,0.020157080942211893,0.0282747904819994,0.0015167258723054993,0.028695184870709413,0.0015178558553081097,0.028717564350147242,0.00144325619815817,0.7250000000000001,1
break_even,noise10,1007,5,low_yaw,always_probe,2,0.7250000000000001,0.774,0.2975561910232917,0.020108977515513993,0.023313007340626857,0.001511759177585736,0.023546745230115473,0.0015129254575488348,0.02405617880708162,0.0014394933870912796,0.7250000000000001,1
break_even,noise10,1007,5,low_yaw,always_probe,3,0.7250000000000001,0.774,0.2957641736947079,0.020084980156988782,0.02028758436167876,0.0015073689573968179,0.020440893999277485,0.0015081193889523465,0.021112560121011953,0.0014357598542303908,0.7250000000000001,1
break_even,noise10,1007,5,low_yaw,always_probe,4,0.7250000000000001,0.774,0.29760467302321436,0.02008641049775621,0.0181999011791815,0.0015036744194042635,0.01830953862430034,0.0015037608893079609,0.01903844541570334,0.0014320552218478743,0.7250000000000001,1
break_even,noise10,1007,5,low_yaw,always_probe,5,0.7250000000000001,0.774,0.2959517795941676,0.02004970449032758,0.016646689579004788,0.0014992837084088666,0.016731821091699427,0.0015000817231637742,0.01747580393539047,0.0014283791190035423,0.7250000000000001,1
break_even,noise10,1007,5,low_yaw,batch_aware,1,0.8,0.848,0.30072017737117007,0.0120304995376881,0.03775301404211927,0.007402819806392136,0.03783089135499489,0.007548404303672327,0.03783089135499489,0.007548404303672327,0.8,1
break_even,noise10,1007,5,low_yaw,batch_aware,2,0.8,0.848,0.2970313904977161,0.01207908247970408,0.02744474994651502,0.0068689393291863805,0.027454392197165254,0.00703240232661875,0.027882008925996092,0.0071746335618751165,0.8,1
break_even,noise10,1007,5,low_yaw,batch_aware,3,0.775,0.8240000000000001,0.2949989182059095,0.012425697725959684,0.02262607730967806,0.006462428014725523,0.022838182680291617,0.006557784636834984,0.023100596977368066,0.0068514001741532314,0.8,1
break_even,noise10,1007,5,low_yaw,batch_aware,4,0.775,0.8240000000000001,0.29714792447286453,0.01300514076058515,0.019692184011619727,0.006163142226035238,0.019830535130441983,0.006202975909058372,0.020304752120757563,0.006542138795601209,0.775,1
break_even,noise10,1007,5,low_yaw,batch_aware,5,0.775,0.8240000000000001,0.2953821236691309,0.012976010215207506,0.017664842325691613,0.005870602683290993,0.017766674450770795,0.005938740802864607,0.018327483209312403,0.00627129944682359,0.775,1
break_even,noise10,1007,5,low_yaw,ignore_passive,1,0.8,0.848,0.30072017737117007,0.0120304995376881,0.03775301404211927,0.007402819806392136,0.03783089135499489,0.007548404303672327,0.03783089135499489,0.007548404303672327,0.8,1
break_even,noise10,1007,5,low_yaw,ignore_passive,2,0.8,0.848,0.2970313904977161,0.01207908247970408,0.02744474994651502,0.0068689393291863805,0.027454392197165254,0.00703240232661875,0.027882008925996092,0.0071746335618751165,0.8,1
break_even,noise10,1007,5,low_yaw,ignore_passive,3,0.775,0.8240000000000001,0.2949989182059095,0.012425697725959684,0.02262607730967806,0.006462428014725523,0.022838182680291617,0.006557784636834984,0.023100596977368066,0.0068514001741532314,0.8,1
break_even,noise10,1007,5,low_yaw,ignore_passive,4,0.775,0.8240000000000001,0.29714792447286453,0.01300514076058515,0.019692184011619727,0.006163142226035238,0.019830535130441983,0.006202975909058372,0.020304752120757563,0.006542138795601209,0.775,1
break_even,noise10,1007,5,low_yaw,ignore_passive,5,0.775,0.8240000000000001,0.2953821236691309,0.012976010215207506,0.017664842325691613,0.005870602683290993,0.017766674450770795,0.005938740802864607,0.018327483209312403,0.00627129944682359,0.775,1
break_even,noise10,1007,5,low_yaw,uncertainty_trigger,1,0.7250000000000001,0.774,0.30184731766034606,0.020157080942211893,0.0282747904819994,0.0015167258723054993,0.028695184870709413,0.0015178558553081097,0.028717564350147242,0.00144325619815817,0.7250000000000001,1
break_even,noise10,1007,5,low_yaw,uncertainty_trigger,2,0.7250000000000001,0.774,0.2975561910232917,0.020108977515513993,0.023313007340626857,0.001511759177585736,0.023546745230115473,0.0015129254575488348,0.02405617880708162,0.0014394933870912796,0.7250000000000001,1
break_even,noise10,1007,5,low_yaw,uncertainty_trigger,3,0.7250000000000001,0.774,0.2957641736947079,0.020084980156988782,0.02028758436167876,0.0015073689573968179,0.020440893999277485,0.0015081193889523465,0.021112560121011953,0.0014357598542303908,0.7250000000000001,1
break_even,noise10,1007,5,low_yaw,uncertainty_trigger,4,0.7250000000000001,0.774,0.29760467302321436,0.02008641049775621,0.0181999011791815,0.0015036744194042635,0.01830953862430034,0.0015037608893079609,0.01903844541570334,0.0014320552218478743,0.7250000000000001,1
break_even,noise10,1007,5,low_yaw,uncertainty_trigger,5,0.7250000000000001,0.774,0.2959517795941676,0.02004970449032758,0.016646689579004788,0.0014992837084088666,0.016731821091699427,0.0015000817231637742,0.01747580393539047,0.0014283791190035423,0.7250000000000001,1
break_even,noise10,1008,5,low_yaw,passive,1,0.75,0.798,0.45240436358082475,0.012440019795193281,0.04003777826514909,0.0073592369968512,0.040097475077019364,0.007461666461376143,0.040097475077019364,0.007461666461376143,0.75,1
break_even,noise10,1008,5,low_yaw,passive,2,0.75,0.798,0.4424463520264737,0.012352676238623439,0.02875435553792855,0.006740658800798926,0.028755121951258657,0.006941333985306811,0.029235517493136295,0.007029957931118399,0.75,1
break_even,noise10,1008,5,low_yaw,passive,3,0.7250000000000001,0.774,0.44431817362953774,0.012043883197407639,0.023599316800490114,0.006234666674896655,0.023844407406714892,0.006375359519615331,0.024380533727288607,0.006630138528322204,0.7250000000000001,1
break_even,noise10,1008,5,low_yaw,passive,4,0.7250000000000001,0.774,0.4417414361135621,0.01280126261876342,0.02048933565333926,0.0058708230729515335,0.02064756129296705,0.0059501868505798415,0.02134580610927713,0.006291596153109085,0.7250000000000001,1
break_even,noise10,1008,5,low_yaw,passive,5,0.7250000000000001,0.774,0.44136802649827606,0.012813799664679236,0.018354286387318983,0.005538769350095832,0.018468395961885525,0.005635636461305797,0.019219904746121407,0.006000124394136738,0.7250000000000001,1
break_even,noise10,1008,5,low_yaw,always_probe,1,0.675,0.724,0.44384487920619026,0.020253784411025395,0.02920902874544906,0.0015174831758127383,0.029661596911714435,0.0015176207608734538,0.029708548058457133,0.0014420991758990944,0.675,1
break_even,noise10,1008,5,low_yaw,always_probe,2,0.675,0.724,0.4394409970044822,0.02018607076731462,0.024090490336733984,0.001511351084749213,0.024352312208817718,0.0015129141406245675,0.024925296229904262,0.0014374623748517053,0.675,1
break_even,noise10,1008,5,low_yaw,always_probe,3,0.675,0.724,0.44120188671863975,0.020126360228958685,0.02097578629925427,0.0015055819568184814,0.02114454547786317,0.0015067179148232604,0.02189388990593774,0.0014328700144074166,0.675,1
break_even,noise10,1008,5,low_yaw,always_probe,4,0.675,0.724,0.4388702493634865,0.020116871034572246,0.018819403169734905,0.001500344997079941,0.01894194006812001,0.0015011362497794314,0.01975352205211325,0.0014283213891835567,0.675,1
break_even,noise10,1008,5,low_yaw,always_probe,5,0.675,0.724,0.43886454299266825,0.020070837249107312,0.017216600820198307,0.0014946512956969852,0.017309604921818773,0.0014959571609141802,0.01813880429956713,0.0014238158093732311,0.675,1
break_even,noise10,1008,5,low_yaw,batch_aware,1,0.75,0.798,0.45240436358082475,0.012440019795193281,0.04003777826514909,0.0073592369968512,0.040097475077019364,0.007461666461376143,0.040097475077019364,0.007461666461376143,0.75,1
break_even,noise10,1008,5,low_yaw,batch_aware,2,0.75,0.798,0.4424463520264737,0.012352676238623439,0.02875435553792855,0.006740658800798926,0.028755121951258657,0.006941333985306811,0.029235517493136295,0.007029957931118399,0.75,1
break_even,noise10,1008,5,low_yaw,batch_aware,3,0.7250000000000001,0.774,0.44431817362953774,0.012043883197407639,0.023599316800490114,0.006234666674896655,0.023844407406714892,0.006375359519615331,0.024380533727288607,0.006630138528322204,0.7250000000000001,1
break_even,noise10,1008,5,low_yaw,batch_aware,4,0.7250000000000001,0.774,0.4417414361135621,0.01280126261876342,0.02048933565333926,0.0058708230729515335,0.02064756129296705,0.0059501868505798415,0.02134580610927713,0.006291596153109085,0.7250000000000001,1
break_even,noise10,1008,5,low_yaw,batch_aware,5,0.7250000000000001,0.774,0.44136802649827606,0.012813799664679236,0.018354286387318983,0.005538769350095832,0.018468395961885525,0.005635636461305797,0.019219904746121407,0.006000124394136738,0.7250000000000001,1
break_even,noise10,1008,5,low_yaw,ignore_passive,1,0.75,0.798,0.45240436358082475,0.012440019795193281,0.04003777826514909,0.0073592369968512,0.040097475077019364,0.007461666461376143,0.040097475077019364,0.007461666461376143,0.75,1
break_even,noise10,1008,5,low_yaw,ignore_passive,2,0.75,0.798,0.4424463520264737,0.012352676238623439,0.02875435553792855,0.006740658800798926,0.028755121951258657,0.006941333985306811,0.029235517493136295,0.007029957931118399,0.75,1
break_even,noise10,1008,5,low_yaw,ignore_passive,3,0.7250000000000001,0.774,0.44431817362953774,0.012043883197407639,0.023599316800490114,0.006234666674896655,0.023844407406714892,0.006375359519615331,0.024380533727288607,0.006630138528322204,0.7250000000000001,1
break_even,noise10,1008,5,low_yaw,ignore_passive,4,0.7250000000000001,0.774,0.4417414361135621,0.01280126261876342,0.02048933565333926,0.0058708230729515335,0.02064756129296705,0.0059501868505798415,0.02134580610927713,0.006291596153109085,0.7250000000000001,1
break_even,noise10,1008,5,low_yaw,ignore_passive,5,0.7250000000000001,0.774,0.44136802649827606,0.012813799664679236,0.018354286387318983,0.005538769350095832,0.018468395961885525,0.005635636461305797,0.019219904746121407,0.006000124394136738,0.7250000000000001,1
break_even,noise10,1008,5,low_yaw,uncertainty_trigger,1,0.675,0.724,0.44384487920619026,0.020253784411025395,0.02920902874544906,0.0015174831758127383,0.029661596911714435,0.0015176207608734538,0.029708548058457133,0.0014420991758990944,0.675,1
break_even,noise10,1008,5,low_yaw,uncertainty_trigger,2,0.675,0.724,0.4394409970044822,0.02018607076731462,0.024090490336733984,0.001511351084749213,0.024352312208817718,0.0015129141406245675,0.024925296229904262,0.0014374623748517053,0.675,1
break_even,noise10,1008,5,low_yaw,uncertainty_trigger,3,0.675,0.724,0.44120188671863975,0.020126360228958685,0.02097578629925427,0.0015055819568184814,0.02114454547786317,0.0015067179148232604,0.02189388990593774,0.0014328700144074166,0.675,1
break_even,noise10,1008,5,low_yaw,uncertainty_trigger,4,0.675,0.724,0.4388702493634865,0.020116871034572246,0.018819403169734905,0.001500344997079941,0.01894194006812001,0.0015011362497794314,0.01975352205211325,0.0014283213891835567,0.675,1
break_even,noise10,1008,5,low_yaw,uncertainty_trigger,5,0.675,0.724,0.43886454299266825,0.020070837249107312,0.017216600820198307,0.0014946512956969852,0.017309604921818773,0.0014959571609141802,0.01813880429956713,0.0014238158093732311,0.675,1
break_even,noise10,1009,5,low_yaw,passive,1,0.75,0.798,0.2719624781478152,0.011388959937028544,0.038711660384818374,0.007433894680265438,0.03880685264863509,0.007471369858583857,0.03880685264863509,0.007471369858583857,0.75,1
break_even,noise10,1009,5,low_yaw,passive,2,0.75,0.798,0.2718106785461495,0.00969096378899317,0.028209435813766223,0.006809933907768144,0.028208703490062225,0.007002942046456892,0.02867006601017769,0.007038944494126232,0.75,1
break_even,noise10,1009,5,low_yaw,passive,3,0.75,0.798,0.2708446174728448,0.009745505964674833,0.023269471264690797,0.006448495450157822,0.023272749354899383,0.00645309234966519,0.024020172740302215,0.0066384860318118395,0.7250000000000001,1
break_even,noise10,1009,5,low_yaw,passive,4,0.75,0.798,0.27213217667190803,0.009311988028202173,0.020260139616399553,0.006144551247982859,0.020258056177558083,0.006152616725659658,0.021082754767379797,0.006299420169304703,0.7250000000000001,1
break_even,noise10,1009,5,low_yaw,passive,5,0.7250000000000001,0.774,0.27417363743674905,0.009357079775679627,0.018173817392983023,0.005772052941836524,0.018284695730951078,0.005855276964629705,0.019012582120969193,0.0060075099893429525,0.7250000000000001,1
break_even,noise10,1009,5,low_yaw,always_probe,1,0.7000000000000001,0.748,0.27300869835867625,0.009699611934126022,0.028659573804083176,0.0014344404538832155,0.028656453017562703,0.0014347881794306546,0.029119546215784102,0.001443701449763439,0.675,1
break_even,noise10,1009,5,low_yaw,always_probe,2,0.7000000000000001,0.748,0.2726327117239209,0.009640448734132275,0.02376088667691351,0.0014283474013217997,0.023765315153096395,0.0014301702820831495,0.02454508027896609,0.0014390594291120013,0.675,1
break_even,noise10,1009,5,low_yaw,always_probe,3,0.675,0.724,0.2720558720685889,0.009650815514508197,0.020737816658297208,0.0014232921494987407,0.020902400026684954,0.0014235446721108619,0.0216148675462303,0.0014344618997356327,0.675,1
break_even,noise10,1009,5,low_yaw,always_probe,4,0.675,0.724,0.27291057339713237,0.009622411859251091,0.018636880416619726,0.0014187348064696689,0.01875461589965435,0.0014186418118799676,0.019533111251523003,0.0014299081554371882,0.675,1
break_even,noise10,1009,5,low_yaw,always_probe,5,0.675,0.724,0.27423316982933715,0.009607008489706654,0.017064419065701896,0.0014128052538998443,0.017155395861951264,0.0014140618911640773,0.017956240386985175,0.001425397505613511,0.675,1
break_even,noise10,1009,5,low_yaw,batch_aware,1,0.75,0.798,0.2719624781478152,0.011388959937028544,0.038711660384818374,0.007433894680265438,0.03880685264863509,0.007471369858583857,0.03880685264863509,0.007471369858583857,0.75,1
break_even,noise10,1009,5,low_yaw,batch_aware,2,0.75,0.798,0.2718106785461495,0.00969096378899317,0.028209435813766223,0.006809933907768144,0.028208703490062225,0.007002942046456892,0.02867006601017769,0.007038944494126232,0.75,1
break_even,noise10,1009,5,low_yaw,batch_aware,3,0.75,0.798,0.2708446174728448,0.009745505964674833,0.023269471264690797,0.006448495450157822,0.023272749354899383,0.00645309234966519,0.024020172740302215,0.0066384860318118395,0.7250000000000001,1
break_even,noise10,1009,5,low_yaw,batch_aware,4,0.75,0.798,0.27213217667190803,0.009311988028202173,0.020260139616399553,0.006144551247982859,0.020258056177558083,0.006152616725659658,0.021082754767379797,0.006299420169304703,0.7250000000000001,1
break_even,noise10,1009,5,low_yaw,batch_aware,5,0.7250000000000001,0.774,0.27417363743674905,0.009357079775679627,0.018173817392983023,0.005772052941836524,0.018284695730951078,0.005855276964629705,0.019012582120969193,0.0060075099893429525,0.7250000000000001,1
break_even,noise10,1009,5,low_yaw,ignore_passive,1,0.75,0.798,0.2719624781478152,0.011388959937028544,0.038711660384818374,0.007433894680265438,0.03880685264863509,0.007471369858583857,0.03880685264863509,0.007471369858583857,0.75,1
break_even,noise10,1009,5,low_yaw,ignore_passive,2,0.75,0.798,0.2718106785461495,0.00969096378899317,0.028209435813766223,0.006809933907768144,0.028208703490062225,0.007002942046456892,0.02867006601017769,0.007038944494126232,0.75,1
break_even,noise10,1009,5,low_yaw,ignore_passive,3,0.75,0.798,0.2708446174728448,0.009745505964674833,0.023269471264690797,0.006448495450157822,0.023272749354899383,0.00645309234966519,0.024020172740302215,0.0066384860318118395,0.7250000000000001,1
break_even,noise10,1009,5,low_yaw,ignore_passive,4,0.75,0.798,0.27213217667190803,0.009311988028202173,0.020260139616399553,0.006144551247982859,0.020258056177558083,0.006152616725659658,0.021082754767379797,0.006299420169304703,0.7250000000000001,1
break_even,noise10,1009,5,low_yaw,ignore_passive,5,0.7250000000000001,0.774,0.27417363743674905,0.009357079775679627,0.018173817392983023,0.005772052941836524,0.018284695730951078,0.005855276964629705,0.019012582120969193,0.0060075099893429525,0.7250000000000001,1
break_even,noise10,1009,5,low_yaw,uncertainty_trigger,1,0.7000000000000001,0.748,0.27300869835867625,0.009699611934126022,0.028659573804083176,0.0014344404538832155,0.028656453017562703,0.0014347881794306546,0.029119546215784102,0.001443701449763439,0.675,1
break_even,noise10,1009,5,low_yaw,uncertainty_trigger,2,0.7000000000000001,0.748,0.2726327117239209,0.009640448734132275,0.02376088667691351,0.0014283474013217997,0.023765315153096395,0.0014301702820831495,0.02454508027896609,0.0014390594291120013,0.675,1
break_even,noise10,1009,5,low_yaw,uncertainty_trigger,3,0.675,0.724,0.2720558720685889,0.009650815514508197,0.020737816658297208,0.0014232921494987407,0.020902400026684954,0.0014235446721108619,0.0216148675462303,0.0014344618997356327,0.675,1
break_even,noise10,1009,5,low_yaw,uncertainty_trigger,4,0.675,0.724,0.27291057339713237,0.009622411859251091,0.018636880416619726,0.0014187348064696689,0.01875461589965435,0.0014186418118799676,0.019533111251523003,0.0014299081554371882,0.675,1
break_even,noise10,1009,5,low_yaw,uncertainty_trigger,5,0.675,0.724,0.27423316982933715,0.009607008489706654,0.017064419065701896,0.0014128052538998443,0.017155395861951264,0.0014140618911640773,0.017956240386985175,0.001425397505613511,0.675,1
break_even,noise10,1010,5,low_yaw,passive,1,0.8,0.848,0.3457262435948979,0.012725100421245937,0.0377510919959782,0.007432226939276007,0.037846307041331594,0.007537287058852589,0.037846307041331594,0.007537287058852589,0.8,1
break_even,noise10,1010,5,low_yaw,passive,2,0.8,0.848,0.3363766975499172,0.012383821107821422,0.02745996540619767,0.00704026939418184,0.027461673011374893,0.0070735285284813905,0.027893522908163465,0.007163991855471949,0.8,1
break_even,noise10,1010,5,low_yaw,passive,3,0.775,0.8240000000000001,0.33486005965628224,0.013274455284873575,0.02264410921888502,0.0066399801384270565,0.022859042007285685,0.0067069119475124065,0.023110183525381908,0.0068411789374028305,0.8,1
break_even,noise10,1010,5,low_yaw,passive,4,0.775,0.8240000000000001,0.33866988609476734,0.013833257811465334,0.019708758588770445,0.006310822794043492,0.019846488410172343,0.006364335544860599,0.02031319901329142,0.0065323274917596375,0.775,1
break_even,noise10,1010,5,low_yaw,passive,5,0.775,0.8240000000000001,0.33604327755629293,0.01370428828736987,0.017678054884535638,0.006023385050665591,0.017779748639293703,0.006074137841427074,0.018335119248379102,0.006261853012215319,0.775,1
break_even,noise10,1010,5,low_yaw,always_probe,1,0.7250000000000001,0.774,0.33880398230959463,0.014125294504394465,0.028265748486959615,0.0014599094958143413,0.028694476190584378,0.0014606883621834377,0.028729412026430992,0.001440980202119687,0.7250000000000001,1
break_even,noise10,1010,5,low_yaw,always_probe,2,0.7250000000000001,0.774,0.3352680950784481,0.014107871548206308,0.023311161085403074,0.0014559179263240677,0.023544997466203567,0.0014561327291468195,0.02406615285250829,0.0014372232953242334,0.7250000000000001,1
break_even,noise10,1010,5,low_yaw,always_probe,3,0.7250000000000001,0.774,0.33430564939575313,0.014146146356208023,0.02029509979625361,0.001451631513668696,0.020448001418938953,0.0014522022856806058,0.02112133716209608,0.0014334956210233735,0.7250000000000001,1
break_even,noise10,1010,5,low_yaw,always_probe,4,0.7250000000000001,0.774,0.33780133390667094,0.014177213492775249,0.018208482795443324,0.0014473558084754916,0.018317828048708677,0.0014479685741239938,0.019046373445533928,0.0014297968020762714,0.7250000000000001,1
break_even,noise10,1010,5,low_yaw,always_probe,5,0.7250000000000001,0.774,0.3362758262006473,0.014158672534567929,0.016655436573768022,0.001442876949093696,0.016739059801158238,0.0014437126625552246,0.017483089581411874,0.0014261264681190418,0.7250000000000001,1
break_even,noise10,1010,5,low_yaw,batch_aware,1,0.8,0.848,0.3457262435948979,0.012725100421245937,0.0377510919959782,0.007432226939276007,0.037846307041331594,0.007537287058852589,0.037846307041331594,0.007537287058852589,0.8,1
break_even,noise10,1010,5,low_yaw,batch_aware,2,0.8,0.848,0.3363766975499172,0.012383821107821422,0.02745996540619767,0.00704026939418184,0.027461673011374893,0.0070735285284813905,0.027893522908163465,0.007163991855471949,0.8,1
break_even,noise10,1010,5,low_yaw,batch_aware,3,0.775,0.8240000000000001,0.33486005965628224,0.013274455284873575,0.02264410921888502,0.0066399801384270565,0.022859042007285685,0.0067069119475124065,0.023110183525381908,0.0068411789374028305,0.8,1
break_even,noise10,1010,5,low_yaw,batch_aware,4,0.775,0.8240000000000001,0.33866988609476734,0.013833257811465334,0.019708758588770445,0.006310822794043492,0.019846488410172343,0.006364335544860599,0.02031319901329142,0.0065323274917596375,0.775,1
break_even,noise10,1010,5,low_yaw,batch_aware,5,0.775,0.8240000000000001,0.33604327755629293,0.01370428828736987,0.017678054884535638,0.006023385050665591,0.017779748639293703,0.006074137841427074,0.018335119248379102,0.006261853012215319,0.775,1
break_even,noise10,1010,5,low_yaw,ignore_passive,1,0.8,0.848,0.3457262435948979,0.012725100421245937,0.0377510919959782,0.007432226939276007,0.037846307041331594,0.007537287058852589,0.037846307041331594,0.007537287058852589,0.8,1
break_even,noise10,1010,5,low_yaw,ignore_passive,2,0.8,0.848,0.3363766975499172,0.012383821107821422,0.02745996540619767,0.00704026939418184,0.027461673011374893,0.0070735285284813905,0.027893522908163465,0.007163991855471949,0.8,1
break_even,noise10,1010,5,low_yaw,ignore_passive,3,0.775,0.8240000000000001,0.33486005965628224,0.013274455284873575,0.02264410921888502,0.0066399801384270565,0.022859042007285685,0.0067069119475124065,0.023110183525381908,0.0068411789374028305,0.8,1
break_even,noise10,1010,5,low_yaw,ignore_passive,4,0.775,0.8240000000000001,0.33866988609476734,0.013833257811465334,0.019708758588770445,0.006310822794043492,0.019846488410172343,0.006364335544860599,0.02031319901329142,0.0065323274917596375,0.775,1
break_even,noise10,1010,5,low_yaw,ignore_passive,5,0.775,0.8240000000000001,0.33604327755629293,0.01370428828736987,0.017678054884535638,0.006023385050665591,0.017779748639293703,0.006074137841427074,0.018335119248379102,0.006261853012215319,0.775,1
break_even,noise10,1010,5,low_yaw,uncertainty_trigger,1,0.7250000000000001,0.774,0.33880398230959463,0.014125294504394465,0.028265748486959615,0.0014599094958143413,0.028694476190584378,0.0014606883621834377,0.028729412026430992,0.001440980202119687,0.7250000000000001,1
break_even,noise10,1010,5,low_yaw,uncertainty_trigger,2,0.7250000000000001,0.774,0.3352680950784481,0.014107871548206308,0.023311161085403074,0.0014559179263240677,0.023544997466203567,0.0014561327291468195,0.02406615285250829,0.0014372232953242334,0.7250000000000001,1
break_even,noise10,1010,5,low_yaw,uncertainty_trigger,3,0.7250000000000001,0.774,0.33430564939575313,0.014146146356208023,0.02029509979625361,0.001451631513668696,0.020448001418938953,0.0014522022856806058,0.02112133716209608,0.0014334956210233735,0.7250000000000001,1
break_even,noise10,1010,5,low_yaw,uncertainty_trigger,4,0.7250000000000001,0.774,0.33780133390667094,0.014177213492775249,0.018208482795443324,0.0014473558084754916,0.018317828048708677,0.0014479685741239938,0.019046373445533928,0.0014297968020762714,0.7250000000000001,1
break_even,noise10,1010,5,low_yaw,uncertainty_trigger,5,0.7250000000000001,0.774,0.3362758262006473,0.014158672534567929,0.016655436573768022,0.001442876949093696,0.016739059801158238,0.0014437126625552246,0.017483089581411874,0.0014261264681190418,0.7250000000000001,1
break_even,noise10,1001,10,low_yaw,passive,1,0.775,0.8240000000000001,1.057923681117422,0.010908513635278904,0.04085445392115846,0.007457913601739482,0.04198798919011376,0.007511107839158406,0.04198798919011376,0.007511107839158406,0.775,1
break_even,noise10,1001,10,low_yaw,passive,2,0.75,0.798,1.058954126301196,0.009533787694576945,0.029307447505024564,0.006963525543099387,0.029309671144033718,0.007016279487211115,0.030192093426774372,0.0070706207087782615,0.75,1
break_even,noise10,1001,10,low_yaw,passive,3,0.75,0.798,1.0581065353015309,0.008170055346677998,0.024060383978330113,0.006517142509420828,0.0240557174118293,0.006574221167748699,0.024793088325972178,0.006699526738519012,0.75,1
break_even,noise10,1001,10,low_yaw,passive,4,0.75,0.798,1.05537951574867,0.007201740415242182,0.020888465244457848,0.006169741673430146,0.020888017007211573,0.0061714569967097205,0.021707626397501793,0.006350285115514478,0.7250000000000001,1
break_even,noise10,1001,10,low_yaw,passive,5,0.75,0.798,1.0575003575559228,0.006722384007026329,0.018708021468729217,0.005853486681655863,0.01870976492868621,0.005898414049306224,0.01954603582532998,0.006050522294715765,0.7250000000000001,1
break_even,noise10,1001,10,low_yaw,passive,6,0.75,0.798,1.0582906028169452,0.006278099414736035,0.017094945283910506,0.005608378270507717,0.01709442678841392,0.005618652714529215,0.01792355154862849,0.0057895600479085044,0.7250000000000001,1
break_even,noise10,1001,10,low_yaw,passive,7,0.75,0.798,1.058617155590423,0.005827660573633641,0.01583926589610433,0.0053708466456580325,0.015838382015695384,0.005398443923859766,0.01664787035116238,0.005559690858428843,0.7250000000000001,1
break_even,noise10,1001,10,low_yaw,passive,8,0.75,0.798,1.0572433056228867,0.005573597195802812,0.014823774698212187,0.005156779980874147,0.014823837604788639,0.0051678467433151935,0.015610785037948811,0.005355193352607996,0.7250000000000001,1
break_even,noise10,1001,10,low_yaw,passive,9,0.75,0.798,1.057705884041932,0.0053155148331878645,0.013981232145833255,0.004955013006058389,0.013980743215962113,0.00499116871926452,0.0147461318649261,0.0051717192687435725,0.7250000000000001,1
break_even,noise10,1001,10,low_yaw,passive,10,0.7250000000000001,0.774,1.0572493927377284,0.004438583300794296,0.013269062765072497,0.004769207198390776,0.013308557700105727,0.0047917357688319374,0.014010878353196064,0.005005896880822425,0.7250000000000001,1
break_even,noise10,1001,10,low_yaw,always_probe,1,0.7000000000000001,0.748,1.0483902380543577,0.002838073993771474,0.03022605639693693,0.0013789480767640119,0.030222717430655268,0.0013795891473611182,0.030699903649704593,0.0014410350550667814,0.675,1
break_even,noise10,1001,10,low_yaw,always_probe,2,0.7000000000000001,0.748,1.0527512880256937,0.0028083104927421358,0.024804823782223984,0.0013741217853507966,0.02480658718283553,0.0013747157321957223,0.025634529205822727,0.0014364011721237772,0.675,1
break_even,noise10,1001,10,low_yaw,always_probe,3,0.7000000000000001,0.748,1.0534416688377468,0.0027853650016000098,0.02154628043907246,0.0013690644031276477,0.0215437367898274,0.0013697575086358165,0.022459062931727333,0.0014318117066100587,0.675,1
break_even,noise10,1001,10,low_yaw,always_probe,4,0.7000000000000001,0.748,1.0522282254662856,0.002755476208263346,0.019301313189803097,0.0013643493806229246,0.019302350671555713,0.0013645608255806489,0.020230892475127382,0.001427265953435158,0.675,1
break_even,noise10,1001,10,low_yaw,always_probe,5,0.7000000000000001,0.748,1.0549758072416606,0.002753518818708847,0.017637054636426196,0.0013594307297208148,0.01763787335971938,0.0013602656623544526,0.018556719888913,0.0014227632230795928,0.675,1
break_even,noise10,1001,10,low_yaw,always_probe,6,0.7000000000000001,0.748,1.0551316261629144,0.0027570127411257147,0.01634030798810362,0.001355192542164727,0.016340944263594667,0.0013553917370416617,0.01723945359705699,0.0014183028411555267,0.675,1
break_even,noise10,1001,10,low_yaw,always_probe,7,0.7000000000000001,0.748,1.0556314813870522,0.0027432108414232044,0.015294463055623514,0.001350844972184719,0.015294226820420111,0.0013511743668274492,0.01616799188787327,0.0014138841479824854,0.675,1
break_even,noise10,1001,10,low_yaw,always_probe,8,0.7000000000000001,0.748,1.0549691771268332,0.0027585603903669937,0.01442645719627215,0.0013463155645030305,0.014426131469008492,0.0013465643927030747,0.015274312189258794,0.0014095064981775231,0.675,1
break_even,noise10,1001,10,low_yaw,always_probe,9,0.7000000000000001,0.748,1.0553412032349074,0.002754561613211327,0.013690098479867742,0.001341603746350507,0.01369022937128446,0.0013423899600322905,0.014514128985068337,0.0014051692602592618,0.675,1
break_even,noise10,1001,10,low_yaw,always_probe,10,0.7000000000000001,0.748,1.0548855726920916,0.0026954654018032016,0.013056617572304046,0.0013371225316613315,0.013056980204594202,0.0013377093377367354,0.013857206227791893,0.001400871816265251,0.675,1
break_even,noise10,1001,10,low_yaw,batch_aware,1,0.775,0.8240000000000001,1.057923681117422,0.010908513635278904,0.04085445392115846,0.007457913601739482,0.04198798919011376,0.007511107839158406,0.04198798919011376,0.007511107839158406,0.775,1
break_even,noise10,1001,10,low_yaw,batch_aware,2,0.75,0.798,1.058954126301196,0.009533787694576945,0.029307447505024564,0.006963525543099387,0.029309671144033718,0.007016279487211115,0.030192093426774372,0.0070706207087782615,0.75,1
break_even,noise10,1001,10,low_yaw,batch_aware,3,0.75,0.798,1.0581065353015309,0.008170055346677998,0.024060383978330113,0.006517142509420828,0.0240557174118293,0.006574221167748699,0.024793088325972178,0.006699526738519012,0.75,1
break_even,noise10,1001,10,low_yaw,batch_aware,4,0.75,0.798,1.05537951574867,0.007201740415242182,0.020888465244457848,0.006169741673430146,0.020888017007211573,0.0061714569967097205,0.021707626397501793,0.006350285115514478,0.7250000000000001,1
break_even,noise10,1001,10,low_yaw,batch_aware,5,0.75,0.798,1.0575003575559228,0.006722384007026329,0.018708021468729217,0.005853486681655863,0.01870976492868621,0.005898414049306224,0.01954603582532998,0.006050522294715765,0.7250000000000001,1
break_even,noise10,1001,10,low_yaw,batch_aware,6,0.75,0.798,1.0582906028169452,0.006278099414736035,0.017094945283910506,0.005608378270507717,0.01709442678841392,0.005618652714529215,0.01792355154862849,0.0057895600479085044,0.7250000000000001,1
break_even,noise10,1001,10,low_yaw,batch_aware,7,0.75,0.798,1.058617155590423,0.005827660573633641,0.01583926589610433,0.0053708466456580325,0.015838382015695384,0.005398443923859766,0.01664787035116238,0.005559690858428843,0.7250000000000001,1
break_even,noise10,1001,10,low_yaw,batch_aware,8,0.75,0.798,1.0572433056228867,0.005573597195802812,0.014823774698212187,0.005156779980874147,0.014823837604788639,0.0051678467433151935,0.015610785037948811,0.005355193352607996,0.7250000000000001,1
break_even,noise10,1001,10,low_yaw,batch_aware,9,0.75,0.798,1.057705884041932,0.0053155148331878645,0.013981232145833255,0.004955013006058389,0.013980743215962113,0.00499116871926452,0.0147461318649261,0.0051717192687435725,0.7250000000000001,1
break_even,noise10,1001,10,low_yaw,batch_aware,10,0.7250000000000001,0.774,1.0572493927377284,0.004438583300794296,0.013269062765072497,0.004769207198390776,0.013308557700105727,0.0047917357688319374,0.014010878353196064,0.005005896880822425,0.7250000000000001,1
break_even,noise10,1001,10,low_yaw,ignore_passive,1,0.7000000000000001,0.748,1.0483902380543577,0.002838073993771474,0.03022605639693693,0.0013789480767640119,0.030222717430655268,0.0013795891473611182,0.030699903649704593,0.0014410350550667814,0.675,1
break_even,noise10,1001,10,low_yaw,ignore_passive,2,0.7000000000000001,0.748,1.0527512880256937,0.0028083104927421358,0.024804823782223984,0.0013741217853507966,0.02480658718283553,0.0013747157321957223,0.025634529205822727,0.0014364011721237772,0.675,1
break_even,noise10,1001,10,low_yaw,ignore_passive,3,0.7000000000000001,0.748,1.0534416688377468,0.0027853650016000098,0.02154628043907246,0.0013690644031276477,0.0215437367898274,0.0013697575086358165,0.022459062931727333,0.0014318117066100587,0.675,1
break_even,noise10,1001,10,low_yaw,ignore_passive,4,0.7000000000000001,0.748,1.0522282254662856,0.002755476208263346,0.019301313189803097,0.0013643493806229246,0.019302350671555713,0.0013645608255806489,0.020230892475127382,0.001427265953435158,0.675,1
break_even,noise10,1001,10,low_yaw,ignore_passive,5,0.7000000000000001,0.748,1.0549758072416606,0.002753518818708847,0.017637054636426196,0.0013594307297208148,0.01763787335971938,0.0013602656623544526,0.018556719888913,0.0014227632230795928,0.675,1
break_even,noise10,1001,10,low_yaw,ignore_passive,6,0.7000000000000001,0.748,1.0551316261629144,0.0027570127411257147,0.01634030798810362,0.001355192542164727,0.016340944263594667,0.0013553917370416617,0.01723945359705699,0.0014183028411555267,0.675,1
break_even,noise10,1001,10,low_yaw,ignore_passive,7,0.7000000000000001,0.748,1.0556314813870522,0.0027432108414232044,0.015294463055623514,0.001350844972184719,0.015294226820420111,0.0013511743668274492,0.01616799188787327,0.0014138841479824854,0.675,1
break_even,noise10,1001,10,low_yaw,ignore_passive,8,0.7000000000000001,0.748,1.0549691771268332,0.0027585603903669937,0.01442645719627215,0.0013463155645030305,0.014426131469008492,0.0013465643927030747,0.015274312189258794,0.0014095064981775231,0.675,1
break_even,noise10,1001,10,low_yaw,ignore_passive,9,0.7000000000000001,0.748,1.0553412032349074,0.002754561613211327,0.013690098479867742,0.001341603746350507,0.01369022937128446,0.0013423899600322905,0.014514128985068337,0.0014051692602592618,0.675,1
break_even,noise10,1001,10,low_yaw,ignore_passive,10,0.7000000000000001,0.748,1.0548855726920916,0.0026954654018032016,0.013056617572304046,0.0013371225316613315,0.013056980204594202,0.0013377093377367354,0.013857206227791893,0.001400871816265251,0.675,1
break_even,noise10,1001,10,low_yaw,uncertainty_trigger,1,0.7000000000000001,0.748,1.0483902380543577,0.002838073993771474,0.03022605639693693,0.0013789480767640119,0.030222717430655268,0.0013795891473611182,0.030699903649704593,0.0014410350550667814,0.675,1
break_even,noise10,1001,10,low_yaw,uncertainty_trigger,2,0.7000000000000001,0.748,1.0527512880256937,0.0028083104927421358,0.024804823782223984,0.0013741217853507966,0.02480658718283553,0.0013747157321957223,0.025634529205822727,0.0014364011721237772,0.675,1
break_even,noise10,1001,10,low_yaw,uncertainty_trigger,3,0.7000000000000001,0.748,1.0534416688377468,0.0027853650016000098,0.02154628043907246,0.0013690644031276477,0.0215437367898274,0.0013697575086358165,0.022459062931727333,0.0014318117066100587,0.675,1
break_even,noise10,1001,10,low_yaw,uncertainty_trigger,4,0.7000000000000001,0.748,1.0522282254662856,0.002755476208263346,0.019301313189803097,0.0013643493806229246,0.019302350671555713,0.0013645608255806489,0.020230892475127382,0.001427265953435158,0.675,1
break_even,noise10,1001,10,low_yaw,uncertainty_trigger,5,0.7000000000000001,0.748,1.0549758072416606,0.002753518818708847,0.017637054636426196,0.0013594307297208148,0.01763787335971938,0.0013602656623544526,0.018556719888913,0.0014227632230795928,0.675,1
break_even,noise10,1001,10,low_yaw,uncertainty_trigger,6,0.7000000000000001,0.748,1.0551316261629144,0.0027570127411257147,0.01634030798810362,0.001355192542164727,0.016340944263594667,0.0013553917370416617,0.01723945359705699,0.0014183028411555267,0.675,1
break_even,noise10,1001,10,low_yaw,uncertainty_trigger,7,0.7000000000000001,0.748,1.0556314813870522,0.0027432108414232044,0.015294463055623514,0.001350844972184719,0.015294226820420111,0.0013511743668274492,0.01616799188787327,0.0014138841479824854,0.675,1
break_even,noise10,1001,10,low_yaw,uncertainty_trigger,8,0.7000000000000001,0.748,1.0549691771268332,0.0027585603903669937,0.01442645719627215,0.0013463155645030305,0.014426131469008492,0.0013465643927030747,0.015274312189258794,0.0014095064981775231,0.675,1
break_even,noise10,1001,10,low_yaw,uncertainty_trigger,9,0.7000000000000001,0.748,1.0553412032349074,0.002754561613211327,0.013690098479867742,0.001341603746350507,0.01369022937128446,0.0013423899600322905,0.014514128985068337,0.0014051692602592618,0.675,1
break_even,noise10,1001,10,low_yaw,uncertainty_trigger,10,0.7000000000000001,0.748,1.0548855726920916,0.0026954654018032016,0.013056617572304046,0.0013371225316613315,0.013056980204594202,0.0013377093377367354,0.013857206227791893,0.001400871816265251,0.675,1
break_even,noise10,1002,10,low_yaw,passive,1,0.8250000000000001,0.874,0.7512843103768914,0.011330227522235363,0.03917617305295662,0.007517360948275495,0.04028267407660387,0.007595192442118511,0.04028267407660387,0.007595192442118511,0.8250000000000001,1
break_even,noise10,1002,10,low_yaw,passive,2,0.8,0.848,0.7491686636243252,0.010413023454712355,0.028146441220593645,0.006990733558018751,0.02814103553798703,0.0071302386874138686,0.02896193645854848,0.007215357726383965,0.8,1
break_even,noise10,1002,10,low_yaw,passive,3,0.8,0.848,0.7472783481009891,0.011013592534523432,0.02309905426800491,0.006563430554613044,0.023102016384289863,0.006682010534588081,0.02378178690292078,0.006887345765528023,0.8,1
break_even,noise10,1002,10,low_yaw,passive,4,0.775,0.8240000000000001,0.7390769416253066,0.011408002430498198,0.020054441508668426,0.006207556983210994,0.020198889223501566,0.006285256310999704,0.020811906008170015,0.006573896816596785,0.775,1
break_even,noise10,1002,10,low_yaw,passive,5,0.775,0.8240000000000001,0.7390536003691971,0.010371192852414732,0.017962338424260316,0.00582765740661528,0.018066151040560398,0.005962942429710912,0.018733766311752616,0.006299684821853098,0.775,1
break_even,noise10,1002,10,low_yaw,passive,6,0.775,0.8240000000000001,0.738171235697586,0.010061581691728659,0.016412907446429346,0.005562677666621377,0.01649199034645577,0.005627970572138181,0.01717511988017043,0.006057152428657874,0.775,1
break_even,noise10,1002,10,low_yaw,passive,7,0.775,0.8240000000000001,0.736552615321869,0.010397990801663788,0.015207255426470256,0.005328153427831211,0.015270393697945655,0.005382914011572799,0.01595029131077094,0.005840634762890463,0.775,1
break_even,noise10,1002,10,low_yaw,passive,8,0.775,0.8240000000000001,0.7350039245497731,0.009660043110660493,0.014232002783374555,0.005140858287683504,0.014283640489860546,0.005174051106614185,0.014954944183542528,0.0056457907000975385,0.775,1
break_even,noise10,1002,10,low_yaw,passive,9,0.775,0.8240000000000001,0.7325125085186064,0.009845697707603638,0.013422876196278716,0.004968852289245482,0.0134662085297465,0.004998725844943739,0.014125344163461161,0.005469229986807246,0.775,1
break_even,noise10,1002,10,low_yaw,passive,10,0.775,0.8240000000000001,0.7333117057987012,0.009754737134009771,0.012738535933262978,0.004794325121216562,0.012775668948204892,0.004839894246401203,0.013420069773412886,0.00530826119141149,0.775,1
break_even,noise10,1002,10,low_yaw,always_probe,1,0.75,0.798,0.7469809423768302,0.010355846680602434,0.02942150306616324,0.001428956791325565,0.02941948932047987,0.001429610376524821,0.029885253319280495,0.0014444876785420667,0.7250000000000001,1
break_even,noise10,1002,10,low_yaw,always_probe,2,0.7250000000000001,0.774,0.7468334911291489,0.010318032667589398,0.02403754836510686,0.0014240010018139431,0.02428313719389819,0.0014250871866938783,0.024807960096538066,0.0014407214806440361,0.7250000000000001,1
break_even,noise10,1002,10,low_yaw,always_probe,3,0.7250000000000001,0.774,0.7462811157262166,0.010351482779154531,0.020819667533296407,0.0014191930825053244,0.02098185551581244,0.0014202697153074678,0.021667189775513247,0.0014369845886683455,0.7250000000000001,1
break_even,noise10,1002,10,low_yaw,always_probe,4,0.7250000000000001,0.774,0.7399550120189218,0.010379309818916537,0.018620284991366746,0.0014147571405697713,0.01873674312085263,0.0014155042432293192,0.01947988767262342,0.0014332766245122846,0.7250000000000001,1
break_even,noise10,1002,10,low_yaw,always_probe,5,0.7250000000000001,0.774,0.7399895985076202,0.010325750409253114,0.016997665180826533,0.0014093978747759175,0.017084197739945177,0.0014109859802711074,0.017844374596167643,0.0014295972168676392,0.7250000000000001,1
break_even,noise10,1002,10,low_yaw,always_probe,6,0.7250000000000001,0.774,0.7390443461947886,0.010305613454212215,0.015735403133947626,0.0014048937940672303,0.015805449429517546,0.0014057810831740838,0.01656188348414939,0.0014259460010645096,0.7250000000000001,1
break_even,noise10,1002,10,low_yaw,always_probe,7,0.7250000000000001,0.774,0.7373918529098417,0.010330234995723019,0.014720272318156395,0.0014003104413110206,0.014777080636240513,0.0014012394642658958,0.015521319691259191,0.0014223226189194953,0.7250000000000001,1
break_even,noise10,1002,10,low_yaw,always_probe,8,0.7250000000000001,0.774,0.7356597463484406,0.010297657160605874,0.01387893134037154,0.001396152685055906,0.013925443579094313,0.0013967581610595712,0.01465508390628524,0.001418726718588105,0.7250000000000001,1
break_even,noise10,1002,10,low_yaw,always_probe,9,0.7250000000000001,0.774,0.7332105791766832,0.010313891398868453,0.013166261487686461,0.0013922897402249424,0.013206585899018023,0.0013925965303514826,0.013919372248680097,0.0014151579544212456,0.7250000000000001,1
break_even,noise10,1002,10,low_yaw,always_probe,10,0.7250000000000001,0.774,0.7338447354169702,0.010312930833491997,0.012553986645502297,0.001388066099986575,0.01258902926306924,0.001388749315900787,0.013284387720887764,0.001411615986825666,0.7250000000000001,1
break_even,noise10,1002,10,low_yaw,batch_aware,1,0.8250000000000001,0.874,0.7512843103768914,0.011330227522235363,0.03917617305295662,0.007517360948275495,0.04028267407660387,0.007595192442118511,0.04028267407660387,0.007595192442118511,0.8250000000000001,1
break_even,noise10,1002,10,low_yaw,batch_aware,2,0.8,0.848,0.7491686636243252,0.010413023454712355,0.028146441220593645,0.006990733558018751,0.02814103553798703,0.0071302386874138686,0.02896193645854848,0.007215357726383965,0.8,1
break_even,noise10,1002,10,low_yaw,batch_aware,3,0.8,0.848,0.7472783481009891,0.011013592534523432,0.02309905426800491,0.006563430554613044,0.023102016384289863,0.006682010534588081,0.02378178690292078,0.006887345765528023,0.8,1
break_even,noise10,1002,10,low_yaw,batch_aware,4,0.775,0.8240000000000001,0.7390769416253066,0.011408002430498198,0.020054441508668426,0.006207556983210994,0.020198889223501566,0.006285256310999704,0.020811906008170015,0.006573896816596785,0.775,1
break_even,noise10,1002,10,low_yaw,batch_aware,5,0.775,0.8240000000000001,0.7390536003691971,0.010371192852414732,0.017962338424260316,0.00582765740661528,0.018066151040560398,0.005962942429710912,0.018733766311752616,0.006299684821853098,0.775,1
break_even,noise10,1002,10,low_yaw,batch_aware,6,0.775,0.8240000000000001,0.738171235697586,0.010061581691728659,0.016412907446429346,0.005562677666621377,0.01649199034645577,0.005627970572138181,0.01717511988017043,0.006057152428657874,0.775,1
break_even,noise10,1002,10,low_yaw,batch_aware,7,0.775,0.8240000000000001,0.736552615321869,0.010397990801663788,0.015207255426470256,0.005328153427831211,0.015270393697945655,0.005382914011572799,0.01595029131077094,0.005840634762890463,0.775,1
break_even,noise10,1002,10,low_yaw,batch_aware,8,0.775,0.8240000000000001,0.7350039245497731,0.009660043110660493,0.014232002783374555,0.005140858287683504,0.014283640489860546,0.005174051106614185,0.014954944183542528,0.0056457907000975385,0.775,1
break_even,noise10,1002,10,low_yaw,batch_aware,9,0.775,0.8240000000000001,0.7325125085186064,0.009845697707603638,0.013422876196278716,0.004968852289245482,0.0134662085297465,0.004998725844943739,0.014125344163461161,0.005469229986807246,0.775,1
break_even,noise10,1002,10,low_yaw,batch_aware,10,0.775,0.8240000000000001,0.7333117057987012,0.009754737134009771,0.012738535933262978,0.004794325121216562,0.012775668948204892,0.004839894246401203,0.013420069773412886,0.00530826119141149,0.775,1
break_even,noise10,1002,10,low_yaw,ignore_passive,1,0.75,0.798,0.7469809423768302,0.010355846680602434,0.02942150306616324,0.001428956791325565,0.02941948932047987,0.001429610376524821,0.029885253319280495,0.0014444876785420667,0.7250000000000001,1
break_even,noise10,1002,10,low_yaw,ignore_passive,2,0.7250000000000001,0.774,0.7468334911291489,0.010318032667589398,0.02403754836510686,0.0014240010018139431,0.02428313719389819,0.0014250871866938783,0.024807960096538066,0.0014407214806440361,0.7250000000000001,1
break_even,noise10,1002,10,low_yaw,ignore_passive,3,0.7250000000000001,0.774,0.7462811157262166,0.010351482779154531,0.020819667533296407,0.0014191930825053244,0.02098185551581244,0.0014202697153074678,0.021667189775513247,0.0014369845886683455,0.7250000000000001,1
break_even,noise10,1002,10,low_yaw,ignore_passive,4,0.7250000000000001,0.774,0.7399550120189218,0.010379309818916537,0.018620284991366746,0.0014147571405697713,0.01873674312085263,0.0014155042432293192,0.01947988767262342,0.0014332766245122846,0.7250000000000001,1
break_even,noise10,1002,10,low_yaw,ignore_passive,5,0.7250000000000001,0.774,0.7399895985076202,0.010325750409253114,0.016997665180826533,0.0014093978747759175,0.017084197739945177,0.0014109859802711074,0.017844374596167643,0.0014295972168676392,0.7250000000000001,1
break_even,noise10,1002,10,low_yaw,ignore_passive,6,0.7250000000000001,0.774,0.7390443461947886,0.010305613454212215,0.015735403133947626,0.0014048937940672303,0.015805449429517546,0.0014057810831740838,0.01656188348414939,0.0014259460010645096,0.7250000000000001,1
break_even,noise10,1002,10,low_yaw,ignore_passive,7,0.7250000000000001,0.774,0.7373918529098417,0.010330234995723019,0.014720272318156395,0.0014003104413110206,0.014777080636240513,0.0014012394642658958,0.015521319691259191,0.0014223226189194953,0.7250000000000001,1
break_even,noise10,1002,10,low_yaw,ignore_passive,8,0.7250000000000001,0.774,0.7356597463484406,0.010297657160605874,0.01387893134037154,0.001396152685055906,0.013925443579094313,0.0013967581610595712,0.01465508390628524,0.001418726718588105,0.7250000000000001,1
break_even,noise10,1002,10,low_yaw,ignore_passive,9,0.7250000000000001,0.774,0.7332105791766832,0.010313891398868453,0.013166261487686461,0.0013922897402249424,0.013206585899018023,0.0013925965303514826,0.013919372248680097,0.0014151579544212456,0.7250000000000001,1
break_even,noise10,1002,10,low_yaw,ignore_passive,10,0.7250000000000001,0.774,0.7338447354169702,0.010312930833491997,0.012553986645502297,0.001388066099986575,0.01258902926306924,0.001388749315900787,0.013284387720887764,0.001411615986825666,0.7250000000000001,1
break_even,noise10,1002,10,low_yaw,uncertainty_trigger,1,0.75,0.798,0.7469809423768302,0.010355846680602434,0.02942150306616324,0.001428956791325565,0.02941948932047987,0.001429610376524821,0.029885253319280495,0.0014444876785420667,0.7250000000000001,1
break_even,noise10,1002,10,low_yaw,uncertainty_trigger,2,0.7250000000000001,0.774,0.7468334911291489,0.010318032667589398,0.02403754836510686,0.0014240010018139431,0.02428313719389819,0.0014250871866938783,0.024807960096538066,0.0014407214806440361,0.7250000000000001,1
break_even,noise10,1002,10,low_yaw,uncertainty_trigger,3,0.7250000000000001,0.774,0.7462811157262166,0.010351482779154531,0.020819667533296407,0.0014191930825053244,0.02098185551581244,0.0014202697153074678,0.021667189775513247,0.0014369845886683455,0.7250000000000001,1
break_even,noise10,1002,10,low_yaw,uncertainty_trigger,4,0.7250000000000001,0.774,0.7399550120189218,0.010379309818916537,0.018620284991366746,0.0014147571405697713,0.01873674312085263,0.0014155042432293192,0.01947988767262342,0.0014332766245122846,0.7250000000000001,1
break_even,noise10,1002,10,low_yaw,uncertainty_trigger,5,0.7250000000000001,0.774,0.7399895985076202,0.010325750409253114,0.016997665180826533,0.0014093978747759175,0.017084197739945177,0.0014109859802711074,0.017844374596167643,0.0014295972168676392,0.7250000000000001,1
break_even,noise10,1002,10,low_yaw,uncertainty_trigger,6,0.7250000000000001,0.774,0.7390443461947886,0.010305613454212215,0.015735403133947626,0.0014048937940672303,0.015805449429517546,0.0014057810831740838,0.01656188348414939,0.0014259460010645096,0.7250000000000001,1
break_even,noise10,1002,10,low_yaw,uncertainty_trigger,7,0.7250000000000001,0.774,0.7373918529098417,0.010330234995723019,0.014720272318156395,0.0014003104413110206,0.014777080636240513,0.0014012394642658958,0.015521319691259191,0.0014223226189194953,0.7250000000000001,1
break_even,noise10,1002,10,low_yaw,uncertainty_trigger,8,0.7250000000000001,0.774,0.7356597463484406,0.010297657160605874,0.01387893134037154,0.001396152685055906,0.013925443579094313,0.0013967581610595712,0.01465508390628524,0.001418726718588105,0.7250000000000001,1
break_even,noise10,1002,10,low_yaw,uncertainty_trigger,9,0.7250000000000001,0.774,0.7332105791766832,0.010313891398868453,0.013166261487686461,0.0013922897402249424,0.013206585899018023,0.0013925965303514826,0.013919372248680097,0.0014151579544212456,0.7250000000000001,1
break_even,noise10,1002,10,low_yaw,uncertainty_trigger,10,0.7250000000000001,0.774,0.7338447354169702,0.010312930833491997,0.012553986645502297,0.001388066099986575,0.01258902926306924,0.001388749315900787,0.013284387720887764,0.001411615986825666,0.7250000000000001,1
break_even,noise10,1003,10,low_yaw,passive,1,0.775,0.8240000000000001,0.4721848112943538,0.010977529732420567,0.03891836838723746,0.007467655166185968,0.04008455432359244,0.007512153708711548,0.04008455432359244,0.007512153708711548,0.775,1
break_even,noise10,1003,10,low_yaw,passive,2,0.775,0.8240000000000001,0.4637045147623119,0.010322270458585256,0.0279316850997509,0.0069569606072634104,0.028337128407665512,0.007065215607634966,0.029224266013528812,0.007109885498279504,0.775,1
break_even,noise10,1003,10,low_yaw,passive,3,0.775,0.8240000000000001,0.46251161694680293,0.009891287690607915,0.02292506643277027,0.006614494823255968,0.023144379933462945,0.006622613498840231,0.024116375467648117,0.006766011658897696,0.775,1
break_even,noise10,1003,10,low_yaw,passive,4,0.775,0.8240000000000001,0.4625542070239249,0.008665790630405294,0.01990582227421988,0.0062785811926238605,0.020048576123196295,0.006324408100902693,0.020999679059124438,0.0064392630402723946,0.75,1
break_even,noise10,1003,10,low_yaw,passive,5,0.775,0.8240000000000001,0.46412279987928934,0.008574287577942449,0.017834655607385428,0.0059679838535296485,0.017935668620022396,0.006020882500454763,0.018844827240309073,0.0061556975048847285,0.75,1
break_even,noise10,1003,10,low_yaw,passive,6,0.75,0.798,0.46269130077276566,0.008312860555567347,0.016375597257686482,0.005642139189926187,0.01637565414558534,0.005724136550685051,0.017241028471699314,0.005906571077987915,0.75,1
break_even,noise10,1003,10,low_yaw,passive,7,0.75,0.798,0.46207762497826516,0.008067201407505782,0.01522356257109304,0.005408114253487819,0.015224179813876684,0.005431453448426627,0.015987452628222962,0.005685433341809519,0.75,1
break_even,noise10,1003,10,low_yaw,passive,8,0.75,0.798,0.463823402284872,0.007990643253083022,0.014284784359553278,0.005169030348162604,0.014285873131024378,0.005223073289064823,0.014972759887632131,0.005487407727891692,0.75,1
break_even,noise10,1003,10,low_yaw,passive,9,0.75,0.798,0.46365006511461915,0.007629953313130034,0.013502242450507341,0.00498197281133026,0.013501621628740874,0.005006783371983467,0.014129597265738111,0.005308729888991972,0.75,1
break_even,noise10,1003,10,low_yaw,passive,10,0.75,0.798,0.4628342332530335,0.007959077083748692,0.012835681605538513,0.004800271225708481,0.01283558953097778,0.004834076498531464,0.013414513544425553,0.005146441458212224,0.75,1
break_even,noise10,1003,10,low_yaw,always_probe,1,0.7250000000000001,0.774,0.4651454898168075,0.008349142224839033,0.028783132495424725,0.001408238644099672,0.029217748376340575,0.0014087361190707832,0.029249683820493515,0.0014427901416402043,0.7000000000000001,1
break_even,noise10,1003,10,low_yaw,always_probe,2,0.7250000000000001,0.774,0.4604042627525459,0.008332130584803619,0.023616191792843168,0.0014036781689275586,0.023861704012613213,0.0014045070584100385,0.02438941907426957,0.001438619253790668,0.7000000000000001,1
break_even,noise10,1003,10,low_yaw,always_probe,3,0.7250000000000001,0.774,0.4609042502178853,0.008326237702416158,0.020507151272010082,0.0013999362398967766,0.020662786370110285,0.001399965029292263,0.021352219023796675,0.0014344843302718684,0.7000000000000001,1
break_even,noise10,1003,10,low_yaw,always_probe,4,0.7250000000000001,0.774,0.4609040429041764,0.008268481475033921,0.018371817280179465,0.0013958672242549144,0.018483355838679803,0.001396267325618855,0.019224914474537527,0.0014303848571875955,0.7000000000000001,1
break_even,noise10,1003,10,low_yaw,always_probe,5,0.7000000000000001,0.748,0.4623772894977758,0.008268408164577424,0.016876614380117828,0.0013909887980822716,0.01687560467396361,0.0013917869893292304,0.017628395539234173,0.0014263203308635553,0.7000000000000001,1
break_even,noise10,1003,10,low_yaw,always_probe,6,0.7000000000000001,0.748,0.4615047913941951,0.00825226149054662,0.015693121774715803,0.0013856423896974853,0.01569373556129218,0.0013869645503465826,0.016373256459094855,0.0014222902575874298,0.7000000000000001,1
break_even,noise10,1003,10,low_yaw,always_probe,7,0.7000000000000001,0.748,0.4611554947552476,0.008231681519803519,0.014727306273060042,0.0013813262743899092,0.014728284438588512,0.0013816208045209716,0.015352947468261345,0.0014182941533569687,0.7000000000000001,1
break_even,noise10,1003,10,low_yaw,always_probe,8,0.7000000000000001,0.748,0.4625302907601616,0.008220547726771152,0.013921052579032868,0.0013764950914106114,0.013921687426929532,0.001377377137477125,0.01450233026272685,0.0014143315436358265,0.7000000000000001,1
break_even,noise10,1003,10,low_yaw,always_probe,9,0.7000000000000001,0.748,0.46289775306473874,0.008189741956366523,0.013234569156177708,0.0013723054718804716,0.013234744742695311,0.0013725917353198391,0.013779045236114054,0.0014104019631168614,0.7000000000000001,1
break_even,noise10,1003,10,low_yaw,always_probe,10,0.7000000000000001,0.748,0.46243817386348113,0.008210656074654637,0.012641756489511572,0.0013677543124166922,0.012641163345858304,0.0013684009312401944,0.013154197109701176,0.0014065049554926256,0.7000000000000001,1
break_even,noise10,1003,10,low_yaw,batch_aware,1,0.775,0.8240000000000001,0.4721848112943538,0.010977529732420567,0.03891836838723746,0.007467655166185968,0.04008455432359244,0.007512153708711548,0.04008455432359244,0.007512153708711548,0.775,1
break_even,noise10,1003,10,low_yaw,batch_aware,2,0.775,0.8240000000000001,0.4637045147623119,0.010322270458585256,0.0279316850997509,0.0069569606072634104,0.028337128407665512,0.007065215607634966,0.029224266013528812,0.007109885498279504,0.775,1
break_even,noise10,1003,10,low_yaw,batch_aware,3,0.775,0.8240000000000001,0.46251161694680293,0.009891287690607915,0.02292506643277027,0.006614494823255968,0.023144379933462945,0.006622613498840231,0.024116375467648117,0.006766011658897696,0.775,1
break_even,noise10,1003,10,low_yaw,batch_aware,4,0.775,0.8240000000000001,0.4625542070239249,0.008665790630405294,0.01990582227421988,0.0062785811926238605,0.020048576123196295,0.006324408100902693,0.020999679059124438,0.0064392630402723946,0.75,1
break_even,noise10,1003,10,low_yaw,batch_aware,5,0.775,0.8240000000000001,0.46412279987928934,0.008574287577942449,0.017834655607385428,0.0059679838535296485,0.017935668620022396,0.006020882500454763,0.018844827240309073,0.0061556975048847285,0.75,1
break_even,noise10,1003,10,low_yaw,batch_aware,6,0.75,0.798,0.46269130077276566,0.008312860555567347,0.016375597257686482,0.005642139189926187,0.01637565414558534,0.005724136550685051,0.017241028471699314,0.005906571077987915,0.75,1
break_even,noise10,1003,10,low_yaw,batch_aware,7,0.75,0.798,0.46207762497826516,0.008067201407505782,0.01522356257109304,0.005408114253487819,0.015224179813876684,0.005431453448426627,0.015987452628222962,0.005685433341809519,0.75,1
break_even,noise10,1003,10,low_yaw,batch_aware,8,0.75,0.798,0.463823402284872,0.007990643253083022,0.014284784359553278,0.005169030348162604,0.014285873131024378,0.005223073289064823,0.014972759887632131,0.005487407727891692,0.75,1
break_even,noise10,1003,10,low_yaw,batch_aware,9,0.75,0.798,0.46365006511461915,0.007629953313130034,0.013502242450507341,0.00498197281133026,0.013501621628740874,0.005006783371983467,0.014129597265738111,0.005308729888991972,0.75,1
break_even,noise10,1003,10,low_yaw,batch_aware,10,0.75,0.798,0.4628342332530335,0.007959077083748692,0.012835681605538513,0.004800271225708481,0.01283558953097778,0.004834076498531464,0.013414513544425553,0.005146441458212224,0.75,1
break_even,noise10,1003,10,low_yaw,ignore_passive,1,0.775,0.8240000000000001,0.4721848112943538,0.010977529732420567,0.03891836838723746,0.007467655166185968,0.04008455432359244,0.007512153708711548,0.04008455432359244,0.007512153708711548,0.775,1
break_even,noise10,1003,10,low_yaw,ignore_passive,2,0.775,0.8240000000000001,0.4637045147623119,0.010322270458585256,0.0279316850997509,0.0069569606072634104,0.028337128407665512,0.007065215607634966,0.029224266013528812,0.007109885498279504,0.775,1
break_even,noise10,1003,10,low_yaw,ignore_passive,3,0.775,0.8240000000000001,0.46251161694680293,0.009891287690607915,0.02292506643277027,0.006614494823255968,0.023144379933462945,0.006622613498840231,0.024116375467648117,0.006766011658897696,0.775,1
break_even,noise10,1003,10,low_yaw,ignore_passive,4,0.775,0.8240000000000001,0.4625542070239249,0.008665790630405294,0.01990582227421988,0.0062785811926238605,0.020048576123196295,0.006324408100902693,0.020999679059124438,0.0064392630402723946,0.75,1
break_even,noise10,1003,10,low_yaw,ignore_passive,5,0.775,0.8240000000000001,0.46412279987928934,0.008574287577942449,0.017834655607385428,0.0059679838535296485,0.017935668620022396,0.006020882500454763,0.018844827240309073,0.0061556975048847285,0.75,1
break_even,noise10,1003,10,low_yaw,ignore_passive,6,0.75,0.798,0.46269130077276566,0.008312860555567347,0.016375597257686482,0.005642139189926187,0.01637565414558534,0.005724136550685051,0.017241028471699314,0.005906571077987915,0.75,1
break_even,noise10,1003,10,low_yaw,ignore_passive,7,0.75,0.798,0.46207762497826516,0.008067201407505782,0.01522356257109304,0.005408114253487819,0.015224179813876684,0.005431453448426627,0.015987452628222962,0.005685433341809519,0.75,1
break_even,noise10,1003,10,low_yaw,ignore_passive,8,0.75,0.798,0.463823402284872,0.007990643253083022,0.014284784359553278,0.005169030348162604,0.014285873131024378,0.005223073289064823,0.014972759887632131,0.005487407727891692,0.75,1
break_even,noise10,1003,10,low_yaw,ignore_passive,9,0.75,0.798,0.46365006511461915,0.007629953313130034,0.013502242450507341,0.00498197281133026,0.013501621628740874,0.005006783371983467,0.014129597265738111,0.005308729888991972,0.75,1
break_even,noise10,1003,10,low_yaw,ignore_passive,10,0.75,0.798,0.4628342332530335,0.007959077083748692,0.012835681605538513,0.004800271225708481,0.01283558953097778,0.004834076498531464,0.013414513544425553,0.005146441458212224,0.75,1
break_even,noise10,1003,10,low_yaw,uncertainty_trigger,1,0.7250000000000001,0.774,0.4651454898168075,0.008349142224839033,0.028783132495424725,0.001408238644099672,0.029217748376340575,0.0014087361190707832,0.029249683820493515,0.0014427901416402043,0.7000000000000001,1
break_even,noise10,1003,10,low_yaw,uncertainty_trigger,2,0.7250000000000001,0.774,0.4604042627525459,0.008332130584803619,0.023616191792843168,0.0014036781689275586,0.023861704012613213,0.0014045070584100385,0.02438941907426957,0.001438619253790668,0.7000000000000001,1
break_even,noise10,1003,10,low_yaw,uncertainty_trigger,3,0.7250000000000001,0.774,0.4609042502178853,0.008326237702416158,0.020507151272010082,0.0013999362398967766,0.020662786370110285,0.001399965029292263,0.021352219023796675,0.0014344843302718684,0.7000000000000001,1
break_even,noise10,1003,10,low_yaw,uncertainty_trigger,4,0.7250000000000001,0.774,0.4609040429041764,0.008268481475033921,0.018371817280179465,0.0013958672242549144,0.018483355838679803,0.001396267325618855,0.019224914474537527,0.0014303848571875955,0.7000000000000001,1
break_even,noise10,1003,10,low_yaw,uncertainty_trigger,5,0.7000000000000001,0.748,0.4623772894977758,0.008268408164577424,0.016876614380117828,0.0013909887980822716,0.01687560467396361,0.0013917869893292304,0.017628395539234173,0.0014263203308635553,0.7000000000000001,1
break_even,noise10,1003,10,low_yaw,uncertainty_trigger,6,0.7000000000000001,0.748,0.4615047913941951,0.00825226149054662,0.015693121774715803,0.0013856423896974853,0.01569373556129218,0.0013869645503465826,0.016373256459094855,0.0014222902575874298,0.7000000000000001,1
break_even,noise10,1003,10,low_yaw,uncertainty_trigger,7,0.7000000000000001,0.748,0.4611554947552476,0.008231681519803519,0.014727306273060042,0.0013813262743899092,0.014728284438588512,0.0013816208045209716,0.015352947468261345,0.0014182941533569687,0.7000000000000001,1
break_even,noise10,1003,10,low_yaw,uncertainty_trigger,8,0.7000000000000001,0.748,0.4625302907601616,0.008220547726771152,0.013921052579032868,0.0013764950914106114,0.013921687426929532,0.001377377137477125,0.01450233026272685,0.0014143315436358265,0.7000000000000001,1
break_even,noise10,1003,10,low_yaw,uncertainty_trigger,9,0.7000000000000001,0.748,0.46289775306473874,0.008189741956366523,0.013234569156177708,0.0013723054718804716,0.013234744742695311,0.0013725917353198391,0.013779045236114054,0.0014104019631168614,0.7000000000000001,1
break_even,noise10,1003,10,low_yaw,uncertainty_trigger,10,0.7000000000000001,0.748,0.46243817386348113,0.008210656074654637,0.012641756489511572,0.0013677543124166922,0.012641163345858304,0.0013684009312401944,0.013154197109701176,0.0014065049554926256,0.7000000000000001,1
break_even,noise10,1005,10,low_yaw,passive,1,0.775,0.8240000000000001,0.3130732299915642,0.011477457372802839,0.03773119275810482,0.007353259621501285,0.038812796362480875,0.007513925397296245,0.038812796362480875,0.007513925397296245,0.775,1
break_even,noise10,1005,10,low_yaw,passive,2,0.775,0.8240000000000001,0.3070745635605143,0.012548537089602184,0.027449637339839662,0.006873536793165123,0.027829433839435244,0.006960577553459855,0.028671862586365844,0.007111846143150309,0.775,1
break_even,noise10,1005,10,low_yaw,passive,3,0.75,0.798,0.3123048106385526,0.014938238383683232,0.022846320347987708,0.006516002836880323,0.022848333025072963,0.00653463136650997,0.023775540786453636,0.0067680966099535455,0.775,1
break_even,noise10,1005,10,low_yaw,passive,4,0.75,0.798,0.31476822902592444,0.015312786191029418,0.019982448207962817,0.006179718177050673,0.01998428207453359,0.006238136553519632,0.02075515556069827,0.006441435908966959,0.75,1
break_even,noise10,1005,10,low_yaw,passive,5,0.75,0.798,0.3185986191755769,0.015281154209211866,0.017979625131315746,0.005897969564541092,0.017979228045328328,0.0059348834364534395,0.018654207951425687,0.00615792393874742,0.75,1
break_even,noise10,1005,10,low_yaw,passive,6,0.75,0.798,0.3192467131460866,0.01568852786703359,0.016480601363999946,0.00561888588662764,0.01647879313748232,0.005691501000182726,0.01708446988074803,0.005908827911127146,0.75,1
break_even,noise10,1005,10,low_yaw,passive,7,0.75,0.798,0.31814642595655795,0.015715472656146895,0.015302145388661986,0.005374363738029096,0.015301942732904389,0.005439809522248333,0.015854214544175443,0.005687704634077906,0.75,1
break_even,noise10,1005,10,low_yaw,passive,8,0.75,0.798,0.316037207130809,0.015833302300717247,0.014343943017511908,0.005154598675257151,0.014344100045424676,0.005215879524688297,0.014856426433798774,0.005489682346613618,0.75,1
break_even,noise10,1005,10,low_yaw,passive,9,0.75,0.798,0.3143587979729159,0.01585740411415045,0.013547202819654198,0.004979500139575781,0.013547658171743969,0.005016101064893891,0.014026051638569619,0.005310999979657852,0.75,1
break_even,noise10,1005,10,low_yaw,passive,10,0.75,0.798,0.3140171937614729,0.015975555306328378,0.012868854451814803,0.004820863176276522,0.012868697024042757,0.004852374570269004,0.01332096675587911,0.005148701448136541,0.75,1
break_even,noise10,1005,10,low_yaw,always_probe,1,0.7000000000000001,0.748,0.3159999954710621,0.02346661153454207,0.028664351376739283,0.001553977441340316,0.028661476627753635,0.0015548736755679861,0.02869604449733461,0.0014436628810356492,0.7000000000000001,1
break_even,noise10,1005,10,low_yaw,always_probe,2,0.7000000000000001,0.748,0.31108885216987403,0.023465020429824162,0.02377480923066435,0.0015494506220247806,0.023773848133266842,0.0015498412165992881,0.02403903187405433,0.0014394895876923503,0.7000000000000001,1
break_even,noise10,1005,10,low_yaw,always_probe,3,0.7000000000000001,0.748,0.3142201016878806,0.023538346851936787,0.020753017403006814,0.0015455049414902665,0.020755792907655227,0.001545422077280962,0.021097928757391877,0.0014353522784146407,0.7000000000000001,1
break_even,noise10,1005,10,low_yaw,always_probe,4,0.7000000000000001,0.748,0.3163544875228301,0.023509529979820053,0.01865229903121718,0.001540959869064772,0.018654410046787053,0.0015415189924141376,0.019025487208604492,0.0014312504390386258,0.7000000000000001,1
break_even,noise10,1005,10,low_yaw,always_probe,5,0.7000000000000001,0.748,0.31932441571885606,0.023484241457231787,0.017082832980023863,0.0015367692862741304,0.017081587064234162,0.0015368934029732536,0.01746405759431051,0.0014271835656273677,0.7000000000000001,1
break_even,noise10,1005,10,low_yaw,always_probe,6,0.7000000000000001,0.748,0.3196298628298737,0.023473956037812257,0.015851769114508505,0.001531893553699134,0.01585180473799518,0.0015328555005022487,0.01623313596402857,0.0014231511642108239,0.7000000000000001,1
break_even,noise10,1005,10,low_yaw,always_probe,7,0.7000000000000001,0.748,0.31911678722059716,0.02342729820565644,0.014854677065151084,0.001526999121357543,0.014853674478475052,0.0015279933250662958,0.015230479090352156,0.0014191527505338236,0.7000000000000001,1
break_even,noise10,1005,10,low_yaw,always_probe,8,0.7000000000000001,0.748,0.3169129447234569,0.023387881364884816,0.014022921325363097,0.001521910819232106,0.01402328227908333,0.0015231152605183706,0.014393268065644607,0.0014151878498117898,0.7000000000000001,1
break_even,noise10,1005,10,low_yaw,always_probe,9,0.7000000000000001,0.748,0.31544863197092426,0.023365092778401823,0.013319160402106702,0.0015176300655021105,0.013318821177402382,0.0015180888664752198,0.013680495738692572,0.0014112559964939266,0.7000000000000001,1
break_even,noise10,1005,10,low_yaw,always_probe,10,0.7000000000000001,0.748,0.31481149065164155,0.0233405578661386,0.012709275100801175,0.0015132334889903431,0.012709798902664046,0.0015137886095727855,0.013064105338004544,0.0014073567340336034,0.7000000000000001,1
break_even,noise10,1005,10,low_yaw,batch_aware,1,0.775,0.8240000000000001,0.3130732299915642,0.011477457372802839,0.03773119275810482,0.007353259621501285,0.038812796362480875,0.007513925397296245,0.038812796362480875,0.007513925397296245,0.775,1
break_even,noise10,1005,10,low_yaw,batch_aware,2,0.775,0.8240000000000001,0.3070745635605143,0.012548537089602184,0.027449637339839662,0.006873536793165123,0.027829433839435244,0.006960577553459855,0.028671862586365844,0.007111846143150309,0.775,1
break_even,noise10,1005,10,low_yaw,batch_aware,3,0.75,0.798,0.3123048106385526,0.014938238383683232,0.022846320347987708,0.006516002836880323,0.022848333025072963,0.00653463136650997,0.023775540786453636,0.0067680966099535455,0.775,1
break_even,noise10,1005,10,low_yaw,batch_aware,4,0.75,0.798,0.31476822902592444,0.015312786191029418,0.019982448207962817,0.006179718177050673,0.01998428207453359,0.006238136553519632,0.02075515556069827,0.006441435908966959,0.75,1
break_even,noise10,1005,10,low_yaw,batch_aware,5,0.75,0.798,0.3185986191755769,0.015281154209211866,0.017979625131315746,0.005897969564541092,0.017979228045328328,0.0059348834364534395,0.018654207951425687,0.00615792393874742,0.75,1
break_even,noise10,1005,10,low_yaw,batch_aware,6,0.75,0.798,0.3192467131460866,0.01568852786703359,0.016480601363999946,0.00561888588662764,0.01647879313748232,0.005691501000182726,0.01708446988074803,0.005908827911127146,0.75,1
break_even,noise10,1005,10,low_yaw,batch_aware,7,0.75,0.798,0.31814642595655795,0.015715472656146895,0.015302145388661986,0.005374363738029096,0.015301942732904389,0.005439809522248333,0.015854214544175443,0.005687704634077906,0.75,1
break_even,noise10,1005,10,low_yaw,batch_aware,8,0.75,0.798,0.316037207130809,0.015833302300717247,0.014343943017511908,0.005154598675257151,0.014344100045424676,0.005215879524688297,0.014856426433798774,0.005489682346613618,0.75,1
break_even,noise10,1005,10,low_yaw,batch_aware,9,0.75,0.798,0.3143587979729159,0.01585740411415045,0.013547202819654198,0.004979500139575781,0.013547658171743969,0.005016101064893891,0.014026051638569619,0.005310999979657852,0.75,1
break_even,noise10,1005,10,low_yaw,batch_aware,10,0.75,0.798,0.3140171937614729,0.015975555306328378,0.012868854451814803,0.004820863176276522,0.012868697024042757,0.004852374570269004,0.01332096675587911,0.005148701448136541,0.75,1
break_even,noise10,1005,10,low_yaw,ignore_passive,1,0.775,0.8240000000000001,0.3130732299915642,0.011477457372802839,0.03773119275810482,0.007353259621501285,0.038812796362480875,0.007513925397296245,0.038812796362480875,0.007513925397296245,0.775,1
break_even,noise10,1005,10,low_yaw,ignore_passive,2,0.775,0.8240000000000001,0.3070745635605143,0.012548537089602184,0.027449637339839662,0.006873536793165123,0.027829433839435244,0.006960577553459855,0.028671862586365844,0.007111846143150309,0.775,1
break_even,noise10,1005,10,low_yaw,ignore_passive,3,0.75,0.798,0.3123048106385526,0.014938238383683232,0.022846320347987708,0.006516002836880323,0.022848333025072963,0.00653463136650997,0.023775540786453636,0.0067680966099535455,0.775,1
break_even,noise10,1005,10,low_yaw,ignore_passive,4,0.75,0.798,0.31476822902592444,0.015312786191029418,0.019982448207962817,0.006179718177050673,0.01998428207453359,0.006238136553519632,0.02075515556069827,0.006441435908966959,0.75,1
break_even,noise10,1005,10,low_yaw,ignore_passive,5,0.75,0.798,0.3185986191755769,0.015281154209211866,0.017979625131315746,0.005897969564541092,0.017979228045328328,0.0059348834364534395,0.018654207951425687,0.00615792393874742,0.75,1
break_even,noise10,1005,10,low_yaw,ignore_passive,6,0.75,0.798,0.3192467131460866,0.01568852786703359,0.016480601363999946,0.00561888588662764,0.01647879313748232,0.005691501000182726,0.01708446988074803,0.005908827911127146,0.75,1
break_even,noise10,1005,10,low_yaw,ignore_passive,7,0.75,0.798,0.31814642595655795,0.015715472656146895,0.015302145388661986,0.005374363738029096,0.015301942732904389,0.005439809522248333,0.015854214544175443,0.005687704634077906,0.75,1
break_even,noise10,1005,10,low_yaw,ignore_passive,8,0.75,0.798,0.316037207130809,0.015833302300717247,0.014343943017511908,0.005154598675257151,0.014344100045424676,0.005215879524688297,0.014856426433798774,0.005489682346613618,0.75,1
break_even,noise10,1005,10,low_yaw,ignore_passive,9,0.75,0.798,0.3143587979729159,0.01585740411415045,0.013547202819654198,0.004979500139575781,0.013547658171743969,0.005016101064893891,0.014026051638569619,0.005310999979657852,0.75,1
break_even,noise10,1005,10,low_yaw,ignore_passive,10,0.75,0.798,0.3140171937614729,0.015975555306328378,0.012868854451814803,0.004820863176276522,0.012868697024042757,0.004852374570269004,0.01332096675587911,0.005148701448136541,0.75,1
break_even,noise10,1005,10,low_yaw,uncertainty_trigger,1,0.7000000000000001,0.748,0.3159999954710621,0.02346661153454207,0.028664351376739283,0.001553977441340316,0.028661476627753635,0.0015548736755679861,0.02869604449733461,0.0014436628810356492,0.7000000000000001,1
break_even,noise10,1005,10,low_yaw,uncertainty_trigger,2,0.7000000000000001,0.748,0.31108885216987403,0.023465020429824162,0.02377480923066435,0.0015494506220247806,0.023773848133266842,0.0015498412165992881,0.02403903187405433,0.0014394895876923503,0.7000000000000001,1
break_even,noise10,1005,10,low_yaw,uncertainty_trigger,3,0.7000000000000001,0.748,0.3142201016878806,0.023538346851936787,0.020753017403006814,0.0015455049414902665,0.020755792907655227,0.001545422077280962,0.021097928757391877,0.0014353522784146407,0.7000000000000001,1
break_even,noise10,1005,10,low_yaw,uncertainty_trigger,4,0.7000000000000001,0.748,0.3163544875228301,0.023509529979820053,0.01865229903121718,0.001540959869064772,0.018654410046787053,0.0015415189924141376,0.019025487208604492,0.0014312504390386258,0.7000000000000001,1
break_even,noise10,1005,10,low_yaw,uncertainty_trigger,5,0.7000000000000001,0.748,0.31932441571885606,0.023484241457231787,0.017082832980023863,0.0015367692862741304,0.017081587064234162,0.0015368934029732536,0.01746405759431051,0.0014271835656273677,0.7000000000000001,1
break_even,noise10,1005,10,low_yaw,uncertainty_trigger,6,0.7000000000000001,0.748,0.3196298628298737,0.023473956037812257,0.015851769114508505,0.001531893553699134,0.01585180473799518,0.0015328555005022487,0.01623313596402857,0.0014231511642108239,0.7000000000000001,1
break_even,noise10,1005,10,low_yaw,uncertainty_trigger,7,0.7000000000000001,0.748,0.31911678722059716,0.02342729820565644,0.014854677065151084,0.001526999121357543,0.014853674478475052,0.0015279933250662958,0.015230479090352156,0.0014191527505338236,0.7000000000000001,1
break_even,noise10,1005,10,low_yaw,uncertainty_trigger,8,0.7000000000000001,0.748,0.3169129447234569,0.023387881364884816,0.014022921325363097,0.001521910819232106,0.01402328227908333,0.0015231152605183706,0.014393268065644607,0.0014151878498117898,0.7000000000000001,1
break_even,noise10,1005,10,low_yaw,uncertainty_trigger,9,0.7000000000000001,0.748,0.31544863197092426,0.023365092778401823,0.013319160402106702,0.0015176300655021105,0.013318821177402382,0.0015180888664752198,0.013680495738692572,0.0014112559964939266,0.7000000000000001,1
break_even,noise10,1005,10,low_yaw,uncertainty_trigger,10,0.7000000000000001,0.748,0.31481149065164155,0.0233405578661386,0.012709275100801175,0.0015132334889903431,0.012709798902664046,0.0015137886095727855,0.013064105338004544,0.0014073567340336034,0.7000000000000001,1
break_even,noise10,1006,10,low_yaw,passive,1,0.8,0.848,0.6737490910041473,0.012075929935979496,0.04017296637754573,0.007378192748770772,0.04022124078763978,0.007549333809777776,0.04022124078763978,0.007549333809777776,0.8,1
break_even,noise10,1006,10,low_yaw,passive,2,0.775,0.8240000000000001,0.6749735514191911,0.012230972261492471,0.02846753803977301,0.00690034191502882,0.028890469420051842,0.006996603195756102,0.02936743579858267,0.0071413772002305404,0.775,1
break_even,noise10,1006,10,low_yaw,passive,3,0.75,0.798,0.6801898681339559,0.012519296628285236,0.02348395195511366,0.0065125002581558145,0.023484854040632493,0.0065532713945593395,0.024247559583617007,0.006793129899621966,0.775,1
break_even,noise10,1006,10,low_yaw,passive,4,0.75,0.798,0.6812075912271504,0.011753932961588949,0.020450602560485236,0.006109996433209513,0.020449300623258396,0.006222273480905255,0.02111977582333679,0.0064626215804560365,0.75,1
break_even,noise10,1006,10,low_yaw,passive,5,0.75,0.798,0.678702674732959,0.011044885465499336,0.01835196291475149,0.0058316827492940196,0.01835371275694908,0.005864883683973307,0.01895581704667114,0.006176090712871402,0.75,1
break_even,noise10,1006,10,low_yaw,passive,6,0.75,0.798,0.6758845901634627,0.011456486671706654,0.016788577670115542,0.00554810230460384,0.016789178603894284,0.005611903086464248,0.017344556946410187,0.005924576737492905,0.75,1
break_even,noise10,1006,10,low_yaw,passive,7,0.75,0.798,0.6748416952117657,0.011284167879413096,0.0155662749576423,0.005317001730521335,0.015567126558338034,0.005362093004775686,0.016084778531372357,0.005701483071217714,0.75,1
break_even,noise10,1006,10,low_yaw,passive,8,0.75,0.798,0.6752251093126784,0.011539072739158268,0.014577872478278594,0.0051384020535907415,0.014577408324216362,0.005150966311007445,0.015064844683805291,0.005501831306652838,0.75,1
break_even,noise10,1006,10,low_yaw,passive,9,0.75,0.798,0.672447660435702,0.012318593723260959,0.013755960425254465,0.0049796038652444195,0.013756195634591462,0.0049897949854086346,0.0142171865104966,0.005321784194357914,0.75,1
break_even,noise10,1006,10,low_yaw,passive,10,0.75,0.798,0.6727566181513804,0.012111895974621763,0.013059162450051778,0.004812649997808337,0.013059291109963025,0.004840780876194968,0.013498195907184695,0.0051583299510768186,0.75,1
break_even,noise10,1006,10,low_yaw,always_probe,1,0.7000000000000001,0.748,0.6650794038435458,0.0157360814723177,0.029797988828155538,0.0014910274321691932,0.029804240141940094,0.0014921373632340465,0.029852228192824702,0.0014427634024755435,0.7000000000000001,1
break_even,noise10,1006,10,low_yaw,always_probe,2,0.7000000000000001,0.748,0.6681707413303457,0.01572330173118912,0.024470245871747155,0.0014860626391980472,0.024477877664818518,0.0014867653462310503,0.024786263260384755,0.0014385926877813055,0.7000000000000001,1
break_even,noise10,1006,10,low_yaw,always_probe,3,0.7000000000000001,0.748,0.6733609790970679,0.015726492608651065,0.02125551627827715,0.0014813779023946409,0.0212539824517228,0.0014818085157634723,0.021650866119816613,0.0014344579351029626,0.7000000000000001,1
break_even,noise10,1006,10,low_yaw,always_probe,4,0.7000000000000001,0.748,0.6751052084791113,0.015661071601701965,0.01904997765947515,0.0014758022423141384,0.019048321739731505,0.0014771954926969828,0.01946666816945037,0.0014303586305890582,0.7000000000000001,1
break_even,noise10,1006,10,low_yaw,always_probe,5,0.7000000000000001,0.748,0.6742263535321421,0.015604705796769959,0.017412819098659247,0.0014713703925370557,0.017413895645325222,0.0014716600671517946,0.0178331699702225,0.0014262942706089294,0.7000000000000001,1
break_even,noise10,1006,10,low_yaw,always_probe,6,0.7000000000000001,0.748,0.6733440333922652,0.015605597890960476,0.016135907222646288,0.0014662480225396568,0.016135176035122042,0.0014672094469688648,0.01655209137150357,0.0014222643614928009,0.7000000000000001,1
break_even,noise10,1006,10,low_yaw,always_probe,7,0.7000000000000001,0.748,0.6729443678673394,0.01557526032967701,0.01510251586629183,0.0014616852603627337,0.015103415132428981,0.0014621861047287674,0.01551257339813886,0.0014182684192799138,0.7000000000000001,1
break_even,noise10,1006,10,low_yaw,always_probe,8,0.7000000000000001,0.748,0.673506876023224,0.01558637214604598,0.01424470405675275,0.0014575708808542214,0.014245564995814227,0.0014576322957737795,0.014647144096525073,0.0014143059694743916,0.7000000000000001,1
break_even,noise10,1006,10,low_yaw,always_probe,9,0.7000000000000001,0.748,0.6709507373622305,0.015635120258032226,0.013518928479856447,0.0014533688640231495,0.013518912729798676,0.001453578511041331,0.013912074226596566,0.00141037654680857,0.7000000000000001,1
break_even,noise10,1006,10,low_yaw,always_probe,10,0.7000000000000001,0.748,0.6718080539105448,0.015596198574747104,0.012894256976888608,0.0014486654536540547,0.012893913044947882,0.001449289199875007,0.013277613348753974,0.0014064796950135179,0.7000000000000001,1
break_even,noise10,1006,10,low_yaw,batch_aware,1,0.8,0.848,0.6737490910041473,0.012075929935979496,0.04017296637754573,0.007378192748770772,0.04022124078763978,0.007549333809777776,0.04022124078763978,0.007549333809777776,0.8,1
break_even,noise10,1006,10,low_yaw,batch_aware,2,0.775,0.8240000000000001,0.6749735514191911,0.012230972261492471,0.02846753803977301,0.00690034191502882,0.028890469420051842,0.006996603195756102,0.02936743579858267,0.0071413772002305404,0.775,1
break_even,noise10,1006,10,low_yaw,batch_aware,3,0.75,0.798,0.6801898681339559,0.012519296628285236,0.02348395195511366,0.0065125002581558145,0.023484854040632493,0.0065532713945593395,0.024247559583617007,0.006793129899621966,0.775,1
break_even,noise10,1006,10,low_yaw,batch_aware,4,0.75,0.798,0.6812075912271504,0.011753932961588949,0.020450602560485236,0.006109996433209513,0.020449300623258396,0.006222273480905255,0.02111977582333679,0.0064626215804560365,0.75,1
break_even,noise10,1006,10,low_yaw,batch_aware,5,0.75,0.798,0.678702674732959,0.011044885465499336,0.01835196291475149,0.0058316827492940196,0.01835371275694908,0.005864883683973307,0.01895581704667114,0.006176090712871402,0.75,1
break_even,noise10,1006,10,low_yaw,batch_aware,6,0.75,0.798,0.6758845901634627,0.011456486671706654,0.016788577670115542,0.00554810230460384,0.016789178603894284,0.005611903086464248,0.017344556946410187,0.005924576737492905,0.75,1
break_even,noise10,1006,10,low_yaw,batch_aware,7,0.75,0.798,0.6748416952117657,0.011284167879413096,0.0155662749576423,0.005317001730521335,0.015567126558338034,0.005362093004775686,0.016084778531372357,0.005701483071217714,0.75,1
break_even,noise10,1006,10,low_yaw,batch_aware,8,0.75,0.798,0.6752251093126784,0.011539072739158268,0.014577872478278594,0.0051384020535907415,0.014577408324216362,0.005150966311007445,0.015064844683805291,0.005501831306652838,0.75,1
break_even,noise10,1006,10,low_yaw,batch_aware,9,0.75,0.798,0.672447660435702,0.012318593723260959,0.013755960425254465,0.0049796038652444195,0.013756195634591462,0.0049897949854086346,0.0142171865104966,0.005321784194357914,0.75,1
break_even,noise10,1006,10,low_yaw,batch_aware,10,0.75,0.798,0.6727566181513804,0.012111895974621763,0.013059162450051778,0.004812649997808337,0.013059291109963025,0.004840780876194968,0.013498195907184695,0.0051583299510768186,0.75,1
break_even,noise10,1006,10,low_yaw,ignore_passive,1,0.7000000000000001,0.748,0.6650794038435458,0.0157360814723177,0.029797988828155538,0.0014910274321691932,0.029804240141940094,0.0014921373632340465,0.029852228192824702,0.0014427634024755435,0.7000000000000001,1
break_even,noise10,1006,10,low_yaw,ignore_passive,2,0.7000000000000001,0.748,0.6681707413303457,0.01572330173118912,0.024470245871747155,0.0014860626391980472,0.024477877664818518,0.0014867653462310503,0.024786263260384755,0.0014385926877813055,0.7000000000000001,1
break_even,noise10,1006,10,low_yaw,ignore_passive,3,0.7000000000000001,0.748,0.6733609790970679,0.015726492608651065,0.02125551627827715,0.0014813779023946409,0.0212539824517228,0.0014818085157634723,0.021650866119816613,0.0014344579351029626,0.7000000000000001,1
break_even,noise10,1006,10,low_yaw,ignore_passive,4,0.7000000000000001,0.748,0.6751052084791113,0.015661071601701965,0.01904997765947515,0.0014758022423141384,0.019048321739731505,0.0014771954926969828,0.01946666816945037,0.0014303586305890582,0.7000000000000001,1
break_even,noise10,1006,10,low_yaw,ignore_passive,5,0.7000000000000001,0.748,0.6742263535321421,0.015604705796769959,0.017412819098659247,0.0014713703925370557,0.017413895645325222,0.0014716600671517946,0.0178331699702225,0.0014262942706089294,0.7000000000000001,1
break_even,noise10,1006,10,low_yaw,ignore_passive,6,0.7000000000000001,0.748,0.6733440333922652,0.015605597890960476,0.016135907222646288,0.0014662480225396568,0.016135176035122042,0.0014672094469688648,0.01655209137150357,0.0014222643614928009,0.7000000000000001,1
break_even,noise10,1006,10,low_yaw,ignore_passive,7,0.7000000000000001,0.748,0.6729443678673394,0.01557526032967701,0.01510251586629183,0.0014616852603627337,0.015103415132428981,0.0014621861047287674,0.01551257339813886,0.0014182684192799138,0.7000000000000001,1
break_even,noise10,1006,10,low_yaw,ignore_passive,8,0.7000000000000001,0.748,0.673506876023224,0.01558637214604598,0.01424470405675275,0.0014575708808542214,0.014245564995814227,0.0014576322957737795,0.014647144096525073,0.0014143059694743916,0.7000000000000001,1
break_even,noise10,1006,10,low_yaw,ignore_passive,9,0.7000000000000001,0.748,0.6709507373622305,0.015635120258032226,0.013518928479856447,0.0014533688640231495,0.013518912729798676,0.001453578511041331,0.013912074226596566,0.00141037654680857,0.7000000000000001,1
break_even,noise10,1006,10,low_yaw,ignore_passive,10,0.7000000000000001,0.748,0.6718080539105448,0.015596198574747104,0.012894256976888608,0.0014486654536540547,0.012893913044947882,0.001449289199875007,0.013277613348753974,0.0014064796950135179,0.7000000000000001,1
break_even,noise10,1006,10,low_yaw,uncertainty_trigger,1,0.7000000000000001,0.748,0.6650794038435458,0.0157360814723177,0.029797988828155538,0.0014910274321691932,0.029804240141940094,0.0014921373632340465,0.029852228192824702,0.0014427634024755435,0.7000000000000001,1
break_even,noise10,1006,10,low_yaw,uncertainty_trigger,2,0.7000000000000001,0.748,0.6681707413303457,0.01572330173118912,0.024470245871747155,0.0014860626391980472,0.024477877664818518,0.0014867653462310503,0.024786263260384755,0.0014385926877813055,0.7000000000000001,1
break_even,noise10,1006,10,low_yaw,uncertainty_trigger,3,0.7000000000000001,0.748,0.6733609790970679,0.015726492608651065,0.02125551627827715,0.0014813779023946409,0.0212539824517228,0.0014818085157634723,0.021650866119816613,0.0014344579351029626,0.7000000000000001,1
break_even,noise10,1006,10,low_yaw,uncertainty_trigger,4,0.7000000000000001,0.748,0.6751052084791113,0.015661071601701965,0.01904997765947515,0.0014758022423141384,0.019048321739731505,0.0014771954926969828,0.01946666816945037,0.0014303586305890582,0.7000000000000001,1
break_even,noise10,1006,10,low_yaw,uncertainty_trigger,5,0.7000000000000001,0.748,0.6742263535321421,0.015604705796769959,0.017412819098659247,0.0014713703925370557,0.017413895645325222,0.0014716600671517946,0.0178331699702225,0.0014262942706089294,0.7000000000000001,1
break_even,noise10,1006,10,low_yaw,uncertainty_trigger,6,0.7000000000000001,0.748,0.6733440333922652,0.015605597890960476,0.016135907222646288,0.0014662480225396568,0.016135176035122042,0.0014672094469688648,0.01655209137150357,0.0014222643614928009,0.7000000000000001,1
break_even,noise10,1006,10,low_yaw,uncertainty_trigger,7,0.7000000000000001,0.748,0.6729443678673394,0.01557526032967701,0.01510251586629183,0.0014616852603627337,0.015103415132428981,0.0014621861047287674,0.01551257339813886,0.0014182684192799138,0.7000000000000001,1
break_even,noise10,1006,10,low_yaw,uncertainty_trigger,8,0.7000000000000001,0.748,0.673506876023224,0.01558637214604598,0.01424470405675275,0.0014575708808542214,0.014245564995814227,0.0014576322957737795,0.014647144096525073,0.0014143059694743916,0.7000000000000001,1
break_even,noise10,1006,10,low_yaw,uncertainty_trigger,9,0.7000000000000001,0.748,0.6709507373622305,0.015635120258032226,0.013518928479856447,0.0014533688640231495,0.013518912729798676,0.001453578511041331,0.013912074226596566,0.00141037654680857,0.7000000000000001,1
break_even,noise10,1006,10,low_yaw,uncertainty_trigger,10,0.7000000000000001,0.748,0.6718080539105448,0.015596198574747104,0.012894256976888608,0.0014486654536540547,0.012893913044947882,0.001449289199875007,0.013277613348753974,0.0014064796950135179,0.7000000000000001,1
break_even,noise10,1007,10,low_yaw,passive,1,0.8,0.848,0.30072017737117007,0.0120304995376881,0.03775301404211927,0.007402819806392136,0.03783089135499489,0.007548404303672327,0.03783089135499489,0.007548404303672327,0.8,1
break_even,noise10,1007,10,low_yaw,passive,2,0.8,0.848,0.2970313904977161,0.01207908247970408,0.02744474994651502,0.0068689393291863805,0.027454392197165254,0.00703240232661875,0.027882008925996092,0.0071746335618751165,0.8,1
break_even,noise10,1007,10,low_yaw,passive,3,0.775,0.8240000000000001,0.2949989182059095,0.012425697725959684,0.02262607730967806,0.006462428014725523,0.022838182680291617,0.006557784636834984,0.023100596977368066,0.0068514001741532314,0.8,1
break_even,noise10,1007,10,low_yaw,passive,4,0.775,0.8240000000000001,0.29714792447286453,0.01300514076058515,0.019692184011619727,0.006163142226035238,0.019830535130441983,0.006202975909058372,0.020304752120757563,0.006542138795601209,0.775,1
break_even,noise10,1007,10,low_yaw,passive,5,0.775,0.8240000000000001,0.2953821236691309,0.012976010215207506,0.017664842325691613,0.005870602683290993,0.017766674450770795,0.005938740802864607,0.018327483209312403,0.00627129944682359,0.775,1
break_even,noise10,1007,10,low_yaw,passive,6,0.775,0.8240000000000001,0.29641946558592264,0.013216877670458885,0.0161586375534318,0.005620078030833131,0.016235742633215047,0.005676412103117266,0.016834220242688262,0.006031533086793912,0.775,1
break_even,noise10,1007,10,low_yaw,passive,7,0.775,0.8240000000000001,0.2951174245217532,0.013555833765719954,0.01497987758589285,0.005405204176554558,0.015042050433443564,0.005448010587200504,0.01565506707636295,0.005817319121398122,0.775,1
break_even,noise10,1007,10,low_yaw,passive,8,0.775,0.8240000000000001,0.2956864210805308,0.01436476890404643,0.014026048849343798,0.005225354930735326,0.01407650516905365,0.005253868459700353,0.014693384905924773,0.005624419226755298,0.775,1
break_even,noise10,1007,10,low_yaw,passive,9,0.775,0.8240000000000001,0.2972992335597619,0.013906344648223087,0.013234464940087419,0.005045377118466746,0.013277185841113332,0.005088396039742813,0.013889616517084381,0.0054495181939476925,0.775,1
break_even,noise10,1007,10,low_yaw,passive,10,0.775,0.8240000000000001,0.29826896687408844,0.013666795681106732,0.012563618202897699,0.004891724453290323,0.012600359808416901,0.004921186109613181,0.013204793174516116,0.005289980537535484,0.775,1
break_even,noise10,1007,10,low_yaw,always_probe,1,0.7250000000000001,0.774,0.30184731766034606,0.020157080942211893,0.0282747904819994,0.0015167258723054993,0.028695184870709413,0.0015178558553081097,0.028717564350147242,0.00144325619815817,0.7250000000000001,1
break_even,noise10,1007,10,low_yaw,always_probe,2,0.7250000000000001,0.774,0.2975561910232917,0.020108977515513993,0.023313007340626857,0.001511759177585736,0.023546745230115473,0.0015129254575488348,0.02405617880708162,0.0014394933870912796,0.7250000000000001,1
break_even,noise10,1007,10,low_yaw,always_probe,3,0.7250000000000001,0.774,0.2957641736947079,0.020084980156988782,0.02028758436167876,0.0015073689573968179,0.020440893999277485,0.0015081193889523465,0.021112560121011953,0.0014357598542303908,0.7250000000000001,1
break_even,noise10,1007,10,low_yaw,always_probe,4,0.7250000000000001,0.774,0.29760467302321436,0.02008641049775621,0.0181999011791815,0.0015036744194042635,0.01830953862430034,0.0015037608893079609,0.01903844541570334,0.0014320552218478743,0.7250000000000001,1
break_even,noise10,1007,10,low_yaw,always_probe,5,0.7250000000000001,0.774,0.2959517795941676,0.02004970449032758,0.016646689579004788,0.0014992837084088666,0.016731821091699427,0.0015000817231637742,0.01747580393539047,0.0014283791190035423,0.7250000000000001,1
break_even,noise10,1007,10,low_yaw,always_probe,6,0.7250000000000001,0.774,0.29669812807198753,0.02002943348197183,0.015434238822448362,0.001495172815623809,0.015501725252430886,0.0014957350573560771,0.016243953980457814,0.0014247311813886379,0.7250000000000001,1
break_even,noise10,1007,10,low_yaw,always_probe,7,0.7250000000000001,0.774,0.29557579790509936,0.020016483647932234,0.014452285898045304,0.001490864134320391,0.014507462502344366,0.001491620591051826,0.01524055727335517,0.0014211110511741865,0.7250000000000001,1
break_even,noise10,1007,10,low_yaw,always_probe,8,0.7250000000000001,0.774,0.2962121436643189,0.020050260856116216,0.013635915484632074,0.0014870123717216717,0.013682197042185758,0.0014873663067672524,0.014402739026878395,0.0014175183768635612,0.7250000000000001,1
break_even,noise10,1007,10,low_yaw,always_probe,9,0.7250000000000001,0.774,0.2978301369193946,0.020006317202219952,0.01294422306767432,0.0014830232700959074,0.012984308838600897,0.0014835037279531875,0.013689456866760076,0.0014139528131491288,0.7250000000000001,1
break_even,noise10,1007,10,low_yaw,always_probe,10,0.7250000000000001,0.774,0.2985893801146525,0.019957817323005604,0.012348445939814942,0.0014788265202737366,0.012383358053824846,0.0014795519100817844,0.01307263059904727,0.0014104140207728442,0.7250000000000001,1
break_even,noise10,1007,10,low_yaw,batch_aware,1,0.8,0.848,0.30072017737117007,0.0120304995376881,0.03775301404211927,0.007402819806392136,0.03783089135499489,0.007548404303672327,0.03783089135499489,0.007548404303672327,0.8,1
break_even,noise10,1007,10,low_yaw,batch_aware,2,0.8,0.848,0.2970313904977161,0.01207908247970408,0.02744474994651502,0.0068689393291863805,0.027454392197165254,0.00703240232661875,0.027882008925996092,0.0071746335618751165,0.8,1
break_even,noise10,1007,10,low_yaw,batch_aware,3,0.775,0.8240000000000001,0.2949989182059095,0.012425697725959684,0.02262607730967806,0.006462428014725523,0.022838182680291617,0.006557784636834984,0.023100596977368066,0.0068514001741532314,0.8,1
break_even,noise10,1007,10,low_yaw,batch_aware,4,0.775,0.8240000000000001,0.29714792447286453,0.01300514076058515,0.019692184011619727,0.006163142226035238,0.019830535130441983,0.006202975909058372,0.020304752120757563,0.006542138795601209,0.775,1
break_even,noise10,1007,10,low_yaw,batch_aware,5,0.775,0.8240000000000001,0.2953821236691309,0.012976010215207506,0.017664842325691613,0.005870602683290993,0.017766674450770795,0.005938740802864607,0.018327483209312403,0.00627129944682359,0.775,1
break_even,noise10,1007,10,low_yaw,batch_aware,6,0.775,0.8240000000000001,0.29641946558592264,0.013216877670458885,0.0161586375534318,0.005620078030833131,0.016235742633215047,0.005676412103117266,0.016834220242688262,0.006031533086793912,0.775,1
break_even,noise10,1007,10,low_yaw,batch_aware,7,0.775,0.8240000000000001,0.2951174245217532,0.013555833765719954,0.01497987758589285,0.005405204176554558,0.015042050433443564,0.005448010587200504,0.01565506707636295,0.005817319121398122,0.775,1
break_even,noise10,1007,10,low_yaw,batch_aware,8,0.775,0.8240000000000001,0.2956864210805308,0.01436476890404643,0.014026048849343798,0.005225354930735326,0.01407650516905365,0.005253868459700353,0.014693384905924773,0.005624419226755298,0.775,1
break_even,noise10,1007,10,low_yaw,batch_aware,9,0.775,0.8240000000000001,0.2972992335597619,0.013906344648223087,0.013234464940087419,0.005045377118466746,0.013277185841113332,0.005088396039742813,0.013889616517084381,0.0054495181939476925,0.775,1
break_even,noise10,1007,10,low_yaw,batch_aware,10,0.775,0.8240000000000001,0.29826896687408844,0.013666795681106732,0.012563618202897699,0.004891724453290323,0.012600359808416901,0.004921186109613181,0.013204793174516116,0.005289980537535484,0.775,1
break_even,noise10,1007,10,low_yaw,ignore_passive,1,0.8,0.848,0.30072017737117007,0.0120304995376881,0.03775301404211927,0.007402819806392136,0.03783089135499489,0.007548404303672327,0.03783089135499489,0.007548404303672327,0.8,1
break_even,noise10,1007,10,low_yaw,ignore_passive,2,0.8,0.848,0.2970313904977161,0.01207908247970408,0.02744474994651502,0.0068689393291863805,0.027454392197165254,0.00703240232661875,0.027882008925996092,0.0071746335618751165,0.8,1
break_even,noise10,1007,10,low_yaw,ignore_passive,3,0.775,0.8240000000000001,0.2949989182059095,0.012425697725959684,0.02262607730967806,0.006462428014725523,0.022838182680291617,0.006557784636834984,0.023100596977368066,0.0068514001741532314,0.8,1
break_even,noise10,1007,10,low_yaw,ignore_passive,4,0.775,0.8240000000000001,0.29714792447286453,0.01300514076058515,0.019692184011619727,0.006163142226035238,0.019830535130441983,0.006202975909058372,0.020304752120757563,0.006542138795601209,0.775,1
break_even,noise10,1007,10,low_yaw,ignore_passive,5,0.775,0.8240000000000001,0.2953821236691309,0.012976010215207506,0.017664842325691613,0.005870602683290993,0.017766674450770795,0.005938740802864607,0.018327483209312403,0.00627129944682359,0.775,1
break_even,noise10,1007,10,low_yaw,ignore_passive,6,0.775,0.8240000000000001,0.29641946558592264,0.013216877670458885,0.0161586375534318,0.005620078030833131,0.016235742633215047,0.005676412103117266,0.016834220242688262,0.006031533086793912,0.775,1
break_even,noise10,1007,10,low_yaw,ignore_passive,7,0.775,0.8240000000000001,0.2951174245217532,0.013555833765719954,0.01497987758589285,0.005405204176554558,0.015042050433443564,0.005448010587200504,0.01565506707636295,0.005817319121398122,0.775,1
break_even,noise10,1007,10,low_yaw,ignore_passive,8,0.775,0.8240000000000001,0.2956864210805308,0.01436476890404643,0.014026048849343798,0.005225354930735326,0.01407650516905365,0.005253868459700353,0.014693384905924773,0.005624419226755298,0.775,1
break_even,noise10,1007,10,low_yaw,ignore_passive,9,0.775,0.8240000000000001,0.2972992335597619,0.013906344648223087,0.013234464940087419,0.005045377118466746,0.013277185841113332,0.005088396039742813,0.013889616517084381,0.0054495181939476925,0.775,1
break_even,noise10,1007,10,low_yaw,ignore_passive,10,0.775,0.8240000000000001,0.29826896687408844,0.013666795681106732,0.012563618202897699,0.004891724453290323,0.012600359808416901,0.004921186109613181,0.013204793174516116,0.005289980537535484,0.775,1
break_even,noise10,1007,10,low_yaw,uncertainty_trigger,1,0.7250000000000001,0.774,0.30184731766034606,0.020157080942211893,0.0282747904819994,0.0015167258723054993,0.028695184870709413,0.0015178558553081097,0.028717564350147242,0.00144325619815817,0.7250000000000001,1
break_even,noise10,1007,10,low_yaw,uncertainty_trigger,2,0.7250000000000001,0.774,0.2975561910232917,0.020108977515513993,0.023313007340626857,0.001511759177585736,0.023546745230115473,0.0015129254575488348,0.02405617880708162,0.0014394933870912796,0.7250000000000001,1
break_even,noise10,1007,10,low_yaw,uncertainty_trigger,3,0.7250000000000001,0.774,0.2957641736947079,0.020084980156988782,0.02028758436167876,0.0015073689573968179,0.020440893999277485,0.0015081193889523465,0.021112560121011953,0.0014357598542303908,0.7250000000000001,1
break_even,noise10,1007,10,low_yaw,uncertainty_trigger,4,0.7250000000000001,0.774,0.29760467302321436,0.02008641049775621,0.0181999011791815,0.0015036744194042635,0.01830953862430034,0.0015037608893079609,0.01903844541570334,0.0014320552218478743,0.7250000000000001,1
break_even,noise10,1007,10,low_yaw,uncertainty_trigger,5,0.7250000000000001,0.774,0.2959517795941676,0.02004970449032758,0.016646689579004788,0.0014992837084088666,0.016731821091699427,0.0015000817231637742,0.01747580393539047,0.0014283791190035423,0.7250000000000001,1
break_even,noise10,1007,10,low_yaw,uncertainty_trigger,6,0.7250000000000001,0.774,0.29669812807198753,0.02002943348197183,0.015434238822448362,0.001495172815623809,0.015501725252430886,0.0014957350573560771,0.016243953980457814,0.0014247311813886379,0.7250000000000001,1
break_even,noise10,1007,10,low_yaw,uncertainty_trigger,7,0.7250000000000001,0.774,0.29557579790509936,0.020016483647932234,0.014452285898045304,0.001490864134320391,0.014507462502344366,0.001491620591051826,0.01524055727335517,0.0014211110511741865,0.7250000000000001,1
break_even,noise10,1007,10,low_yaw,uncertainty_trigger,8,0.7250000000000001,0.774,0.2962121436643189,0.020050260856116216,0.013635915484632074,0.0014870123717216717,0.013682197042185758,0.0014873663067672524,0.014402739026878395,0.0014175183768635612,0.7250000000000001,1
break_even,noise10,1007,10,low_yaw,uncertainty_trigger,9,0.7250000000000001,0.774,0.2978301369193946,0.020006317202219952,0.01294422306767432,0.0014830232700959074,0.012984308838600897,0.0014835037279531875,0.013689456866760076,0.0014139528131491288,0.7250000000000001,1
break_even,noise10,1007,10,low_yaw,uncertainty_trigger,10,0.7250000000000001,0.774,0.2985893801146525,0.019957817323005604,0.012348445939814942,0.0014788265202737366,0.012383358053824846,0.0014795519100817844,0.01307263059904727,0.0014104140207728442,0.7250000000000001,1
break_even,noise10,1008,10,low_yaw,passive,1,0.75,0.798,0.45240436358082475,0.012440019795193281,0.04003777826514909,0.0073592369968512,0.040097475077019364,0.007461666461376143,0.040097475077019364,0.007461666461376143,0.75,1
break_even,noise10,1008,10,low_yaw,passive,2,0.75,0.798,0.4424463520264737,0.012352676238623439,0.02875435553792855,0.006740658800798926,0.028755121951258657,0.006941333985306811,0.029235517493136295,0.007029957931118399,0.75,1
break_even,noise10,1008,10,low_yaw,passive,3,0.7250000000000001,0.774,0.44431817362953774,0.012043883197407639,0.023599316800490114,0.006234666674896655,0.023844407406714892,0.006375359519615331,0.024380533727288607,0.006630138528322204,0.7250000000000001,1
break_even,noise10,1008,10,low_yaw,passive,4,0.7250000000000001,0.774,0.4417414361135621,0.01280126261876342,0.02048933565333926,0.0058708230729515335,0.02064756129296705,0.0059501868505798415,0.02134580610927713,0.006291596153109085,0.7250000000000001,1
break_even,noise10,1008,10,low_yaw,passive,5,0.7250000000000001,0.774,0.44136802649827606,0.012813799664679236,0.018354286387318983,0.005538769350095832,0.018468395961885525,0.005635636461305797,0.019219904746121407,0.006000124394136738,0.7250000000000001,1
break_even,noise10,1008,10,low_yaw,passive,6,0.7250000000000001,0.774,0.441066014021436,0.01245916935608207,0.016775389790864084,0.005299580129241513,0.016859971923960063,0.005334304907904716,0.017624279566984605,0.005745737817279272,0.7250000000000001,1
break_even,noise10,1008,10,low_yaw,passive,7,0.7250000000000001,0.774,0.44073576293283984,0.012865715674960976,0.015540939744989577,0.005073893793174082,0.015610120324953142,0.005122338534446292,0.016369755408458902,0.005521185313643817,0.7250000000000001,1
break_even,noise10,1008,10,low_yaw,passive,8,0.7250000000000001,0.774,0.440515132744055,0.013541796559546241,0.014545664908144972,0.004857236286359128,0.014601317868489188,0.0049197576059100264,0.015349893521976892,0.005321057086995263,0.7250000000000001,1
break_even,noise10,1008,10,low_yaw,passive,9,0.7250000000000001,0.774,0.43849192093750183,0.01374414934983643,0.01372056801647549,0.004693849351385386,0.013767041309960742,0.004723088130265247,0.014499615177901767,0.005141224046948348,0.7250000000000001,1
break_even,noise10,1008,10,low_yaw,passive,10,0.7250000000000001,0.774,0.43792581121285185,0.013864104313778294,0.013021395039686863,0.004524528608201065,0.013061191376051978,0.004572337135959176,0.013776595408949252,0.004978472626656016,0.7250000000000001,1
break_even,noise10,1008,10,low_yaw,always_probe,1,0.675,0.724,0.44384487920619026,0.020253784411025395,0.02920902874544906,0.0015174831758127383,0.029661596911714435,0.0015176207608734538,0.029708548058457133,0.0014420991758990944,0.675,1
break_even,noise10,1008,10,low_yaw,always_probe,2,0.675,0.724,0.4394409970044822,0.02018607076731462,0.024090490336733984,0.001511351084749213,0.024352312208817718,0.0015129141406245675,0.024925296229904262,0.0014374623748517053,0.675,1
break_even,noise10,1008,10,low_yaw,always_probe,3,0.675,0.724,0.44120188671863975,0.020126360228958685,0.02097578629925427,0.0015055819568184814,0.02114454547786317,0.0015067179148232604,0.02189388990593774,0.0014328700144074166,0.675,1
break_even,noise10,1008,10,low_yaw,always_probe,4,0.675,0.724,0.4388702493634865,0.020116871034572246,0.018819403169734905,0.001500344997079941,0.01894194006812001,0.0015011362497794314,0.01975352205211325,0.0014283213891835567,0.675,1
break_even,noise10,1008,10,low_yaw,always_probe,5,0.675,0.724,0.43886454299266825,0.020070837249107312,0.017216600820198307,0.0014946512956969852,0.017309604921818773,0.0014959571609141802,0.01813880429956713,0.0014238158093732311,0.675,1
break_even,noise10,1008,10,low_yaw,always_probe,6,0.675,0.724,0.4394190065342373,0.02001433525552529,0.01596526020067328,0.001489872208584557,0.016038769771449017,0.0014901977452907726,0.016864701210908547,0.0014193526003058972,0.675,1
break_even,noise10,1008,10,low_yaw,always_probe,7,0.675,0.724,0.43948709089496474,0.020002890416940155,0.014950974190532422,0.0014850525199222387,0.015011262620444695,0.0014855412298853791,0.01582616042253654,0.0014149311020229885,0.675,1
break_even,noise10,1008,10,low_yaw,always_probe,8,0.675,0.724,0.43962371583638243,0.020010186120048592,0.014108980248042722,0.001479666359882696,0.014159341945846777,0.0014807834174582577,0.014958528357870543,0.0014105506688680018,0.675,1
break_even,noise10,1008,10,low_yaw,always_probe,9,0.675,0.724,0.43774010830699417,0.01999907104579354,0.013395156359653385,0.0014748771034411496,0.013438330292272795,0.0014754384823751558,0.014219546003628146,0.001406210669090445,0.675,1
break_even,noise10,1008,10,low_yaw,always_probe,10,0.675,0.724,0.43738976257844936,0.01997300279879891,0.012779295267962825,0.001469191177294548,0.012817101046251257,0.0014706722520008194,0.013580270767142485,0.0014019104844631188,0.675,1
break_even,noise10,1008,10,low_yaw,batch_aware,1,0.75,0.798,0.45240436358082475,0.012440019795193281,0.04003777826514909,0.0073592369968512,0.040097475077019364,0.007461666461376143,0.040097475077019364,0.007461666461376143,0.75,1
break_even,noise10,1008,10,low_yaw,batch_aware,2,0.75,0.798,0.4424463520264737,0.012352676238623439,0.02875435553792855,0.006740658800798926,0.028755121951258657,0.006941333985306811,0.029235517493136295,0.007029957931118399,0.75,1
break_even,noise10,1008,10,low_yaw,batch_aware,3,0.7250000000000001,0.774,0.44431817362953774,0.012043883197407639,0.023599316800490114,0.006234666674896655,0.023844407406714892,0.006375359519615331,0.024380533727288607,0.006630138528322204,0.7250000000000001,1
break_even,noise10,1008,10,low_yaw,batch_aware,4,0.7250000000000001,0.774,0.4417414361135621,0.01280126261876342,0.02048933565333926,0.0058708230729515335,0.02064756129296705,0.0059501868505798415,0.02134580610927713,0.006291596153109085,0.7250000000000001,1
break_even,noise10,1008,10,low_yaw,batch_aware,5,0.7250000000000001,0.774,0.44136802649827606,0.012813799664679236,0.018354286387318983,0.005538769350095832,0.018468395961885525,0.005635636461305797,0.019219904746121407,0.006000124394136738,0.7250000000000001,1
break_even,noise10,1008,10,low_yaw,batch_aware,6,0.7250000000000001,0.774,0.441066014021436,0.01245916935608207,0.016775389790864084,0.005299580129241513,0.016859971923960063,0.005334304907904716,0.017624279566984605,0.005745737817279272,0.7250000000000001,1
break_even,noise10,1008,10,low_yaw,batch_aware,7,0.7250000000000001,0.774,0.44073576293283984,0.012865715674960976,0.015540939744989577,0.005073893793174082,0.015610120324953142,0.005122338534446292,0.016369755408458902,0.005521185313643817,0.7250000000000001,1
break_even,noise10,1008,10,low_yaw,batch_aware,8,0.7250000000000001,0.774,0.440515132744055,0.013541796559546241,0.014545664908144972,0.004857236286359128,0.014601317868489188,0.0049197576059100264,0.015349893521976892,0.005321057086995263,0.7250000000000001,1
break_even,noise10,1008,10,low_yaw,batch_aware,9,0.7250000000000001,0.774,0.43849192093750183,0.01374414934983643,0.01372056801647549,0.004693849351385386,0.013767041309960742,0.004723088130265247,0.014499615177901767,0.005141224046948348,0.7250000000000001,1
break_even,noise10,1008,10,low_yaw,batch_aware,10,0.7250000000000001,0.774,0.43792581121285185,0.013864104313778294,0.013021395039686863,0.004524528608201065,0.013061191376051978,0.004572337135959176,0.013776595408949252,0.004978472626656016,0.7250000000000001,1
break_even,noise10,1008,10,low_yaw,ignore_passive,1,0.75,0.798,0.45240436358082475,0.012440019795193281,0.04003777826514909,0.0073592369968512,0.040097475077019364,0.007461666461376143,0.040097475077019364,0.007461666461376143,0.75,1
break_even,noise10,1008,10,low_yaw,ignore_passive,2,0.75,0.798,0.4424463520264737,0.012352676238623439,0.02875435553792855,0.006740658800798926,0.028755121951258657,0.006941333985306811,0.029235517493136295,0.007029957931118399,0.75,1
break_even,noise10,1008,10,low_yaw,ignore_passive,3,0.7250000000000001,0.774,0.44431817362953774,0.012043883197407639,0.023599316800490114,0.006234666674896655,0.023844407406714892,0.006375359519615331,0.024380533727288607,0.006630138528322204,0.7250000000000001,1
break_even,noise10,1008,10,low_yaw,ignore_passive,4,0.7250000000000001,0.774,0.4417414361135621,0.01280126261876342,0.02048933565333926,0.0058708230729515335,0.02064756129296705,0.0059501868505798415,0.02134580610927713,0.006291596153109085,0.7250000000000001,1
break_even,noise10,1008,10,low_yaw,ignore_passive,5,0.7250000000000001,0.774,0.44136802649827606,0.012813799664679236,0.018354286387318983,0.005538769350095832,0.018468395961885525,0.005635636461305797,0.019219904746121407,0.006000124394136738,0.7250000000000001,1
break_even,noise10,1008,10,low_yaw,ignore_passive,6,0.7250000000000001,0.774,0.441066014021436,0.01245916935608207,0.016775389790864084,0.005299580129241513,0.016859971923960063,0.005334304907904716,0.017624279566984605,0.005745737817279272,0.7250000000000001,1
break_even,noise10,1008,10,low_yaw,ignore_passive,7,0.7250000000000001,0.774,0.44073576293283984,0.012865715674960976,0.015540939744989577,0.005073893793174082,0.015610120324953142,0.005122338534446292,0.016369755408458902,0.005521185313643817,0.7250000000000001,1
break_even,noise10,1008,10,low_yaw,ignore_passive,8,0.7250000000000001,0.774,0.440515132744055,0.013541796559546241,0.014545664908144972,0.004857236286359128,0.014601317868489188,0.0049197576059100264,0.015349893521976892,0.005321057086995263,0.7250000000000001,1
break_even,noise10,1008,10,low_yaw,ignore_passive,9,0.7250000000000001,0.774,0.43849192093750183,0.01374414934983643,0.01372056801647549,0.004693849351385386,0.013767041309960742,0.004723088130265247,0.014499615177901767,0.005141224046948348,0.7250000000000001,1
break_even,noise10,1008,10,low_yaw,ignore_passive,10,0.7250000000000001,0.774,0.43792581121285185,0.013864104313778294,0.013021395039686863,0.004524528608201065,0.013061191376051978,0.004572337135959176,0.013776595408949252,0.004978472626656016,0.7250000000000001,1
break_even,noise10,1008,10,low_yaw,uncertainty_trigger,1,0.675,0.724,0.44384487920619026,0.020253784411025395,0.02920902874544906,0.0015174831758127383,0.029661596911714435,0.0015176207608734538,0.029708548058457133,0.0014420991758990944,0.675,1
break_even,noise10,1008,10,low_yaw,uncertainty_trigger,2,0.675,0.724,0.4394409970044822,0.02018607076731462,0.024090490336733984,0.001511351084749213,0.024352312208817718,0.0015129141406245675,0.024925296229904262,0.0014374623748517053,0.675,1
break_even,noise10,1008,10,low_yaw,uncertainty_trigger,3,0.675,0.724,0.44120188671863975,0.020126360228958685,0.02097578629925427,0.0015055819568184814,0.02114454547786317,0.0015067179148232604,0.02189388990593774,0.0014328700144074166,0.675,1
break_even,noise10,1008,10,low_yaw,uncertainty_trigger,4,0.675,0.724,0.4388702493634865,0.020116871034572246,0.018819403169734905,0.001500344997079941,0.01894194006812001,0.0015011362497794314,0.01975352205211325,0.0014283213891835567,0.675,1
break_even,noise10,1008,10,low_yaw,uncertainty_trigger,5,0.675,0.724,0.43886454299266825,0.020070837249107312,0.017216600820198307,0.0014946512956969852,0.017309604921818773,0.0014959571609141802,0.01813880429956713,0.0014238158093732311,0.675,1
break_even,noise10,1008,10,low_yaw,uncertainty_trigger,6,0.675,0.724,0.4394190065342373,0.02001433525552529,0.01596526020067328,0.001489872208584557,0.016038769771449017,0.0014901977452907726,0.016864701210908547,0.0014193526003058972,0.675,1
break_even,noise10,1008,10,low_yaw,uncertainty_trigger,7,0.675,0.724,0.43948709089496474,0.020002890416940155,0.014950974190532422,0.0014850525199222387,0.015011262620444695,0.0014855412298853791,0.01582616042253654,0.0014149311020229885,0.675,1
break_even,noise10,1008,10,low_yaw,uncertainty_trigger,8,0.675,0.724,0.43962371583638243,0.020010186120048592,0.014108980248042722,0.001479666359882696,0.014159341945846777,0.0014807834174582577,0.014958528357870543,0.0014105506688680018,0.675,1
break_even,noise10,1008,10,low_yaw,uncertainty_trigger,9,0.675,0.724,0.43774010830699417,0.01999907104579354,0.013395156359653385,0.0014748771034411496,0.013438330292272795,0.0014754384823751558,0.014219546003628146,0.001406210669090445,0.675,1
break_even,noise10,1008,10,low_yaw,uncertainty_trigger,10,0.675,0.724,0.43738976257844936,0.01997300279879891,0.012779295267962825,0.001469191177294548,0.012817101046251257,0.0014706722520008194,0.013580270767142485,0.0014019104844631188,0.675,1
break_even,noise10,1009,10,low_yaw,passive,1,0.75,0.798,0.2719624781478152,0.011388959937028544,0.038711660384818374,0.007433894680265438,0.03880685264863509,0.007471369858583857,0.03880685264863509,0.007471369858583857,0.75,1
break_even,noise10,1009,10,low_yaw,passive,2,0.75,0.798,0.2718106785461495,0.00969096378899317,0.028209435813766223,0.006809933907768144,0.028208703490062225,0.007002942046456892,0.02867006601017769,0.007038944494126232,0.75,1
break_even,noise10,1009,10,low_yaw,passive,3,0.75,0.798,0.2708446174728448,0.009745505964674833,0.023269471264690797,0.006448495450157822,0.023272749354899383,0.00645309234966519,0.024020172740302215,0.0066384860318118395,0.7250000000000001,1
break_even,noise10,1009,10,low_yaw,passive,4,0.75,0.798,0.27213217667190803,0.009311988028202173,0.020260139616399553,0.006144551247982859,0.020258056177558083,0.006152616725659658,0.021082754767379797,0.006299420169304703,0.7250000000000001,1
break_even,noise10,1009,10,low_yaw,passive,5,0.7250000000000001,0.774,0.27417363743674905,0.009357079775679627,0.018173817392983023,0.005772052941836524,0.018284695730951078,0.005855276964629705,0.019012582120969193,0.0060075099893429525,0.7250000000000001,1
break_even,noise10,1009,10,low_yaw,passive,6,0.7250000000000001,0.774,0.2762098476464628,0.008232914520625205,0.016626326630809974,0.005471327340564348,0.016710965778778605,0.005531258046138606,0.01745270124162007,0.005752749625802264,0.7250000000000001,1
break_even,noise10,1009,10,low_yaw,passive,7,0.7250000000000001,0.774,0.2734418829158993,0.007769469955448078,0.01541719442069293,0.00523104593023494,0.015484068549278618,0.005262048477598004,0.016222911380993802,0.005527873735470853,0.7250000000000001,1
break_even,noise10,1009,10,low_yaw,passive,8,0.7250000000000001,0.774,0.2750856425510534,0.007633908662349262,0.01444020880981859,0.0049587549322981,0.014494201627774336,0.0050473850593366005,0.01522112249152283,0.005327462278665198,0.7250000000000001,1
break_even,noise10,1009,10,low_yaw,passive,9,0.7250000000000001,0.774,0.2752262024049157,0.007613126040893702,0.013625694791559055,0.004761355553675801,0.013672732431847736,0.004797858838963194,0.014384601473293356,0.005147378590488757,0.7250000000000001,1
break_even,noise10,1009,10,low_yaw,passive,10,0.7250000000000001,0.774,0.27462290414137025,0.00783442263006848,0.0129354633969897,0.004597593403382999,0.012975096112759887,0.004621263934501325,0.013672393053509953,0.00498440337231723,0.7250000000000001,1
break_even,noise10,1009,10,low_yaw,always_probe,1,0.7000000000000001,0.748,0.27300869835867625,0.009699611934126022,0.028659573804083176,0.0014344404538832155,0.028656453017562703,0.0014347881794306546,0.029119546215784102,0.001443701449763439,0.675,1
break_even,noise10,1009,10,low_yaw,always_probe,2,0.7000000000000001,0.748,0.2726327117239209,0.009640448734132275,0.02376088667691351,0.0014283474013217997,0.023765315153096395,0.0014301702820831495,0.02454508027896609,0.0014390594291120013,0.675,1
break_even,noise10,1009,10,low_yaw,always_probe,3,0.675,0.724,0.2720558720685889,0.009650815514508197,0.020737816658297208,0.0014232921494987407,0.020902400026684954,0.0014235446721108619,0.0216148675462303,0.0014344618997356327,0.675,1
break_even,noise10,1009,10,low_yaw,always_probe,4,0.675,0.724,0.27291057339713237,0.009622411859251091,0.018636880416619726,0.0014187348064696689,0.01875461589965435,0.0014186418118799676,0.019533111251523003,0.0014299081554371882,0.675,1
break_even,noise10,1009,10,low_yaw,always_probe,5,0.675,0.724,0.27423316982933715,0.009607008489706654,0.017064419065701896,0.0014128052538998443,0.017155395861951264,0.0014140618911640773,0.017956240386985175,0.001425397505613511,0.675,1
break_even,noise10,1009,10,low_yaw,always_probe,6,0.675,0.724,0.275718970913405,0.009527811003987386,0.01583534649214136,0.001407190012012691,0.015908529771178872,0.0014082082456556562,0.016708438188799513,0.0014209292748154805,0.675,1
break_even,noise10,1009,10,low_yaw,always_probe,7,0.675,0.724,0.2733226960406322,0.009486166373644129,0.014838525586841964,0.0014019478120382801,0.014898486775682068,0.0014026599755725968,0.01568916867323407,0.001416502802323142,0.675,1
break_even,noise10,1009,10,low_yaw,always_probe,8,0.675,0.724,0.27468242308733715,0.009465226552686857,0.014010098741593004,0.0013958214103749187,0.014060150324854038,0.0013974917141579596,0.014836233220307214,0.0014121174417353025,0.675,1
break_even,noise10,1009,10,low_yaw,always_probe,9,0.675,0.724,0.2747376808828489,0.00945400133813929,0.013305540603004495,0.0013904505697716325,0.013348670345306724,0.0013913438984421106,0.014108814505581446,0.0014077725605730158,0.675,1
break_even,noise10,1009,10,low_yaw,always_probe,10,0.675,0.724,0.2747210991798152,0.009455523013830633,0.012697853509871461,0.0013852662099913362,0.012734859572021043,0.0013861008097190836,0.01347886883058381,0.0014034675398964095,0.675,1
break_even,noise10,1009,10,low_yaw,batch_aware,1,0.75,0.798,0.2719624781478152,0.011388959937028544,0.038711660384818374,0.007433894680265438,0.03880685264863509,0.007471369858583857,0.03880685264863509,0.007471369858583857,0.75,1
break_even,noise10,1009,10,low_yaw,batch_aware,2,0.75,0.798,0.2718106785461495,0.00969096378899317,0.028209435813766223,0.006809933907768144,0.028208703490062225,0.007002942046456892,0.02867006601017769,0.007038944494126232,0.75,1
break_even,noise10,1009,10,low_yaw,batch_aware,3,0.75,0.798,0.2708446174728448,0.009745505964674833,0.023269471264690797,0.006448495450157822,0.023272749354899383,0.00645309234966519,0.024020172740302215,0.0066384860318118395,0.7250000000000001,1
break_even,noise10,1009,10,low_yaw,batch_aware,4,0.75,0.798,0.27213217667190803,0.009311988028202173,0.020260139616399553,0.006144551247982859,0.020258056177558083,0.006152616725659658,0.021082754767379797,0.006299420169304703,0.7250000000000001,1
break_even,noise10,1009,10,low_yaw,batch_aware,5,0.7250000000000001,0.774,0.27417363743674905,0.009357079775679627,0.018173817392983023,0.005772052941836524,0.018284695730951078,0.005855276964629705,0.019012582120969193,0.0060075099893429525,0.7250000000000001,1
break_even,noise10,1009,10,low_yaw,batch_aware,6,0.7250000000000001,0.774,0.2762098476464628,0.008232914520625205,0.016626326630809974,0.005471327340564348,0.016710965778778605,0.005531258046138606,0.01745270124162007,0.005752749625802264,0.7250000000000001,1
break_even,noise10,1009,10,low_yaw,batch_aware,7,0.7250000000000001,0.774,0.2734418829158993,0.007769469955448078,0.01541719442069293,0.00523104593023494,0.015484068549278618,0.005262048477598004,0.016222911380993802,0.005527873735470853,0.7250000000000001,1
break_even,noise10,1009,10,low_yaw,batch_aware,8,0.7250000000000001,0.774,0.2750856425510534,0.007633908662349262,0.01444020880981859,0.0049587549322981,0.014494201627774336,0.0050473850593366005,0.01522112249152283,0.005327462278665198,0.7250000000000001,1
break_even,noise10,1009,10,low_yaw,batch_aware,9,0.7250000000000001,0.774,0.2752262024049157,0.007613126040893702,0.013625694791559055,0.004761355553675801,0.013672732431847736,0.004797858838963194,0.014384601473293356,0.005147378590488757,0.7250000000000001,1
break_even,noise10,1009,10,low_yaw,batch_aware,10,0.7250000000000001,0.774,0.27462290414137025,0.00783442263006848,0.0129354633969897,0.004597593403382999,0.012975096112759887,0.004621263934501325,0.013672393053509953,0.00498440337231723,0.7250000000000001,1
break_even,noise10,1009,10,low_yaw,ignore_passive,1,0.75,0.798,0.2719624781478152,0.011388959937028544,0.038711660384818374,0.007433894680265438,0.03880685264863509,0.007471369858583857,0.03880685264863509,0.007471369858583857,0.75,1
break_even,noise10,1009,10,low_yaw,ignore_passive,2,0.75,0.798,0.2718106785461495,0.00969096378899317,0.028209435813766223,0.006809933907768144,0.028208703490062225,0.007002942046456892,0.02867006601017769,0.007038944494126232,0.75,1
break_even,noise10,1009,10,low_yaw,ignore_passive,3,0.75,0.798,0.2708446174728448,0.009745505964674833,0.023269471264690797,0.006448495450157822,0.023272749354899383,0.00645309234966519,0.024020172740302215,0.0066384860318118395,0.7250000000000001,1
break_even,noise10,1009,10,low_yaw,ignore_passive,4,0.75,0.798,0.27213217667190803,0.009311988028202173,0.020260139616399553,0.006144551247982859,0.020258056177558083,0.006152616725659658,0.021082754767379797,0.006299420169304703,0.7250000000000001,1
break_even,noise10,1009,10,low_yaw,ignore_passive,5,0.7250000000000001,0.774,0.27417363743674905,0.009357079775679627,0.018173817392983023,0.005772052941836524,0.018284695730951078,0.005855276964629705,0.019012582120969193,0.0060075099893429525,0.7250000000000001,1
break_even,noise10,1009,10,low_yaw,ignore_passive,6,0.7250000000000001,0.774,0.2762098476464628,0.008232914520625205,0.016626326630809974,0.005471327340564348,0.016710965778778605,0.005531258046138606,0.01745270124162007,0.005752749625802264,0.7250000000000001,1
break_even,noise10,1009,10,low_yaw,ignore_passive,7,0.7250000000000001,0.774,0.2734418829158993,0.007769469955448078,0.01541719442069293,0.00523104593023494,0.015484068549278618,0.005262048477598004,0.016222911380993802,0.005527873735470853,0.7250000000000001,1
break_even,noise10,1009,10,low_yaw,ignore_passive,8,0.7250000000000001,0.774,0.2750856425510534,0.007633908662349262,0.01444020880981859,0.0049587549322981,0.014494201627774336,0.0050473850593366005,0.01522112249152283,0.005327462278665198,0.7250000000000001,1
break_even,noise10,1009,10,low_yaw,ignore_passive,9,0.7250000000000001,0.774,0.2752262024049157,0.007613126040893702,0.013625694791559055,0.004761355553675801,0.013672732431847736,0.004797858838963194,0.014384601473293356,0.005147378590488757,0.7250000000000001,1
break_even,noise10,1009,10,low_yaw,ignore_passive,10,0.7250000000000001,0.774,0.27462290414137025,0.00783442263006848,0.0129354633969897,0.004597593403382999,0.012975096112759887,0.004621263934501325,0.013672393053509953,0.00498440337231723,0.7250000000000001,1
break_even,noise10,1009,10,low_yaw,uncertainty_trigger,1,0.7000000000000001,0.748,0.27300869835867625,0.009699611934126022,0.028659573804083176,0.0014344404538832155,0.028656453017562703,0.0014347881794306546,0.029119546215784102,0.001443701449763439,0.675,1
break_even,noise10,1009,10,low_yaw,uncertainty_trigger,2,0.7000000000000001,0.748,0.2726327117239209,0.009640448734132275,0.02376088667691351,0.0014283474013217997,0.023765315153096395,0.0014301702820831495,0.02454508027896609,0.0014390594291120013,0.675,1
break_even,noise10,1009,10,low_yaw,uncertainty_trigger,3,0.675,0.724,0.2720558720685889,0.009650815514508197,0.020737816658297208,0.0014232921494987407,0.020902400026684954,0.0014235446721108619,0.0216148675462303,0.0014344618997356327,0.675,1
break_even,noise10,1009,10,low_yaw,uncertainty_trigger,4,0.675,0.724,0.27291057339713237,0.009622411859251091,0.018636880416619726,0.0014187348064696689,0.01875461589965435,0.0014186418118799676,0.019533111251523003,0.0014299081554371882,0.675,1
break_even,noise10,1009,10,low_yaw,uncertainty_trigger,5,0.675,0.724,0.27423316982933715,0.009607008489706654,0.017064419065701896,0.0014128052538998443,0.017155395861951264,0.0014140618911640773,0.017956240386985175,0.001425397505613511,0.675,1
break_even,noise10,1009,10,low_yaw,uncertainty_trigger,6,0.675,0.724,0.275718970913405,0.009527811003987386,0.01583534649214136,0.001407190012012691,0.015908529771178872,0.0014082082456556562,0.016708438188799513,0.0014209292748154805,0.675,1
break_even,noise10,1009,10,low_yaw,uncertainty_trigger,7,0.675,0.724,0.2733226960406322,0.009486166373644129,0.014838525586841964,0.0014019478120382801,0.014898486775682068,0.0014026599755725968,0.01568916867323407,0.001416502802323142,0.675,1
break_even,noise10,1009,10,low_yaw,uncertainty_trigger,8,0.675,0.724,0.27468242308733715,0.009465226552686857,0.014010098741593004,0.0013958214103749187,0.014060150324854038,0.0013974917141579596,0.014836233220307214,0.0014121174417353025,0.675,1
break_even,noise10,1009,10,low_yaw,uncertainty_trigger,9,0.675,0.724,0.2747376808828489,0.00945400133813929,0.013305540603004495,0.0013904505697716325,0.013348670345306724,0.0013913438984421106,0.014108814505581446,0.0014077725605730158,0.675,1
break_even,noise10,1009,10,low_yaw,uncertainty_trigger,10,0.675,0.724,0.2747210991798152,0.009455523013830633,0.012697853509871461,0.0013852662099913362,0.012734859572021043,0.0013861008097190836,0.01347886883058381,0.0014034675398964095,0.675,1
break_even,noise10,1010,10,low_yaw,passive,1,0.8,0.848,0.3457262435948979,0.012725100421245937,0.0377510919959782,0.007432226939276007,0.037846307041331594,0.007537287058852589,0.037846307041331594,0.007537287058852589,0.8,1
break_even,noise10,1010,10,low_yaw,passive,2,0.8,0.848,0.3363766975499172,0.012383821107821422,0.02745996540619767,0.00704026939418184,0.027461673011374893,0.0070735285284813905,0.027893522908163465,0.007163991855471949,0.8,1
break_even,noise10,1010,10,low_yaw,passive,3,0.775,0.8240000000000001,0.33486005965628224,0.013274455284873575,0.02264410921888502,0.0066399801384270565,0.022859042007285685,0.0067069119475124065,0.023110183525381908,0.0068411789374028305,0.8,1
break_even,noise10,1010,10,low_yaw,passive,4,0.775,0.8240000000000001,0.33866988609476734,0.013833257811465334,0.019708758588770445,0.006310822794043492,0.019846488410172343,0.006364335544860599,0.02031319901329142,0.0065323274917596375,0.775,1
break_even,noise10,1010,10,low_yaw,passive,5,0.775,0.8240000000000001,0.33604327755629293,0.01370428828736987,0.017678054884535638,0.006023385050665591,0.017779748639293703,0.006074137841427074,0.018335119248379102,0.006261853012215319,0.775,1
break_even,noise10,1010,10,low_yaw,passive,6,0.775,0.8240000000000001,0.334847267587642,0.013435718199742389,0.01616823488212727,0.00574525257480495,0.01624719832078901,0.0058144893592689895,0.016841241510479533,0.006022414040390784,0.775,1
break_even,noise10,1010,10,low_yaw,passive,7,0.775,0.8240000000000001,0.3362857541766164,0.012869406465465546,0.01498975761025489,0.0054928207603766495,0.015050760923710865,0.005564269843707851,0.01566160155234109,0.005808495917994027,0.775,1
break_even,noise10,1010,10,low_yaw,passive,8,0.775,0.8240000000000001,0.3364648610662084,0.012526820151191932,0.014038835596612504,0.005285478011355358,0.014087832192078714,0.005326274414606726,0.014699521557067973,0.005615865035172049,0.775,1
break_even,noise10,1010,10,low_yaw,passive,9,0.775,0.8240000000000001,0.3360606685547392,0.012621739358382329,0.013247311203416665,0.005103440337690732,0.013289455119478292,0.005136086844811626,0.013895420143833374,0.00544120997622212,0.775,1
break_even,noise10,1010,10,low_yaw,passive,10,0.775,0.8240000000000001,0.3356277088658401,0.012269012539899262,0.012576463894204356,0.004950545395069046,0.012611981763477444,0.004972719373834375,0.013210312703161217,0.00528189834459183,0.775,1
break_even,noise10,1010,10,low_yaw,always_probe,1,0.7250000000000001,0.774,0.33880398230959463,0.014125294504394465,0.028265748486959615,0.0014599094958143413,0.028694476190584378,0.0014606883621834377,0.028729412026430992,0.001440980202119687,0.7250000000000001,1
break_even,noise10,1010,10,low_yaw,always_probe,2,0.7250000000000001,0.774,0.3352680950784481,0.014107871548206308,0.023311161085403074,0.0014559179263240677,0.023544997466203567,0.0014561327291468195,0.02406615285250829,0.0014372232953242334,0.7250000000000001,1
break_even,noise10,1010,10,low_yaw,always_probe,3,0.7250000000000001,0.774,0.33430564939575313,0.014146146356208023,0.02029509979625361,0.001451631513668696,0.020448001418938953,0.0014522022856806058,0.02112133716209608,0.0014334956210233735,0.7250000000000001,1
break_even,noise10,1010,10,low_yaw,always_probe,4,0.7250000000000001,0.774,0.33780133390667094,0.014177213492775249,0.018208482795443324,0.0014473558084754916,0.018317828048708677,0.0014479685741239938,0.019046373445533928,0.0014297968020762714,0.7250000000000001,1
break_even,noise10,1010,10,low_yaw,always_probe,5,0.7250000000000001,0.774,0.3362758262006473,0.014158672534567929,0.016655436573768022,0.001442876949093696,0.016739059801158238,0.0014437126625552246,0.017483089581411874,0.0014261264681190418,0.7250000000000001,1
break_even,noise10,1010,10,low_yaw,always_probe,6,0.7250000000000001,0.774,0.33540058586354476,0.014141765559558688,0.015441526010479063,0.0014382748935617459,0.015509710275790498,0.0014392425547836687,0.016250731709211447,0.0014224842554089788,0.7250000000000001,1
break_even,noise10,1010,10,low_yaw,always_probe,7,0.7250000000000001,0.774,0.33640824211113785,0.014117686749463355,0.014459737503212357,0.0014340550663513542,0.014514295164882677,0.0014347090032714252,0.015246920363002169,0.0014188698066731396,0.7250000000000001,1
break_even,noise10,1010,10,low_yaw,always_probe,8,0.7250000000000001,0.774,0.33661091186581343,0.014082992659661862,0.01364612974665104,0.0014297093943801602,0.01369130313839335,0.0014304018593789321,0.014408755308647003,0.001415282770961137,0.7250000000000001,1
break_even,noise10,1010,10,low_yaw,always_probe,9,0.7250000000000001,0.774,0.33643179696271897,0.014086973905182574,0.01295509848817082,0.0014253972119260712,0.012994386053548718,0.0014261002103257434,0.013695177490599501,0.0014117228035020089,0.7250000000000001,1
break_even,noise10,1010,10,low_yaw,always_probe,10,0.7250000000000001,0.774,0.33588870720866904,0.01403930720022795,0.012358650569576165,0.0014215324861999918,0.012393328088828754,0.00142191041305567,0.013078095263962617,0.0014081895655650236,0.7250000000000001,1
break_even,noise10,1010,10,low_yaw,batch_aware,1,0.8,0.848,0.3457262435948979,0.012725100421245937,0.0377510919959782,0.007432226939276007,0.037846307041331594,0.007537287058852589,0.037846307041331594,0.007537287058852589,0.8,1
break_even,noise10,1010,10,low_yaw,batch_aware,2,0.8,0.848,0.3363766975499172,0.012383821107821422,0.02745996540619767,0.00704026939418184,0.027461673011374893,0.0070735285284813905,0.027893522908163465,0.007163991855471949,0.8,1
break_even,noise10,1010,10,low_yaw,batch_aware,3,0.775,0.8240000000000001,0.33486005965628224,0.013274455284873575,0.02264410921888502,0.0066399801384270565,0.022859042007285685,0.0067069119475124065,0.023110183525381908,0.0068411789374028305,0.8,1
break_even,noise10,1010,10,low_yaw,batch_aware,4,0.775,0.8240000000000001,0.33866988609476734,0.013833257811465334,0.019708758588770445,0.006310822794043492,0.019846488410172343,0.006364335544860599,0.02031319901329142,0.0065323274917596375,0.775,1
break_even,noise10,1010,10,low_yaw,batch_aware,5,0.775,0.8240000000000001,0.33604327755629293,0.01370428828736987,0.017678054884535638,0.006023385050665591,0.017779748639293703,0.006074137841427074,0.018335119248379102,0.006261853012215319,0.775,1
break_even,noise10,1010,10,low_yaw,batch_aware,6,0.775,0.8240000000000001,0.334847267587642,0.013435718199742389,0.01616823488212727,0.00574525257480495,0.01624719832078901,0.0058144893592689895,0.016841241510479533,0.006022414040390784,0.775,1
break_even,noise10,1010,10,low_yaw,batch_aware,7,0.775,0.8240000000000001,0.3362857541766164,0.012869406465465546,0.01498975761025489,0.0054928207603766495,0.015050760923710865,0.005564269843707851,0.01566160155234109,0.005808495917994027,0.775,1
break_even,noise10,1010,10,low_yaw,batch_aware,8,0.775,0.8240000000000001,0.3364648610662084,0.012526820151191932,0.014038835596612504,0.005285478011355358,0.014087832192078714,0.005326274414606726,0.014699521557067973,0.005615865035172049,0.775,1
break_even,noise10,1010,10,low_yaw,batch_aware,9,0.775,0.8240000000000001,0.3360606685547392,0.012621739358382329,0.013247311203416665,0.005103440337690732,0.013289455119478292,0.005136086844811626,0.013895420143833374,0.00544120997622212,0.775,1
break_even,noise10,1010,10,low_yaw,batch_aware,10,0.775,0.8240000000000001,0.3356277088658401,0.012269012539899262,0.012576463894204356,0.004950545395069046,0.012611981763477444,0.004972719373834375,0.013210312703161217,0.00528189834459183,0.775,1
break_even,noise10,1010,10,low_yaw,ignore_passive,1,0.8,0.848,0.3457262435948979,0.012725100421245937,0.0377510919959782,0.007432226939276007,0.037846307041331594,0.007537287058852589,0.037846307041331594,0.007537287058852589,0.8,1
break_even,noise10,1010,10,low_yaw,ignore_passive,2,0.8,0.848,0.3363766975499172,0.012383821107821422,0.02745996540619767,0.00704026939418184,0.027461673011374893,0.0070735285284813905,0.027893522908163465,0.007163991855471949,0.8,1
break_even,noise10,1010,10,low_yaw,ignore_passive,3,0.775,0.8240000000000001,0.33486005965628224,0.013274455284873575,0.02264410921888502,0.0066399801384270565,0.022859042007285685,0.0067069119475124065,0.023110183525381908,0.0068411789374028305,0.8,1
break_even,noise10,1010,10,low_yaw,ignore_passive,4,0.775,0.8240000000000001,0.33866988609476734,0.013833257811465334,0.019708758588770445,0.006310822794043492,0.019846488410172343,0.006364335544860599,0.02031319901329142,0.0065323274917596375,0.775,1
break_even,noise10,1010,10,low_yaw,ignore_passive,5,0.775,0.8240000000000001,0.33604327755629293,0.01370428828736987,0.017678054884535638,0.006023385050665591,0.017779748639293703,0.006074137841427074,0.018335119248379102,0.006261853012215319,0.775,1
break_even,noise10,1010,10,low_yaw,ignore_passive,6,0.775,0.8240000000000001,0.334847267587642,0.013435718199742389,0.01616823488212727,0.00574525257480495,0.01624719832078901,0.0058144893592689895,0.016841241510479533,0.006022414040390784,0.775,1
break_even,noise10,1010,10,low_yaw,ignore_passive,7,0.775,0.8240000000000001,0.3362857541766164,0.012869406465465546,0.01498975761025489,0.0054928207603766495,0.015050760923710865,0.005564269843707851,0.01566160155234109,0.005808495917994027,0.775,1
break_even,noise10,1010,10,low_yaw,ignore_passive,8,0.775,0.8240000000000001,0.3364648610662084,0.012526820151191932,0.014038835596612504,0.005285478011355358,0.014087832192078714,0.005326274414606726,0.014699521557067973,0.005615865035172049,0.775,1
break_even,noise10,1010,10,low_yaw,ignore_passive,9,0.775,0.8240000000000001,0.3360606685547392,0.012621739358382329,0.013247311203416665,0.005103440337690732,0.013289455119478292,0.005136086844811626,0.013895420143833374,0.00544120997622212,0.775,1
break_even,noise10,1010,10,low_yaw,ignore_passive,10,0.775,0.8240000000000001,0.3356277088658401,0.012269012539899262,0.012576463894204356,0.004950545395069046,0.012611981763477444,0.004972719373834375,0.013210312703161217,0.00528189834459183,0.775,1
break_even,noise10,1010,10,low_yaw,uncertainty_trigger,1,0.7250000000000001,0.774,0.33880398230959463,0.014125294504394465,0.028265748486959615,0.0014599094958143413,0.028694476190584378,0.0014606883621834377,0.028729412026430992,0.001440980202119687,0.7250000000000001,1
break_even,noise10,1010,10,low_yaw,uncertainty_trigger,2,0.7250000000000001,0.774,0.3352680950784481,0.014107871548206308,0.023311161085403074,0.0014559179263240677,0.023544997466203567,0.0014561327291468195,0.02406615285250829,0.0014372232953242334,0.7250000000000001,1
break_even,noise10,1010,10,low_yaw,uncertainty_trigger,3,0.7250000000000001,0.774,0.33430564939575313,0.014146146356208023,0.02029509979625361,0.001451631513668696,0.020448001418938953,0.0014522022856806058,0.02112133716209608,0.0014334956210233735,0.7250000000000001,1
break_even,noise10,1010,10,low_yaw,uncertainty_trigger,4,0.7250000000000001,0.774,0.33780133390667094,0.014177213492775249,0.018208482795443324,0.0014473558084754916,0.018317828048708677,0.0014479685741239938,0.019046373445533928,0.0014297968020762714,0.7250000000000001,1
break_even,noise10,1010,10,low_yaw,uncertainty_trigger,5,0.7250000000000001,0.774,0.3362758262006473,0.014158672534567929,0.016655436573768022,0.001442876949093696,0.016739059801158238,0.0014437126625552246,0.017483089581411874,0.0014261264681190418,0.7250000000000001,1
break_even,noise10,1010,10,low_yaw,uncertainty_trigger,6,0.7250000000000001,0.774,0.33540058586354476,0.014141765559558688,0.015441526010479063,0.0014382748935617459,0.015509710275790498,0.0014392425547836687,0.016250731709211447,0.0014224842554089788,0.7250000000000001,1
break_even,noise10,1010,10,low_yaw,uncertainty_trigger,7,0.7250000000000001,0.774,0.33640824211113785,0.014117686749463355,0.014459737503212357,0.0014340550663513542,0.014514295164882677,0.0014347090032714252,0.015246920363002169,0.0014188698066731396,0.7250000000000001,1
break_even,noise10,1010,10,low_yaw,uncertainty_trigger,8,0.7250000000000001,0.774,0.33661091186581343,0.014082992659661862,0.01364612974665104,0.0014297093943801602,0.01369130313839335,0.0014304018593789321,0.014408755308647003,0.001415282770961137,0.7250000000000001,1
break_even,noise10,1010,10,low_yaw,uncertainty_trigger,9,0.7250000000000001,0.774,0.33643179696271897,0.014086973905182574,0.01295509848817082,0.0014253972119260712,0.012994386053548718,0.0014261002103257434,0.013695177490599501,0.0014117228035020089,0.7250000000000001,1
break_even,noise10,1010,10,low_yaw,uncertainty_trigger,10,0.7250000000000001,0.774,0.33588870720866904,0.01403930720022795,0.012358650569576165,0.0014215324861999918,0.012393328088828754,0.00142191041305567,0.013078095263962617,0.0014081895655650236,0.7250000000000001,1
break_even,noise10,1001,15,low_yaw,passive,1,0.775,0.8240000000000001,1.057923681117422,0.010908513635278904,0.04085445392115846,0.007457913601739482,0.04198798919011376,0.007511107839158406,0.04198798919011376,0.007511107839158406,0.775,1
break_even,noise10,1001,15,low_yaw,passive,2,0.75,0.798,1.058954126301196,0.009533787694576945,0.029307447505024564,0.006963525543099387,0.029309671144033718,0.007016279487211115,0.030192093426774372,0.0070706207087782615,0.75,1
break_even,noise10,1001,15,low_yaw,passive,3,0.75,0.798,1.0581065353015309,0.008170055346677998,0.024060383978330113,0.006517142509420828,0.0240557174118293,0.006574221167748699,0.024793088325972178,0.006699526738519012,0.75,1
break_even,noise10,1001,15,low_yaw,passive,4,0.75,0.798,1.05537951574867,0.007201740415242182,0.020888465244457848,0.006169741673430146,0.020888017007211573,0.0061714569967097205,0.021707626397501793,0.006350285115514478,0.7250000000000001,1
break_even,noise10,1001,15,low_yaw,passive,5,0.75,0.798,1.0575003575559228,0.006722384007026329,0.018708021468729217,0.005853486681655863,0.01870976492868621,0.005898414049306224,0.01954603582532998,0.006050522294715765,0.7250000000000001,1
break_even,noise10,1001,15,low_yaw,passive,6,0.75,0.798,1.0582906028169452,0.006278099414736035,0.017094945283910506,0.005608378270507717,0.01709442678841392,0.005618652714529215,0.01792355154862849,0.0057895600479085044,0.7250000000000001,1
break_even,noise10,1001,15,low_yaw,passive,7,0.75,0.798,1.058617155590423,0.005827660573633641,0.01583926589610433,0.0053708466456580325,0.015838382015695384,0.005398443923859766,0.01664787035116238,0.005559690858428843,0.7250000000000001,1
break_even,noise10,1001,15,low_yaw,passive,8,0.75,0.798,1.0572433056228867,0.005573597195802812,0.014823774698212187,0.005156779980874147,0.014823837604788639,0.0051678467433151935,0.015610785037948811,0.005355193352607996,0.7250000000000001,1
break_even,noise10,1001,15,low_yaw,passive,9,0.75,0.798,1.057705884041932,0.0053155148331878645,0.013981232145833255,0.004955013006058389,0.013980743215962113,0.00499116871926452,0.0147461318649261,0.0051717192687435725,0.7250000000000001,1
break_even,noise10,1001,15,low_yaw,passive,10,0.7250000000000001,0.774,1.0572493927377284,0.004438583300794296,0.013269062765072497,0.004769207198390776,0.013308557700105727,0.0047917357688319374,0.014010878353196064,0.005005896880822425,0.7250000000000001,1
break_even,noise10,1001,15,low_yaw,passive,11,0.75,0.798,1.05625216974603,0.004548520578295062,0.012654838632117731,0.004619352363183871,0.012655847901175504,0.004635032342502999,0.013375666992961442,0.004855065989297521,0.7250000000000001,1
break_even,noise10,1001,15,low_yaw,passive,12,0.7250000000000001,0.774,1.0558995834528448,0.00459838431067097,0.012118500161228197,0.004457734848511976,0.012149735412875498,0.004485320827060376,0.01281969157546862,0.004717095822603574,0.7250000000000001,1
break_even,noise10,1001,15,low_yaw,passive,13,0.7250000000000001,0.774,1.0565023305729928,0.004666266001934338,0.011645409159983083,0.0043069340499769905,0.01167277362844455,0.0043348158248092215,0.012327740017968524,0.004590256840204382,0.7250000000000001,1
break_even,noise10,1001,15,low_yaw,passive,14,0.7250000000000001,0.774,1.056057252820781,0.004144742900503766,0.011223744586479522,0.004165472490894204,0.011248238772222077,0.004197794586109418,0.01188839812449633,0.004473128542349627,0.7250000000000001,1
break_even,noise10,1001,15,low_yaw,passive,15,0.7250000000000001,0.774,1.0556752828986427,0.004029752110696319,0.01084465282453153,0.004041201672369106,0.010866810502967091,0.0040643128755679285,0.011492911447290153,0.004364531914154728,0.7250000000000001,1
break_even,noise10,1001,15,low_yaw,always_probe,1,0.7000000000000001,0.748,1.0483902380543577,0.002838073993771474,0.03022605639693693,0.0013789480767640119,0.030222717430655268,0.0013795891473611182,0.030699903649704593,0.0014410350550667814,0.675,1
break_even,noise10,1001,15,low_yaw,always_probe,2,0.7000000000000001,0.748,1.0527512880256937,0.0028083104927421358,0.024804823782223984,0.0013741217853507966,0.02480658718283553,0.0013747157321957223,0.025634529205822727,0.0014364011721237772,0.675,1
break_even,noise10,1001,15,low_yaw,always_probe,3,0.7000000000000001,0.748,1.0534416688377468,0.0027853650016000098,0.02154628043907246,0.0013690644031276477,0.0215437367898274,0.0013697575086358165,0.022459062931727333,0.0014318117066100587,0.675,1
break_even,noise10,1001,15,low_yaw,always_probe,4,0.7000000000000001,0.748,1.0522282254662856,0.002755476208263346,0.019301313189803097,0.0013643493806229246,0.019302350671555713,0.0013645608255806489,0.020230892475127382,0.001427265953435158,0.675,1
break_even,noise10,1001,15,low_yaw,always_probe,5,0.7000000000000001,0.748,1.0549758072416606,0.002753518818708847,0.017637054636426196,0.0013594307297208148,0.01763787335971938,0.0013602656623544526,0.018556719888913,0.0014227632230795928,0.675,1
break_even,noise10,1001,15,low_yaw,always_probe,6,0.7000000000000001,0.748,1.0551316261629144,0.0027570127411257147,0.01634030798810362,0.001355192542164727,0.016340944263594667,0.0013553917370416617,0.01723945359705699,0.0014183028411555267,0.675,1
break_even,noise10,1001,15,low_yaw,always_probe,7,0.7000000000000001,0.748,1.0556314813870522,0.0027432108414232044,0.015294463055623514,0.001350844972184719,0.015294226820420111,0.0013511743668274492,0.01616799188787327,0.0014138841479824854,0.675,1
break_even,noise10,1001,15,low_yaw,always_probe,8,0.7000000000000001,0.748,1.0549691771268332,0.0027585603903669937,0.01442645719627215,0.0013463155645030305,0.014426131469008492,0.0013465643927030747,0.015274312189258794,0.0014095064981775231,0.675,1
break_even,noise10,1001,15,low_yaw,always_probe,9,0.7000000000000001,0.748,1.0553412032349074,0.002754561613211327,0.013690098479867742,0.001341603746350507,0.01369022937128446,0.0013423899600322905,0.014514128985068337,0.0014051692602592618,0.675,1
break_even,noise10,1001,15,low_yaw,always_probe,10,0.7000000000000001,0.748,1.0548855726920916,0.0026954654018032016,0.013056617572304046,0.0013371225316613315,0.013056980204594202,0.0013377093377367354,0.013857206227791893,0.001400871816265251,0.675,1
break_even,noise10,1001,15,low_yaw,always_probe,11,0.7000000000000001,0.748,1.0542442049135972,0.0027154744259783948,0.012505087007449166,0.0013326370991797825,0.012504881464334852,0.0013332669026306298,0.013282101485383578,0.0013966135613821215,0.675,1
break_even,noise10,1001,15,low_yaw,always_probe,12,0.7000000000000001,0.748,1.0542047550630065,0.0027307384497679862,0.012016839872773693,0.0013280380017143267,0.012017235127715556,0.001328830664081401,0.01277312930368962,0.001392393903588031,0.675,1
break_even,noise10,1001,15,low_yaw,always_probe,13,0.7000000000000001,0.748,1.054789765365168,0.002753372109381802,0.011582649721555016,0.0013233596607844162,0.01158203533842048,0.0013242116047472278,0.012318515121867796,0.0013882122633069242,0.675,1
break_even,noise10,1001,15,low_yaw,always_probe,14,0.7000000000000001,0.748,1.0546469469948638,0.0027172738725205715,0.011192099655901852,0.0013184879479430079,0.011191828756445654,0.001319631961410886,0.011909224715113827,0.0013840680730741425,0.675,1
break_even,noise10,1001,15,low_yaw,always_probe,15,0.7000000000000001,0.748,1.054800281316381,0.0027179556516708186,0.010838286427057132,0.0013138992764986008,0.010838246650925353,0.001314747129951595,0.011538195209039481,0.0013799607772129509,0.675,1
break_even,noise10,1001,15,low_yaw,batch_aware,1,0.775,0.8240000000000001,1.057923681117422,0.010908513635278904,0.04085445392115846,0.007457913601739482,0.04198798919011376,0.007511107839158406,0.04198798919011376,0.007511107839158406,0.775,1
break_even,noise10,1001,15,low_yaw,batch_aware,2,0.75,0.798,1.058954126301196,0.009533787694576945,0.029307447505024564,0.006963525543099387,0.029309671144033718,0.007016279487211115,0.030192093426774372,0.0070706207087782615,0.75,1
break_even,noise10,1001,15,low_yaw,batch_aware,3,0.75,0.798,1.0581065353015309,0.008170055346677998,0.024060383978330113,0.006517142509420828,0.0240557174118293,0.006574221167748699,0.024793088325972178,0.006699526738519012,0.75,1
break_even,noise10,1001,15,low_yaw,batch_aware,4,0.75,0.798,1.05537951574867,0.007201740415242182,0.020888465244457848,0.006169741673430146,0.020888017007211573,0.0061714569967097205,0.021707626397501793,0.006350285115514478,0.7250000000000001,1
break_even,noise10,1001,15,low_yaw,batch_aware,5,0.75,0.798,1.0575003575559228,0.006722384007026329,0.018708021468729217,0.005853486681655863,0.01870976492868621,0.005898414049306224,0.01954603582532998,0.006050522294715765,0.7250000000000001,1
break_even,noise10,1001,15,low_yaw,batch_aware,6,0.75,0.798,1.0582906028169452,0.006278099414736035,0.017094945283910506,0.005608378270507717,0.01709442678841392,0.005618652714529215,0.01792355154862849,0.0057895600479085044,0.7250000000000001,1
break_even,noise10,1001,15,low_yaw,batch_aware,7,0.75,0.798,1.058617155590423,0.005827660573633641,0.01583926589610433,0.0053708466456580325,0.015838382015695384,0.005398443923859766,0.01664787035116238,0.005559690858428843,0.7250000000000001,1
break_even,noise10,1001,15,low_yaw,batch_aware,8,0.75,0.798,1.0572433056228867,0.005573597195802812,0.014823774698212187,0.005156779980874147,0.014823837604788639,0.0051678467433151935,0.015610785037948811,0.005355193352607996,0.7250000000000001,1
break_even,noise10,1001,15,low_yaw,batch_aware,9,0.75,0.798,1.057705884041932,0.0053155148331878645,0.013981232145833255,0.004955013006058389,0.013980743215962113,0.00499116871926452,0.0147461318649261,0.0051717192687435725,0.7250000000000001,1
break_even,noise10,1001,15,low_yaw,batch_aware,10,0.7250000000000001,0.774,1.0572493927377284,0.004438583300794296,0.013269062765072497,0.004769207198390776,0.013308557700105727,0.0047917357688319374,0.014010878353196064,0.005005896880822425,0.7250000000000001,1
break_even,noise10,1001,15,low_yaw,batch_aware,11,0.75,0.798,1.05625216974603,0.004548520578295062,0.012654838632117731,0.004619352363183871,0.012655847901175504,0.004635032342502999,0.013375666992961442,0.004855065989297521,0.7250000000000001,1
break_even,noise10,1001,15,low_yaw,batch_aware,12,0.7250000000000001,0.774,1.0558995834528448,0.00459838431067097,0.012118500161228197,0.004457734848511976,0.012149735412875498,0.004485320827060376,0.01281969157546862,0.004717095822603574,0.7250000000000001,1
break_even,noise10,1001,15,low_yaw,batch_aware,13,0.7250000000000001,0.774,1.0565023305729928,0.004666266001934338,0.011645409159983083,0.0043069340499769905,0.01167277362844455,0.0043348158248092215,0.012327740017968524,0.004590256840204382,0.7250000000000001,1
break_even,noise10,1001,15,low_yaw,batch_aware,14,0.7250000000000001,0.774,1.056057252820781,0.004144742900503766,0.011223744586479522,0.004165472490894204,0.011248238772222077,0.004197794586109418,0.01188839812449633,0.004473128542349627,0.7250000000000001,1
break_even,noise10,1001,15,low_yaw,batch_aware,15,0.7250000000000001,0.774,1.0556752828986427,0.004029752110696319,0.01084465282453153,0.004041201672369106,0.010866810502967091,0.0040643128755679285,0.011492911447290153,0.004364531914154728,0.7250000000000001,1
break_even,noise10,1001,15,low_yaw,ignore_passive,1,0.7000000000000001,0.748,1.0483902380543577,0.002838073993771474,0.03022605639693693,0.0013789480767640119,0.030222717430655268,0.0013795891473611182,0.030699903649704593,0.0014410350550667814,0.675,1
break_even,noise10,1001,15,low_yaw,ignore_passive,2,0.7000000000000001,0.748,1.0527512880256937,0.0028083104927421358,0.024804823782223984,0.0013741217853507966,0.02480658718283553,0.0013747157321957223,0.025634529205822727,0.0014364011721237772,0.675,1
break_even,noise10,1001,15,low_yaw,ignore_passive,3,0.7000000000000001,0.748,1.0534416688377468,0.0027853650016000098,0.02154628043907246,0.0013690644031276477,0.0215437367898274,0.0013697575086358165,0.022459062931727333,0.0014318117066100587,0.675,1
break_even,noise10,1001,15,low_yaw,ignore_passive,4,0.7000000000000001,0.748,1.0522282254662856,0.002755476208263346,0.019301313189803097,0.0013643493806229246,0.019302350671555713,0.0013645608255806489,0.020230892475127382,0.001427265953435158,0.675,1
break_even,noise10,1001,15,low_yaw,ignore_passive,5,0.7000000000000001,0.748,1.0549758072416606,0.002753518818708847,0.017637054636426196,0.0013594307297208148,0.01763787335971938,0.0013602656623544526,0.018556719888913,0.0014227632230795928,0.675,1
break_even,noise10,1001,15,low_yaw,ignore_passive,6,0.7000000000000001,0.748,1.0551316261629144,0.0027570127411257147,0.01634030798810362,0.001355192542164727,0.016340944263594667,0.0013553917370416617,0.01723945359705699,0.0014183028411555267,0.675,1
break_even,noise10,1001,15,low_yaw,ignore_passive,7,0.7000000000000001,0.748,1.0556314813870522,0.0027432108414232044,0.015294463055623514,0.001350844972184719,0.015294226820420111,0.0013511743668274492,0.01616799188787327,0.0014138841479824854,0.675,1
break_even,noise10,1001,15,low_yaw,ignore_passive,8,0.7000000000000001,0.748,1.0549691771268332,0.0027585603903669937,0.01442645719627215,0.0013463155645030305,0.014426131469008492,0.0013465643927030747,0.015274312189258794,0.0014095064981775231,0.675,1
break_even,noise10,1001,15,low_yaw,ignore_passive,9,0.7000000000000001,0.748,1.0553412032349074,0.002754561613211327,0.013690098479867742,0.001341603746350507,0.01369022937128446,0.0013423899600322905,0.014514128985068337,0.0014051692602592618,0.675,1
break_even,noise10,1001,15,low_yaw,ignore_passive,10,0.7000000000000001,0.748,1.0548855726920916,0.0026954654018032016,0.013056617572304046,0.0013371225316613315,0.013056980204594202,0.0013377093377367354,0.013857206227791893,0.001400871816265251,0.675,1
break_even,noise10,1001,15,low_yaw,ignore_passive,11,0.7000000000000001,0.748,1.0542442049135972,0.0027154744259783948,0.012505087007449166,0.0013326370991797825,0.012504881464334852,0.0013332669026306298,0.013282101485383578,0.0013966135613821215,0.675,1
break_even,noise10,1001,15,low_yaw,ignore_passive,12,0.7000000000000001,0.748,1.0542047550630065,0.0027307384497679862,0.012016839872773693,0.0013280380017143267,0.012017235127715556,0.001328830664081401,0.01277312930368962,0.001392393903588031,0.675,1
break_even,noise10,1001,15,low_yaw,ignore_passive,13,0.7000000000000001,0.748,1.054789765365168,0.002753372109381802,0.011582649721555016,0.0013233596607844162,0.01158203533842048,0.0013242116047472278,0.012318515121867796,0.0013882122633069242,0.675,1
break_even,noise10,1001,15,low_yaw,ignore_passive,14,0.7000000000000001,0.748,1.0546469469948638,0.0027172738725205715,0.011192099655901852,0.0013184879479430079,0.011191828756445654,0.001319631961410886,0.011909224715113827,0.0013840680730741425,0.675,1
break_even,noise10,1001,15,low_yaw,ignore_passive,15,0.7000000000000001,0.748,1.054800281316381,0.0027179556516708186,0.010838286427057132,0.0013138992764986008,0.010838246650925353,0.001314747129951595,0.011538195209039481,0.0013799607772129509,0.675,1
break_even,noise10,1001,15,low_yaw,uncertainty_trigger,1,0.7000000000000001,0.748,1.0483902380543577,0.002838073993771474,0.03022605639693693,0.0013789480767640119,0.030222717430655268,0.0013795891473611182,0.030699903649704593,0.0014410350550667814,0.675,1
break_even,noise10,1001,15,low_yaw,uncertainty_trigger,2,0.7000000000000001,0.748,1.0527512880256937,0.0028083104927421358,0.024804823782223984,0.0013741217853507966,0.02480658718283553,0.0013747157321957223,0.025634529205822727,0.0014364011721237772,0.675,1
break_even,noise10,1001,15,low_yaw,uncertainty_trigger,3,0.7000000000000001,0.748,1.0534416688377468,0.0027853650016000098,0.02154628043907246,0.0013690644031276477,0.0215437367898274,0.0013697575086358165,0.022459062931727333,0.0014318117066100587,0.675,1
break_even,noise10,1001,15,low_yaw,uncertainty_trigger,4,0.7000000000000001,0.748,1.0522282254662856,0.002755476208263346,0.019301313189803097,0.0013643493806229246,0.019302350671555713,0.0013645608255806489,0.020230892475127382,0.001427265953435158,0.675,1
break_even,noise10,1001,15,low_yaw,uncertainty_trigger,5,0.7000000000000001,0.748,1.0549758072416606,0.002753518818708847,0.017637054636426196,0.0013594307297208148,0.01763787335971938,0.0013602656623544526,0.018556719888913,0.0014227632230795928,0.675,1
break_even,noise10,1001,15,low_yaw,uncertainty_trigger,6,0.7000000000000001,0.748,1.0551316261629144,0.0027570127411257147,0.01634030798810362,0.001355192542164727,0.016340944263594667,0.0013553917370416617,0.01723945359705699,0.0014183028411555267,0.675,1
break_even,noise10,1001,15,low_yaw,uncertainty_trigger,7,0.7000000000000001,0.748,1.0556314813870522,0.0027432108414232044,0.015294463055623514,0.001350844972184719,0.015294226820420111,0.0013511743668274492,0.01616799188787327,0.0014138841479824854,0.675,1
break_even,noise10,1001,15,low_yaw,uncertainty_trigger,8,0.7000000000000001,0.748,1.0549691771268332,0.0027585603903669937,0.01442645719627215,0.0013463155645030305,0.014426131469008492,0.0013465643927030747,0.015274312189258794,0.0014095064981775231,0.675,1
break_even,noise10,1001,15,low_yaw,uncertainty_trigger,9,0.7000000000000001,0.748,1.0553412032349074,0.002754561613211327,0.013690098479867742,0.001341603746350507,0.01369022937128446,0.0013423899600322905,0.014514128985068337,0.0014051692602592618,0.675,1
break_even,noise10,1001,15,low_yaw,uncertainty_trigger,10,0.7000000000000001,0.748,1.0548855726920916,0.0026954654018032016,0.013056617572304046,0.0013371225316613315,0.013056980204594202,0.0013377093377367354,0.013857206227791893,0.001400871816265251,0.675,1
break_even,noise10,1001,15,low_yaw,uncertainty_trigger,11,0.7000000000000001,0.748,1.0542442049135972,0.0027154744259783948,0.012505087007449166,0.0013326370991797825,0.012504881464334852,0.0013332669026306298,0.013282101485383578,0.0013966135613821215,0.675,1
break_even,noise10,1001,15,low_yaw,uncertainty_trigger,12,0.7000000000000001,0.748,1.0542047550630065,0.0027307384497679862,0.012016839872773693,0.0013280380017143267,0.012017235127715556,0.001328830664081401,0.01277312930368962,0.001392393903588031,0.675,1
break_even,noise10,1001,15,low_yaw,uncertainty_trigger,13,0.7000000000000001,0.748,1.054789765365168,0.002753372109381802,0.011582649721555016,0.0013233596607844162,0.01158203533842048,0.0013242116047472278,0.012318515121867796,0.0013882122633069242,0.675,1
break_even,noise10,1001,15,low_yaw,uncertainty_trigger,14,0.7000000000000001,0.748,1.0546469469948638,0.0027172738725205715,0.011192099655901852,0.0013184879479430079,0.011191828756445654,0.001319631961410886,0.011909224715113827,0.0013840680730741425,0.675,1
break_even,noise10,1001,15,low_yaw,uncertainty_trigger,15,0.7000000000000001,0.748,1.054800281316381,0.0027179556516708186,0.010838286427057132,0.0013138992764986008,0.010838246650925353,0.001314747129951595,0.011538195209039481,0.0013799607772129509,0.675,1
break_even,noise10,1002,15,low_yaw,passive,1,0.8250000000000001,0.874,0.7512843103768914,0.011330227522235363,0.03917617305295662,0.007517360948275495,0.04028267407660387,0.007595192442118511,0.04028267407660387,0.007595192442118511,0.8250000000000001,1
break_even,noise10,1002,15,low_yaw,passive,2,0.8,0.848,0.7491686636243252,0.010413023454712355,0.028146441220593645,0.006990733558018751,0.02814103553798703,0.0071302386874138686,0.02896193645854848,0.007215357726383965,0.8,1
break_even,noise10,1002,15,low_yaw,passive,3,0.8,0.848,0.7472783481009891,0.011013592534523432,0.02309905426800491,0.006563430554613044,0.023102016384289863,0.006682010534588081,0.02378178690292078,0.006887345765528023,0.8,1
break_even,noise10,1002,15,low_yaw,passive,4,0.775,0.8240000000000001,0.7390769416253066,0.011408002430498198,0.020054441508668426,0.006207556983210994,0.020198889223501566,0.006285256310999704,0.020811906008170015,0.006573896816596785,0.775,1
break_even,noise10,1002,15,low_yaw,passive,5,0.775,0.8240000000000001,0.7390536003691971,0.010371192852414732,0.017962338424260316,0.00582765740661528,0.018066151040560398,0.005962942429710912,0.018733766311752616,0.006299684821853098,0.775,1
break_even,noise10,1002,15,low_yaw,passive,6,0.775,0.8240000000000001,0.738171235697586,0.010061581691728659,0.016412907446429346,0.005562677666621377,0.01649199034645577,0.005627970572138181,0.01717511988017043,0.006057152428657874,0.775,1
break_even,noise10,1002,15,low_yaw,passive,7,0.775,0.8240000000000001,0.736552615321869,0.010397990801663788,0.015207255426470256,0.005328153427831211,0.015270393697945655,0.005382914011572799,0.01595029131077094,0.005840634762890463,0.775,1
break_even,noise10,1002,15,low_yaw,passive,8,0.775,0.8240000000000001,0.7350039245497731,0.009660043110660493,0.014232002783374555,0.005140858287683504,0.014283640489860546,0.005174051106614185,0.014954944183542528,0.0056457907000975385,0.775,1
break_even,noise10,1002,15,low_yaw,passive,9,0.775,0.8240000000000001,0.7325125085186064,0.009845697707603638,0.013422876196278716,0.004968852289245482,0.0134662085297465,0.004998725844943739,0.014125344163461161,0.005469229986807246,0.775,1
break_even,noise10,1002,15,low_yaw,passive,10,0.775,0.8240000000000001,0.7333117057987012,0.009754737134009771,0.012738535933262978,0.004794325121216562,0.012775668948204892,0.004839894246401203,0.013420069773412886,0.00530826119141149,0.775,1
break_even,noise10,1002,15,low_yaw,passive,11,0.775,0.8240000000000001,0.7329703134030984,0.00987879947993646,0.012148678221199638,0.004635546587860546,0.012181156081287047,0.004679695927449573,0.012810879153256237,0.0051607167804572345,0.775,1
break_even,noise10,1002,15,low_yaw,passive,12,0.775,0.8240000000000001,0.732862398009104,0.009738817371338646,0.01163504138860189,0.004506176444749142,0.011662783265966014,0.004529389931978616,0.01227776627747592,0.005024828896486998,0.775,1
break_even,noise10,1002,15,low_yaw,passive,13,0.775,0.8240000000000001,0.7338936045780413,0.009943059186163906,0.011180952130856675,0.004384111164260855,0.01120599602857161,0.004409717840403337,0.011806109835326909,0.004899139337398078,0.775,1
break_even,noise10,1002,15,low_yaw,passive,14,0.775,0.8240000000000001,0.7348716202172824,0.010051169428207659,0.010775945415869188,0.004264478713963447,0.010798595656377892,0.004295788293059674,0.011384942520500263,0.004782433138211677,0.775,1
break_even,noise10,1002,15,low_yaw,passive,15,0.775,0.8240000000000001,0.7350517002175975,0.010039154304201516,0.010412212715932016,0.004152873754041904,0.01043231621057179,0.004183098633339606,0.011005854999287098,0.004673688773994988,0.775,1
break_even,noise10,1002,15,low_yaw,always_probe,1,0.75,0.798,0.7469809423768302,0.010355846680602434,0.02942150306616324,0.001428956791325565,0.02941948932047987,0.001429610376524821,0.029885253319280495,0.0014444876785420667,0.7250000000000001,1
break_even,noise10,1002,15,low_yaw,always_probe,2,0.7250000000000001,0.774,0.7468334911291489,0.010318032667589398,0.02403754836510686,0.0014240010018139431,0.02428313719389819,0.0014250871866938783,0.024807960096538066,0.0014407214806440361,0.7250000000000001,1
break_even,noise10,1002,15,low_yaw,always_probe,3,0.7250000000000001,0.774,0.7462811157262166,0.010351482779154531,0.020819667533296407,0.0014191930825053244,0.02098185551581244,0.0014202697153074678,0.021667189775513247,0.0014369845886683455,0.7250000000000001,1
break_even,noise10,1002,15,low_yaw,always_probe,4,0.7250000000000001,0.774,0.7399550120189218,0.010379309818916537,0.018620284991366746,0.0014147571405697713,0.01873674312085263,0.0014155042432293192,0.01947988767262342,0.0014332766245122846,0.7250000000000001,1
break_even,noise10,1002,15,low_yaw,always_probe,5,0.7250000000000001,0.774,0.7399895985076202,0.010325750409253114,0.016997665180826533,0.0014093978747759175,0.017084197739945177,0.0014109859802711074,0.017844374596167643,0.0014295972168676392,0.7250000000000001,1
break_even,noise10,1002,15,low_yaw,always_probe,6,0.7250000000000001,0.774,0.7390443461947886,0.010305613454212215,0.015735403133947626,0.0014048937940672303,0.015805449429517546,0.0014057810831740838,0.01656188348414939,0.0014259460010645096,0.7250000000000001,1
break_even,noise10,1002,15,low_yaw,always_probe,7,0.7250000000000001,0.774,0.7373918529098417,0.010330234995723019,0.014720272318156395,0.0014003104413110206,0.014777080636240513,0.0014012394642658958,0.015521319691259191,0.0014223226189194953,0.7250000000000001,1
break_even,noise10,1002,15,low_yaw,always_probe,8,0.7250000000000001,0.774,0.7356597463484406,0.010297657160605874,0.01387893134037154,0.001396152685055906,0.013925443579094313,0.0013967581610595712,0.01465508390628524,0.001418726718588105,0.7250000000000001,1
break_even,noise10,1002,15,low_yaw,always_probe,9,0.7250000000000001,0.774,0.7332105791766832,0.010313891398868453,0.013166261487686461,0.0013922897402249424,0.013206585899018023,0.0013925965303514826,0.013919372248680097,0.0014151579544212456,0.7250000000000001,1
break_even,noise10,1002,15,low_yaw,always_probe,10,0.7250000000000001,0.774,0.7338447354169702,0.010312930833491997,0.012553986645502297,0.001388066099986575,0.01258902926306924,0.001388749315900787,0.013284387720887764,0.001411615986825666,0.7250000000000001,1
break_even,noise10,1002,15,low_yaw,always_probe,11,0.7250000000000001,0.774,0.7336660132643337,0.010337887105708566,0.012019538572943458,0.001383491227953296,0.01205037650096482,0.0013846006294874116,0.01272906218693296,0.001408100482128222,0.7250000000000001,1
break_even,noise10,1002,15,low_yaw,always_probe,12,0.7250000000000001,0.774,0.7333413225811632,0.010318832005935832,0.011548348433637804,0.0013792495872923692,0.011575777378116334,0.0013799930732711434,0.012238021885811044,0.0014046111124438418,0.7250000000000001,1
break_even,noise10,1002,15,low_yaw,always_probe,13,0.7250000000000001,0.774,0.7343521924795726,0.010331836029071811,0.011128602870171504,0.0013750002307235383,0.011152984156036695,0.0013758258385154908,0.011799750062293196,0.001401147555547074,0.7250000000000001,1
break_even,noise10,1002,15,low_yaw,always_probe,14,0.7250000000000001,0.774,0.7354458400964298,0.010349551307325644,0.010750917968165973,0.0013706963812074454,0.010773501481794838,0.0013716195810256173,0.011405425839984999,0.0013977094947471007,0.7250000000000001,1
break_even,noise10,1002,15,low_yaw,always_probe,15,0.7250000000000001,0.774,0.7356883017865345,0.010349301756820424,0.010409839194303456,0.0013665205213238846,0.010429647080352291,0.001367344879322532,0.011048163597972555,0.0013942966187661084,0.7250000000000001,1
break_even,noise10,1002,15,low_yaw,batch_aware,1,0.8250000000000001,0.874,0.7512843103768914,0.011330227522235363,0.03917617305295662,0.007517360948275495,0.04028267407660387,0.007595192442118511,0.04028267407660387,0.007595192442118511,0.8250000000000001,1
break_even,noise10,1002,15,low_yaw,batch_aware,2,0.8,0.848,0.7491686636243252,0.010413023454712355,0.028146441220593645,0.006990733558018751,0.02814103553798703,0.0071302386874138686,0.02896193645854848,0.007215357726383965,0.8,1
break_even,noise10,1002,15,low_yaw,batch_aware,3,0.8,0.848,0.7472783481009891,0.011013592534523432,0.02309905426800491,0.006563430554613044,0.023102016384289863,0.006682010534588081,0.02378178690292078,0.006887345765528023,0.8,1
break_even,noise10,1002,15,low_yaw,batch_aware,4,0.775,0.8240000000000001,0.7390769416253066,0.011408002430498198,0.020054441508668426,0.006207556983210994,0.020198889223501566,0.006285256310999704,0.020811906008170015,0.006573896816596785,0.775,1
break_even,noise10,1002,15,low_yaw,batch_aware,5,0.775,0.8240000000000001,0.7390536003691971,0.010371192852414732,0.017962338424260316,0.00582765740661528,0.018066151040560398,0.005962942429710912,0.018733766311752616,0.006299684821853098,0.775,1
break_even,noise10,1002,15,low_yaw,batch_aware,6,0.775,0.8240000000000001,0.738171235697586,0.010061581691728659,0.016412907446429346,0.005562677666621377,0.01649199034645577,0.005627970572138181,0.01717511988017043,0.006057152428657874,0.775,1
break_even,noise10,1002,15,low_yaw,batch_aware,7,0.775,0.8240000000000001,0.736552615321869,0.010397990801663788,0.015207255426470256,0.005328153427831211,0.015270393697945655,0.005382914011572799,0.01595029131077094,0.005840634762890463,0.775,1
break_even,noise10,1002,15,low_yaw,batch_aware,8,0.775,0.8240000000000001,0.7350039245497731,0.009660043110660493,0.014232002783374555,0.005140858287683504,0.014283640489860546,0.005174051106614185,0.014954944183542528,0.0056457907000975385,0.775,1
break_even,noise10,1002,15,low_yaw,batch_aware,9,0.775,0.8240000000000001,0.7325125085186064,0.009845697707603638,0.013422876196278716,0.004968852289245482,0.0134662085297465,0.004998725844943739,0.014125344163461161,0.005469229986807246,0.775,1
break_even,noise10,1002,15,low_yaw,batch_aware,10,0.775,0.8240000000000001,0.7333117057987012,0.009754737134009771,0.012738535933262978,0.004794325121216562,0.012775668948204892,0.004839894246401203,0.013420069773412886,0.00530826119141149,0.775,1
break_even,noise10,1002,15,low_yaw,batch_aware,11,0.775,0.8240000000000001,0.7329703134030984,0.00987879947993646,0.012148678221199638,0.004635546587860546,0.012181156081287047,0.004679695927449573,0.012810879153256237,0.0051607167804572345,0.775,1
break_even,noise10,1002,15,low_yaw,batch_aware,12,0.775,0.8240000000000001,0.732862398009104,0.009738817371338646,0.01163504138860189,0.004506176444749142,0.011662783265966014,0.004529389931978616,0.01227776627747592,0.005024828896486998,0.775,1
break_even,noise10,1002,15,low_yaw,batch_aware,13,0.775,0.8240000000000001,0.7338936045780413,0.009943059186163906,0.011180952130856675,0.004384111164260855,0.01120599602857161,0.004409717840403337,0.011806109835326909,0.004899139337398078,0.775,1
break_even,noise10,1002,15,low_yaw,batch_aware,14,0.775,0.8240000000000001,0.7348716202172824,0.010051169428207659,0.010775945415869188,0.004264478713963447,0.010798595656377892,0.004295788293059674,0.011384942520500263,0.004782433138211677,0.775,1
break_even,noise10,1002,15,low_yaw,batch_aware,15,0.775,0.8240000000000001,0.7350517002175975,0.010039154304201516,0.010412212715932016,0.004152873754041904,0.01043231621057179,0.004183098633339606,0.011005854999287098,0.004673688773994988,0.775,1
break_even,noise10,1002,15,low_yaw,ignore_passive,1,0.75,0.798,0.7469809423768302,0.010355846680602434,0.02942150306616324,0.001428956791325565,0.02941948932047987,0.001429610376524821,0.029885253319280495,0.0014444876785420667,0.7250000000000001,1
break_even,noise10,1002,15,low_yaw,ignore_passive,2,0.7250000000000001,0.774,0.7468334911291489,0.010318032667589398,0.02403754836510686,0.0014240010018139431,0.02428313719389819,0.0014250871866938783,0.024807960096538066,0.0014407214806440361,0.7250000000000001,1
break_even,noise10,1002,15,low_yaw,ignore_passive,3,0.7250000000000001,0.774,0.7462811157262166,0.010351482779154531,0.020819667533296407,0.0014191930825053244,0.02098185551581244,0.0014202697153074678,0.021667189775513247,0.0014369845886683455,0.7250000000000001,1
break_even,noise10,1002,15,low_yaw,ignore_passive,4,0.7250000000000001,0.774,0.7399550120189218,0.010379309818916537,0.018620284991366746,0.0014147571405697713,0.01873674312085263,0.0014155042432293192,0.01947988767262342,0.0014332766245122846,0.7250000000000001,1
break_even,noise10,1002,15,low_yaw,ignore_passive,5,0.7250000000000001,0.774,0.7399895985076202,0.010325750409253114,0.016997665180826533,0.0014093978747759175,0.017084197739945177,0.0014109859802711074,0.017844374596167643,0.0014295972168676392,0.7250000000000001,1
break_even,noise10,1002,15,low_yaw,ignore_passive,6,0.7250000000000001,0.774,0.7390443461947886,0.010305613454212215,0.015735403133947626,0.0014048937940672303,0.015805449429517546,0.0014057810831740838,0.01656188348414939,0.0014259460010645096,0.7250000000000001,1
break_even,noise10,1002,15,low_yaw,ignore_passive,7,0.7250000000000001,0.774,0.7373918529098417,0.010330234995723019,0.014720272318156395,0.0014003104413110206,0.014777080636240513,0.0014012394642658958,0.015521319691259191,0.0014223226189194953,0.7250000000000001,1
break_even,noise10,1002,15,low_yaw,ignore_passive,8,0.7250000000000001,0.774,0.7356597463484406,0.010297657160605874,0.01387893134037154,0.001396152685055906,0.013925443579094313,0.0013967581610595712,0.01465508390628524,0.001418726718588105,0.7250000000000001,1
break_even,noise10,1002,15,low_yaw,ignore_passive,9,0.7250000000000001,0.774,0.7332105791766832,0.010313891398868453,0.013166261487686461,0.0013922897402249424,0.013206585899018023,0.0013925965303514826,0.013919372248680097,0.0014151579544212456,0.7250000000000001,1
break_even,noise10,1002,15,low_yaw,ignore_passive,10,0.7250000000000001,0.774,0.7338447354169702,0.010312930833491997,0.012553986645502297,0.001388066099986575,0.01258902926306924,0.001388749315900787,0.013284387720887764,0.001411615986825666,0.7250000000000001,1
break_even,noise10,1002,15,low_yaw,ignore_passive,11,0.7250000000000001,0.774,0.7336660132643337,0.010337887105708566,0.012019538572943458,0.001383491227953296,0.01205037650096482,0.0013846006294874116,0.01272906218693296,0.001408100482128222,0.7250000000000001,1
break_even,noise10,1002,15,low_yaw,ignore_passive,12,0.7250000000000001,0.774,0.7333413225811632,0.010318832005935832,0.011548348433637804,0.0013792495872923692,0.011575777378116334,0.0013799930732711434,0.012238021885811044,0.0014046111124438418,0.7250000000000001,1
break_even,noise10,1002,15,low_yaw,ignore_passive,13,0.7250000000000001,0.774,0.7343521924795726,0.010331836029071811,0.011128602870171504,0.0013750002307235383,0.011152984156036695,0.0013758258385154908,0.011799750062293196,0.001401147555547074,0.7250000000000001,1
break_even,noise10,1002,15,low_yaw,ignore_passive,14,0.7250000000000001,0.774,0.7354458400964298,0.010349551307325644,0.010750917968165973,0.0013706963812074454,0.010773501481794838,0.0013716195810256173,0.011405425839984999,0.0013977094947471007,0.7250000000000001,1
break_even,noise10,1002,15,low_yaw,ignore_passive,15,0.7250000000000001,0.774,0.7356883017865345,0.010349301756820424,0.010409839194303456,0.0013665205213238846,0.010429647080352291,0.001367344879322532,0.011048163597972555,0.0013942966187661084,0.7250000000000001,1
break_even,noise10,1002,15,low_yaw,uncertainty_trigger,1,0.75,0.798,0.7469809423768302,0.010355846680602434,0.02942150306616324,0.001428956791325565,0.02941948932047987,0.001429610376524821,0.029885253319280495,0.0014444876785420667,0.7250000000000001,1
break_even,noise10,1002,15,low_yaw,uncertainty_trigger,2,0.7250000000000001,0.774,0.7468334911291489,0.010318032667589398,0.02403754836510686,0.0014240010018139431,0.02428313719389819,0.0014250871866938783,0.024807960096538066,0.0014407214806440361,0.7250000000000001,1
break_even,noise10,1002,15,low_yaw,uncertainty_trigger,3,0.7250000000000001,0.774,0.7462811157262166,0.010351482779154531,0.020819667533296407,0.0014191930825053244,0.02098185551581244,0.0014202697153074678,0.021667189775513247,0.0014369845886683455,0.7250000000000001,1
break_even,noise10,1002,15,low_yaw,uncertainty_trigger,4,0.7250000000000001,0.774,0.7399550120189218,0.010379309818916537,0.018620284991366746,0.0014147571405697713,0.01873674312085263,0.0014155042432293192,0.01947988767262342,0.0014332766245122846,0.7250000000000001,1
break_even,noise10,1002,15,low_yaw,uncertainty_trigger,5,0.7250000000000001,0.774,0.7399895985076202,0.010325750409253114,0.016997665180826533,0.0014093978747759175,0.017084197739945177,0.0014109859802711074,0.017844374596167643,0.0014295972168676392,0.7250000000000001,1
break_even,noise10,1002,15,low_yaw,uncertainty_trigger,6,0.7250000000000001,0.774,0.7390443461947886,0.010305613454212215,0.015735403133947626,0.0014048937940672303,0.015805449429517546,0.0014057810831740838,0.01656188348414939,0.0014259460010645096,0.7250000000000001,1
break_even,noise10,1002,15,low_yaw,uncertainty_trigger,7,0.7250000000000001,0.774,0.7373918529098417,0.010330234995723019,0.014720272318156395,0.0014003104413110206,0.014777080636240513,0.0014012394642658958,0.015521319691259191,0.0014223226189194953,0.7250000000000001,1
break_even,noise10,1002,15,low_yaw,uncertainty_trigger,8,0.7250000000000001,0.774,0.7356597463484406,0.010297657160605874,0.01387893134037154,0.001396152685055906,0.013925443579094313,0.0013967581610595712,0.01465508390628524,0.001418726718588105,0.7250000000000001,1
break_even,noise10,1002,15,low_yaw,uncertainty_trigger,9,0.7250000000000001,0.774,0.7332105791766832,0.010313891398868453,0.013166261487686461,0.0013922897402249424,0.013206585899018023,0.0013925965303514826,0.013919372248680097,0.0014151579544212456,0.7250000000000001,1
break_even,noise10,1002,15,low_yaw,uncertainty_trigger,10,0.7250000000000001,0.774,0.7338447354169702,0.010312930833491997,0.012553986645502297,0.001388066099986575,0.01258902926306924,0.001388749315900787,0.013284387720887764,0.001411615986825666,0.7250000000000001,1
break_even,noise10,1002,15,low_yaw,uncertainty_trigger,11,0.7250000000000001,0.774,0.7336660132643337,0.010337887105708566,0.012019538572943458,0.001383491227953296,0.01205037650096482,0.0013846006294874116,0.01272906218693296,0.001408100482128222,0.7250000000000001,1
break_even,noise10,1002,15,low_yaw,uncertainty_trigger,12,0.7250000000000001,0.774,0.7333413225811632,0.010318832005935832,0.011548348433637804,0.0013792495872923692,0.011575777378116334,0.0013799930732711434,0.012238021885811044,0.0014046111124438418,0.7250000000000001,1
break_even,noise10,1002,15,low_yaw,uncertainty_trigger,13,0.7250000000000001,0.774,0.7343521924795726,0.010331836029071811,0.011128602870171504,0.0013750002307235383,0.011152984156036695,0.0013758258385154908,0.011799750062293196,0.001401147555547074,0.7250000000000001,1
break_even,noise10,1002,15,low_yaw,uncertainty_trigger,14,0.7250000000000001,0.774,0.7354458400964298,0.010349551307325644,0.010750917968165973,0.0013706963812074454,0.010773501481794838,0.0013716195810256173,0.011405425839984999,0.0013977094947471007,0.7250000000000001,1
break_even,noise10,1002,15,low_yaw,uncertainty_trigger,15,0.7250000000000001,0.774,0.7356883017865345,0.010349301756820424,0.010409839194303456,0.0013665205213238846,0.010429647080352291,0.001367344879322532,0.011048163597972555,0.0013942966187661084,0.7250000000000001,1
break_even,noise10,1003,15,low_yaw,passive,1,0.775,0.8240000000000001,0.4721848112943538,0.010977529732420567,0.03891836838723746,0.007467655166185968,0.04008455432359244,0.007512153708711548,0.04008455432359244,0.007512153708711548,0.775,1
break_even,noise10,1003,15,low_yaw,passive,2,0.775,0.8240000000000001,0.4637045147623119,0.010322270458585256,0.0279316850997509,0.0069569606072634104,0.028337128407665512,0.007065215607634966,0.029224266013528812,0.007109885498279504,0.775,1
break_even,noise10,1003,15,low_yaw,passive,3,0.775,0.8240000000000001,0.46251161694680293,0.009891287690607915,0.02292506643277027,0.006614494823255968,0.023144379933462945,0.006622613498840231,0.024116375467648117,0.006766011658897696,0.775,1
break_even,noise10,1003,15,low_yaw,passive,4,0.775,0.8240000000000001,0.4625542070239249,0.008665790630405294,0.01990582227421988,0.0062785811926238605,0.020048576123196295,0.006324408100902693,0.020999679059124438,0.0064392630402723946,0.75,1
break_even,noise10,1003,15,low_yaw,passive,5,0.775,0.8240000000000001,0.46412279987928934,0.008574287577942449,0.017834655607385428,0.0059679838535296485,0.017935668620022396,0.006020882500454763,0.018844827240309073,0.0061556975048847285,0.75,1
break_even,noise10,1003,15,low_yaw,passive,6,0.75,0.798,0.46269130077276566,0.008312860555567347,0.016375597257686482,0.005642139189926187,0.01637565414558534,0.005724136550685051,0.017241028471699314,0.005906571077987915,0.75,1
break_even,noise10,1003,15,low_yaw,passive,7,0.75,0.798,0.46207762497826516,0.008067201407505782,0.01522356257109304,0.005408114253487819,0.015224179813876684,0.005431453448426627,0.015987452628222962,0.005685433341809519,0.75,1
break_even,noise10,1003,15,low_yaw,passive,8,0.75,0.798,0.463823402284872,0.007990643253083022,0.014284784359553278,0.005169030348162604,0.014285873131024378,0.005223073289064823,0.014972759887632131,0.005487407727891692,0.75,1
break_even,noise10,1003,15,low_yaw,passive,9,0.75,0.798,0.46365006511461915,0.007629953313130034,0.013502242450507341,0.00498197281133026,0.013501621628740874,0.005006783371983467,0.014129597265738111,0.005308729888991972,0.75,1
break_even,noise10,1003,15,low_yaw,passive,10,0.75,0.798,0.4628342332530335,0.007959077083748692,0.012835681605538513,0.004800271225708481,0.01283558953097778,0.004834076498531464,0.013414513544425553,0.005146441458212224,0.75,1
break_even,noise10,1003,15,low_yaw,passive,11,0.75,0.798,0.46234028639835645,0.00764937915216001,0.012258302887459209,0.004640205644150315,0.01225795870186502,0.004670361865269542,0.012798054245175033,0.004998180938021111,0.75,1
break_even,noise10,1003,15,low_yaw,passive,12,0.75,0.798,0.46116982267341794,0.007187241196602555,0.011752806318619434,0.004467171998873744,0.011752968152183385,0.004522232709379,0.012259451736358224,0.00486203729230257,0.75,1
break_even,noise10,1003,15,low_yaw,passive,13,0.75,0.798,0.4617193919780999,0.007110065677574096,0.011305381128777773,0.00434434337147786,0.011305421767320844,0.004360917813387954,0.011783586516959915,0.004736445167565178,0.75,1
break_even,noise10,1003,15,low_yaw,passive,14,0.75,0.798,0.46163251040666303,0.0068767395870568465,0.010905899878051,0.0042170725081826415,0.010905248340079795,0.0042463058477928,0.011359154226970066,0.004620108440798245,0.75,1
break_even,noise10,1003,15,low_yaw,passive,15,0.75,0.798,0.4612371145614137,0.006452194498717524,0.01054539625650752,0.004111841481009039,0.010545543356482782,0.0041263139958302,0.010977510929293858,0.0045119434668169115,0.75,1
break_even,noise10,1003,15,low_yaw,always_probe,1,0.7250000000000001,0.774,0.4651454898168075,0.008349142224839033,0.028783132495424725,0.001408238644099672,0.029217748376340575,0.0014087361190707832,0.029249683820493515,0.0014427901416402043,0.7000000000000001,1
break_even,noise10,1003,15,low_yaw,always_probe,2,0.7250000000000001,0.774,0.4604042627525459,0.008332130584803619,0.023616191792843168,0.0014036781689275586,0.023861704012613213,0.0014045070584100385,0.02438941907426957,0.001438619253790668,0.7000000000000001,1
break_even,noise10,1003,15,low_yaw,always_probe,3,0.7250000000000001,0.774,0.4609042502178853,0.008326237702416158,0.020507151272010082,0.0013999362398967766,0.020662786370110285,0.001399965029292263,0.021352219023796675,0.0014344843302718684,0.7000000000000001,1
break_even,noise10,1003,15,low_yaw,always_probe,4,0.7250000000000001,0.774,0.4609040429041764,0.008268481475033921,0.018371817280179465,0.0013958672242549144,0.018483355838679803,0.001396267325618855,0.019224914474537527,0.0014303848571875955,0.7000000000000001,1
break_even,noise10,1003,15,low_yaw,always_probe,5,0.7000000000000001,0.748,0.4623772894977758,0.008268408164577424,0.016876614380117828,0.0013909887980822716,0.01687560467396361,0.0013917869893292304,0.017628395539234173,0.0014263203308635553,0.7000000000000001,1
break_even,noise10,1003,15,low_yaw,always_probe,6,0.7000000000000001,0.748,0.4615047913941951,0.00825226149054662,0.015693121774715803,0.0013856423896974853,0.01569373556129218,0.0013869645503465826,0.016373256459094855,0.0014222902575874298,0.7000000000000001,1
break_even,noise10,1003,15,low_yaw,always_probe,7,0.7000000000000001,0.748,0.4611554947552476,0.008231681519803519,0.014727306273060042,0.0013813262743899092,0.014728284438588512,0.0013816208045209716,0.015352947468261345,0.0014182941533569687,0.7000000000000001,1
break_even,noise10,1003,15,low_yaw,always_probe,8,0.7000000000000001,0.748,0.4625302907601616,0.008220547726771152,0.013921052579032868,0.0013764950914106114,0.013921687426929532,0.001377377137477125,0.01450233026272685,0.0014143315436358265,0.7000000000000001,1
break_even,noise10,1003,15,low_yaw,always_probe,9,0.7000000000000001,0.748,0.46289775306473874,0.008189741956366523,0.013234569156177708,0.0013723054718804716,0.013234744742695311,0.0013725917353198391,0.013779045236114054,0.0014104019631168614,0.7000000000000001,1
break_even,noise10,1003,15,low_yaw,always_probe,10,0.7000000000000001,0.748,0.46243817386348113,0.008210656074654637,0.012641756489511572,0.0013677543124166922,0.012641163345858304,0.0013684009312401944,0.013154197109701176,0.0014065049554926256,0.7000000000000001,1
break_even,noise10,1003,15,low_yaw,always_probe,11,0.7000000000000001,0.748,0.46208977398909407,0.008179947777681983,0.01212003296218638,0.001363087950572107,0.012120633076039078,0.0013639458058716126,0.012607309091347106,0.0014026400732327965,0.7000000000000001,1
break_even,noise10,1003,15,low_yaw,always_probe,12,0.7000000000000001,0.748,0.4612094543438243,0.008145379637541776,0.011659411511598827,0.0013578747891874162,0.011659351841724694,0.00135932295965504,0.012123411046796767,0.0013988068773682963,0.7000000000000001,1
break_even,noise10,1003,15,low_yaw,always_probe,13,0.7000000000000001,0.748,0.46175583307505774,0.008134328450450257,0.011248074026626314,0.0013537085273531081,0.011247738958865572,0.0013541521156783295,0.011691271017280938,0.0013950049372818663,0.7000000000000001,1
break_even,noise10,1003,15,low_yaw,always_probe,14,0.7000000000000001,0.748,0.4616305833166345,0.00810510622374404,0.010876812668244046,0.0013490867765217343,0.010876869673974322,0.0013500192953659566,0.011302274780746484,0.0013912338305048697,0.7000000000000001,1
break_even,noise10,1003,15,low_yaw,always_probe,15,0.7000000000000001,0.748,0.4613962083103416,0.008048556867852174,0.010539940286674933,0.0013450117532493374,0.010540248310209858,0.0013454152990217759,0.010949690299211553,0.0013874931425201047,0.7000000000000001,1
break_even,noise10,1003,15,low_yaw,batch_aware,1,0.775,0.8240000000000001,0.4721848112943538,0.010977529732420567,0.03891836838723746,0.007467655166185968,0.04008455432359244,0.007512153708711548,0.04008455432359244,0.007512153708711548,0.775,1
break_even,noise10,1003,15,low_yaw,batch_aware,2,0.775,0.8240000000000001,0.4637045147623119,0.010322270458585256,0.0279316850997509,0.0069569606072634104,0.028337128407665512,0.007065215607634966,0.029224266013528812,0.007109885498279504,0.775,1
break_even,noise10,1003,15,low_yaw,batch_aware,3,0.775,0.8240000000000001,0.46251161694680293,0.009891287690607915,0.02292506643277027,0.006614494823255968,0.023144379933462945,0.006622613498840231,0.024116375467648117,0.006766011658897696,0.775,1
break_even,noise10,1003,15,low_yaw,batch_aware,4,0.775,0.8240000000000001,0.4625542070239249,0.008665790630405294,0.01990582227421988,0.0062785811926238605,0.020048576123196295,0.006324408100902693,0.020999679059124438,0.0064392630402723946,0.75,1
break_even,noise10,1003,15,low_yaw,batch_aware,5,0.775,0.8240000000000001,0.46412279987928934,0.008574287577942449,0.017834655607385428,0.0059679838535296485,0.017935668620022396,0.006020882500454763,0.018844827240309073,0.0061556975048847285,0.75,1
break_even,noise10,1003,15,low_yaw,batch_aware,6,0.75,0.798,0.46269130077276566,0.008312860555567347,0.016375597257686482,0.005642139189926187,0.01637565414558534,0.005724136550685051,0.017241028471699314,0.005906571077987915,0.75,1
break_even,noise10,1003,15,low_yaw,batch_aware,7,0.75,0.798,0.46207762497826516,0.008067201407505782,0.01522356257109304,0.005408114253487819,0.015224179813876684,0.005431453448426627,0.015987452628222962,0.005685433341809519,0.75,1
break_even,noise10,1003,15,low_yaw,batch_aware,8,0.75,0.798,0.463823402284872,0.007990643253083022,0.014284784359553278,0.005169030348162604,0.014285873131024378,0.005223073289064823,0.014972759887632131,0.005487407727891692,0.75,1
break_even,noise10,1003,15,low_yaw,batch_aware,9,0.75,0.798,0.46365006511461915,0.007629953313130034,0.013502242450507341,0.00498197281133026,0.013501621628740874,0.005006783371983467,0.014129597265738111,0.005308729888991972,0.75,1
break_even,noise10,1003,15,low_yaw,batch_aware,10,0.75,0.798,0.4628342332530335,0.007959077083748692,0.012835681605538513,0.004800271225708481,0.01283558953097778,0.004834076498531464,0.013414513544425553,0.005146441458212224,0.75,1
break_even,noise10,1003,15,low_yaw,batch_aware,11,0.75,0.798,0.46234028639835645,0.00764937915216001,0.012258302887459209,0.004640205644150315,0.01225795870186502,0.004670361865269542,0.012798054245175033,0.004998180938021111,0.75,1
break_even,noise10,1003,15,low_yaw,batch_aware,12,0.75,0.798,0.46116982267341794,0.007187241196602555,0.011752806318619434,0.004467171998873744,0.011752968152183385,0.004522232709379,0.012259451736358224,0.00486203729230257,0.75,1
break_even,noise10,1003,15,low_yaw,batch_aware,13,0.75,0.798,0.4617193919780999,0.007110065677574096,0.011305381128777773,0.00434434337147786,0.011305421767320844,0.004360917813387954,0.011783586516959915,0.004736445167565178,0.75,1
break_even,noise10,1003,15,low_yaw,batch_aware,14,0.75,0.798,0.46163251040666303,0.0068767395870568465,0.010905899878051,0.0042170725081826415,0.010905248340079795,0.0042463058477928,0.011359154226970066,0.004620108440798245,0.75,1
break_even,noise10,1003,15,low_yaw,batch_aware,15,0.75,0.798,0.4612371145614137,0.006452194498717524,0.01054539625650752,0.004111841481009039,0.010545543356482782,0.0041263139958302,0.010977510929293858,0.0045119434668169115,0.75,1
break_even,noise10,1003,15,low_yaw,ignore_passive,1,0.7250000000000001,0.774,0.4651454898168075,0.008349142224839033,0.028783132495424725,0.001408238644099672,0.029217748376340575,0.0014087361190707832,0.029249683820493515,0.0014427901416402043,0.7000000000000001,1
break_even,noise10,1003,15,low_yaw,ignore_passive,2,0.7250000000000001,0.774,0.4604042627525459,0.008332130584803619,0.023616191792843168,0.0014036781689275586,0.023861704012613213,0.0014045070584100385,0.02438941907426957,0.001438619253790668,0.7000000000000001,1
break_even,noise10,1003,15,low_yaw,ignore_passive,3,0.7250000000000001,0.774,0.4609042502178853,0.008326237702416158,0.020507151272010082,0.0013999362398967766,0.020662786370110285,0.001399965029292263,0.021352219023796675,0.0014344843302718684,0.7000000000000001,1
break_even,noise10,1003,15,low_yaw,ignore_passive,4,0.7250000000000001,0.774,0.4609040429041764,0.008268481475033921,0.018371817280179465,0.0013958672242549144,0.018483355838679803,0.001396267325618855,0.019224914474537527,0.0014303848571875955,0.7000000000000001,1
break_even,noise10,1003,15,low_yaw,ignore_passive,5,0.7000000000000001,0.748,0.4623772894977758,0.008268408164577424,0.016876614380117828,0.0013909887980822716,0.01687560467396361,0.0013917869893292304,0.017628395539234173,0.0014263203308635553,0.7000000000000001,1
break_even,noise10,1003,15,low_yaw,ignore_passive,6,0.7000000000000001,0.748,0.4615047913941951,0.00825226149054662,0.015693121774715803,0.0013856423896974853,0.01569373556129218,0.0013869645503465826,0.016373256459094855,0.0014222902575874298,0.7000000000000001,1
break_even,noise10,1003,15,low_yaw,ignore_passive,7,0.7000000000000001,0.748,0.4611554947552476,0.008231681519803519,0.014727306273060042,0.0013813262743899092,0.014728284438588512,0.0013816208045209716,0.015352947468261345,0.0014182941533569687,0.7000000000000001,1
break_even,noise10,1003,15,low_yaw,ignore_passive,8,0.7000000000000001,0.748,0.4625302907601616,0.008220547726771152,0.013921052579032868,0.0013764950914106114,0.013921687426929532,0.001377377137477125,0.01450233026272685,0.0014143315436358265,0.7000000000000001,1
break_even,noise10,1003,15,low_yaw,ignore_passive,9,0.7000000000000001,0.748,0.46289775306473874,0.008189741956366523,0.013234569156177708,0.0013723054718804716,0.013234744742695311,0.0013725917353198391,0.013779045236114054,0.0014104019631168614,0.7000000000000001,1
break_even,noise10,1003,15,low_yaw,ignore_passive,10,0.7000000000000001,0.748,0.46243817386348113,0.008210656074654637,0.012641756489511572,0.0013677543124166922,0.012641163345858304,0.0013684009312401944,0.013154197109701176,0.0014065049554926256,0.7000000000000001,1
break_even,noise10,1003,15,low_yaw,ignore_passive,11,0.7000000000000001,0.748,0.46208977398909407,0.008179947777681983,0.01212003296218638,0.001363087950572107,0.012120633076039078,0.0013639458058716126,0.012607309091347106,0.0014026400732327965,0.7000000000000001,1
break_even,noise10,1003,15,low_yaw,ignore_passive,12,0.7000000000000001,0.748,0.4612094543438243,0.008145379637541776,0.011659411511598827,0.0013578747891874162,0.011659351841724694,0.00135932295965504,0.012123411046796767,0.0013988068773682963,0.7000000000000001,1
break_even,noise10,1003,15,low_yaw,ignore_passive,13,0.7000000000000001,0.748,0.46175583307505774,0.008134328450450257,0.011248074026626314,0.0013537085273531081,0.011247738958865572,0.0013541521156783295,0.011691271017280938,0.0013950049372818663,0.7000000000000001,1
break_even,noise10,1003,15,low_yaw,ignore_passive,14,0.7000000000000001,0.748,0.4616305833166345,0.00810510622374404,0.010876812668244046,0.0013490867765217343,0.010876869673974322,0.0013500192953659566,0.011302274780746484,0.0013912338305048697,0.7000000000000001,1
break_even,noise10,1003,15,low_yaw,ignore_passive,15,0.7000000000000001,0.748,0.4613962083103416,0.008048556867852174,0.010539940286674933,0.0013450117532493374,0.010540248310209858,0.0013454152990217759,0.010949690299211553,0.0013874931425201047,0.7000000000000001,1
break_even,noise10,1003,15,low_yaw,uncertainty_trigger,1,0.7250000000000001,0.774,0.4651454898168075,0.008349142224839033,0.028783132495424725,0.001408238644099672,0.029217748376340575,0.0014087361190707832,0.029249683820493515,0.0014427901416402043,0.7000000000000001,1
break_even,noise10,1003,15,low_yaw,uncertainty_trigger,2,0.7250000000000001,0.774,0.4604042627525459,0.008332130584803619,0.023616191792843168,0.0014036781689275586,0.023861704012613213,0.0014045070584100385,0.02438941907426957,0.001438619253790668,0.7000000000000001,1
break_even,noise10,1003,15,low_yaw,uncertainty_trigger,3,0.7250000000000001,0.774,0.4609042502178853,0.008326237702416158,0.020507151272010082,0.0013999362398967766,0.020662786370110285,0.001399965029292263,0.021352219023796675,0.0014344843302718684,0.7000000000000001,1
break_even,noise10,1003,15,low_yaw,uncertainty_trigger,4,0.7250000000000001,0.774,0.4609040429041764,0.008268481475033921,0.018371817280179465,0.0013958672242549144,0.018483355838679803,0.001396267325618855,0.019224914474537527,0.0014303848571875955,0.7000000000000001,1
break_even,noise10,1003,15,low_yaw,uncertainty_trigger,5,0.7000000000000001,0.748,0.4623772894977758,0.008268408164577424,0.016876614380117828,0.0013909887980822716,0.01687560467396361,0.0013917869893292304,0.017628395539234173,0.0014263203308635553,0.7000000000000001,1
break_even,noise10,1003,15,low_yaw,uncertainty_trigger,6,0.7000000000000001,0.748,0.4615047913941951,0.00825226149054662,0.015693121774715803,0.0013856423896974853,0.01569373556129218,0.0013869645503465826,0.016373256459094855,0.0014222902575874298,0.7000000000000001,1
break_even,noise10,1003,15,low_yaw,uncertainty_trigger,7,0.7000000000000001,0.748,0.4611554947552476,0.008231681519803519,0.014727306273060042,0.0013813262743899092,0.014728284438588512,0.0013816208045209716,0.015352947468261345,0.0014182941533569687,0.7000000000000001,1
break_even,noise10,1003,15,low_yaw,uncertainty_trigger,8,0.7000000000000001,0.748,0.4625302907601616,0.008220547726771152,0.013921052579032868,0.0013764950914106114,0.013921687426929532,0.001377377137477125,0.01450233026272685,0.0014143315436358265,0.7000000000000001,1
break_even,noise10,1003,15,low_yaw,uncertainty_trigger,9,0.7000000000000001,0.748,0.46289775306473874,0.008189741956366523,0.013234569156177708,0.0013723054718804716,0.013234744742695311,0.0013725917353198391,0.013779045236114054,0.0014104019631168614,0.7000000000000001,1
break_even,noise10,1003,15,low_yaw,uncertainty_trigger,10,0.7000000000000001,0.748,0.46243817386348113,0.008210656074654637,0.012641756489511572,0.0013677543124166922,0.012641163345858304,0.0013684009312401944,0.013154197109701176,0.0014065049554926256,0.7000000000000001,1
break_even,noise10,1003,15,low_yaw,uncertainty_trigger,11,0.7000000000000001,0.748,0.46208977398909407,0.008179947777681983,0.01212003296218638,0.001363087950572107,0.012120633076039078,0.0013639458058716126,0.012607309091347106,0.0014026400732327965,0.7000000000000001,1
break_even,noise10,1003,15,low_yaw,uncertainty_trigger,12,0.7000000000000001,0.748,0.4612094543438243,0.008145379637541776,0.011659411511598827,0.0013578747891874162,0.011659351841724694,0.00135932295965504,0.012123411046796767,0.0013988068773682963,0.7000000000000001,1
break_even,noise10,1003,15,low_yaw,uncertainty_trigger,13,0.7000000000000001,0.748,0.46175583307505774,0.008134328450450257,0.011248074026626314,0.0013537085273531081,0.011247738958865572,0.0013541521156783295,0.011691271017280938,0.0013950049372818663,0.7000000000000001,1
break_even,noise10,1003,15,low_yaw,uncertainty_trigger,14,0.7000000000000001,0.748,0.4616305833166345,0.00810510622374404,0.010876812668244046,0.0013490867765217343,0.010876869673974322,0.0013500192953659566,0.011302274780746484,0.0013912338305048697,0.7000000000000001,1
break_even,noise10,1003,15,low_yaw,uncertainty_trigger,15,0.7000000000000001,0.748,0.4613962083103416,0.008048556867852174,0.010539940286674933,0.0013450117532493374,0.010540248310209858,0.0013454152990217759,0.010949690299211553,0.0013874931425201047,0.7000000000000001,1
break_even,noise10,1005,15,low_yaw,passive,1,0.775,0.8240000000000001,0.3130732299915642,0.011477457372802839,0.03773119275810482,0.007353259621501285,0.038812796362480875,0.007513925397296245,0.038812796362480875,0.007513925397296245,0.775,1
break_even,noise10,1005,15,low_yaw,passive,2,0.775,0.8240000000000001,0.3070745635605143,0.012548537089602184,0.027449637339839662,0.006873536793165123,0.027829433839435244,0.006960577553459855,0.028671862586365844,0.007111846143150309,0.775,1
break_even,noise10,1005,15,low_yaw,passive,3,0.75,0.798,0.3123048106385526,0.014938238383683232,0.022846320347987708,0.006516002836880323,0.022848333025072963,0.00653463136650997,0.023775540786453636,0.0067680966099535455,0.775,1
break_even,noise10,1005,15,low_yaw,passive,4,0.75,0.798,0.31476822902592444,0.015312786191029418,0.019982448207962817,0.006179718177050673,0.01998428207453359,0.006238136553519632,0.02075515556069827,0.006441435908966959,0.75,1
break_even,noise10,1005,15,low_yaw,passive,5,0.75,0.798,0.3185986191755769,0.015281154209211866,0.017979625131315746,0.005897969564541092,0.017979228045328328,0.0059348834364534395,0.018654207951425687,0.00615792393874742,0.75,1
break_even,noise10,1005,15,low_yaw,passive,6,0.75,0.798,0.3192467131460866,0.01568852786703359,0.016480601363999946,0.00561888588662764,0.01647879313748232,0.005691501000182726,0.01708446988074803,0.005908827911127146,0.75,1
break_even,noise10,1005,15,low_yaw,passive,7,0.75,0.798,0.31814642595655795,0.015715472656146895,0.015302145388661986,0.005374363738029096,0.015301942732904389,0.005439809522248333,0.015854214544175443,0.005687704634077906,0.75,1
break_even,noise10,1005,15,low_yaw,passive,8,0.75,0.798,0.316037207130809,0.015833302300717247,0.014343943017511908,0.005154598675257151,0.014344100045424676,0.005215879524688297,0.014856426433798774,0.005489682346613618,0.75,1
break_even,noise10,1005,15,low_yaw,passive,9,0.75,0.798,0.3143587979729159,0.01585740411415045,0.013547202819654198,0.004979500139575781,0.013547658171743969,0.005016101064893891,0.014026051638569619,0.005310999979657852,0.75,1
break_even,noise10,1005,15,low_yaw,passive,10,0.75,0.798,0.3140171937614729,0.015975555306328378,0.012868854451814803,0.004820863176276522,0.012868697024042757,0.004852374570269004,0.01332096675587911,0.005148701448136541,0.75,1
break_even,noise10,1005,15,low_yaw,passive,11,0.7250000000000001,0.774,0.3123619535710137,0.01641499341734953,0.012283400272000066,0.004677201149662677,0.012317009346505772,0.004694232924044935,0.012712534502936365,0.005000426870488088,0.75,1
break_even,noise10,1005,15,low_yaw,passive,12,0.7250000000000001,0.774,0.3122529298166987,0.016836229598867228,0.011771526067647203,0.004527575246913785,0.011800778733123891,0.004563881683778396,0.01218051618882435,0.004864266371693582,0.75,1
break_even,noise10,1005,15,low_yaw,passive,13,0.7250000000000001,0.774,0.3123375548586676,0.016680426656515507,0.011318843503270401,0.00438069764009222,0.011344994038905985,0.004410507435447184,0.01171014900230883,0.004738655442630316,0.75,1
break_even,noise10,1005,15,low_yaw,passive,14,0.7250000000000001,0.774,0.3113281349712176,0.016488972009301845,0.010915155040213427,0.004243299525510043,0.010938233039282133,0.004287012963122299,0.01129037743641123,0.004622298580412804,0.75,1
break_even,noise10,1005,15,low_yaw,passive,15,0.7250000000000001,0.774,0.31153694558862827,0.016541331686607052,0.010551073446479507,0.004137352863159962,0.010572605437751558,0.004155080922517254,0.01091273622263188,0.004514112598882316,0.75,1
break_even,noise10,1005,15,low_yaw,always_probe,1,0.7000000000000001,0.748,0.3159999954710621,0.02346661153454207,0.028664351376739283,0.001553977441340316,0.028661476627753635,0.0015548736755679861,0.02869604449733461,0.0014436628810356492,0.7000000000000001,1
break_even,noise10,1005,15,low_yaw,always_probe,2,0.7000000000000001,0.748,0.31108885216987403,0.023465020429824162,0.02377480923066435,0.0015494506220247806,0.023773848133266842,0.0015498412165992881,0.02403903187405433,0.0014394895876923503,0.7000000000000001,1
break_even,noise10,1005,15,low_yaw,always_probe,3,0.7000000000000001,0.748,0.3142201016878806,0.023538346851936787,0.020753017403006814,0.0015455049414902665,0.020755792907655227,0.001545422077280962,0.021097928757391877,0.0014353522784146407,0.7000000000000001,1
break_even,noise10,1005,15,low_yaw,always_probe,4,0.7000000000000001,0.748,0.3163544875228301,0.023509529979820053,0.01865229903121718,0.001540959869064772,0.018654410046787053,0.0015415189924141376,0.019025487208604492,0.0014312504390386258,0.7000000000000001,1
break_even,noise10,1005,15,low_yaw,always_probe,5,0.7000000000000001,0.748,0.31932441571885606,0.023484241457231787,0.017082832980023863,0.0015367692862741304,0.017081587064234162,0.0015368934029732536,0.01746405759431051,0.0014271835656273677,0.7000000000000001,1
break_even,noise10,1005,15,low_yaw,always_probe,6,0.7000000000000001,0.748,0.3196298628298737,0.023473956037812257,0.015851769114508505,0.001531893553699134,0.01585180473799518,0.0015328555005022487,0.01623313596402857,0.0014231511642108239,0.7000000000000001,1
break_even,noise10,1005,15,low_yaw,always_probe,7,0.7000000000000001,0.748,0.31911678722059716,0.02342729820565644,0.014854677065151084,0.001526999121357543,0.014853674478475052,0.0015279933250662958,0.015230479090352156,0.0014191527505338236,0.7000000000000001,1
break_even,noise10,1005,15,low_yaw,always_probe,8,0.7000000000000001,0.748,0.3169129447234569,0.023387881364884816,0.014022921325363097,0.001521910819232106,0.01402328227908333,0.0015231152605183706,0.014393268065644607,0.0014151878498117898,0.7000000000000001,1
break_even,noise10,1005,15,low_yaw,always_probe,9,0.7000000000000001,0.748,0.31544863197092426,0.023365092778401823,0.013319160402106702,0.0015176300655021105,0.013318821177402382,0.0015180888664752198,0.013680495738692572,0.0014112559964939266,0.7000000000000001,1
break_even,noise10,1005,15,low_yaw,always_probe,10,0.7000000000000001,0.748,0.31481149065164155,0.0233405578661386,0.012709275100801175,0.0015132334889903431,0.012709798902664046,0.0015137886095727855,0.013064105338004544,0.0014073567340336034,0.7000000000000001,1
break_even,noise10,1005,15,low_yaw,always_probe,11,0.7000000000000001,0.748,0.31357503475257453,0.023350302211944004,0.012177478338356723,0.0015092298543533042,0.012177162095259845,0.0015094243584633888,0.012524165960103972,0.0014034896146656796,0.7000000000000001,1
break_even,noise10,1005,15,low_yaw,always_probe,12,0.7000000000000001,0.748,0.3131458620721328,0.023349960330615874,0.01170726707286628,0.0015044588175466855,0.011707023904699755,0.0015054990453541633,0.01204607730634041,0.0013996541991905243,0.7000000000000001,1
break_even,noise10,1005,15,low_yaw,always_probe,13,0.7000000000000001,0.748,0.3136067473896985,0.02329868256474606,0.01128760582068439,0.001499628106817262,0.011287666982220867,0.0015002721834074147,0.011618866423839512,0.0013958500567644906,0.7000000000000001,1
break_even,noise10,1005,15,low_yaw,always_probe,14,0.7000000000000001,0.748,0.312674965988263,0.023237784389866834,0.010910303093343746,0.0014945704870413096,0.010910244520925441,0.0014959422388628213,0.011234105632666703,0.0013920767646966234,0.7000000000000001,1
break_even,noise10,1005,15,low_yaw,always_probe,15,0.7000000000000001,0.748,0.3127292376222324,0.023204097291369238,0.010568356823700047,0.001490289892979601,0.010568387588122341,0.0014908116725063153,0.010885200509051297,0.0013883339082513776,0.7000000000000001,1
break_even,noise10,1005,15,low_yaw,batch_aware,1,0.775,0.8240000000000001,0.3130732299915642,0.011477457372802839,0.03773119275810482,0.007353259621501285,0.038812796362480875,0.007513925397296245,0.038812796362480875,0.007513925397296245,0.775,1
break_even,noise10,1005,15,low_yaw,batch_aware,2,0.775,0.8240000000000001,0.3070745635605143,0.012548537089602184,0.027449637339839662,0.006873536793165123,0.027829433839435244,0.006960577553459855,0.028671862586365844,0.007111846143150309,0.775,1
break_even,noise10,1005,15,low_yaw,batch_aware,3,0.75,0.798,0.3123048106385526,0.014938238383683232,0.022846320347987708,0.006516002836880323,0.022848333025072963,0.00653463136650997,0.023775540786453636,0.0067680966099535455,0.775,1
break_even,noise10,1005,15,low_yaw,batch_aware,4,0.75,0.798,0.31476822902592444,0.015312786191029418,0.019982448207962817,0.006179718177050673,0.01998428207453359,0.006238136553519632,0.02075515556069827,0.006441435908966959,0.75,1
break_even,noise10,1005,15,low_yaw,batch_aware,5,0.75,0.798,0.3185986191755769,0.015281154209211866,0.017979625131315746,0.005897969564541092,0.017979228045328328,0.0059348834364534395,0.018654207951425687,0.00615792393874742,0.75,1
break_even,noise10,1005,15,low_yaw,batch_aware,6,0.75,0.798,0.3192467131460866,0.01568852786703359,0.016480601363999946,0.00561888588662764,0.01647879313748232,0.005691501000182726,0.01708446988074803,0.005908827911127146,0.75,1
break_even,noise10,1005,15,low_yaw,batch_aware,7,0.75,0.798,0.31814642595655795,0.015715472656146895,0.015302145388661986,0.005374363738029096,0.015301942732904389,0.005439809522248333,0.015854214544175443,0.005687704634077906,0.75,1
break_even,noise10,1005,15,low_yaw,batch_aware,8,0.75,0.798,0.316037207130809,0.015833302300717247,0.014343943017511908,0.005154598675257151,0.014344100045424676,0.005215879524688297,0.014856426433798774,0.005489682346613618,0.75,1
break_even,noise10,1005,15,low_yaw,batch_aware,9,0.75,0.798,0.3143587979729159,0.01585740411415045,0.013547202819654198,0.004979500139575781,0.013547658171743969,0.005016101064893891,0.014026051638569619,0.005310999979657852,0.75,1
break_even,noise10,1005,15,low_yaw,batch_aware,10,0.75,0.798,0.3140171937614729,0.015975555306328378,0.012868854451814803,0.004820863176276522,0.012868697024042757,0.004852374570269004,0.01332096675587911,0.005148701448136541,0.75,1
break_even,noise10,1005,15,low_yaw,batch_aware,11,0.7250000000000001,0.774,0.3123619535710137,0.01641499341734953,0.012283400272000066,0.004677201149662677,0.012317009346505772,0.004694232924044935,0.012712534502936365,0.005000426870488088,0.75,1
break_even,noise10,1005,15,low_yaw,batch_aware,12,0.7250000000000001,0.774,0.3122529298166987,0.016836229598867228,0.011771526067647203,0.004527575246913785,0.011800778733123891,0.004563881683778396,0.01218051618882435,0.004864266371693582,0.75,1
break_even,noise10,1005,15,low_yaw,batch_aware,13,0.7250000000000001,0.774,0.3123375548586676,0.016680426656515507,0.011318843503270401,0.00438069764009222,0.011344994038905985,0.004410507435447184,0.01171014900230883,0.004738655442630316,0.75,1
break_even,noise10,1005,15,low_yaw,batch_aware,14,0.7250000000000001,0.774,0.3113281349712176,0.016488972009301845,0.010915155040213427,0.004243299525510043,0.010938233039282133,0.004287012963122299,0.01129037743641123,0.004622298580412804,0.75,1
break_even,noise10,1005,15,low_yaw,batch_aware,15,0.7250000000000001,0.774,0.31153694558862827,0.016541331686607052,0.010551073446479507,0.004137352863159962,0.010572605437751558,0.004155080922517254,0.01091273622263188,0.004514112598882316,0.75,1
break_even,noise10,1005,15,low_yaw,ignore_passive,1,0.7000000000000001,0.748,0.3159999954710621,0.02346661153454207,0.028664351376739283,0.001553977441340316,0.028661476627753635,0.0015548736755679861,0.02869604449733461,0.0014436628810356492,0.7000000000000001,1
break_even,noise10,1005,15,low_yaw,ignore_passive,2,0.7000000000000001,0.748,0.31108885216987403,0.023465020429824162,0.02377480923066435,0.0015494506220247806,0.023773848133266842,0.0015498412165992881,0.02403903187405433,0.0014394895876923503,0.7000000000000001,1
break_even,noise10,1005,15,low_yaw,ignore_passive,3,0.7000000000000001,0.748,0.3142201016878806,0.023538346851936787,0.020753017403006814,0.0015455049414902665,0.020755792907655227,0.001545422077280962,0.021097928757391877,0.0014353522784146407,0.7000000000000001,1
break_even,noise10,1005,15,low_yaw,ignore_passive,4,0.7000000000000001,0.748,0.3163544875228301,0.023509529979820053,0.01865229903121718,0.001540959869064772,0.018654410046787053,0.0015415189924141376,0.019025487208604492,0.0014312504390386258,0.7000000000000001,1
break_even,noise10,1005,15,low_yaw,ignore_passive,5,0.7000000000000001,0.748,0.31932441571885606,0.023484241457231787,0.017082832980023863,0.0015367692862741304,0.017081587064234162,0.0015368934029732536,0.01746405759431051,0.0014271835656273677,0.7000000000000001,1
break_even,noise10,1005,15,low_yaw,ignore_passive,6,0.7000000000000001,0.748,0.3196298628298737,0.023473956037812257,0.015851769114508505,0.001531893553699134,0.01585180473799518,0.0015328555005022487,0.01623313596402857,0.0014231511642108239,0.7000000000000001,1
break_even,noise10,1005,15,low_yaw,ignore_passive,7,0.7000000000000001,0.748,0.31911678722059716,0.02342729820565644,0.014854677065151084,0.001526999121357543,0.014853674478475052,0.0015279933250662958,0.015230479090352156,0.0014191527505338236,0.7000000000000001,1
break_even,noise10,1005,15,low_yaw,ignore_passive,8,0.7000000000000001,0.748,0.3169129447234569,0.023387881364884816,0.014022921325363097,0.001521910819232106,0.01402328227908333,0.0015231152605183706,0.014393268065644607,0.0014151878498117898,0.7000000000000001,1
break_even,noise10,1005,15,low_yaw,ignore_passive,9,0.7000000000000001,0.748,0.31544863197092426,0.023365092778401823,0.013319160402106702,0.0015176300655021105,0.013318821177402382,0.0015180888664752198,0.013680495738692572,0.0014112559964939266,0.7000000000000001,1
break_even,noise10,1005,15,low_yaw,ignore_passive,10,0.7000000000000001,0.748,0.31481149065164155,0.0233405578661386,0.012709275100801175,0.0015132334889903431,0.012709798902664046,0.0015137886095727855,0.013064105338004544,0.0014073567340336034,0.7000000000000001,1
break_even,noise10,1005,15,low_yaw,ignore_passive,11,0.7000000000000001,0.748,0.31357503475257453,0.023350302211944004,0.012177478338356723,0.0015092298543533042,0.012177162095259845,0.0015094243584633888,0.012524165960103972,0.0014034896146656796,0.7000000000000001,1
break_even,noise10,1005,15,low_yaw,ignore_passive,12,0.7000000000000001,0.748,0.3131458620721328,0.023349960330615874,0.01170726707286628,0.0015044588175466855,0.011707023904699755,0.0015054990453541633,0.01204607730634041,0.0013996541991905243,0.7000000000000001,1
break_even,noise10,1005,15,low_yaw,ignore_passive,13,0.7000000000000001,0.748,0.3136067473896985,0.02329868256474606,0.01128760582068439,0.001499628106817262,0.011287666982220867,0.0015002721834074147,0.011618866423839512,0.0013958500567644906,0.7000000000000001,1
break_even,noise10,1005,15,low_yaw,ignore_passive,14,0.7000000000000001,0.748,0.312674965988263,0.023237784389866834,0.010910303093343746,0.0014945704870413096,0.010910244520925441,0.0014959422388628213,0.011234105632666703,0.0013920767646966234,0.7000000000000001,1
break_even,noise10,1005,15,low_yaw,ignore_passive,15,0.7000000000000001,0.748,0.3127292376222324,0.023204097291369238,0.010568356823700047,0.001490289892979601,0.010568387588122341,0.0014908116725063153,0.010885200509051297,0.0013883339082513776,0.7000000000000001,1
break_even,noise10,1005,15,low_yaw,uncertainty_trigger,1,0.7000000000000001,0.748,0.3159999954710621,0.02346661153454207,0.028664351376739283,0.001553977441340316,0.028661476627753635,0.0015548736755679861,0.02869604449733461,0.0014436628810356492,0.7000000000000001,1
break_even,noise10,1005,15,low_yaw,uncertainty_trigger,2,0.7000000000000001,0.748,0.31108885216987403,0.023465020429824162,0.02377480923066435,0.0015494506220247806,0.023773848133266842,0.0015498412165992881,0.02403903187405433,0.0014394895876923503,0.7000000000000001,1
break_even,noise10,1005,15,low_yaw,uncertainty_trigger,3,0.7000000000000001,0.748,0.3142201016878806,0.023538346851936787,0.020753017403006814,0.0015455049414902665,0.020755792907655227,0.001545422077280962,0.021097928757391877,0.0014353522784146407,0.7000000000000001,1
break_even,noise10,1005,15,low_yaw,uncertainty_trigger,4,0.7000000000000001,0.748,0.3163544875228301,0.023509529979820053,0.01865229903121718,0.001540959869064772,0.018654410046787053,0.0015415189924141376,0.019025487208604492,0.0014312504390386258,0.7000000000000001,1
break_even,noise10,1005,15,low_yaw,uncertainty_trigger,5,0.7000000000000001,0.748,0.31932441571885606,0.023484241457231787,0.017082832980023863,0.0015367692862741304,0.017081587064234162,0.0015368934029732536,0.01746405759431051,0.0014271835656273677,0.7000000000000001,1
break_even,noise10,1005,15,low_yaw,uncertainty_trigger,6,0.7000000000000001,0.748,0.3196298628298737,0.023473956037812257,0.015851769114508505,0.001531893553699134,0.01585180473799518,0.0015328555005022487,0.01623313596402857,0.0014231511642108239,0.7000000000000001,1
break_even,noise10,1005,15,low_yaw,uncertainty_trigger,7,0.7000000000000001,0.748,0.31911678722059716,0.02342729820565644,0.014854677065151084,0.001526999121357543,0.014853674478475052,0.0015279933250662958,0.015230479090352156,0.0014191527505338236,0.7000000000000001,1
break_even,noise10,1005,15,low_yaw,uncertainty_trigger,8,0.7000000000000001,0.748,0.3169129447234569,0.023387881364884816,0.014022921325363097,0.001521910819232106,0.01402328227908333,0.0015231152605183706,0.014393268065644607,0.0014151878498117898,0.7000000000000001,1
break_even,noise10,1005,15,low_yaw,uncertainty_trigger,9,0.7000000000000001,0.748,0.31544863197092426,0.023365092778401823,0.013319160402106702,0.0015176300655021105,0.013318821177402382,0.0015180888664752198,0.013680495738692572,0.0014112559964939266,0.7000000000000001,1
break_even,noise10,1005,15,low_yaw,uncertainty_trigger,10,0.7000000000000001,0.748,0.31481149065164155,0.0233405578661386,0.012709275100801175,0.0015132334889903431,0.012709798902664046,0.0015137886095727855,0.013064105338004544,0.0014073567340336034,0.7000000000000001,1
break_even,noise10,1005,15,low_yaw,uncertainty_trigger,11,0.7000000000000001,0.748,0.31357503475257453,0.023350302211944004,0.012177478338356723,0.0015092298543533042,0.012177162095259845,0.0015094243584633888,0.012524165960103972,0.0014034896146656796,0.7000000000000001,1
break_even,noise10,1005,15,low_yaw,uncertainty_trigger,12,0.7000000000000001,0.748,0.3131458620721328,0.023349960330615874,0.01170726707286628,0.0015044588175466855,0.011707023904699755,0.0015054990453541633,0.01204607730634041,0.0013996541991905243,0.7000000000000001,1
break_even,noise10,1005,15,low_yaw,uncertainty_trigger,13,0.7000000000000001,0.748,0.3136067473896985,0.02329868256474606,0.01128760582068439,0.001499628106817262,0.011287666982220867,0.0015002721834074147,0.011618866423839512,0.0013958500567644906,0.7000000000000001,1
break_even,noise10,1005,15,low_yaw,uncertainty_trigger,14,0.7000000000000001,0.748,0.312674965988263,0.023237784389866834,0.010910303093343746,0.0014945704870413096,0.010910244520925441,0.0014959422388628213,0.011234105632666703,0.0013920767646966234,0.7000000000000001,1
break_even,noise10,1005,15,low_yaw,uncertainty_trigger,15,0.7000000000000001,0.748,0.3127292376222324,0.023204097291369238,0.010568356823700047,0.001490289892979601,0.010568387588122341,0.0014908116725063153,0.010885200509051297,0.0013883339082513776,0.7000000000000001,1
break_even,noise10,1006,15,low_yaw,passive,1,0.8,0.848,0.6737490910041473,0.012075929935979496,0.04017296637754573,0.007378192748770772,0.04022124078763978,0.007549333809777776,0.04022124078763978,0.007549333809777776,0.8,1
break_even,noise10,1006,15,low_yaw,passive,2,0.775,0.8240000000000001,0.6749735514191911,0.012230972261492471,0.02846753803977301,0.00690034191502882,0.028890469420051842,0.006996603195756102,0.02936743579858267,0.0071413772002305404,0.775,1
break_even,noise10,1006,15,low_yaw,passive,3,0.75,0.798,0.6801898681339559,0.012519296628285236,0.02348395195511366,0.0065125002581558145,0.023484854040632493,0.0065532713945593395,0.024247559583617007,0.006793129899621966,0.775,1
break_even,noise10,1006,15,low_yaw,passive,4,0.75,0.798,0.6812075912271504,0.011753932961588949,0.020450602560485236,0.006109996433209513,0.020449300623258396,0.006222273480905255,0.02111977582333679,0.0064626215804560365,0.75,1
break_even,noise10,1006,15,low_yaw,passive,5,0.75,0.798,0.678702674732959,0.011044885465499336,0.01835196291475149,0.0058316827492940196,0.01835371275694908,0.005864883683973307,0.01895581704667114,0.006176090712871402,0.75,1
break_even,noise10,1006,15,low_yaw,passive,6,0.75,0.798,0.6758845901634627,0.011456486671706654,0.016788577670115542,0.00554810230460384,0.016789178603894284,0.005611903086464248,0.017344556946410187,0.005924576737492905,0.75,1
break_even,noise10,1006,15,low_yaw,passive,7,0.75,0.798,0.6748416952117657,0.011284167879413096,0.0155662749576423,0.005317001730521335,0.015567126558338034,0.005362093004775686,0.016084778531372357,0.005701483071217714,0.75,1
break_even,noise10,1006,15,low_yaw,passive,8,0.75,0.798,0.6752251093126784,0.011539072739158268,0.014577872478278594,0.0051384020535907415,0.014577408324216362,0.005150966311007445,0.015064844683805291,0.005501831306652838,0.75,1
break_even,noise10,1006,15,low_yaw,passive,9,0.75,0.798,0.672447660435702,0.012318593723260959,0.013755960425254465,0.0049796038652444195,0.013756195634591462,0.0049897949854086346,0.0142171865104966,0.005321784194357914,0.75,1
break_even,noise10,1006,15,low_yaw,passive,10,0.75,0.798,0.6727566181513804,0.012111895974621763,0.013059162450051778,0.004812649997808337,0.013059291109963025,0.004840780876194968,0.013498195907184695,0.0051583299510768186,0.75,1
break_even,noise10,1006,15,low_yaw,passive,11,0.75,0.798,0.6715599844457227,0.012432432960388453,0.012459662596451386,0.004657622212659168,0.012459736776593094,0.0046910079934682,0.012878302693837837,0.005009067140842771,0.75,1
break_even,noise10,1006,15,low_yaw,passive,12,0.75,0.798,0.6709571713885325,0.012605597109665688,0.01193569943728508,0.004524505716728664,0.011935435449216268,0.00454501934752322,0.012336652346703898,0.004872054331811022,0.75,1
break_even,noise10,1006,15,low_yaw,passive,13,0.75,0.798,0.6711618136054305,0.012927879033923246,0.01147200979641628,0.004394246728234842,0.011471935373447477,0.004423942026082525,0.011858058918540897,0.00474570267154212,0.75,1
break_even,noise10,1006,15,low_yaw,passive,14,0.75,0.798,0.6711859680509333,0.012818163913303928,0.011059251590648123,0.0042729182961427584,0.011058872443772585,0.004302526154925396,0.011431166372996326,0.004628697614262071,0.75,1
break_even,noise10,1006,15,low_yaw,passive,15,0.7250000000000001,0.774,0.6727314078120867,0.013328400482788482,0.010687506627323515,0.004160914613985919,0.01070907881315401,0.004179122974573574,0.011047289959774734,0.00451994088952288,0.75,1
break_even,noise10,1006,15,low_yaw,always_probe,1,0.7000000000000001,0.748,0.6650794038435458,0.0157360814723177,0.029797988828155538,0.0014910274321691932,0.029804240141940094,0.0014921373632340465,0.029852228192824702,0.0014427634024755435,0.7000000000000001,1
break_even,noise10,1006,15,low_yaw,always_probe,2,0.7000000000000001,0.748,0.6681707413303457,0.01572330173118912,0.024470245871747155,0.0014860626391980472,0.024477877664818518,0.0014867653462310503,0.024786263260384755,0.0014385926877813055,0.7000000000000001,1
break_even,noise10,1006,15,low_yaw,always_probe,3,0.7000000000000001,0.748,0.6733609790970679,0.015726492608651065,0.02125551627827715,0.0014813779023946409,0.0212539824517228,0.0014818085157634723,0.021650866119816613,0.0014344579351029626,0.7000000000000001,1
break_even,noise10,1006,15,low_yaw,always_probe,4,0.7000000000000001,0.748,0.6751052084791113,0.015661071601701965,0.01904997765947515,0.0014758022423141384,0.019048321739731505,0.0014771954926969828,0.01946666816945037,0.0014303586305890582,0.7000000000000001,1
break_even,noise10,1006,15,low_yaw,always_probe,5,0.7000000000000001,0.748,0.6742263535321421,0.015604705796769959,0.017412819098659247,0.0014713703925370557,0.017413895645325222,0.0014716600671517946,0.0178331699702225,0.0014262942706089294,0.7000000000000001,1
break_even,noise10,1006,15,low_yaw,always_probe,6,0.7000000000000001,0.748,0.6733440333922652,0.015605597890960476,0.016135907222646288,0.0014662480225396568,0.016135176035122042,0.0014672094469688648,0.01655209137150357,0.0014222643614928009,0.7000000000000001,1
break_even,noise10,1006,15,low_yaw,always_probe,7,0.7000000000000001,0.748,0.6729443678673394,0.01557526032967701,0.01510251586629183,0.0014616852603627337,0.015103415132428981,0.0014621861047287674,0.01551257339813886,0.0014182684192799138,0.7000000000000001,1
break_even,noise10,1006,15,low_yaw,always_probe,8,0.7000000000000001,0.748,0.673506876023224,0.01558637214604598,0.01424470405675275,0.0014575708808542214,0.014245564995814227,0.0014576322957737795,0.014647144096525073,0.0014143059694743916,0.7000000000000001,1
break_even,noise10,1006,15,low_yaw,always_probe,9,0.7000000000000001,0.748,0.6709507373622305,0.015635120258032226,0.013518928479856447,0.0014533688640231495,0.013518912729798676,0.001453578511041331,0.013912074226596566,0.00141037654680857,0.7000000000000001,1
break_even,noise10,1006,15,low_yaw,always_probe,10,0.7000000000000001,0.748,0.6718080539105448,0.015596198574747104,0.012894256976888608,0.0014486654536540547,0.012893913044947882,0.001449289199875007,0.013277613348753974,0.0014064796950135179,0.7000000000000001,1
break_even,noise10,1006,15,low_yaw,always_probe,11,0.7000000000000001,0.748,0.6711530100909799,0.015618710289889374,0.012349915654942105,0.0014439669377436033,0.012349637155942162,0.0014447418104049847,0.012722723840218558,0.0014026149665964966,0.7000000000000001,1
break_even,noise10,1006,15,low_yaw,always_probe,12,0.7000000000000001,0.748,0.6709007159504614,0.015618015374753231,0.01186855167118598,0.001439514065142795,0.011868498120053505,0.0014400038591207264,0.012232052758146659,0.0013987819226251076,0.7000000000000001,1
break_even,noise10,1006,15,low_yaw,always_probe,13,0.7000000000000001,0.748,0.6711034508158795,0.015646598709560314,0.01143870972932791,0.001435027057519921,0.01143882195663197,0.0014356650304550964,0.011794098032419006,0.0013949801325178926,0.7000000000000001,1
break_even,noise10,1006,15,low_yaw,always_probe,14,0.7000000000000001,0.748,0.6707505567138452,0.015621566631404253,0.011052788610594558,0.0014300906881200386,0.011052987443053308,0.0014312177862357803,0.011400049440718157,0.0013912091738411635,0.7000000000000001,1
break_even,noise10,1006,15,low_yaw,always_probe,15,0.7000000000000001,0.748,0.6719609108478917,0.015664002888626558,0.010703502732399332,0.0014257020068944234,0.010703392546275423,0.0014262986646764767,0.011043029279473615,0.0013874686321118383,0.7000000000000001,1
break_even,noise10,1006,15,low_yaw,batch_aware,1,0.8,0.848,0.6737490910041473,0.012075929935979496,0.04017296637754573,0.007378192748770772,0.04022124078763978,0.007549333809777776,0.04022124078763978,0.007549333809777776,0.8,1
break_even,noise10,1006,15,low_yaw,batch_aware,2,0.775,0.8240000000000001,0.6749735514191911,0.012230972261492471,0.02846753803977301,0.00690034191502882,0.028890469420051842,0.006996603195756102,0.02936743579858267,0.0071413772002305404,0.775,1
break_even,noise10,1006,15,low_yaw,batch_aware,3,0.75,0.798,0.6801898681339559,0.012519296628285236,0.02348395195511366,0.0065125002581558145,0.023484854040632493,0.0065532713945593395,0.024247559583617007,0.006793129899621966,0.775,1
break_even,noise10,1006,15,low_yaw,batch_aware,4,0.75,0.798,0.6812075912271504,0.011753932961588949,0.020450602560485236,0.006109996433209513,0.020449300623258396,0.006222273480905255,0.02111977582333679,0.0064626215804560365,0.75,1
break_even,noise10,1006,15,low_yaw,batch_aware,5,0.75,0.798,0.678702674732959,0.011044885465499336,0.01835196291475149,0.0058316827492940196,0.01835371275694908,0.005864883683973307,0.01895581704667114,0.006176090712871402,0.75,1
break_even,noise10,1006,15,low_yaw,batch_aware,6,0.75,0.798,0.6758845901634627,0.011456486671706654,0.016788577670115542,0.00554810230460384,0.016789178603894284,0.005611903086464248,0.017344556946410187,0.005924576737492905,0.75,1
break_even,noise10,1006,15,low_yaw,batch_aware,7,0.75,0.798,0.6748416952117657,0.011284167879413096,0.0155662749576423,0.005317001730521335,0.015567126558338034,0.005362093004775686,0.016084778531372357,0.005701483071217714,0.75,1
break_even,noise10,1006,15,low_yaw,batch_aware,8,0.75,0.798,0.6752251093126784,0.011539072739158268,0.014577872478278594,0.0051384020535907415,0.014577408324216362,0.005150966311007445,0.015064844683805291,0.005501831306652838,0.75,1
break_even,noise10,1006,15,low_yaw,batch_aware,9,0.75,0.798,0.672447660435702,0.012318593723260959,0.013755960425254465,0.0049796038652444195,0.013756195634591462,0.0049897949854086346,0.0142171865104966,0.005321784194357914,0.75,1
break_even,noise10,1006,15,low_yaw,batch_aware,10,0.75,0.798,0.6727566181513804,0.012111895974621763,0.013059162450051778,0.004812649997808337,0.013059291109963025,0.004840780876194968,0.013498195907184695,0.0051583299510768186,0.75,1
break_even,noise10,1006,15,low_yaw,batch_aware,11,0.75,0.798,0.6715599844457227,0.012432432960388453,0.012459662596451386,0.004657622212659168,0.012459736776593094,0.0046910079934682,0.012878302693837837,0.005009067140842771,0.75,1
break_even,noise10,1006,15,low_yaw,batch_aware,12,0.75,0.798,0.6709571713885325,0.012605597109665688,0.01193569943728508,0.004524505716728664,0.011935435449216268,0.00454501934752322,0.012336652346703898,0.004872054331811022,0.75,1
break_even,noise10,1006,15,low_yaw,batch_aware,13,0.75,0.798,0.6711618136054305,0.012927879033923246,0.01147200979641628,0.004394246728234842,0.011471935373447477,0.004423942026082525,0.011858058918540897,0.00474570267154212,0.75,1
break_even,noise10,1006,15,low_yaw,batch_aware,14,0.75,0.798,0.6711859680509333,0.012818163913303928,0.011059251590648123,0.0042729182961427584,0.011058872443772585,0.004302526154925396,0.011431166372996326,0.004628697614262071,0.75,1
break_even,noise10,1006,15,low_yaw,batch_aware,15,0.7250000000000001,0.774,0.6727314078120867,0.013328400482788482,0.010687506627323515,0.004160914613985919,0.01070907881315401,0.004179122974573574,0.011047289959774734,0.00451994088952288,0.75,1
break_even,noise10,1006,15,low_yaw,ignore_passive,1,0.7000000000000001,0.748,0.6650794038435458,0.0157360814723177,0.029797988828155538,0.0014910274321691932,0.029804240141940094,0.0014921373632340465,0.029852228192824702,0.0014427634024755435,0.7000000000000001,1
break_even,noise10,1006,15,low_yaw,ignore_passive,2,0.7000000000000001,0.748,0.6681707413303457,0.01572330173118912,0.024470245871747155,0.0014860626391980472,0.024477877664818518,0.0014867653462310503,0.024786263260384755,0.0014385926877813055,0.7000000000000001,1
break_even,noise10,1006,15,low_yaw,ignore_passive,3,0.7000000000000001,0.748,0.6733609790970679,0.015726492608651065,0.02125551627827715,0.0014813779023946409,0.0212539824517228,0.0014818085157634723,0.021650866119816613,0.0014344579351029626,0.7000000000000001,1
break_even,noise10,1006,15,low_yaw,ignore_passive,4,0.7000000000000001,0.748,0.6751052084791113,0.015661071601701965,0.01904997765947515,0.0014758022423141384,0.019048321739731505,0.0014771954926969828,0.01946666816945037,0.0014303586305890582,0.7000000000000001,1
break_even,noise10,1006,15,low_yaw,ignore_passive,5,0.7000000000000001,0.748,0.6742263535321421,0.015604705796769959,0.017412819098659247,0.0014713703925370557,0.017413895645325222,0.0014716600671517946,0.0178331699702225,0.0014262942706089294,0.7000000000000001,1
break_even,noise10,1006,15,low_yaw,ignore_passive,6,0.7000000000000001,0.748,0.6733440333922652,0.015605597890960476,0.016135907222646288,0.0014662480225396568,0.016135176035122042,0.0014672094469688648,0.01655209137150357,0.0014222643614928009,0.7000000000000001,1
break_even,noise10,1006,15,low_yaw,ignore_passive,7,0.7000000000000001,0.748,0.6729443678673394,0.01557526032967701,0.01510251586629183,0.0014616852603627337,0.015103415132428981,0.0014621861047287674,0.01551257339813886,0.0014182684192799138,0.7000000000000001,1
break_even,noise10,1006,15,low_yaw,ignore_passive,8,0.7000000000000001,0.748,0.673506876023224,0.01558637214604598,0.01424470405675275,0.0014575708808542214,0.014245564995814227,0.0014576322957737795,0.014647144096525073,0.0014143059694743916,0.7000000000000001,1
break_even,noise10,1006,15,low_yaw,ignore_passive,9,0.7000000000000001,0.748,0.6709507373622305,0.015635120258032226,0.013518928479856447,0.0014533688640231495,0.013518912729798676,0.001453578511041331,0.013912074226596566,0.00141037654680857,0.7000000000000001,1
break_even,noise10,1006,15,low_yaw,ignore_passive,10,0.7000000000000001,0.748,0.6718080539105448,0.015596198574747104,0.012894256976888608,0.0014486654536540547,0.012893913044947882,0.001449289199875007,0.013277613348753974,0.0014064796950135179,0.7000000000000001,1
break_even,noise10,1006,15,low_yaw,ignore_passive,11,0.7000000000000001,0.748,0.6711530100909799,0.015618710289889374,0.012349915654942105,0.0014439669377436033,0.012349637155942162,0.0014447418104049847,0.012722723840218558,0.0014026149665964966,0.7000000000000001,1
break_even,noise10,1006,15,low_yaw,ignore_passive,12,0.7000000000000001,0.748,0.6709007159504614,0.015618015374753231,0.01186855167118598,0.001439514065142795,0.011868498120053505,0.0014400038591207264,0.012232052758146659,0.0013987819226251076,0.7000000000000001,1
break_even,noise10,1006,15,low_yaw,ignore_passive,13,0.7000000000000001,0.748,0.6711034508158795,0.015646598709560314,0.01143870972932791,0.001435027057519921,0.01143882195663197,0.0014356650304550964,0.011794098032419006,0.0013949801325178926,0.7000000000000001,1
break_even,noise10,1006,15,low_yaw,ignore_passive,14,0.7000000000000001,0.748,0.6707505567138452,0.015621566631404253,0.011052788610594558,0.0014300906881200386,0.011052987443053308,0.0014312177862357803,0.011400049440718157,0.0013912091738411635,0.7000000000000001,1
break_even,noise10,1006,15,low_yaw,ignore_passive,15,0.7000000000000001,0.748,0.6719609108478917,0.015664002888626558,0.010703502732399332,0.0014257020068944234,0.010703392546275423,0.0014262986646764767,0.011043029279473615,0.0013874686321118383,0.7000000000000001,1
break_even,noise10,1006,15,low_yaw,uncertainty_trigger,1,0.7000000000000001,0.748,0.6650794038435458,0.0157360814723177,0.029797988828155538,0.0014910274321691932,0.029804240141940094,0.0014921373632340465,0.029852228192824702,0.0014427634024755435,0.7000000000000001,1
break_even,noise10,1006,15,low_yaw,uncertainty_trigger,2,0.7000000000000001,0.748,0.6681707413303457,0.01572330173118912,0.024470245871747155,0.0014860626391980472,0.024477877664818518,0.0014867653462310503,0.024786263260384755,0.0014385926877813055,0.7000000000000001,1
break_even,noise10,1006,15,low_yaw,uncertainty_trigger,3,0.7000000000000001,0.748,0.6733609790970679,0.015726492608651065,0.02125551627827715,0.0014813779023946409,0.0212539824517228,0.0014818085157634723,0.021650866119816613,0.0014344579351029626,0.7000000000000001,1
break_even,noise10,1006,15,low_yaw,uncertainty_trigger,4,0.7000000000000001,0.748,0.6751052084791113,0.015661071601701965,0.01904997765947515,0.0014758022423141384,0.019048321739731505,0.0014771954926969828,0.01946666816945037,0.0014303586305890582,0.7000000000000001,1
break_even,noise10,1006,15,low_yaw,uncertainty_trigger,5,0.7000000000000001,0.748,0.6742263535321421,0.015604705796769959,0.017412819098659247,0.0014713703925370557,0.017413895645325222,0.0014716600671517946,0.0178331699702225,0.0014262942706089294,0.7000000000000001,1
break_even,noise10,1006,15,low_yaw,uncertainty_trigger,6,0.7000000000000001,0.748,0.6733440333922652,0.015605597890960476,0.016135907222646288,0.0014662480225396568,0.016135176035122042,0.0014672094469688648,0.01655209137150357,0.0014222643614928009,0.7000000000000001,1
break_even,noise10,1006,15,low_yaw,uncertainty_trigger,7,0.7000000000000001,0.748,0.6729443678673394,0.01557526032967701,0.01510251586629183,0.0014616852603627337,0.015103415132428981,0.0014621861047287674,0.01551257339813886,0.0014182684192799138,0.7000000000000001,1
break_even,noise10,1006,15,low_yaw,uncertainty_trigger,8,0.7000000000000001,0.748,0.673506876023224,0.01558637214604598,0.01424470405675275,0.0014575708808542214,0.014245564995814227,0.0014576322957737795,0.014647144096525073,0.0014143059694743916,0.7000000000000001,1
break_even,noise10,1006,15,low_yaw,uncertainty_trigger,9,0.7000000000000001,0.748,0.6709507373622305,0.015635120258032226,0.013518928479856447,0.0014533688640231495,0.013518912729798676,0.001453578511041331,0.013912074226596566,0.00141037654680857,0.7000000000000001,1
break_even,noise10,1006,15,low_yaw,uncertainty_trigger,10,0.7000000000000001,0.748,0.6718080539105448,0.015596198574747104,0.012894256976888608,0.0014486654536540547,0.012893913044947882,0.001449289199875007,0.013277613348753974,0.0014064796950135179,0.7000000000000001,1
break_even,noise10,1006,15,low_yaw,uncertainty_trigger,11,0.7000000000000001,0.748,0.6711530100909799,0.015618710289889374,0.012349915654942105,0.0014439669377436033,0.012349637155942162,0.0014447418104049847,0.012722723840218558,0.0014026149665964966,0.7000000000000001,1
break_even,noise10,1006,15,low_yaw,uncertainty_trigger,12,0.7000000000000001,0.748,0.6709007159504614,0.015618015374753231,0.01186855167118598,0.001439514065142795,0.011868498120053505,0.0014400038591207264,0.012232052758146659,0.0013987819226251076,0.7000000000000001,1
break_even,noise10,1006,15,low_yaw,uncertainty_trigger,13,0.7000000000000001,0.748,0.6711034508158795,0.015646598709560314,0.01143870972932791,0.001435027057519921,0.01143882195663197,0.0014356650304550964,0.011794098032419006,0.0013949801325178926,0.7000000000000001,1
break_even,noise10,1006,15,low_yaw,uncertainty_trigger,14,0.7000000000000001,0.748,0.6707505567138452,0.015621566631404253,0.011052788610594558,0.0014300906881200386,0.011052987443053308,0.0014312177862357803,0.011400049440718157,0.0013912091738411635,0.7000000000000001,1
break_even,noise10,1006,15,low_yaw,uncertainty_trigger,15,0.7000000000000001,0.748,0.6719609108478917,0.015664002888626558,0.010703502732399332,0.0014257020068944234,0.010703392546275423,0.0014262986646764767,0.011043029279473615,0.0013874686321118383,0.7000000000000001,1
break_even,noise10,1007,15,low_yaw,passive,1,0.8,0.848,0.30072017737117007,0.0120304995376881,0.03775301404211927,0.007402819806392136,0.03783089135499489,0.007548404303672327,0.03783089135499489,0.007548404303672327,0.8,1
break_even,noise10,1007,15,low_yaw,passive,2,0.8,0.848,0.2970313904977161,0.01207908247970408,0.02744474994651502,0.0068689393291863805,0.027454392197165254,0.00703240232661875,0.027882008925996092,0.0071746335618751165,0.8,1
break_even,noise10,1007,15,low_yaw,passive,3,0.775,0.8240000000000001,0.2949989182059095,0.012425697725959684,0.02262607730967806,0.006462428014725523,0.022838182680291617,0.006557784636834984,0.023100596977368066,0.0068514001741532314,0.8,1
break_even,noise10,1007,15,low_yaw,passive,4,0.775,0.8240000000000001,0.29714792447286453,0.01300514076058515,0.019692184011619727,0.006163142226035238,0.019830535130441983,0.006202975909058372,0.020304752120757563,0.006542138795601209,0.775,1
break_even,noise10,1007,15,low_yaw,passive,5,0.775,0.8240000000000001,0.2953821236691309,0.012976010215207506,0.017664842325691613,0.005870602683290993,0.017766674450770795,0.005938740802864607,0.018327483209312403,0.00627129944682359,0.775,1
break_even,noise10,1007,15,low_yaw,passive,6,0.775,0.8240000000000001,0.29641946558592264,0.013216877670458885,0.0161586375534318,0.005620078030833131,0.016235742633215047,0.005676412103117266,0.016834220242688262,0.006031533086793912,0.775,1
break_even,noise10,1007,15,low_yaw,passive,7,0.775,0.8240000000000001,0.2951174245217532,0.013555833765719954,0.01497987758589285,0.005405204176554558,0.015042050433443564,0.005448010587200504,0.01565506707636295,0.005817319121398122,0.775,1
break_even,noise10,1007,15,low_yaw,passive,8,0.775,0.8240000000000001,0.2956864210805308,0.01436476890404643,0.014026048849343798,0.005225354930735326,0.01407650516905365,0.005253868459700353,0.014693384905924773,0.005624419226755298,0.775,1
break_even,noise10,1007,15,low_yaw,passive,9,0.775,0.8240000000000001,0.2972992335597619,0.013906344648223087,0.013234464940087419,0.005045377118466746,0.013277185841113332,0.005088396039742813,0.013889616517084381,0.0054495181939476925,0.775,1
break_even,noise10,1007,15,low_yaw,passive,10,0.775,0.8240000000000001,0.29826896687408844,0.013666795681106732,0.012563618202897699,0.004891724453290323,0.012600359808416901,0.004921186109613181,0.013204793174516116,0.005289980537535484,0.775,1
break_even,noise10,1007,15,low_yaw,passive,11,0.775,0.8240000000000001,0.2974642056035611,0.01414427717848405,0.011985430202686418,0.004746362361502675,0.012017230050256903,0.004777815080962709,0.01261220365514084,0.005143681206345079,0.775,1
break_even,noise10,1007,15,low_yaw,passive,12,0.775,0.8240000000000001,0.2984750305696057,0.01450917972410915,0.011480930984995233,0.004630010581666485,0.011508418783502278,0.004644224006758547,0.012092844588237863,0.005008885129242352,0.775,1
break_even,noise10,1007,15,low_yaw,passive,13,0.75,0.798,0.29865013669630797,0.013803998656604963,0.011059320092340482,0.00449709061346945,0.011059421850271449,0.004526487391928384,0.01163277795737999,0.004884159775149515,0.775,1
break_even,noise10,1007,15,low_yaw,passive,14,0.75,0.798,0.2995043546984757,0.01376541993016009,0.010680638290713623,0.004374154957952333,0.010681329897421158,0.004394842582251357,0.011221517680622135,0.004768310540183136,0.775,1
break_even,noise10,1007,15,low_yaw,passive,15,0.75,0.798,0.29893166547791583,0.013791923986560576,0.01033858817542512,0.004266819903243754,0.010338764476354834,0.004282932959167807,0.010851002884968075,0.0046603322377229035,0.775,1
break_even,noise10,1007,15,low_yaw,always_probe,1,0.7250000000000001,0.774,0.30184731766034606,0.020157080942211893,0.0282747904819994,0.0015167258723054993,0.028695184870709413,0.0015178558553081097,0.028717564350147242,0.00144325619815817,0.7250000000000001,1
break_even,noise10,1007,15,low_yaw,always_probe,2,0.7250000000000001,0.774,0.2975561910232917,0.020108977515513993,0.023313007340626857,0.001511759177585736,0.023546745230115473,0.0015129254575488348,0.02405617880708162,0.0014394933870912796,0.7250000000000001,1
break_even,noise10,1007,15,low_yaw,always_probe,3,0.7250000000000001,0.774,0.2957641736947079,0.020084980156988782,0.02028758436167876,0.0015073689573968179,0.020440893999277485,0.0015081193889523465,0.021112560121011953,0.0014357598542303908,0.7250000000000001,1
break_even,noise10,1007,15,low_yaw,always_probe,4,0.7250000000000001,0.774,0.29760467302321436,0.02008641049775621,0.0181999011791815,0.0015036744194042635,0.01830953862430034,0.0015037608893079609,0.01903844541570334,0.0014320552218478743,0.7250000000000001,1
break_even,noise10,1007,15,low_yaw,always_probe,5,0.7250000000000001,0.774,0.2959517795941676,0.02004970449032758,0.016646689579004788,0.0014992837084088666,0.016731821091699427,0.0015000817231637742,0.01747580393539047,0.0014283791190035423,0.7250000000000001,1
break_even,noise10,1007,15,low_yaw,always_probe,6,0.7250000000000001,0.774,0.29669812807198753,0.02002943348197183,0.015434238822448362,0.001495172815623809,0.015501725252430886,0.0014957350573560771,0.016243953980457814,0.0014247311813886379,0.7250000000000001,1
break_even,noise10,1007,15,low_yaw,always_probe,7,0.7250000000000001,0.774,0.29557579790509936,0.020016483647932234,0.014452285898045304,0.001490864134320391,0.014507462502344366,0.001491620591051826,0.01524055727335517,0.0014211110511741865,0.7250000000000001,1
break_even,noise10,1007,15,low_yaw,always_probe,8,0.7250000000000001,0.774,0.2962121436643189,0.020050260856116216,0.013635915484632074,0.0014870123717216717,0.013682197042185758,0.0014873663067672524,0.014402739026878395,0.0014175183768635612,0.7250000000000001,1
break_even,noise10,1007,15,low_yaw,always_probe,9,0.7250000000000001,0.774,0.2978301369193946,0.020006317202219952,0.01294422306767432,0.0014830232700959074,0.012984308838600897,0.0014835037279531875,0.013689456866760076,0.0014139528131491288,0.7250000000000001,1
break_even,noise10,1007,15,low_yaw,always_probe,10,0.7250000000000001,0.774,0.2985893801146525,0.019957817323005604,0.012348445939814942,0.0014788265202737366,0.012383358053824846,0.0014795519100817844,0.01307263059904727,0.0014104140207728442,0.7250000000000001,1
break_even,noise10,1007,15,low_yaw,always_probe,11,0.7250000000000001,0.774,0.2981694493020665,0.01996121966560567,0.011828077828628254,0.0014746508153835576,0.011858607520284233,0.0014753824029714838,0.012532313070791798,0.0014069016663906617,0.7250000000000001,1
break_even,noise10,1007,15,low_yaw,always_probe,12,0.7250000000000001,0.774,0.2997059165001374,0.019980414452435848,0.011369167191376593,0.0014709268944071807,0.01139561531252223,0.0014712640258734465,0.012053892315630562,0.0014034154224406425,0.7250000000000001,1
break_even,noise10,1007,15,low_yaw,always_probe,13,0.7250000000000001,0.774,0.29978720258761804,0.019878073259010545,0.010959179949804287,0.0014668411991620204,0.010983162477213156,0.0014675692730018789,0.01162638676073372,0.0013999549670146393,0.7250000000000001,1
break_even,noise10,1007,15,low_yaw,always_probe,14,0.7250000000000001,0.774,0.30055242054217923,0.019840456138480615,0.010590221974424064,0.0014626870068104026,0.010612454022766232,0.0014633142112830003,0.011241362203275852,0.0013965199837334458,0.7250000000000001,1
break_even,noise10,1007,15,low_yaw,always_probe,15,0.7250000000000001,0.774,0.29992218713403335,0.019809346413033647,0.010256401280347188,0.0014589049366684683,0.010276145184581323,0.0014592937383334488,0.01089221918141336,0.0013931101616252966,0.7250000000000001,1
break_even,noise10,1007,15,low_yaw,batch_aware,1,0.8,0.848,0.30072017737117007,0.0120304995376881,0.03775301404211927,0.007402819806392136,0.03783089135499489,0.007548404303672327,0.03783089135499489,0.007548404303672327,0.8,1
break_even,noise10,1007,15,low_yaw,batch_aware,2,0.8,0.848,0.2970313904977161,0.01207908247970408,0.02744474994651502,0.0068689393291863805,0.027454392197165254,0.00703240232661875,0.027882008925996092,0.0071746335618751165,0.8,1
break_even,noise10,1007,15,low_yaw,batch_aware,3,0.775,0.8240000000000001,0.2949989182059095,0.012425697725959684,0.02262607730967806,0.006462428014725523,0.022838182680291617,0.006557784636834984,0.023100596977368066,0.0068514001741532314,0.8,1
break_even,noise10,1007,15,low_yaw,batch_aware,4,0.775,0.8240000000000001,0.29714792447286453,0.01300514076058515,0.019692184011619727,0.006163142226035238,0.019830535130441983,0.006202975909058372,0.020304752120757563,0.006542138795601209,0.775,1
break_even,noise10,1007,15,low_yaw,batch_aware,5,0.775,0.8240000000000001,0.2953821236691309,0.012976010215207506,0.017664842325691613,0.005870602683290993,0.017766674450770795,0.005938740802864607,0.018327483209312403,0.00627129944682359,0.775,1
break_even,noise10,1007,15,low_yaw,batch_aware,6,0.775,0.8240000000000001,0.29641946558592264,0.013216877670458885,0.0161586375534318,0.005620078030833131,0.016235742633215047,0.005676412103117266,0.016834220242688262,0.006031533086793912,0.775,1
break_even,noise10,1007,15,low_yaw,batch_aware,7,0.775,0.8240000000000001,0.2951174245217532,0.013555833765719954,0.01497987758589285,0.005405204176554558,0.015042050433443564,0.005448010587200504,0.01565506707636295,0.005817319121398122,0.775,1
break_even,noise10,1007,15,low_yaw,batch_aware,8,0.775,0.8240000000000001,0.2956864210805308,0.01436476890404643,0.014026048849343798,0.005225354930735326,0.01407650516905365,0.005253868459700353,0.014693384905924773,0.005624419226755298,0.775,1
break_even,noise10,1007,15,low_yaw,batch_aware,9,0.775,0.8240000000000001,0.2972992335597619,0.013906344648223087,0.013234464940087419,0.005045377118466746,0.013277185841113332,0.005088396039742813,0.013889616517084381,0.0054495181939476925,0.775,1
break_even,noise10,1007,15,low_yaw,batch_aware,10,0.775,0.8240000000000001,0.29826896687408844,0.013666795681106732,0.012563618202897699,0.004891724453290323,0.012600359808416901,0.004921186109613181,0.013204793174516116,0.005289980537535484,0.775,1
break_even,noise10,1007,15,low_yaw,batch_aware,11,0.775,0.8240000000000001,0.2974642056035611,0.01414427717848405,0.011985430202686418,0.004746362361502675,0.012017230050256903,0.004777815080962709,0.01261220365514084,0.005143681206345079,0.775,1
break_even,noise10,1007,15,low_yaw,batch_aware,12,0.775,0.8240000000000001,0.2984750305696057,0.01450917972410915,0.011480930984995233,0.004630010581666485,0.011508418783502278,0.004644224006758547,0.012092844588237863,0.005008885129242352,0.775,1
break_even,noise10,1007,15,low_yaw,batch_aware,13,0.75,0.798,0.29865013669630797,0.013803998656604963,0.011059320092340482,0.00449709061346945,0.011059421850271449,0.004526487391928384,0.01163277795737999,0.004884159775149515,0.775,1
break_even,noise10,1007,15,low_yaw,batch_aware,14,0.75,0.798,0.2995043546984757,0.01376541993016009,0.010680638290713623,0.004374154957952333,0.010681329897421158,0.004394842582251357,0.011221517680622135,0.004768310540183136,0.775,1
break_even,noise10,1007,15,low_yaw,batch_aware,15,0.75,0.798,0.29893166547791583,0.013791923986560576,0.01033858817542512,0.004266819903243754,0.010338764476354834,0.004282932959167807,0.010851002884968075,0.0046603322377229035,0.775,1
break_even,noise10,1007,15,low_yaw,ignore_passive,1,0.7250000000000001,0.774,0.30184731766034606,0.020157080942211893,0.0282747904819994,0.0015167258723054993,0.028695184870709413,0.0015178558553081097,0.028717564350147242,0.00144325619815817,0.7250000000000001,1
break_even,noise10,1007,15,low_yaw,ignore_passive,2,0.7250000000000001,0.774,0.2975561910232917,0.020108977515513993,0.023313007340626857,0.001511759177585736,0.023546745230115473,0.0015129254575488348,0.02405617880708162,0.0014394933870912796,0.7250000000000001,1
break_even,noise10,1007,15,low_yaw,ignore_passive,3,0.7250000000000001,0.774,0.2957641736947079,0.020084980156988782,0.02028758436167876,0.0015073689573968179,0.020440893999277485,0.0015081193889523465,0.021112560121011953,0.0014357598542303908,0.7250000000000001,1
break_even,noise10,1007,15,low_yaw,ignore_passive,4,0.7250000000000001,0.774,0.29760467302321436,0.02008641049775621,0.0181999011791815,0.0015036744194042635,0.01830953862430034,0.0015037608893079609,0.01903844541570334,0.0014320552218478743,0.7250000000000001,1
break_even,noise10,1007,15,low_yaw,ignore_passive,5,0.7250000000000001,0.774,0.2959517795941676,0.02004970449032758,0.016646689579004788,0.0014992837084088666,0.016731821091699427,0.0015000817231637742,0.01747580393539047,0.0014283791190035423,0.7250000000000001,1
break_even,noise10,1007,15,low_yaw,ignore_passive,6,0.7250000000000001,0.774,0.29669812807198753,0.02002943348197183,0.015434238822448362,0.001495172815623809,0.015501725252430886,0.0014957350573560771,0.016243953980457814,0.0014247311813886379,0.7250000000000001,1
break_even,noise10,1007,15,low_yaw,ignore_passive,7,0.7250000000000001,0.774,0.29557579790509936,0.020016483647932234,0.014452285898045304,0.001490864134320391,0.014507462502344366,0.001491620591051826,0.01524055727335517,0.0014211110511741865,0.7250000000000001,1
break_even,noise10,1007,15,low_yaw,ignore_passive,8,0.7250000000000001,0.774,0.2962121436643189,0.020050260856116216,0.013635915484632074,0.0014870123717216717,0.013682197042185758,0.0014873663067672524,0.014402739026878395,0.0014175183768635612,0.7250000000000001,1
break_even,noise10,1007,15,low_yaw,ignore_passive,9,0.7250000000000001,0.774,0.2978301369193946,0.020006317202219952,0.01294422306767432,0.0014830232700959074,0.012984308838600897,0.0014835037279531875,0.013689456866760076,0.0014139528131491288,0.7250000000000001,1
break_even,noise10,1007,15,low_yaw,ignore_passive,10,0.7250000000000001,0.774,0.2985893801146525,0.019957817323005604,0.012348445939814942,0.0014788265202737366,0.012383358053824846,0.0014795519100817844,0.01307263059904727,0.0014104140207728442,0.7250000000000001,1
break_even,noise10,1007,15,low_yaw,ignore_passive,11,0.7250000000000001,0.774,0.2981694493020665,0.01996121966560567,0.011828077828628254,0.0014746508153835576,0.011858607520284233,0.0014753824029714838,0.012532313070791798,0.0014069016663906617,0.7250000000000001,1
break_even,noise10,1007,15,low_yaw,ignore_passive,12,0.7250000000000001,0.774,0.2997059165001374,0.019980414452435848,0.011369167191376593,0.0014709268944071807,0.01139561531252223,0.0014712640258734465,0.012053892315630562,0.0014034154224406425,0.7250000000000001,1
break_even,noise10,1007,15,low_yaw,ignore_passive,13,0.7250000000000001,0.774,0.29978720258761804,0.019878073259010545,0.010959179949804287,0.0014668411991620204,0.010983162477213156,0.0014675692730018789,0.01162638676073372,0.0013999549670146393,0.7250000000000001,1
break_even,noise10,1007,15,low_yaw,ignore_passive,14,0.7250000000000001,0.774,0.30055242054217923,0.019840456138480615,0.010590221974424064,0.0014626870068104026,0.010612454022766232,0.0014633142112830003,0.011241362203275852,0.0013965199837334458,0.7250000000000001,1
break_even,noise10,1007,15,low_yaw,ignore_passive,15,0.7250000000000001,0.774,0.29992218713403335,0.019809346413033647,0.010256401280347188,0.0014589049366684683,0.010276145184581323,0.0014592937383334488,0.01089221918141336,0.0013931101616252966,0.7250000000000001,1
break_even,noise10,1007,15,low_yaw,uncertainty_trigger,1,0.7250000000000001,0.774,0.30184731766034606,0.020157080942211893,0.0282747904819994,0.0015167258723054993,0.028695184870709413,0.0015178558553081097,0.028717564350147242,0.00144325619815817,0.7250000000000001,1
break_even,noise10,1007,15,low_yaw,uncertainty_trigger,2,0.7250000000000001,0.774,0.2975561910232917,0.020108977515513993,0.023313007340626857,0.001511759177585736,0.023546745230115473,0.0015129254575488348,0.02405617880708162,0.0014394933870912796,0.7250000000000001,1
break_even,noise10,1007,15,low_yaw,uncertainty_trigger,3,0.7250000000000001,0.774,0.2957641736947079,0.020084980156988782,0.02028758436167876,0.0015073689573968179,0.020440893999277485,0.0015081193889523465,0.021112560121011953,0.0014357598542303908,0.7250000000000001,1
break_even,noise10,1007,15,low_yaw,uncertainty_trigger,4,0.7250000000000001,0.774,0.29760467302321436,0.02008641049775621,0.0181999011791815,0.0015036744194042635,0.01830953862430034,0.0015037608893079609,0.01903844541570334,0.0014320552218478743,0.7250000000000001,1
break_even,noise10,1007,15,low_yaw,uncertainty_trigger,5,0.7250000000000001,0.774,0.2959517795941676,0.02004970449032758,0.016646689579004788,0.0014992837084088666,0.016731821091699427,0.0015000817231637742,0.01747580393539047,0.0014283791190035423,0.7250000000000001,1
break_even,noise10,1007,15,low_yaw,uncertainty_trigger,6,0.7250000000000001,0.774,0.29669812807198753,0.02002943348197183,0.015434238822448362,0.001495172815623809,0.015501725252430886,0.0014957350573560771,0.016243953980457814,0.0014247311813886379,0.7250000000000001,1
break_even,noise10,1007,15,low_yaw,uncertainty_trigger,7,0.7250000000000001,0.774,0.29557579790509936,0.020016483647932234,0.014452285898045304,0.001490864134320391,0.014507462502344366,0.001491620591051826,0.01524055727335517,0.0014211110511741865,0.7250000000000001,1
break_even,noise10,1007,15,low_yaw,uncertainty_trigger,8,0.7250000000000001,0.774,0.2962121436643189,0.020050260856116216,0.013635915484632074,0.0014870123717216717,0.013682197042185758,0.0014873663067672524,0.014402739026878395,0.0014175183768635612,0.7250000000000001,1
break_even,noise10,1007,15,low_yaw,uncertainty_trigger,9,0.7250000000000001,0.774,0.2978301369193946,0.020006317202219952,0.01294422306767432,0.0014830232700959074,0.012984308838600897,0.0014835037279531875,0.013689456866760076,0.0014139528131491288,0.7250000000000001,1
break_even,noise10,1007,15,low_yaw,uncertainty_trigger,10,0.7250000000000001,0.774,0.2985893801146525,0.019957817323005604,0.012348445939814942,0.0014788265202737366,0.012383358053824846,0.0014795519100817844,0.01307263059904727,0.0014104140207728442,0.7250000000000001,1
break_even,noise10,1007,15,low_yaw,uncertainty_trigger,11,0.7250000000000001,0.774,0.2981694493020665,0.01996121966560567,0.011828077828628254,0.0014746508153835576,0.011858607520284233,0.0014753824029714838,0.012532313070791798,0.0014069016663906617,0.7250000000000001,1
break_even,noise10,1007,15,low_yaw,uncertainty_trigger,12,0.7250000000000001,0.774,0.2997059165001374,0.019980414452435848,0.011369167191376593,0.0014709268944071807,0.01139561531252223,0.0014712640258734465,0.012053892315630562,0.0014034154224406425,0.7250000000000001,1
break_even,noise10,1007,15,low_yaw,uncertainty_trigger,13,0.7250000000000001,0.774,0.29978720258761804,0.019878073259010545,0.010959179949804287,0.0014668411991620204,0.010983162477213156,0.0014675692730018789,0.01162638676073372,0.0013999549670146393,0.7250000000000001,1
break_even,noise10,1007,15,low_yaw,uncertainty_trigger,14,0.7250000000000001,0.774,0.30055242054217923,0.019840456138480615,0.010590221974424064,0.0014626870068104026,0.010612454022766232,0.0014633142112830003,0.011241362203275852,0.0013965199837334458,0.7250000000000001,1
break_even,noise10,1007,15,low_yaw,uncertainty_trigger,15,0.7250000000000001,0.774,0.29992218713403335,0.019809346413033647,0.010256401280347188,0.0014589049366684683,0.010276145184581323,0.0014592937383334488,0.01089221918141336,0.0013931101616252966,0.7250000000000001,1
break_even,noise10,1008,15,low_yaw,passive,1,0.75,0.798,0.45240436358082475,0.012440019795193281,0.04003777826514909,0.0073592369968512,0.040097475077019364,0.007461666461376143,0.040097475077019364,0.007461666461376143,0.75,1
break_even,noise10,1008,15,low_yaw,passive,2,0.75,0.798,0.4424463520264737,0.012352676238623439,0.02875435553792855,0.006740658800798926,0.028755121951258657,0.006941333985306811,0.029235517493136295,0.007029957931118399,0.75,1
break_even,noise10,1008,15,low_yaw,passive,3,0.7250000000000001,0.774,0.44431817362953774,0.012043883197407639,0.023599316800490114,0.006234666674896655,0.023844407406714892,0.006375359519615331,0.024380533727288607,0.006630138528322204,0.7250000000000001,1
break_even,noise10,1008,15,low_yaw,passive,4,0.7250000000000001,0.774,0.4417414361135621,0.01280126261876342,0.02048933565333926,0.0058708230729515335,0.02064756129296705,0.0059501868505798415,0.02134580610927713,0.006291596153109085,0.7250000000000001,1
break_even,noise10,1008,15,low_yaw,passive,5,0.7250000000000001,0.774,0.44136802649827606,0.012813799664679236,0.018354286387318983,0.005538769350095832,0.018468395961885525,0.005635636461305797,0.019219904746121407,0.006000124394136738,0.7250000000000001,1
break_even,noise10,1008,15,low_yaw,passive,6,0.7250000000000001,0.774,0.441066014021436,0.01245916935608207,0.016775389790864084,0.005299580129241513,0.016859971923960063,0.005334304907904716,0.017624279566984605,0.005745737817279272,0.7250000000000001,1
break_even,noise10,1008,15,low_yaw,passive,7,0.7250000000000001,0.774,0.44073576293283984,0.012865715674960976,0.015540939744989577,0.005073893793174082,0.015610120324953142,0.005122338534446292,0.016369755408458902,0.005521185313643817,0.7250000000000001,1
break_even,noise10,1008,15,low_yaw,passive,8,0.7250000000000001,0.774,0.440515132744055,0.013541796559546241,0.014545664908144972,0.004857236286359128,0.014601317868489188,0.0049197576059100264,0.015349893521976892,0.005321057086995263,0.7250000000000001,1
break_even,noise10,1008,15,low_yaw,passive,9,0.7250000000000001,0.774,0.43849192093750183,0.01374414934983643,0.01372056801647549,0.004693849351385386,0.013767041309960742,0.004723088130265247,0.014499615177901767,0.005141224046948348,0.7250000000000001,1
break_even,noise10,1008,15,low_yaw,passive,10,0.7250000000000001,0.774,0.43792581121285185,0.013864104313778294,0.013021395039686863,0.004524528608201065,0.013061191376051978,0.004572337135959176,0.013776595408949252,0.004978472626656016,0.7250000000000001,1
break_even,noise10,1008,15,low_yaw,passive,11,0.7000000000000001,0.748,0.4377276475823539,0.014152497471286328,0.012455055934835063,0.004370010044853078,0.01245432712518972,0.004405034348336715,0.01315196036224515,0.0048302593025315605,0.7250000000000001,1
break_even,noise10,1008,15,low_yaw,passive,12,0.7000000000000001,0.748,0.43796346414124954,0.014399032947723798,0.011954393043973107,0.00424473609714489,0.01195528154188644,0.004255060059777089,0.012605247167137472,0.0046945410477262995,0.7250000000000001,1
break_even,noise10,1008,15,low_yaw,passive,13,0.7000000000000001,0.748,0.43813788216457106,0.014393749114022782,0.01151059245213091,0.0041148352504971125,0.011510938221002668,0.004146028591079496,0.0121214951052637,0.004569655435369372,0.7250000000000001,1
break_even,noise10,1008,15,low_yaw,passive,14,0.7000000000000001,0.748,0.4381116086360092,0.014276790180028923,0.011113103781310321,0.00399720991430592,0.011112912714239285,0.004022724053141438,0.011689478802402413,0.004454234075590528,0.7250000000000001,1
break_even,noise10,1008,15,low_yaw,passive,15,0.7000000000000001,0.748,0.4383749739076333,0.014287869647020432,0.010754304474552093,0.0038928635215101704,0.010754322206851644,0.003913626437465776,0.01130058877269193,0.004347138959850481,0.7250000000000001,1
break_even,noise10,1008,15,low_yaw,always_probe,1,0.675,0.724,0.44384487920619026,0.020253784411025395,0.02920902874544906,0.0015174831758127383,0.029661596911714435,0.0015176207608734538,0.029708548058457133,0.0014420991758990944,0.675,1
break_even,noise10,1008,15,low_yaw,always_probe,2,0.675,0.724,0.4394409970044822,0.02018607076731462,0.024090490336733984,0.001511351084749213,0.024352312208817718,0.0015129141406245675,0.024925296229904262,0.0014374623748517053,0.675,1
break_even,noise10,1008,15,low_yaw,always_probe,3,0.675,0.724,0.44120188671863975,0.020126360228958685,0.02097578629925427,0.0015055819568184814,0.02114454547786317,0.0015067179148232604,0.02189388990593774,0.0014328700144074166,0.675,1
break_even,noise10,1008,15,low_yaw,always_probe,4,0.675,0.724,0.4388702493634865,0.020116871034572246,0.018819403169734905,0.001500344997079941,0.01894194006812001,0.0015011362497794314,0.01975352205211325,0.0014283213891835567,0.675,1
break_even,noise10,1008,15,low_yaw,always_probe,5,0.675,0.724,0.43886454299266825,0.020070837249107312,0.017216600820198307,0.0014946512956969852,0.017309604921818773,0.0014959571609141802,0.01813880429956713,0.0014238158093732311,0.675,1
break_even,noise10,1008,15,low_yaw,always_probe,6,0.675,0.724,0.4394190065342373,0.02001433525552529,0.01596526020067328,0.001489872208584557,0.016038769771449017,0.0014901977452907726,0.016864701210908547,0.0014193526003058972,0.675,1
break_even,noise10,1008,15,low_yaw,always_probe,7,0.675,0.724,0.43948709089496474,0.020002890416940155,0.014950974190532422,0.0014850525199222387,0.015011262620444695,0.0014855412298853791,0.01582616042253654,0.0014149311020229885,0.675,1
break_even,noise10,1008,15,low_yaw,always_probe,8,0.675,0.724,0.43962371583638243,0.020010186120048592,0.014108980248042722,0.001479666359882696,0.014159341945846777,0.0014807834174582577,0.014958528357870543,0.0014105506688680018,0.675,1
break_even,noise10,1008,15,low_yaw,always_probe,9,0.675,0.724,0.43774010830699417,0.01999907104579354,0.013395156359653385,0.0014748771034411496,0.013438330292272795,0.0014754384823751558,0.014219546003628146,0.001406210669090445,0.675,1
break_even,noise10,1008,15,low_yaw,always_probe,10,0.675,0.724,0.43738976257844936,0.01997300279879891,0.012779295267962825,0.001469191177294548,0.012817101046251257,0.0014706722520008194,0.013580270767142485,0.0014019104844631188,0.675,1
break_even,noise10,1008,15,low_yaw,always_probe,11,0.675,0.724,0.4372236188700343,0.019965877064525437,0.012242414707985327,0.001464181874881352,0.012274717090570916,0.0014650539876857448,0.013020125600086465,0.0013976495099121886,0.675,1
break_even,noise10,1008,15,low_yaw,always_probe,12,0.675,0.724,0.43749062451733145,0.019952090222492617,0.011765734505751791,0.001459629697638389,0.011795893106767671,0.001459824304096385,0.012524026642230377,0.001393427153159549,0.675,1
break_even,noise10,1008,15,low_yaw,always_probe,13,0.675,0.724,0.4376930582155016,0.019913941988808956,0.011341649715136086,0.0014544454023795045,0.011368223527389823,0.0014555478581761154,0.012080631045997913,0.001389242834377005,0.675,1
break_even,noise10,1008,15,low_yaw,always_probe,14,0.675,0.724,0.43769278990944765,0.01986272409705799,0.010960629456084574,0.0014494299871307093,0.010984120413491782,0.0014503240763725073,0.011681222795769506,0.0013850959858518045,0.675,1
break_even,noise10,1008,15,low_yaw,always_probe,15,0.675,0.724,0.43797709396073164,0.01982652859705436,0.010615767787897355,0.001444701645334556,0.010637279364713646,0.0014453997778852243,0.01131897898711101,0.0013809860516630925,0.675,1
break_even,noise10,1008,15,low_yaw,batch_aware,1,0.75,0.798,0.45240436358082475,0.012440019795193281,0.04003777826514909,0.0073592369968512,0.040097475077019364,0.007461666461376143,0.040097475077019364,0.007461666461376143,0.75,1
break_even,noise10,1008,15,low_yaw,batch_aware,2,0.75,0.798,0.4424463520264737,0.012352676238623439,0.02875435553792855,0.006740658800798926,0.028755121951258657,0.006941333985306811,0.029235517493136295,0.007029957931118399,0.75,1
break_even,noise10,1008,15,low_yaw,batch_aware,3,0.7250000000000001,0.774,0.44431817362953774,0.012043883197407639,0.023599316800490114,0.006234666674896655,0.023844407406714892,0.006375359519615331,0.024380533727288607,0.006630138528322204,0.7250000000000001,1
break_even,noise10,1008,15,low_yaw,batch_aware,4,0.7250000000000001,0.774,0.4417414361135621,0.01280126261876342,0.02048933565333926,0.0058708230729515335,0.02064756129296705,0.0059501868505798415,0.02134580610927713,0.006291596153109085,0.7250000000000001,1
break_even,noise10,1008,15,low_yaw,batch_aware,5,0.7250000000000001,0.774,0.44136802649827606,0.012813799664679236,0.018354286387318983,0.005538769350095832,0.018468395961885525,0.005635636461305797,0.019219904746121407,0.006000124394136738,0.7250000000000001,1
break_even,noise10,1008,15,low_yaw,batch_aware,6,0.7250000000000001,0.774,0.441066014021436,0.01245916935608207,0.016775389790864084,0.005299580129241513,0.016859971923960063,0.005334304907904716,0.017624279566984605,0.005745737817279272,0.7250000000000001,1
break_even,noise10,1008,15,low_yaw,batch_aware,7,0.7250000000000001,0.774,0.44073576293283984,0.012865715674960976,0.015540939744989577,0.005073893793174082,0.015610120324953142,0.005122338534446292,0.016369755408458902,0.005521185313643817,0.7250000000000001,1
break_even,noise10,1008,15,low_yaw,batch_aware,8,0.7250000000000001,0.774,0.440515132744055,0.013541796559546241,0.014545664908144972,0.004857236286359128,0.014601317868489188,0.0049197576059100264,0.015349893521976892,0.005321057086995263,0.7250000000000001,1
break_even,noise10,1008,15,low_yaw,batch_aware,9,0.7250000000000001,0.774,0.43849192093750183,0.01374414934983643,0.01372056801647549,0.004693849351385386,0.013767041309960742,0.004723088130265247,0.014499615177901767,0.005141224046948348,0.7250000000000001,1
break_even,noise10,1008,15,low_yaw,batch_aware,10,0.7250000000000001,0.774,0.43792581121285185,0.013864104313778294,0.013021395039686863,0.004524528608201065,0.013061191376051978,0.004572337135959176,0.013776595408949252,0.004978472626656016,0.7250000000000001,1
break_even,noise10,1008,15,low_yaw,batch_aware,11,0.7000000000000001,0.748,0.4377276475823539,0.014152497471286328,0.012455055934835063,0.004370010044853078,0.01245432712518972,0.004405034348336715,0.01315196036224515,0.0048302593025315605,0.7250000000000001,1
break_even,noise10,1008,15,low_yaw,batch_aware,12,0.7000000000000001,0.748,0.43796346414124954,0.014399032947723798,0.011954393043973107,0.00424473609714489,0.01195528154188644,0.004255060059777089,0.012605247167137472,0.0046945410477262995,0.7250000000000001,1
break_even,noise10,1008,15,low_yaw,batch_aware,13,0.7000000000000001,0.748,0.43813788216457106,0.014393749114022782,0.01151059245213091,0.0041148352504971125,0.011510938221002668,0.004146028591079496,0.0121214951052637,0.004569655435369372,0.7250000000000001,1
break_even,noise10,1008,15,low_yaw,batch_aware,14,0.7000000000000001,0.748,0.4381116086360092,0.014276790180028923,0.011113103781310321,0.00399720991430592,0.011112912714239285,0.004022724053141438,0.011689478802402413,0.004454234075590528,0.7250000000000001,1
break_even,noise10,1008,15,low_yaw,batch_aware,15,0.7000000000000001,0.748,0.4383749739076333,0.014287869647020432,0.010754304474552093,0.0038928635215101704,0.010754322206851644,0.003913626437465776,0.01130058877269193,0.004347138959850481,0.7250000000000001,1
break_even,noise10,1008,15,low_yaw,ignore_passive,1,0.675,0.724,0.44384487920619026,0.020253784411025395,0.02920902874544906,0.0015174831758127383,0.029661596911714435,0.0015176207608734538,0.029708548058457133,0.0014420991758990944,0.675,1
break_even,noise10,1008,15,low_yaw,ignore_passive,2,0.675,0.724,0.4394409970044822,0.02018607076731462,0.024090490336733984,0.001511351084749213,0.024352312208817718,0.0015129141406245675,0.024925296229904262,0.0014374623748517053,0.675,1
break_even,noise10,1008,15,low_yaw,ignore_passive,3,0.675,0.724,0.44120188671863975,0.020126360228958685,0.02097578629925427,0.0015055819568184814,0.02114454547786317,0.0015067179148232604,0.02189388990593774,0.0014328700144074166,0.675,1
break_even,noise10,1008,15,low_yaw,ignore_passive,4,0.675,0.724,0.4388702493634865,0.020116871034572246,0.018819403169734905,0.001500344997079941,0.01894194006812001,0.0015011362497794314,0.01975352205211325,0.0014283213891835567,0.675,1
break_even,noise10,1008,15,low_yaw,ignore_passive,5,0.675,0.724,0.43886454299266825,0.020070837249107312,0.017216600820198307,0.0014946512956969852,0.017309604921818773,0.0014959571609141802,0.01813880429956713,0.0014238158093732311,0.675,1
break_even,noise10,1008,15,low_yaw,ignore_passive,6,0.675,0.724,0.4394190065342373,0.02001433525552529,0.01596526020067328,0.001489872208584557,0.016038769771449017,0.0014901977452907726,0.016864701210908547,0.0014193526003058972,0.675,1
break_even,noise10,1008,15,low_yaw,ignore_passive,7,0.675,0.724,0.43948709089496474,0.020002890416940155,0.014950974190532422,0.0014850525199222387,0.015011262620444695,0.0014855412298853791,0.01582616042253654,0.0014149311020229885,0.675,1
break_even,noise10,1008,15,low_yaw,ignore_passive,8,0.675,0.724,0.43962371583638243,0.020010186120048592,0.014108980248042722,0.001479666359882696,0.014159341945846777,0.0014807834174582577,0.014958528357870543,0.0014105506688680018,0.675,1
break_even,noise10,1008,15,low_yaw,ignore_passive,9,0.675,0.724,0.43774010830699417,0.01999907104579354,0.013395156359653385,0.0014748771034411496,0.013438330292272795,0.0014754384823751558,0.014219546003628146,0.001406210669090445,0.675,1
break_even,noise10,1008,15,low_yaw,ignore_passive,10,0.675,0.724,0.43738976257844936,0.01997300279879891,0.012779295267962825,0.001469191177294548,0.012817101046251257,0.0014706722520008194,0.013580270767142485,0.0014019104844631188,0.675,1
break_even,noise10,1008,15,low_yaw,ignore_passive,11,0.675,0.724,0.4372236188700343,0.019965877064525437,0.012242414707985327,0.001464181874881352,0.012274717090570916,0.0014650539876857448,0.013020125600086465,0.0013976495099121886,0.675,1
break_even,noise10,1008,15,low_yaw,ignore_passive,12,0.675,0.724,0.43749062451733145,0.019952090222492617,0.011765734505751791,0.001459629697638389,0.011795893106767671,0.001459824304096385,0.012524026642230377,0.001393427153159549,0.675,1
break_even,noise10,1008,15,low_yaw,ignore_passive,13,0.675,0.724,0.4376930582155016,0.019913941988808956,0.011341649715136086,0.0014544454023795045,0.011368223527389823,0.0014555478581761154,0.012080631045997913,0.001389242834377005,0.675,1
break_even,noise10,1008,15,low_yaw,ignore_passive,14,0.675,0.724,0.43769278990944765,0.01986272409705799,0.010960629456084574,0.0014494299871307093,0.010984120413491782,0.0014503240763725073,0.011681222795769506,0.0013850959858518045,0.675,1
break_even,noise10,1008,15,low_yaw,ignore_passive,15,0.675,0.724,0.43797709396073164,0.01982652859705436,0.010615767787897355,0.001444701645334556,0.010637279364713646,0.0014453997778852243,0.01131897898711101,0.0013809860516630925,0.675,1
break_even,noise10,1008,15,low_yaw,uncertainty_trigger,1,0.675,0.724,0.44384487920619026,0.020253784411025395,0.02920902874544906,0.0015174831758127383,0.029661596911714435,0.0015176207608734538,0.029708548058457133,0.0014420991758990944,0.675,1
break_even,noise10,1008,15,low_yaw,uncertainty_trigger,2,0.675,0.724,0.4394409970044822,0.02018607076731462,0.024090490336733984,0.001511351084749213,0.024352312208817718,0.0015129141406245675,0.024925296229904262,0.0014374623748517053,0.675,1
break_even,noise10,1008,15,low_yaw,uncertainty_trigger,3,0.675,0.724,0.44120188671863975,0.020126360228958685,0.02097578629925427,0.0015055819568184814,0.02114454547786317,0.0015067179148232604,0.02189388990593774,0.0014328700144074166,0.675,1
break_even,noise10,1008,15,low_yaw,uncertainty_trigger,4,0.675,0.724,0.4388702493634865,0.020116871034572246,0.018819403169734905,0.001500344997079941,0.01894194006812001,0.0015011362497794314,0.01975352205211325,0.0014283213891835567,0.675,1
break_even,noise10,1008,15,low_yaw,uncertainty_trigger,5,0.675,0.724,0.43886454299266825,0.020070837249107312,0.017216600820198307,0.0014946512956969852,0.017309604921818773,0.0014959571609141802,0.01813880429956713,0.0014238158093732311,0.675,1
break_even,noise10,1008,15,low_yaw,uncertainty_trigger,6,0.675,0.724,0.4394190065342373,0.02001433525552529,0.01596526020067328,0.001489872208584557,0.016038769771449017,0.0014901977452907726,0.016864701210908547,0.0014193526003058972,0.675,1
break_even,noise10,1008,15,low_yaw,uncertainty_trigger,7,0.675,0.724,0.43948709089496474,0.020002890416940155,0.014950974190532422,0.0014850525199222387,0.015011262620444695,0.0014855412298853791,0.01582616042253654,0.0014149311020229885,0.675,1
break_even,noise10,1008,15,low_yaw,uncertainty_trigger,8,0.675,0.724,0.43962371583638243,0.020010186120048592,0.014108980248042722,0.001479666359882696,0.014159341945846777,0.0014807834174582577,0.014958528357870543,0.0014105506688680018,0.675,1
break_even,noise10,1008,15,low_yaw,uncertainty_trigger,9,0.675,0.724,0.43774010830699417,0.01999907104579354,0.013395156359653385,0.0014748771034411496,0.013438330292272795,0.0014754384823751558,0.014219546003628146,0.001406210669090445,0.675,1
break_even,noise10,1008,15,low_yaw,uncertainty_trigger,10,0.675,0.724,0.43738976257844936,0.01997300279879891,0.012779295267962825,0.001469191177294548,0.012817101046251257,0.0014706722520008194,0.013580270767142485,0.0014019104844631188,0.675,1
break_even,noise10,1008,15,low_yaw,uncertainty_trigger,11,0.675,0.724,0.4372236188700343,0.019965877064525437,0.012242414707985327,0.001464181874881352,0.012274717090570916,0.0014650539876857448,0.013020125600086465,0.0013976495099121886,0.675,1
break_even,noise10,1008,15,low_yaw,uncertainty_trigger,12,0.675,0.724,0.43749062451733145,0.019952090222492617,0.011765734505751791,0.001459629697638389,0.011795893106767671,0.001459824304096385,0.012524026642230377,0.001393427153159549,0.675,1
break_even,noise10,1008,15,low_yaw,uncertainty_trigger,13,0.675,0.724,0.4376930582155016,0.019913941988808956,0.011341649715136086,0.0014544454023795045,0.011368223527389823,0.0014555478581761154,0.012080631045997913,0.001389242834377005,0.675,1
break_even,noise10,1008,15,low_yaw,uncertainty_trigger,14,0.675,0.724,0.43769278990944765,0.01986272409705799,0.010960629456084574,0.0014494299871307093,0.010984120413491782,0.0014503240763725073,0.011681222795769506,0.0013850959858518045,0.675,1
break_even,noise10,1008,15,low_yaw,uncertainty_trigger,15,0.675,0.724,0.43797709396073164,0.01982652859705436,0.010615767787897355,0.001444701645334556,0.010637279364713646,0.0014453997778852243,0.01131897898711101,0.0013809860516630925,0.675,1
break_even,noise10,1009,15,low_yaw,passive,1,0.75,0.798,0.2719624781478152,0.011388959937028544,0.038711660384818374,0.007433894680265438,0.03880685264863509,0.007471369858583857,0.03880685264863509,0.007471369858583857,0.75,1
break_even,noise10,1009,15,low_yaw,passive,2,0.75,0.798,0.2718106785461495,0.00969096378899317,0.028209435813766223,0.006809933907768144,0.028208703490062225,0.007002942046456892,0.02867006601017769,0.007038944494126232,0.75,1
break_even,noise10,1009,15,low_yaw,passive,3,0.75,0.798,0.2708446174728448,0.009745505964674833,0.023269471264690797,0.006448495450157822,0.023272749354899383,0.00645309234966519,0.024020172740302215,0.0066384860318118395,0.7250000000000001,1
break_even,noise10,1009,15,low_yaw,passive,4,0.75,0.798,0.27213217667190803,0.009311988028202173,0.020260139616399553,0.006144551247982859,0.020258056177558083,0.006152616725659658,0.021082754767379797,0.006299420169304703,0.7250000000000001,1
break_even,noise10,1009,15,low_yaw,passive,5,0.7250000000000001,0.774,0.27417363743674905,0.009357079775679627,0.018173817392983023,0.005772052941836524,0.018284695730951078,0.005855276964629705,0.019012582120969193,0.0060075099893429525,0.7250000000000001,1
break_even,noise10,1009,15,low_yaw,passive,6,0.7250000000000001,0.774,0.2762098476464628,0.008232914520625205,0.016626326630809974,0.005471327340564348,0.016710965778778605,0.005531258046138606,0.01745270124162007,0.005752749625802264,0.7250000000000001,1
break_even,noise10,1009,15,low_yaw,passive,7,0.7250000000000001,0.774,0.2734418829158993,0.007769469955448078,0.01541719442069293,0.00523104593023494,0.015484068549278618,0.005262048477598004,0.016222911380993802,0.005527873735470853,0.7250000000000001,1
break_even,noise10,1009,15,low_yaw,passive,8,0.7250000000000001,0.774,0.2750856425510534,0.007633908662349262,0.01444020880981859,0.0049587549322981,0.014494201627774336,0.0050473850593366005,0.01522112249152283,0.005327462278665198,0.7250000000000001,1
break_even,noise10,1009,15,low_yaw,passive,9,0.7250000000000001,0.774,0.2752262024049157,0.007613126040893702,0.013625694791559055,0.004761355553675801,0.013672732431847736,0.004797858838963194,0.014384601473293356,0.005147378590488757,0.7250000000000001,1
break_even,noise10,1009,15,low_yaw,passive,10,0.7250000000000001,0.774,0.27462290414137025,0.00783442263006848,0.0129354633969897,0.004597593403382999,0.012975096112759887,0.004621263934501325,0.013672393053509953,0.00498440337231723,0.7250000000000001,1
break_even,noise10,1009,15,low_yaw,passive,11,0.7250000000000001,0.774,0.2736145345850103,0.007926600861524703,0.012341195911002608,0.004438464092135928,0.012375227834755606,0.004470211752707209,0.013056473723308095,0.004835988676237034,0.7250000000000001,1
break_even,noise10,1009,15,low_yaw,passive,12,0.7250000000000001,0.774,0.2737242638585351,0.007984821166119881,0.01182050023163137,0.004293942982373326,0.01185147305338658,0.004323950446482069,0.012516934924188703,0.004700088000846719,0.7250000000000001,1
break_even,noise10,1009,15,low_yaw,passive,13,0.7250000000000001,0.774,0.2740737869103649,0.007697472637923132,0.011361809938164996,0.004177346619984013,0.011387850339091829,0.0041908025946121715,0.012039191948535968,0.004575036149006505,0.7250000000000001,1
break_even,noise10,1009,15,low_yaw,passive,14,0.7250000000000001,0.774,0.2754461507653688,0.007713345581877397,0.010952243835559629,0.004051763754171411,0.010975570002243898,0.004081690167500453,0.011612283069529647,0.004459462492366464,0.7250000000000001,1
break_even,noise10,1009,15,low_yaw,passive,15,0.7250000000000001,0.774,0.27593309521691534,0.00734780470419219,0.010584462857617587,0.003928506793841883,0.010606072215968097,0.003964324568916747,0.011227788907356541,0.004352227191952611,0.7250000000000001,1
break_even,noise10,1009,15,low_yaw,always_probe,1,0.7000000000000001,0.748,0.27300869835867625,0.009699611934126022,0.028659573804083176,0.0014344404538832155,0.028656453017562703,0.0014347881794306546,0.029119546215784102,0.001443701449763439,0.675,1
break_even,noise10,1009,15,low_yaw,always_probe,2,0.7000000000000001,0.748,0.2726327117239209,0.009640448734132275,0.02376088667691351,0.0014283474013217997,0.023765315153096395,0.0014301702820831495,0.02454508027896609,0.0014390594291120013,0.675,1
break_even,noise10,1009,15,low_yaw,always_probe,3,0.675,0.724,0.2720558720685889,0.009650815514508197,0.020737816658297208,0.0014232921494987407,0.020902400026684954,0.0014235446721108619,0.0216148675462303,0.0014344618997356327,0.675,1
break_even,noise10,1009,15,low_yaw,always_probe,4,0.675,0.724,0.27291057339713237,0.009622411859251091,0.018636880416619726,0.0014187348064696689,0.01875461589965435,0.0014186418118799676,0.019533111251523003,0.0014299081554371882,0.675,1
break_even,noise10,1009,15,low_yaw,always_probe,5,0.675,0.724,0.27423316982933715,0.009607008489706654,0.017064419065701896,0.0014128052538998443,0.017155395861951264,0.0014140618911640773,0.017956240386985175,0.001425397505613511,0.675,1
break_even,noise10,1009,15,low_yaw,always_probe,6,0.675,0.724,0.275718970913405,0.009527811003987386,0.01583534649214136,0.001407190012012691,0.015908529771178872,0.0014082082456556562,0.016708438188799513,0.0014209292748154805,0.675,1
break_even,noise10,1009,15,low_yaw,always_probe,7,0.675,0.724,0.2733226960406322,0.009486166373644129,0.014838525586841964,0.0014019478120382801,0.014898486775682068,0.0014026599755725968,0.01568916867323407,0.001416502802323142,0.675,1
break_even,noise10,1009,15,low_yaw,always_probe,8,0.675,0.724,0.27468242308733715,0.009465226552686857,0.014010098741593004,0.0013958214103749187,0.014060150324854038,0.0013974917141579596,0.014836233220307214,0.0014121174417353025,0.675,1
break_even,noise10,1009,15,low_yaw,always_probe,9,0.675,0.724,0.2747376808828489,0.00945400133813929,0.013305540603004495,0.0013904505697716325,0.013348670345306724,0.0013913438984421106,0.014108814505581446,0.0014077725605730158,0.675,1
break_even,noise10,1009,15,low_yaw,always_probe,10,0.675,0.724,0.2747210991798152,0.009455523013830633,0.012697853509871461,0.0013852662099913362,0.012734859572021043,0.0013861008097190836,0.01347886883058381,0.0014034675398964095,0.675,1
break_even,noise10,1009,15,low_yaw,always_probe,11,0.675,0.724,0.27395463835759376,0.009458560860721874,0.012166936414936635,0.0013799422633021376,0.012199333182099018,0.0013809288994293377,0.01292640706109183,0.0013992017739343197,0.675,1
break_even,noise10,1009,15,low_yaw,always_probe,12,0.675,0.724,0.27422415555590823,0.00945401191409473,0.011696589633466198,0.0013748015871830705,0.011725893406675335,0.0013756629163987745,0.0124367451879806,0.0013949746697262343,0.675,1
break_even,noise10,1009,15,low_yaw,always_probe,13,0.675,0.724,0.27475360399449295,0.00940519444057729,0.011277529025048479,0.0013701214323349332,0.011302910951286509,0.00137059147031805,0.011998821313949852,0.0013907856467760661,0.675,1
break_even,noise10,1009,15,low_yaw,always_probe,14,0.675,0.724,0.27633949576355127,0.00940421354199739,0.010899993265098502,0.0013648561764346616,0.010922993969851849,0.0013659467865724101,0.011604122346949393,0.0013866341367172925,0.675,1
break_even,noise10,1009,15,low_yaw,always_probe,15,0.675,0.724,0.27661429461298676,0.009346454749931479,0.010558509692736787,0.0013593410858072361,0.010579917765604897,0.0013607297286443423,0.011245975454639703,0.0013825195829890236,0.675,1
break_even,noise10,1009,15,low_yaw,batch_aware,1,0.75,0.798,0.2719624781478152,0.011388959937028544,0.038711660384818374,0.007433894680265438,0.03880685264863509,0.007471369858583857,0.03880685264863509,0.007471369858583857,0.75,1
break_even,noise10,1009,15,low_yaw,batch_aware,2,0.75,0.798,0.2718106785461495,0.00969096378899317,0.028209435813766223,0.006809933907768144,0.028208703490062225,0.007002942046456892,0.02867006601017769,0.007038944494126232,0.75,1
break_even,noise10,1009,15,low_yaw,batch_aware,3,0.75,0.798,0.2708446174728448,0.009745505964674833,0.023269471264690797,0.006448495450157822,0.023272749354899383,0.00645309234966519,0.024020172740302215,0.0066384860318118395,0.7250000000000001,1
break_even,noise10,1009,15,low_yaw,batch_aware,4,0.75,0.798,0.27213217667190803,0.009311988028202173,0.020260139616399553,0.006144551247982859,0.020258056177558083,0.006152616725659658,0.021082754767379797,0.006299420169304703,0.7250000000000001,1
break_even,noise10,1009,15,low_yaw,batch_aware,5,0.7250000000000001,0.774,0.27417363743674905,0.009357079775679627,0.018173817392983023,0.005772052941836524,0.018284695730951078,0.005855276964629705,0.019012582120969193,0.0060075099893429525,0.7250000000000001,1
break_even,noise10,1009,15,low_yaw,batch_aware,6,0.7250000000000001,0.774,0.2762098476464628,0.008232914520625205,0.016626326630809974,0.005471327340564348,0.016710965778778605,0.005531258046138606,0.01745270124162007,0.005752749625802264,0.7250000000000001,1
break_even,noise10,1009,15,low_yaw,batch_aware,7,0.7250000000000001,0.774,0.2734418829158993,0.007769469955448078,0.01541719442069293,0.00523104593023494,0.015484068549278618,0.005262048477598004,0.016222911380993802,0.005527873735470853,0.7250000000000001,1
break_even,noise10,1009,15,low_yaw,batch_aware,8,0.7250000000000001,0.774,0.2750856425510534,0.007633908662349262,0.01444020880981859,0.0049587549322981,0.014494201627774336,0.0050473850593366005,0.01522112249152283,0.005327462278665198,0.7250000000000001,1
break_even,noise10,1009,15,low_yaw,batch_aware,9,0.7250000000000001,0.774,0.2752262024049157,0.007613126040893702,0.013625694791559055,0.004761355553675801,0.013672732431847736,0.004797858838963194,0.014384601473293356,0.005147378590488757,0.7250000000000001,1
break_even,noise10,1009,15,low_yaw,batch_aware,10,0.7250000000000001,0.774,0.27462290414137025,0.00783442263006848,0.0129354633969897,0.004597593403382999,0.012975096112759887,0.004621263934501325,0.013672393053509953,0.00498440337231723,0.7250000000000001,1
break_even,noise10,1009,15,low_yaw,batch_aware,11,0.7250000000000001,0.774,0.2736145345850103,0.007926600861524703,0.012341195911002608,0.004438464092135928,0.012375227834755606,0.004470211752707209,0.013056473723308095,0.004835988676237034,0.7250000000000001,1
break_even,noise10,1009,15,low_yaw,batch_aware,12,0.7250000000000001,0.774,0.2737242638585351,0.007984821166119881,0.01182050023163137,0.004293942982373326,0.01185147305338658,0.004323950446482069,0.012516934924188703,0.004700088000846719,0.7250000000000001,1
break_even,noise10,1009,15,low_yaw,batch_aware,13,0.7250000000000001,0.774,0.2740737869103649,0.007697472637923132,0.011361809938164996,0.004177346619984013,0.011387850339091829,0.0041908025946121715,0.012039191948535968,0.004575036149006505,0.7250000000000001,1
break_even,noise10,1009,15,low_yaw,batch_aware,14,0.7250000000000001,0.774,0.2754461507653688,0.007713345581877397,0.010952243835559629,0.004051763754171411,0.010975570002243898,0.004081690167500453,0.011612283069529647,0.004459462492366464,0.7250000000000001,1
break_even,noise10,1009,15,low_yaw,batch_aware,15,0.7250000000000001,0.774,0.27593309521691534,0.00734780470419219,0.010584462857617587,0.003928506793841883,0.010606072215968097,0.003964324568916747,0.011227788907356541,0.004352227191952611,0.7250000000000001,1
break_even,noise10,1009,15,low_yaw,ignore_passive,1,0.7000000000000001,0.748,0.27300869835867625,0.009699611934126022,0.028659573804083176,0.0014344404538832155,0.028656453017562703,0.0014347881794306546,0.029119546215784102,0.001443701449763439,0.675,1
break_even,noise10,1009,15,low_yaw,ignore_passive,2,0.7000000000000001,0.748,0.2726327117239209,0.009640448734132275,0.02376088667691351,0.0014283474013217997,0.023765315153096395,0.0014301702820831495,0.02454508027896609,0.0014390594291120013,0.675,1
break_even,noise10,1009,15,low_yaw,ignore_passive,3,0.675,0.724,0.2720558720685889,0.009650815514508197,0.020737816658297208,0.0014232921494987407,0.020902400026684954,0.0014235446721108619,0.0216148675462303,0.0014344618997356327,0.675,1
break_even,noise10,1009,15,low_yaw,ignore_passive,4,0.675,0.724,0.27291057339713237,0.009622411859251091,0.018636880416619726,0.0014187348064696689,0.01875461589965435,0.0014186418118799676,0.019533111251523003,0.0014299081554371882,0.675,1
break_even,noise10,1009,15,low_yaw,ignore_passive,5,0.675,0.724,0.27423316982933715,0.009607008489706654,0.017064419065701896,0.0014128052538998443,0.017155395861951264,0.0014140618911640773,0.017956240386985175,0.001425397505613511,0.675,1
break_even,noise10,1009,15,low_yaw,ignore_passive,6,0.675,0.724,0.275718970913405,0.009527811003987386,0.01583534649214136,0.001407190012012691,0.015908529771178872,0.0014082082456556562,0.016708438188799513,0.0014209292748154805,0.675,1
break_even,noise10,1009,15,low_yaw,ignore_passive,7,0.675,0.724,0.2733226960406322,0.009486166373644129,0.014838525586841964,0.0014019478120382801,0.014898486775682068,0.0014026599755725968,0.01568916867323407,0.001416502802323142,0.675,1
break_even,noise10,1009,15,low_yaw,ignore_passive,8,0.675,0.724,0.27468242308733715,0.009465226552686857,0.014010098741593004,0.0013958214103749187,0.014060150324854038,0.0013974917141579596,0.014836233220307214,0.0014121174417353025,0.675,1
break_even,noise10,1009,15,low_yaw,ignore_passive,9,0.675,0.724,0.2747376808828489,0.00945400133813929,0.013305540603004495,0.0013904505697716325,0.013348670345306724,0.0013913438984421106,0.014108814505581446,0.0014077725605730158,0.675,1
break_even,noise10,1009,15,low_yaw,ignore_passive,10,0.675,0.724,0.2747210991798152,0.009455523013830633,0.012697853509871461,0.0013852662099913362,0.012734859572021043,0.0013861008097190836,0.01347886883058381,0.0014034675398964095,0.675,1
break_even,noise10,1009,15,low_yaw,ignore_passive,11,0.675,0.724,0.27395463835759376,0.009458560860721874,0.012166936414936635,0.0013799422633021376,0.012199333182099018,0.0013809288994293377,0.01292640706109183,0.0013992017739343197,0.675,1
break_even,noise10,1009,15,low_yaw,ignore_passive,12,0.675,0.724,0.27422415555590823,0.00945401191409473,0.011696589633466198,0.0013748015871830705,0.011725893406675335,0.0013756629163987745,0.0124367451879806,0.0013949746697262343,0.675,1
break_even,noise10,1009,15,low_yaw,ignore_passive,13,0.675,0.724,0.27475360399449295,0.00940519444057729,0.011277529025048479,0.0013701214323349332,0.011302910951286509,0.00137059147031805,0.011998821313949852,0.0013907856467760661,0.675,1
break_even,noise10,1009,15,low_yaw,ignore_passive,14,0.675,0.724,0.27633949576355127,0.00940421354199739,0.010899993265098502,0.0013648561764346616,0.010922993969851849,0.0013659467865724101,0.011604122346949393,0.0013866341367172925,0.675,1
break_even,noise10,1009,15,low_yaw,ignore_passive,15,0.675,0.724,0.27661429461298676,0.009346454749931479,0.010558509692736787,0.0013593410858072361,0.010579917765604897,0.0013607297286443423,0.011245975454639703,0.0013825195829890236,0.675,1
break_even,noise10,1009,15,low_yaw,uncertainty_trigger,1,0.7000000000000001,0.748,0.27300869835867625,0.009699611934126022,0.028659573804083176,0.0014344404538832155,0.028656453017562703,0.0014347881794306546,0.029119546215784102,0.001443701449763439,0.675,1
break_even,noise10,1009,15,low_yaw,uncertainty_trigger,2,0.7000000000000001,0.748,0.2726327117239209,0.009640448734132275,0.02376088667691351,0.0014283474013217997,0.023765315153096395,0.0014301702820831495,0.02454508027896609,0.0014390594291120013,0.675,1
break_even,noise10,1009,15,low_yaw,uncertainty_trigger,3,0.675,0.724,0.2720558720685889,0.009650815514508197,0.020737816658297208,0.0014232921494987407,0.020902400026684954,0.0014235446721108619,0.0216148675462303,0.0014344618997356327,0.675,1
break_even,noise10,1009,15,low_yaw,uncertainty_trigger,4,0.675,0.724,0.27291057339713237,0.009622411859251091,0.018636880416619726,0.0014187348064696689,0.01875461589965435,0.0014186418118799676,0.019533111251523003,0.0014299081554371882,0.675,1
break_even,noise10,1009,15,low_yaw,uncertainty_trigger,5,0.675,0.724,0.27423316982933715,0.009607008489706654,0.017064419065701896,0.0014128052538998443,0.017155395861951264,0.0014140618911640773,0.017956240386985175,0.001425397505613511,0.675,1
break_even,noise10,1009,15,low_yaw,uncertainty_trigger,6,0.675,0.724,0.275718970913405,0.009527811003987386,0.01583534649214136,0.001407190012012691,0.015908529771178872,0.0014082082456556562,0.016708438188799513,0.0014209292748154805,0.675,1
break_even,noise10,1009,15,low_yaw,uncertainty_trigger,7,0.675,0.724,0.2733226960406322,0.009486166373644129,0.014838525586841964,0.0014019478120382801,0.014898486775682068,0.0014026599755725968,0.01568916867323407,0.001416502802323142,0.675,1
break_even,noise10,1009,15,low_yaw,uncertainty_trigger,8,0.675,0.724,0.27468242308733715,0.009465226552686857,0.014010098741593004,0.0013958214103749187,0.014060150324854038,0.0013974917141579596,0.014836233220307214,0.0014121174417353025,0.675,1
break_even,noise10,1009,15,low_yaw,uncertainty_trigger,9,0.675,0.724,0.2747376808828489,0.00945400133813929,0.013305540603004495,0.0013904505697716325,0.013348670345306724,0.0013913438984421106,0.014108814505581446,0.0014077725605730158,0.675,1
break_even,noise10,1009,15,low_yaw,uncertainty_trigger,10,0.675,0.724,0.2747210991798152,0.009455523013830633,0.012697853509871461,0.0013852662099913362,0.012734859572021043,0.0013861008097190836,0.01347886883058381,0.0014034675398964095,0.675,1
break_even,noise10,1009,15,low_yaw,uncertainty_trigger,11,0.675,0.724,0.27395463835759376,0.009458560860721874,0.012166936414936635,0.0013799422633021376,0.012199333182099018,0.0013809288994293377,0.01292640706109183,0.0013992017739343197,0.675,1
break_even,noise10,1009,15,low_yaw,uncertainty_trigger,12,0.675,0.724,0.27422415555590823,0.00945401191409473,0.011696589633466198,0.0013748015871830705,0.011725893406675335,0.0013756629163987745,0.0124367451879806,0.0013949746697262343,0.675,1
break_even,noise10,1009,15,low_yaw,uncertainty_trigger,13,0.675,0.724,0.27475360399449295,0.00940519444057729,0.011277529025048479,0.0013701214323349332,0.011302910951286509,0.00137059147031805,0.011998821313949852,0.0013907856467760661,0.675,1
break_even,noise10,1009,15,low_yaw,uncertainty_trigger,14,0.675,0.724,0.27633949576355127,0.00940421354199739,0.010899993265098502,0.0013648561764346616,0.010922993969851849,0.0013659467865724101,0.011604122346949393,0.0013866341367172925,0.675,1
break_even,noise10,1009,15,low_yaw,uncertainty_trigger,15,0.675,0.724,0.27661429461298676,0.009346454749931479,0.010558509692736787,0.0013593410858072361,0.010579917765604897,0.0013607297286443423,0.011245975454639703,0.0013825195829890236,0.675,1
break_even,noise10,1010,15,low_yaw,passive,1,0.8,0.848,0.3457262435948979,0.012725100421245937,0.0377510919959782,0.007432226939276007,0.037846307041331594,0.007537287058852589,0.037846307041331594,0.007537287058852589,0.8,1
break_even,noise10,1010,15,low_yaw,passive,2,0.8,0.848,0.3363766975499172,0.012383821107821422,0.02745996540619767,0.00704026939418184,0.027461673011374893,0.0070735285284813905,0.027893522908163465,0.007163991855471949,0.8,1
break_even,noise10,1010,15,low_yaw,passive,3,0.775,0.8240000000000001,0.33486005965628224,0.013274455284873575,0.02264410921888502,0.0066399801384270565,0.022859042007285685,0.0067069119475124065,0.023110183525381908,0.0068411789374028305,0.8,1
break_even,noise10,1010,15,low_yaw,passive,4,0.775,0.8240000000000001,0.33866988609476734,0.013833257811465334,0.019708758588770445,0.006310822794043492,0.019846488410172343,0.006364335544860599,0.02031319901329142,0.0065323274917596375,0.775,1
break_even,noise10,1010,15,low_yaw,passive,5,0.775,0.8240000000000001,0.33604327755629293,0.01370428828736987,0.017678054884535638,0.006023385050665591,0.017779748639293703,0.006074137841427074,0.018335119248379102,0.006261853012215319,0.775,1
break_even,noise10,1010,15,low_yaw,passive,6,0.775,0.8240000000000001,0.334847267587642,0.013435718199742389,0.01616823488212727,0.00574525257480495,0.01624719832078901,0.0058144893592689895,0.016841241510479533,0.006022414040390784,0.775,1
break_even,noise10,1010,15,low_yaw,passive,7,0.775,0.8240000000000001,0.3362857541766164,0.012869406465465546,0.01498975761025489,0.0054928207603766495,0.015050760923710865,0.005564269843707851,0.01566160155234109,0.005808495917994027,0.775,1
break_even,noise10,1010,15,low_yaw,passive,8,0.775,0.8240000000000001,0.3364648610662084,0.012526820151191932,0.014038835596612504,0.005285478011355358,0.014087832192078714,0.005326274414606726,0.014699521557067973,0.005615865035172049,0.775,1
break_even,noise10,1010,15,low_yaw,passive,9,0.775,0.8240000000000001,0.3360606685547392,0.012621739358382329,0.013247311203416665,0.005103440337690732,0.013289455119478292,0.005136086844811626,0.013895420143833374,0.00544120997622212,0.775,1
break_even,noise10,1010,15,low_yaw,passive,10,0.775,0.8240000000000001,0.3356277088658401,0.012269012539899262,0.012576463894204356,0.004950545395069046,0.012611981763477444,0.004972719373834375,0.013210312703161217,0.00528189834459183,0.775,1
break_even,noise10,1010,15,low_yaw,passive,11,0.775,0.8240000000000001,0.3344855021111039,0.011905983102324977,0.01199800736984341,0.004802847011933125,0.012029240716582996,0.004830186907056878,0.012617477097533965,0.00513580763180866,0.775,1
break_even,noise10,1010,15,low_yaw,passive,12,0.775,0.8240000000000001,0.3358399761727701,0.01139517752159891,0.011491664864975078,0.004646198909011428,0.011519757304236933,0.004690806609736967,0.012097902171993913,0.005001204880499073,0.775,1
break_even,noise10,1010,15,low_yaw,passive,13,0.775,0.8240000000000001,0.3355063794462693,0.011211130795251231,0.011045247967103024,0.004519713342710113,0.011069616780362211,0.004545092735487522,0.011637644189058903,0.004876659332549969,0.775,1
break_even,noise10,1010,15,low_yaw,passive,14,0.775,0.8240000000000001,0.3367236662178114,0.011444374548262816,0.010647937372742396,0.004411720105761271,0.010669383496816199,0.004425825393436577,0.01122621275521184,0.004760977883377825,0.775,1
break_even,noise10,1010,15,low_yaw,passive,15,0.775,0.8240000000000001,0.33681409241238586,0.011150363943060846,0.010289495105771406,0.00428496498378933,0.010309017492843419,0.0043250356886019485,0.010855543678197799,0.0046531566237431625,0.775,1
break_even,noise10,1010,15,low_yaw,always_probe,1,0.7250000000000001,0.774,0.33880398230959463,0.014125294504394465,0.028265748486959615,0.0014599094958143413,0.028694476190584378,0.0014606883621834377,0.028729412026430992,0.001440980202119687,0.7250000000000001,1
break_even,noise10,1010,15,low_yaw,always_probe,2,0.7250000000000001,0.774,0.3352680950784481,0.014107871548206308,0.023311161085403074,0.0014559179263240677,0.023544997466203567,0.0014561327291468195,0.02406615285250829,0.0014372232953242334,0.7250000000000001,1
break_even,noise10,1010,15,low_yaw,always_probe,3,0.7250000000000001,0.774,0.33430564939575313,0.014146146356208023,0.02029509979625361,0.001451631513668696,0.020448001418938953,0.0014522022856806058,0.02112133716209608,0.0014334956210233735,0.7250000000000001,1
break_even,noise10,1010,15,low_yaw,always_probe,4,0.7250000000000001,0.774,0.33780133390667094,0.014177213492775249,0.018208482795443324,0.0014473558084754916,0.018317828048708677,0.0014479685741239938,0.019046373445533928,0.0014297968020762714,0.7250000000000001,1
break_even,noise10,1010,15,low_yaw,always_probe,5,0.7250000000000001,0.774,0.3362758262006473,0.014158672534567929,0.016655436573768022,0.001442876949093696,0.016739059801158238,0.0014437126625552246,0.017483089581411874,0.0014261264681190418,0.7250000000000001,1
break_even,noise10,1010,15,low_yaw,always_probe,6,0.7250000000000001,0.774,0.33540058586354476,0.014141765559558688,0.015441526010479063,0.0014382748935617459,0.015509710275790498,0.0014392425547836687,0.016250731709211447,0.0014224842554089788,0.7250000000000001,1
break_even,noise10,1010,15,low_yaw,always_probe,7,0.7250000000000001,0.774,0.33640824211113785,0.014117686749463355,0.014459737503212357,0.0014340550663513542,0.014514295164882677,0.0014347090032714252,0.015246920363002169,0.0014188698066731396,0.7250000000000001,1
break_even,noise10,1010,15,low_yaw,always_probe,8,0.7250000000000001,0.774,0.33661091186581343,0.014082992659661862,0.01364612974665104,0.0014297093943801602,0.01369130313839335,0.0014304018593789321,0.014408755308647003,0.001415282770961137,0.7250000000000001,1
break_even,noise10,1010,15,low_yaw,always_probe,9,0.7250000000000001,0.774,0.33643179696271897,0.014086973905182574,0.01295509848817082,0.0014253972119260712,0.012994386053548718,0.0014261002103257434,0.013695177490599501,0.0014117228035020089,0.7250000000000001,1
break_even,noise10,1010,15,low_yaw,always_probe,10,0.7250000000000001,0.774,0.33588870720866904,0.01403930720022795,0.012358650569576165,0.0014215324861999918,0.012393328088828754,0.00142191041305567,0.013078095263962617,0.0014081895655650236,0.7250000000000001,1
break_even,noise10,1010,15,low_yaw,always_probe,11,0.7250000000000001,0.774,0.33487934733438823,0.014012843748116293,0.011837938275421445,0.0014175717092074454,0.011868334843826702,0.0014180676951634143,0.012537553319584768,0.0014046827243243002,0.7250000000000001,1
break_even,noise10,1010,15,low_yaw,always_probe,12,0.7250000000000001,0.774,0.3360518473787886,0.013951364384317311,0.01137738393866708,0.0014128720588728642,0.011404585964952403,0.0014141042400661326,0.012058933703164505,0.001401201952727121,0.7250000000000001,1
break_even,noise10,1010,15,low_yaw,always_probe,13,0.7250000000000001,0.774,0.3357601930010325,0.013913758082584734,0.010967305072844321,0.001408785575608471,0.010991292196817166,0.0014094791601050726,0.011631250333289026,0.0013977469293658135,0.7250000000000001,1
break_even,noise10,1010,15,low_yaw,always_probe,14,0.7250000000000001,0.774,0.3368373553933485,0.01392148716954986,0.010599291447558898,0.001405076727266111,0.01062067681856072,0.0014054094625127612,0.011246065538914128,0.0013943173383530899,0.7250000000000001,1
break_even,noise10,1010,15,low_yaw,always_probe,15,0.7250000000000001,0.774,0.33689499103388854,0.01387228905414945,0.01026466806744636,0.0014007605484197994,0.010284463520405098,0.0014017395827811282,0.010896777140737304,0.001390912869200736,0.7250000000000001,1
break_even,noise10,1010,15,low_yaw,batch_aware,1,0.8,0.848,0.3457262435948979,0.012725100421245937,0.0377510919959782,0.007432226939276007,0.037846307041331594,0.007537287058852589,0.037846307041331594,0.007537287058852589,0.8,1
break_even,noise10,1010,15,low_yaw,batch_aware,2,0.8,0.848,0.3363766975499172,0.012383821107821422,0.02745996540619767,0.00704026939418184,0.027461673011374893,0.0070735285284813905,0.027893522908163465,0.007163991855471949,0.8,1
break_even,noise10,1010,15,low_yaw,batch_aware,3,0.775,0.8240000000000001,0.33486005965628224,0.013274455284873575,0.02264410921888502,0.0066399801384270565,0.022859042007285685,0.0067069119475124065,0.023110183525381908,0.0068411789374028305,0.8,1
break_even,noise10,1010,15,low_yaw,batch_aware,4,0.775,0.8240000000000001,0.33866988609476734,0.013833257811465334,0.019708758588770445,0.006310822794043492,0.019846488410172343,0.006364335544860599,0.02031319901329142,0.0065323274917596375,0.775,1
break_even,noise10,1010,15,low_yaw,batch_aware,5,0.775,0.8240000000000001,0.33604327755629293,0.01370428828736987,0.017678054884535638,0.006023385050665591,0.017779748639293703,0.006074137841427074,0.018335119248379102,0.006261853012215319,0.775,1
break_even,noise10,1010,15,low_yaw,batch_aware,6,0.775,0.8240000000000001,0.334847267587642,0.013435718199742389,0.01616823488212727,0.00574525257480495,0.01624719832078901,0.0058144893592689895,0.016841241510479533,0.006022414040390784,0.775,1
break_even,noise10,1010,15,low_yaw,batch_aware,7,0.775,0.8240000000000001,0.3362857541766164,0.012869406465465546,0.01498975761025489,0.0054928207603766495,0.015050760923710865,0.005564269843707851,0.01566160155234109,0.005808495917994027,0.775,1
break_even,noise10,1010,15,low_yaw,batch_aware,8,0.775,0.8240000000000001,0.3364648610662084,0.012526820151191932,0.014038835596612504,0.005285478011355358,0.014087832192078714,0.005326274414606726,0.014699521557067973,0.005615865035172049,0.775,1
break_even,noise10,1010,15,low_yaw,batch_aware,9,0.775,0.8240000000000001,0.3360606685547392,0.012621739358382329,0.013247311203416665,0.005103440337690732,0.013289455119478292,0.005136086844811626,0.013895420143833374,0.00544120997622212,0.775,1
break_even,noise10,1010,15,low_yaw,batch_aware,10,0.775,0.8240000000000001,0.3356277088658401,0.012269012539899262,0.012576463894204356,0.004950545395069046,0.012611981763477444,0.004972719373834375,0.013210312703161217,0.00528189834459183,0.775,1
break_even,noise10,1010,15,low_yaw,batch_aware,11,0.775,0.8240000000000001,0.3344855021111039,0.011905983102324977,0.01199800736984341,0.004802847011933125,0.012029240716582996,0.004830186907056878,0.012617477097533965,0.00513580763180866,0.775,1
break_even,noise10,1010,15,low_yaw,batch_aware,12,0.775,0.8240000000000001,0.3358399761727701,0.01139517752159891,0.011491664864975078,0.004646198909011428,0.011519757304236933,0.004690806609736967,0.012097902171993913,0.005001204880499073,0.775,1
break_even,noise10,1010,15,low_yaw,batch_aware,13,0.775,0.8240000000000001,0.3355063794462693,0.011211130795251231,0.011045247967103024,0.004519713342710113,0.011069616780362211,0.004545092735487522,0.011637644189058903,0.004876659332549969,0.775,1
break_even,noise10,1010,15,low_yaw,batch_aware,14,0.775,0.8240000000000001,0.3367236662178114,0.011444374548262816,0.010647937372742396,0.004411720105761271,0.010669383496816199,0.004425825393436577,0.01122621275521184,0.004760977883377825,0.775,1
break_even,noise10,1010,15,low_yaw,batch_aware,15,0.775,0.8240000000000001,0.33681409241238586,0.011150363943060846,0.010289495105771406,0.00428496498378933,0.010309017492843419,0.0043250356886019485,0.010855543678197799,0.0046531566237431625,0.775,1
break_even,noise10,1010,15,low_yaw,ignore_passive,1,0.7250000000000001,0.774,0.33880398230959463,0.014125294504394465,0.028265748486959615,0.0014599094958143413,0.028694476190584378,0.0014606883621834377,0.028729412026430992,0.001440980202119687,0.7250000000000001,1
break_even,noise10,1010,15,low_yaw,ignore_passive,2,0.7250000000000001,0.774,0.3352680950784481,0.014107871548206308,0.023311161085403074,0.0014559179263240677,0.023544997466203567,0.0014561327291468195,0.02406615285250829,0.0014372232953242334,0.7250000000000001,1
break_even,noise10,1010,15,low_yaw,ignore_passive,3,0.7250000000000001,0.774,0.33430564939575313,0.014146146356208023,0.02029509979625361,0.001451631513668696,0.020448001418938953,0.0014522022856806058,0.02112133716209608,0.0014334956210233735,0.7250000000000001,1
break_even,noise10,1010,15,low_yaw,ignore_passive,4,0.7250000000000001,0.774,0.33780133390667094,0.014177213492775249,0.018208482795443324,0.0014473558084754916,0.018317828048708677,0.0014479685741239938,0.019046373445533928,0.0014297968020762714,0.7250000000000001,1
break_even,noise10,1010,15,low_yaw,ignore_passive,5,0.7250000000000001,0.774,0.3362758262006473,0.014158672534567929,0.016655436573768022,0.001442876949093696,0.016739059801158238,0.0014437126625552246,0.017483089581411874,0.0014261264681190418,0.7250000000000001,1
break_even,noise10,1010,15,low_yaw,ignore_passive,6,0.7250000000000001,0.774,0.33540058586354476,0.014141765559558688,0.015441526010479063,0.0014382748935617459,0.015509710275790498,0.0014392425547836687,0.016250731709211447,0.0014224842554089788,0.7250000000000001,1
break_even,noise10,1010,15,low_yaw,ignore_passive,7,0.7250000000000001,0.774,0.33640824211113785,0.014117686749463355,0.014459737503212357,0.0014340550663513542,0.014514295164882677,0.0014347090032714252,0.015246920363002169,0.0014188698066731396,0.7250000000000001,1
break_even,noise10,1010,15,low_yaw,ignore_passive,8,0.7250000000000001,0.774,0.33661091186581343,0.014082992659661862,0.01364612974665104,0.0014297093943801602,0.01369130313839335,0.0014304018593789321,0.014408755308647003,0.001415282770961137,0.7250000000000001,1
break_even,noise10,1010,15,low_yaw,ignore_passive,9,0.7250000000000001,0.774,0.33643179696271897,0.014086973905182574,0.01295509848817082,0.0014253972119260712,0.012994386053548718,0.0014261002103257434,0.013695177490599501,0.0014117228035020089,0.7250000000000001,1
break_even,noise10,1010,15,low_yaw,ignore_passive,10,0.7250000000000001,0.774,0.33588870720866904,0.01403930720022795,0.012358650569576165,0.0014215324861999918,0.012393328088828754,0.00142191041305567,0.013078095263962617,0.0014081895655650236,0.7250000000000001,1
break_even,noise10,1010,15,low_yaw,ignore_passive,11,0.7250000000000001,0.774,0.33487934733438823,0.014012843748116293,0.011837938275421445,0.0014175717092074454,0.011868334843826702,0.0014180676951634143,0.012537553319584768,0.0014046827243243002,0.7250000000000001,1
break_even,noise10,1010,15,low_yaw,ignore_passive,12,0.7250000000000001,0.774,0.3360518473787886,0.013951364384317311,0.01137738393866708,0.0014128720588728642,0.011404585964952403,0.0014141042400661326,0.012058933703164505,0.001401201952727121,0.7250000000000001,1
break_even,noise10,1010,15,low_yaw,ignore_passive,13,0.7250000000000001,0.774,0.3357601930010325,0.013913758082584734,0.010967305072844321,0.001408785575608471,0.010991292196817166,0.0014094791601050726,0.011631250333289026,0.0013977469293658135,0.7250000000000001,1
break_even,noise10,1010,15,low_yaw,ignore_passive,14,0.7250000000000001,0.774,0.3368373553933485,0.01392148716954986,0.010599291447558898,0.001405076727266111,0.01062067681856072,0.0014054094625127612,0.011246065538914128,0.0013943173383530899,0.7250000000000001,1
break_even,noise10,1010,15,low_yaw,ignore_passive,15,0.7250000000000001,0.774,0.33689499103388854,0.01387228905414945,0.01026466806744636,0.0014007605484197994,0.010284463520405098,0.0014017395827811282,0.010896777140737304,0.001390912869200736,0.7250000000000001,1
break_even,noise10,1010,15,low_yaw,uncertainty_trigger,1,0.7250000000000001,0.774,0.33880398230959463,0.014125294504394465,0.028265748486959615,0.0014599094958143413,0.028694476190584378,0.0014606883621834377,0.028729412026430992,0.001440980202119687,0.7250000000000001,1
break_even,noise10,1010,15,low_yaw,uncertainty_trigger,2,0.7250000000000001,0.774,0.3352680950784481,0.014107871548206308,0.023311161085403074,0.0014559179263240677,0.023544997466203567,0.0014561327291468195,0.02406615285250829,0.0014372232953242334,0.7250000000000001,1
break_even,noise10,1010,15,low_yaw,uncertainty_trigger,3,0.7250000000000001,0.774,0.33430564939575313,0.014146146356208023,0.02029509979625361,0.001451631513668696,0.020448001418938953,0.0014522022856806058,0.02112133716209608,0.0014334956210233735,0.7250000000000001,1
break_even,noise10,1010,15,low_yaw,uncertainty_trigger,4,0.7250000000000001,0.774,0.33780133390667094,0.014177213492775249,0.018208482795443324,0.0014473558084754916,0.018317828048708677,0.0014479685741239938,0.019046373445533928,0.0014297968020762714,0.7250000000000001,1
break_even,noise10,1010,15,low_yaw,uncertainty_trigger,5,0.7250000000000001,0.774,0.3362758262006473,0.014158672534567929,0.016655436573768022,0.001442876949093696,0.016739059801158238,0.0014437126625552246,0.017483089581411874,0.0014261264681190418,0.7250000000000001,1
break_even,noise10,1010,15,low_yaw,uncertainty_trigger,6,0.7250000000000001,0.774,0.33540058586354476,0.014141765559558688,0.015441526010479063,0.0014382748935617459,0.015509710275790498,0.0014392425547836687,0.016250731709211447,0.0014224842554089788,0.7250000000000001,1
break_even,noise10,1010,15,low_yaw,uncertainty_trigger,7,0.7250000000000001,0.774,0.33640824211113785,0.014117686749463355,0.014459737503212357,0.0014340550663513542,0.014514295164882677,0.0014347090032714252,0.015246920363002169,0.0014188698066731396,0.7250000000000001,1
break_even,noise10,1010,15,low_yaw,uncertainty_trigger,8,0.7250000000000001,0.774,0.33661091186581343,0.014082992659661862,0.01364612974665104,0.0014297093943801602,0.01369130313839335,0.0014304018593789321,0.014408755308647003,0.001415282770961137,0.7250000000000001,1
break_even,noise10,1010,15,low_yaw,uncertainty_trigger,9,0.7250000000000001,0.774,0.33643179696271897,0.014086973905182574,0.01295509848817082,0.0014253972119260712,0.012994386053548718,0.0014261002103257434,0.013695177490599501,0.0014117228035020089,0.7250000000000001,1
break_even,noise10,1010,15,low_yaw,uncertainty_trigger,10,0.7250000000000001,0.774,0.33588870720866904,0.01403930720022795,0.012358650569576165,0.0014215324861999918,0.012393328088828754,0.00142191041305567,0.013078095263962617,0.0014081895655650236,0.7250000000000001,1
break_even,noise10,1010,15,low_yaw,uncertainty_trigger,11,0.7250000000000001,0.774,0.33487934733438823,0.014012843748116293,0.011837938275421445,0.0014175717092074454,0.011868334843826702,0.0014180676951634143,0.012537553319584768,0.0014046827243243002,0.7250000000000001,1
break_even,noise10,1010,15,low_yaw,uncertainty_trigger,12,0.7250000000000001,0.774,0.3360518473787886,0.013951364384317311,0.01137738393866708,0.0014128720588728642,0.011404585964952403,0.0014141042400661326,0.012058933703164505,0.001401201952727121,0.7250000000000001,1
break_even,noise10,1010,15,low_yaw,uncertainty_trigger,13,0.7250000000000001,0.774,0.3357601930010325,0.013913758082584734,0.010967305072844321,0.001408785575608471,0.010991292196817166,0.0014094791601050726,0.011631250333289026,0.0013977469293658135,0.7250000000000001,1
break_even,noise10,1010,15,low_yaw,uncertainty_trigger,14,0.7250000000000001,0.774,0.3368373553933485,0.01392148716954986,0.010599291447558898,0.001405076727266111,0.01062067681856072,0.0014054094625127612,0.011246065538914128,0.0013943173383530899,0.7250000000000001,1
break_even,noise10,1010,15,low_yaw,uncertainty_trigger,15,0.7250000000000001,0.774,0.33689499103388854,0.01387228905414945,0.01026466806744636,0.0014007605484197994,0.010284463520405098,0.0014017395827811282,0.010896777140737304,0.001390912869200736,0.7250000000000001,1
break_even,noise10,1001,25,low_yaw,passive,1,0.775,0.8240000000000001,1.057923681117422,0.010908513635278904,0.04085445392115846,0.007457913601739482,0.04198798919011376,0.007511107839158406,0.04198798919011376,0.007511107839158406,0.775,1
break_even,noise10,1001,25,low_yaw,passive,2,0.75,0.798,1.058954126301196,0.009533787694576945,0.029307447505024564,0.006963525543099387,0.029309671144033718,0.007016279487211115,0.030192093426774372,0.0070706207087782615,0.75,1
break_even,noise10,1001,25,low_yaw,passive,3,0.75,0.798,1.0581065353015309,0.008170055346677998,0.024060383978330113,0.006517142509420828,0.0240557174118293,0.006574221167748699,0.024793088325972178,0.006699526738519012,0.75,1
break_even,noise10,1001,25,low_yaw,passive,4,0.75,0.798,1.05537951574867,0.007201740415242182,0.020888465244457848,0.006169741673430146,0.020888017007211573,0.0061714569967097205,0.021707626397501793,0.006350285115514478,0.7250000000000001,1
break_even,noise10,1001,25,low_yaw,passive,5,0.75,0.798,1.0575003575559228,0.006722384007026329,0.018708021468729217,0.005853486681655863,0.01870976492868621,0.005898414049306224,0.01954603582532998,0.006050522294715765,0.7250000000000001,1
break_even,noise10,1001,25,low_yaw,passive,6,0.75,0.798,1.0582906028169452,0.006278099414736035,0.017094945283910506,0.005608378270507717,0.01709442678841392,0.005618652714529215,0.01792355154862849,0.0057895600479085044,0.7250000000000001,1
break_even,noise10,1001,25,low_yaw,passive,7,0.75,0.798,1.058617155590423,0.005827660573633641,0.01583926589610433,0.0053708466456580325,0.015838382015695384,0.005398443923859766,0.01664787035116238,0.005559690858428843,0.7250000000000001,1
break_even,noise10,1001,25,low_yaw,passive,8,0.75,0.798,1.0572433056228867,0.005573597195802812,0.014823774698212187,0.005156779980874147,0.014823837604788639,0.0051678467433151935,0.015610785037948811,0.005355193352607996,0.7250000000000001,1
break_even,noise10,1001,25,low_yaw,passive,9,0.75,0.798,1.057705884041932,0.0053155148331878645,0.013981232145833255,0.004955013006058389,0.013980743215962113,0.00499116871926452,0.0147461318649261,0.0051717192687435725,0.7250000000000001,1
break_even,noise10,1001,25,low_yaw,passive,10,0.7250000000000001,0.774,1.0572493927377284,0.004438583300794296,0.013269062765072497,0.004769207198390776,0.013308557700105727,0.0047917357688319374,0.014010878353196064,0.005005896880822425,0.7250000000000001,1
break_even,noise10,1001,25,low_yaw,passive,11,0.75,0.798,1.05625216974603,0.004548520578295062,0.012654838632117731,0.004619352363183871,0.012655847901175504,0.004635032342502999,0.013375666992961442,0.004855065989297521,0.7250000000000001,1
break_even,noise10,1001,25,low_yaw,passive,12,0.7250000000000001,0.774,1.0558995834528448,0.00459838431067097,0.012118500161228197,0.004457734848511976,0.012149735412875498,0.004485320827060376,0.01281969157546862,0.004717095822603574,0.7250000000000001,1
break_even,noise10,1001,25,low_yaw,passive,13,0.7250000000000001,0.774,1.0565023305729928,0.004666266001934338,0.011645409159983083,0.0043069340499769905,0.01167277362844455,0.0043348158248092215,0.012327740017968524,0.004590256840204382,0.7250000000000001,1
break_even,noise10,1001,25,low_yaw,passive,14,0.7250000000000001,0.774,1.056057252820781,0.004144742900503766,0.011223744586479522,0.004165472490894204,0.011248238772222077,0.004197794586109418,0.01188839812449633,0.004473128542349627,0.7250000000000001,1
break_even,noise10,1001,25,low_yaw,passive,15,0.7250000000000001,0.774,1.0556752828986427,0.004029752110696319,0.01084465282453153,0.004041201672369106,0.010866810502967091,0.0040643128755679285,0.011492911447290153,0.004364531914154728,0.7250000000000001,1
break_even,noise10,1001,25,low_yaw,passive,16,0.7250000000000001,0.774,1.0559506329965187,0.003971307047052075,0.010501371905085283,0.003936651602556201,0.010521868844579146,0.0039497221389005795,0.011134438050884087,0.004263479084373352,0.7250000000000001,1
break_even,noise10,1001,25,low_yaw,passive,17,0.7250000000000001,0.774,1.05532753519929,0.003530897500895735,0.01018914860892508,0.0038260944241240917,0.010207272174799045,0.003851389434638783,0.010807542814466942,0.004169135243769145,0.7250000000000001,1
break_even,noise10,1001,25,low_yaw,passive,18,0.7250000000000001,0.774,1.0564395993478217,0.003087028566117672,0.009903060139497426,0.0037279131755242963,0.009920124659985551,0.003745866934996258,0.010507846112418751,0.004080789444029718,0.7250000000000001,1
break_even,noise10,1001,25,low_yaw,passive,19,0.7250000000000001,0.774,1.0563859779564275,0.0031367673392594525,0.009638889222701355,0.003643494444504301,0.009654922531574505,0.003653402986819324,0.010231934249241329,0.0039890219186730766,0.7000000000000001,1
break_even,noise10,1001,25,low_yaw,passive,20,0.7250000000000001,0.774,1.0566163271814246,0.0029543690839249274,0.009395671428161643,0.00355648318264115,0.009409980925983217,0.0035752000646914403,0.009976674516357597,0.003903179314165016,0.7000000000000001,1
break_even,noise10,1001,25,low_yaw,passive,21,0.7250000000000001,0.774,1.0571986509949798,0.0024841808988038025,0.009169666113874667,0.003469020220034508,0.009183177888366291,0.0034923657123080913,0.009739612765249681,0.0038226503318867892,0.7000000000000001,1
break_even,noise10,1001,25,low_yaw,passive,22,0.7250000000000001,0.774,1.0572401612974986,0.002113595091914499,0.008959478095860377,0.003388816833538731,0.008971830155392952,0.0034074474318359026,0.009518684640621684,0.0037469084774413752,0.7000000000000001,1
break_even,noise10,1001,25,low_yaw,passive,23,0.7250000000000001,0.774,1.0572984487960218,0.002015778833994398,0.008763071947108497,0.003319342833255522,0.008774965194659095,0.003333098369852538,0.00931213943004194,0.0036754975103956778,0.7000000000000001,1
break_even,noise10,1001,25,low_yaw,passive,24,0.7250000000000001,0.774,1.0570624336312506,0.0019794217455219323,0.00857885958257789,0.0032591546395058825,0.008589975518937452,0.0032653950571231763,0.009118481341061576,0.003608019833347786,0.7000000000000001,1
break_even,noise10,1001,25,low_yaw,passive,25,0.7250000000000001,0.774,1.057014781418267,0.0021681404553609016,0.008406065450238715,0.0031953506287454845,0.008416410098541627,0.0032094609912961575,0.008936423680261159,0.003544127143407023,0.7000000000000001,1
break_even,noise10,1001,25,low_yaw,always_probe,1,0.7000000000000001,0.748,1.0483902380543577,0.002838073993771474,0.03022605639693693,0.0013789480767640119,0.030222717430655268,0.0013795891473611182,0.030699903649704593,0.0014410350550667814,0.675,1
break_even,noise10,1001,25,low_yaw,always_probe,2,0.7000000000000001,0.748,1.0527512880256937,0.0028083104927421358,0.024804823782223984,0.0013741217853507966,0.02480658718283553,0.0013747157321957223,0.025634529205822727,0.0014364011721237772,0.675,1
break_even,noise10,1001,25,low_yaw,always_probe,3,0.7000000000000001,0.748,1.0534416688377468,0.0027853650016000098,0.02154628043907246,0.0013690644031276477,0.0215437367898274,0.0013697575086358165,0.022459062931727333,0.0014318117066100587,0.675,1
break_even,noise10,1001,25,low_yaw,always_probe,4,0.7000000000000001,0.748,1.0522282254662856,0.002755476208263346,0.019301313189803097,0.0013643493806229246,0.019302350671555713,0.0013645608255806489,0.020230892475127382,0.001427265953435158,0.675,1
break_even,noise10,1001,25,low_yaw,always_probe,5,0.7000000000000001,0.748,1.0549758072416606,0.002753518818708847,0.017637054636426196,0.0013594307297208148,0.01763787335971938,0.0013602656623544526,0.018556719888913,0.0014227632230795928,0.675,1
break_even,noise10,1001,25,low_yaw,always_probe,6,0.7000000000000001,0.748,1.0551316261629144,0.0027570127411257147,0.01634030798810362,0.001355192542164727,0.016340944263594667,0.0013553917370416617,0.01723945359705699,0.0014183028411555267,0.675,1
break_even,noise10,1001,25,low_yaw,always_probe,7,0.7000000000000001,0.748,1.0556314813870522,0.0027432108414232044,0.015294463055623514,0.001350844972184719,0.015294226820420111,0.0013511743668274492,0.01616799188787327,0.0014138841479824854,0.675,1
break_even,noise10,1001,25,low_yaw,always_probe,8,0.7000000000000001,0.748,1.0549691771268332,0.0027585603903669937,0.01442645719627215,0.0013463155645030305,0.014426131469008492,0.0013465643927030747,0.015274312189258794,0.0014095064981775231,0.675,1
break_even,noise10,1001,25,low_yaw,always_probe,9,0.7000000000000001,0.748,1.0553412032349074,0.002754561613211327,0.013690098479867742,0.001341603746350507,0.01369022937128446,0.0013423899600322905,0.014514128985068337,0.0014051692602592618,0.675,1
break_even,noise10,1001,25,low_yaw,always_probe,10,0.7000000000000001,0.748,1.0548855726920916,0.0026954654018032016,0.013056617572304046,0.0013371225316613315,0.013056980204594202,0.0013377093377367354,0.013857206227791893,0.001400871816265251,0.675,1
break_even,noise10,1001,25,low_yaw,always_probe,11,0.7000000000000001,0.748,1.0542442049135972,0.0027154744259783948,0.012505087007449166,0.0013326370991797825,0.012504881464334852,0.0013332669026306298,0.013282101485383578,0.0013966135613821215,0.675,1
break_even,noise10,1001,25,low_yaw,always_probe,12,0.7000000000000001,0.748,1.0542047550630065,0.0027307384497679862,0.012016839872773693,0.0013280380017143267,0.012017235127715556,0.001328830664081401,0.01277312930368962,0.001392393903588031,0.675,1
break_even,noise10,1001,25,low_yaw,always_probe,13,0.7000000000000001,0.748,1.054789765365168,0.002753372109381802,0.011582649721555016,0.0013233596607844162,0.01158203533842048,0.0013242116047472278,0.012318515121867796,0.0013882122633069242,0.675,1
break_even,noise10,1001,25,low_yaw,always_probe,14,0.7000000000000001,0.748,1.0546469469948638,0.0027172738725205715,0.011192099655901852,0.0013184879479430079,0.011191828756445654,0.001319631961410886,0.011909224715113827,0.0013840680730741425,0.675,1
break_even,noise10,1001,25,low_yaw,always_probe,15,0.7000000000000001,0.748,1.054800281316381,0.0027179556516708186,0.010838286427057132,0.0013138992764986008,0.010838246650925353,0.001314747129951595,0.011538195209039481,0.0013799607772129509,0.675,1
break_even,noise10,1001,25,low_yaw,always_probe,16,0.7000000000000001,0.748,1.0553342952842393,0.002713361198459322,0.010516062727428027,0.0013096666247578135,0.010516213108054237,0.0013102431618379116,0.011199814391933835,0.0013758898315215636,0.675,1
break_even,noise10,1001,25,low_yaw,always_probe,17,0.7000000000000001,0.748,1.0547994920160586,0.002664660845964064,0.010221007861298965,0.0013049883880745677,0.010220911543181301,0.0013060277177061163,0.010889558817810252,0.001371854702970263,0.675,1
break_even,noise10,1001,25,low_yaw,always_probe,18,0.7000000000000001,0.748,1.0558030251455253,0.002629076369450509,0.00994953138027105,0.0013006499918616252,0.009949659003644388,0.0013013268337276793,0.010603736470631222,0.0013678548694082365,0.675,1
break_even,noise10,1001,25,low_yaw,always_probe,19,0.7000000000000001,0.748,1.0558344691964594,0.0026357659991438887,0.009697877234684281,0.001296487733315498,0.009698100288803232,0.0012970317941066502,0.010339300065009726,0.001363889819279757,0.675,1
break_even,noise10,1001,25,low_yaw,always_probe,20,0.7000000000000001,0.748,1.0563855895877132,0.0026197325598851947,0.00946481114075412,0.0012921463191104417,0.00946496164087258,0.0012929683230690863,0.010093709156187692,0.0013599590513493653,0.675,1
break_even,noise10,1001,25,low_yaw,always_probe,21,0.7000000000000001,0.748,1.0570107967988573,0.0025558787786122243,0.009247754560571598,0.0012874522497228914,0.009247815502050163,0.0012886429868203852,0.009864826661963744,0.0013560620744357116,0.675,1
break_even,noise10,1001,25,low_yaw,always_probe,22,0.7000000000000001,0.748,1.0569958401455986,0.00249873664936675,0.009045222181227995,0.0012828545080464824,0.009045041161411894,0.0012838926199508123,0.009650840087039649,0.0013521984071537417,0.675,1
break_even,noise10,1001,25,low_yaw,always_probe,23,0.7000000000000001,0.748,1.057132295896489,0.002479030896823775,0.008855604976406981,0.0012787758644352578,0.008855574180125428,0.001279444534546932,0.009450200770039358,0.0013483675776649147,0.675,1
break_even,noise10,1001,25,low_yaw,always_probe,24,0.7000000000000001,0.748,1.056813007119181,0.002472592647734609,0.008677200040831086,0.0012750479729131375,0.00867717467358571,0.001275310015715572,0.009261576474493001,0.0013445691234351635,0.675,1
break_even,noise10,1001,25,low_yaw,always_probe,25,0.7000000000000001,0.748,1.056964746080475,0.002489832500747113,0.008509159587170677,0.0012710603528574625,0.008509298914403881,0.001271701246141838,0.009083813992797089,0.0013408025910003117,0.675,1
break_even,noise10,1001,25,low_yaw,batch_aware,1,0.7000000000000001,0.748,1.0483902380543577,0.002838073993771474,0.03022605639693693,0.0013789480767640119,0.030222717430655268,0.0013795891473611182,0.030699903649704593,0.0014410350550667814,0.675,1
break_even,noise10,1001,25,low_yaw,batch_aware,2,0.7000000000000001,0.748,1.0527512880256937,0.0028083104927421358,0.024804823782223984,0.0013741217853507966,0.02480658718283553,0.0013747157321957223,0.025634529205822727,0.0014364011721237772,0.675,1
break_even,noise10,1001,25,low_yaw,batch_aware,3,0.7000000000000001,0.748,1.0534416688377468,0.0027853650016000098,0.02154628043907246,0.0013690644031276477,0.0215437367898274,0.0013697575086358165,0.022459062931727333,0.0014318117066100587,0.675,1
break_even,noise10,1001,25,low_yaw,batch_aware,4,0.7000000000000001,0.748,1.0522282254662856,0.002755476208263346,0.019301313189803097,0.0013643493806229246,0.019302350671555713,0.0013645608255806489,0.020230892475127382,0.001427265953435158,0.675,1
break_even,noise10,1001,25,low_yaw,batch_aware,5,0.7000000000000001,0.748,1.0549758072416606,0.002753518818708847,0.017637054636426196,0.0013594307297208148,0.01763787335971938,0.0013602656623544526,0.018556719888913,0.0014227632230795928,0.675,1
break_even,noise10,1001,25,low_yaw,batch_aware,6,0.7000000000000001,0.748,1.0551316261629144,0.0027570127411257147,0.01634030798810362,0.001355192542164727,0.016340944263594667,0.0013553917370416617,0.01723945359705699,0.0014183028411555267,0.675,1
break_even,noise10,1001,25,low_yaw,batch_aware,7,0.7000000000000001,0.748,1.0556314813870522,0.0027432108414232044,0.015294463055623514,0.001350844972184719,0.015294226820420111,0.0013511743668274492,0.01616799188787327,0.0014138841479824854,0.675,1
break_even,noise10,1001,25,low_yaw,batch_aware,8,0.7000000000000001,0.748,1.0549691771268332,0.0027585603903669937,0.01442645719627215,0.0013463155645030305,0.014426131469008492,0.0013465643927030747,0.015274312189258794,0.0014095064981775231,0.675,1
break_even,noise10,1001,25,low_yaw,batch_aware,9,0.7000000000000001,0.748,1.0553412032349074,0.002754561613211327,0.013690098479867742,0.001341603746350507,0.01369022937128446,0.0013423899600322905,0.014514128985068337,0.0014051692602592618,0.675,1
break_even,noise10,1001,25,low_yaw,batch_aware,10,0.7000000000000001,0.748,1.0548855726920916,0.0026954654018032016,0.013056617572304046,0.0013371225316613315,0.013056980204594202,0.0013377093377367354,0.013857206227791893,0.001400871816265251,0.675,1
break_even,noise10,1001,25,low_yaw,batch_aware,11,0.7000000000000001,0.748,1.0542442049135972,0.0027154744259783948,0.012505087007449166,0.0013326370991797825,0.012504881464334852,0.0013332669026306298,0.013282101485383578,0.0013966135613821215,0.675,1
break_even,noise10,1001,25,low_yaw,batch_aware,12,0.7000000000000001,0.748,1.0542047550630065,0.0027307384497679862,0.012016839872773693,0.0013280380017143267,0.012017235127715556,0.001328830664081401,0.01277312930368962,0.001392393903588031,0.675,1
break_even,noise10,1001,25,low_yaw,batch_aware,13,0.7000000000000001,0.748,1.054789765365168,0.002753372109381802,0.011582649721555016,0.0013233596607844162,0.01158203533842048,0.0013242116047472278,0.012318515121867796,0.0013882122633069242,0.675,1
break_even,noise10,1001,25,low_yaw,batch_aware,14,0.7000000000000001,0.748,1.0546469469948638,0.0027172738725205715,0.011192099655901852,0.0013184879479430079,0.011191828756445654,0.001319631961410886,0.011909224715113827,0.0013840680730741425,0.675,1
break_even,noise10,1001,25,low_yaw,batch_aware,15,0.7000000000000001,0.748,1.054800281316381,0.0027179556516708186,0.010838286427057132,0.0013138992764986008,0.010838246650925353,0.001314747129951595,0.011538195209039481,0.0013799607772129509,0.675,1
break_even,noise10,1001,25,low_yaw,batch_aware,16,0.7000000000000001,0.748,1.0553342952842393,0.002713361198459322,0.010516062727428027,0.0013096666247578135,0.010516213108054237,0.0013102431618379116,0.011199814391933835,0.0013758898315215636,0.675,1
break_even,noise10,1001,25,low_yaw,batch_aware,17,0.7000000000000001,0.748,1.0547994920160586,0.002664660845964064,0.010221007861298965,0.0013049883880745677,0.010220911543181301,0.0013060277177061163,0.010889558817810252,0.001371854702970263,0.675,1
break_even,noise10,1001,25,low_yaw,batch_aware,18,0.7000000000000001,0.748,1.0558030251455253,0.002629076369450509,0.00994953138027105,0.0013006499918616252,0.009949659003644388,0.0013013268337276793,0.010603736470631222,0.0013678548694082365,0.675,1
break_even,noise10,1001,25,low_yaw,batch_aware,19,0.7000000000000001,0.748,1.0558344691964594,0.0026357659991438887,0.009697877234684281,0.001296487733315498,0.009698100288803232,0.0012970317941066502,0.010339300065009726,0.001363889819279757,0.675,1
break_even,noise10,1001,25,low_yaw,batch_aware,20,0.7000000000000001,0.748,1.0563855895877132,0.0026197325598851947,0.00946481114075412,0.0012921463191104417,0.00946496164087258,0.0012929683230690863,0.010093709156187692,0.0013599590513493653,0.675,1
break_even,noise10,1001,25,low_yaw,batch_aware,21,0.7000000000000001,0.748,1.0570107967988573,0.0025558787786122243,0.009247754560571598,0.0012874522497228914,0.009247815502050163,0.0012886429868203852,0.009864826661963744,0.0013560620744357116,0.675,1
break_even,noise10,1001,25,low_yaw,batch_aware,22,0.7000000000000001,0.748,1.0569958401455986,0.00249873664936675,0.009045222181227995,0.0012828545080464824,0.009045041161411894,0.0012838926199508123,0.009650840087039649,0.0013521984071537417,0.675,1
break_even,noise10,1001,25,low_yaw,batch_aware,23,0.7000000000000001,0.748,1.057132295896489,0.002479030896823775,0.008855604976406981,0.0012787758644352578,0.008855574180125428,0.001279444534546932,0.009450200770039358,0.0013483675776649147,0.675,1
break_even,noise10,1001,25,low_yaw,batch_aware,24,0.7000000000000001,0.748,1.056813007119181,0.002472592647734609,0.008677200040831086,0.0012750479729131375,0.00867717467358571,0.001275310015715572,0.009261576474493001,0.0013445691234351635,0.675,1
break_even,noise10,1001,25,low_yaw,batch_aware,25,0.7000000000000001,0.748,1.056964746080475,0.002489832500747113,0.008509159587170677,0.0012710603528574625,0.008509298914403881,0.001271701246141838,0.009083813992797089,0.0013408025910003117,0.675,1
break_even,noise10,1001,25,low_yaw,ignore_passive,1,0.7000000000000001,0.748,1.0483902380543577,0.002838073993771474,0.03022605639693693,0.0013789480767640119,0.030222717430655268,0.0013795891473611182,0.030699903649704593,0.0014410350550667814,0.675,1
break_even,noise10,1001,25,low_yaw,ignore_passive,2,0.7000000000000001,0.748,1.0527512880256937,0.0028083104927421358,0.024804823782223984,0.0013741217853507966,0.02480658718283553,0.0013747157321957223,0.025634529205822727,0.0014364011721237772,0.675,1
break_even,noise10,1001,25,low_yaw,ignore_passive,3,0.7000000000000001,0.748,1.0534416688377468,0.0027853650016000098,0.02154628043907246,0.0013690644031276477,0.0215437367898274,0.0013697575086358165,0.022459062931727333,0.0014318117066100587,0.675,1
break_even,noise10,1001,25,low_yaw,ignore_passive,4,0.7000000000000001,0.748,1.0522282254662856,0.002755476208263346,0.019301313189803097,0.0013643493806229246,0.019302350671555713,0.0013645608255806489,0.020230892475127382,0.001427265953435158,0.675,1
break_even,noise10,1001,25,low_yaw,ignore_passive,5,0.7000000000000001,0.748,1.0549758072416606,0.002753518818708847,0.017637054636426196,0.0013594307297208148,0.01763787335971938,0.0013602656623544526,0.018556719888913,0.0014227632230795928,0.675,1
break_even,noise10,1001,25,low_yaw,ignore_passive,6,0.7000000000000001,0.748,1.0551316261629144,0.0027570127411257147,0.01634030798810362,0.001355192542164727,0.016340944263594667,0.0013553917370416617,0.01723945359705699,0.0014183028411555267,0.675,1
break_even,noise10,1001,25,low_yaw,ignore_passive,7,0.7000000000000001,0.748,1.0556314813870522,0.0027432108414232044,0.015294463055623514,0.001350844972184719,0.015294226820420111,0.0013511743668274492,0.01616799188787327,0.0014138841479824854,0.675,1
break_even,noise10,1001,25,low_yaw,ignore_passive,8,0.7000000000000001,0.748,1.0549691771268332,0.0027585603903669937,0.01442645719627215,0.0013463155645030305,0.014426131469008492,0.0013465643927030747,0.015274312189258794,0.0014095064981775231,0.675,1
break_even,noise10,1001,25,low_yaw,ignore_passive,9,0.7000000000000001,0.748,1.0553412032349074,0.002754561613211327,0.013690098479867742,0.001341603746350507,0.01369022937128446,0.0013423899600322905,0.014514128985068337,0.0014051692602592618,0.675,1
break_even,noise10,1001,25,low_yaw,ignore_passive,10,0.7000000000000001,0.748,1.0548855726920916,0.0026954654018032016,0.013056617572304046,0.0013371225316613315,0.013056980204594202,0.0013377093377367354,0.013857206227791893,0.001400871816265251,0.675,1
break_even,noise10,1001,25,low_yaw,ignore_passive,11,0.7000000000000001,0.748,1.0542442049135972,0.0027154744259783948,0.012505087007449166,0.0013326370991797825,0.012504881464334852,0.0013332669026306298,0.013282101485383578,0.0013966135613821215,0.675,1
break_even,noise10,1001,25,low_yaw,ignore_passive,12,0.7000000000000001,0.748,1.0542047550630065,0.0027307384497679862,0.012016839872773693,0.0013280380017143267,0.012017235127715556,0.001328830664081401,0.01277312930368962,0.001392393903588031,0.675,1
break_even,noise10,1001,25,low_yaw,ignore_passive,13,0.7000000000000001,0.748,1.054789765365168,0.002753372109381802,0.011582649721555016,0.0013233596607844162,0.01158203533842048,0.0013242116047472278,0.012318515121867796,0.0013882122633069242,0.675,1
break_even,noise10,1001,25,low_yaw,ignore_passive,14,0.7000000000000001,0.748,1.0546469469948638,0.0027172738725205715,0.011192099655901852,0.0013184879479430079,0.011191828756445654,0.001319631961410886,0.011909224715113827,0.0013840680730741425,0.675,1
break_even,noise10,1001,25,low_yaw,ignore_passive,15,0.7000000000000001,0.748,1.054800281316381,0.0027179556516708186,0.010838286427057132,0.0013138992764986008,0.010838246650925353,0.001314747129951595,0.011538195209039481,0.0013799607772129509,0.675,1
break_even,noise10,1001,25,low_yaw,ignore_passive,16,0.7000000000000001,0.748,1.0553342952842393,0.002713361198459322,0.010516062727428027,0.0013096666247578135,0.010516213108054237,0.0013102431618379116,0.011199814391933835,0.0013758898315215636,0.675,1
break_even,noise10,1001,25,low_yaw,ignore_passive,17,0.7000000000000001,0.748,1.0547994920160586,0.002664660845964064,0.010221007861298965,0.0013049883880745677,0.010220911543181301,0.0013060277177061163,0.010889558817810252,0.001371854702970263,0.675,1
break_even,noise10,1001,25,low_yaw,ignore_passive,18,0.7000000000000001,0.748,1.0558030251455253,0.002629076369450509,0.00994953138027105,0.0013006499918616252,0.009949659003644388,0.0013013268337276793,0.010603736470631222,0.0013678548694082365,0.675,1
break_even,noise10,1001,25,low_yaw,ignore_passive,19,0.7000000000000001,0.748,1.0558344691964594,0.0026357659991438887,0.009697877234684281,0.001296487733315498,0.009698100288803232,0.0012970317941066502,0.010339300065009726,0.001363889819279757,0.675,1
break_even,noise10,1001,25,low_yaw,ignore_passive,20,0.7000000000000001,0.748,1.0563855895877132,0.0026197325598851947,0.00946481114075412,0.0012921463191104417,0.00946496164087258,0.0012929683230690863,0.010093709156187692,0.0013599590513493653,0.675,1
break_even,noise10,1001,25,low_yaw,ignore_passive,21,0.7000000000000001,0.748,1.0570107967988573,0.0025558787786122243,0.009247754560571598,0.0012874522497228914,0.009247815502050163,0.0012886429868203852,0.009864826661963744,0.0013560620744357116,0.675,1
break_even,noise10,1001,25,low_yaw,ignore_passive,22,0.7000000000000001,0.748,1.0569958401455986,0.00249873664936675,0.009045222181227995,0.0012828545080464824,0.009045041161411894,0.0012838926199508123,0.009650840087039649,0.0013521984071537417,0.675,1
break_even,noise10,1001,25,low_yaw,ignore_passive,23,0.7000000000000001,0.748,1.057132295896489,0.002479030896823775,0.008855604976406981,0.0012787758644352578,0.008855574180125428,0.001279444534546932,0.009450200770039358,0.0013483675776649147,0.675,1
break_even,noise10,1001,25,low_yaw,ignore_passive,24,0.7000000000000001,0.748,1.056813007119181,0.002472592647734609,0.008677200040831086,0.0012750479729131375,0.00867717467358571,0.001275310015715572,0.009261576474493001,0.0013445691234351635,0.675,1
break_even,noise10,1001,25,low_yaw,ignore_passive,25,0.7000000000000001,0.748,1.056964746080475,0.002489832500747113,0.008509159587170677,0.0012710603528574625,0.008509298914403881,0.001271701246141838,0.009083813992797089,0.0013408025910003117,0.675,1
break_even,noise10,1001,25,low_yaw,uncertainty_trigger,1,0.7000000000000001,0.748,1.0483902380543577,0.002838073993771474,0.03022605639693693,0.0013789480767640119,0.030222717430655268,0.0013795891473611182,0.030699903649704593,0.0014410350550667814,0.675,1
break_even,noise10,1001,25,low_yaw,uncertainty_trigger,2,0.7000000000000001,0.748,1.0527512880256937,0.0028083104927421358,0.024804823782223984,0.0013741217853507966,0.02480658718283553,0.0013747157321957223,0.025634529205822727,0.0014364011721237772,0.675,1
break_even,noise10,1001,25,low_yaw,uncertainty_trigger,3,0.7000000000000001,0.748,1.0534416688377468,0.0027853650016000098,0.02154628043907246,0.0013690644031276477,0.0215437367898274,0.0013697575086358165,0.022459062931727333,0.0014318117066100587,0.675,1
break_even,noise10,1001,25,low_yaw,uncertainty_trigger,4,0.7000000000000001,0.748,1.0522282254662856,0.002755476208263346,0.019301313189803097,0.0013643493806229246,0.019302350671555713,0.0013645608255806489,0.020230892475127382,0.001427265953435158,0.675,1
break_even,noise10,1001,25,low_yaw,uncertainty_trigger,5,0.7000000000000001,0.748,1.0549758072416606,0.002753518818708847,0.017637054636426196,0.0013594307297208148,0.01763787335971938,0.0013602656623544526,0.018556719888913,0.0014227632230795928,0.675,1
break_even,noise10,1001,25,low_yaw,uncertainty_trigger,6,0.7000000000000001,0.748,1.0551316261629144,0.0027570127411257147,0.01634030798810362,0.001355192542164727,0.016340944263594667,0.0013553917370416617,0.01723945359705699,0.0014183028411555267,0.675,1
break_even,noise10,1001,25,low_yaw,uncertainty_trigger,7,0.7000000000000001,0.748,1.0556314813870522,0.0027432108414232044,0.015294463055623514,0.001350844972184719,0.015294226820420111,0.0013511743668274492,0.01616799188787327,0.0014138841479824854,0.675,1
break_even,noise10,1001,25,low_yaw,uncertainty_trigger,8,0.7000000000000001,0.748,1.0549691771268332,0.0027585603903669937,0.01442645719627215,0.0013463155645030305,0.014426131469008492,0.0013465643927030747,0.015274312189258794,0.0014095064981775231,0.675,1
break_even,noise10,1001,25,low_yaw,uncertainty_trigger,9,0.7000000000000001,0.748,1.0553412032349074,0.002754561613211327,0.013690098479867742,0.001341603746350507,0.01369022937128446,0.0013423899600322905,0.014514128985068337,0.0014051692602592618,0.675,1
break_even,noise10,1001,25,low_yaw,uncertainty_trigger,10,0.7000000000000001,0.748,1.0548855726920916,0.0026954654018032016,0.013056617572304046,0.0013371225316613315,0.013056980204594202,0.0013377093377367354,0.013857206227791893,0.001400871816265251,0.675,1
break_even,noise10,1001,25,low_yaw,uncertainty_trigger,11,0.7000000000000001,0.748,1.0542442049135972,0.0027154744259783948,0.012505087007449166,0.0013326370991797825,0.012504881464334852,0.0013332669026306298,0.013282101485383578,0.0013966135613821215,0.675,1
break_even,noise10,1001,25,low_yaw,uncertainty_trigger,12,0.7000000000000001,0.748,1.0542047550630065,0.0027307384497679862,0.012016839872773693,0.0013280380017143267,0.012017235127715556,0.001328830664081401,0.01277312930368962,0.001392393903588031,0.675,1
break_even,noise10,1001,25,low_yaw,uncertainty_trigger,13,0.7000000000000001,0.748,1.054789765365168,0.002753372109381802,0.011582649721555016,0.0013233596607844162,0.01158203533842048,0.0013242116047472278,0.012318515121867796,0.0013882122633069242,0.675,1
break_even,noise10,1001,25,low_yaw,uncertainty_trigger,14,0.7000000000000001,0.748,1.0546469469948638,0.0027172738725205715,0.011192099655901852,0.0013184879479430079,0.011191828756445654,0.001319631961410886,0.011909224715113827,0.0013840680730741425,0.675,1
break_even,noise10,1001,25,low_yaw,uncertainty_trigger,15,0.7000000000000001,0.748,1.054800281316381,0.0027179556516708186,0.010838286427057132,0.0013138992764986008,0.010838246650925353,0.001314747129951595,0.011538195209039481,0.0013799607772129509,0.675,1
break_even,noise10,1001,25,low_yaw,uncertainty_trigger,16,0.7000000000000001,0.748,1.0553342952842393,0.002713361198459322,0.010516062727428027,0.0013096666247578135,0.010516213108054237,0.0013102431618379116,0.011199814391933835,0.0013758898315215636,0.675,1
break_even,noise10,1001,25,low_yaw,uncertainty_trigger,17,0.7000000000000001,0.748,1.0547994920160586,0.002664660845964064,0.010221007861298965,0.0013049883880745677,0.010220911543181301,0.0013060277177061163,0.010889558817810252,0.001371854702970263,0.675,1
break_even,noise10,1001,25,low_yaw,uncertainty_trigger,18,0.7000000000000001,0.748,1.0558030251455253,0.002629076369450509,0.00994953138027105,0.0013006499918616252,0.009949659003644388,0.0013013268337276793,0.010603736470631222,0.0013678548694082365,0.675,1
break_even,noise10,1001,25,low_yaw,uncertainty_trigger,19,0.7000000000000001,0.748,1.0558344691964594,0.0026357659991438887,0.009697877234684281,0.001296487733315498,0.009698100288803232,0.0012970317941066502,0.010339300065009726,0.001363889819279757,0.675,1
break_even,noise10,1001,25,low_yaw,uncertainty_trigger,20,0.7000000000000001,0.748,1.0563855895877132,0.0026197325598851947,0.00946481114075412,0.0012921463191104417,0.00946496164087258,0.0012929683230690863,0.010093709156187692,0.0013599590513493653,0.675,1
break_even,noise10,1001,25,low_yaw,uncertainty_trigger,21,0.7000000000000001,0.748,1.0570107967988573,0.0025558787786122243,0.009247754560571598,0.0012874522497228914,0.009247815502050163,0.0012886429868203852,0.009864826661963744,0.0013560620744357116,0.675,1
break_even,noise10,1001,25,low_yaw,uncertainty_trigger,22,0.7000000000000001,0.748,1.0569958401455986,0.00249873664936675,0.009045222181227995,0.0012828545080464824,0.009045041161411894,0.0012838926199508123,0.009650840087039649,0.0013521984071537417,0.675,1
break_even,noise10,1001,25,low_yaw,uncertainty_trigger,23,0.7000000000000001,0.748,1.057132295896489,0.002479030896823775,0.008855604976406981,0.0012787758644352578,0.008855574180125428,0.001279444534546932,0.009450200770039358,0.0013483675776649147,0.675,1
break_even,noise10,1001,25,low_yaw,uncertainty_trigger,24,0.7000000000000001,0.748,1.056813007119181,0.002472592647734609,0.008677200040831086,0.0012750479729131375,0.00867717467358571,0.001275310015715572,0.009261576474493001,0.0013445691234351635,0.675,1
break_even,noise10,1001,25,low_yaw,uncertainty_trigger,25,0.7000000000000001,0.748,1.056964746080475,0.002489832500747113,0.008509159587170677,0.0012710603528574625,0.008509298914403881,0.001271701246141838,0.009083813992797089,0.0013408025910003117,0.675,1
break_even,noise10,1002,25,low_yaw,passive,1,0.8250000000000001,0.874,0.7512843103768914,0.011330227522235363,0.03917617305295662,0.007517360948275495,0.04028267407660387,0.007595192442118511,0.04028267407660387,0.007595192442118511,0.8250000000000001,1
break_even,noise10,1002,25,low_yaw,passive,2,0.8,0.848,0.7491686636243252,0.010413023454712355,0.028146441220593645,0.006990733558018751,0.02814103553798703,0.0071302386874138686,0.02896193645854848,0.007215357726383965,0.8,1
break_even,noise10,1002,25,low_yaw,passive,3,0.8,0.848,0.7472783481009891,0.011013592534523432,0.02309905426800491,0.006563430554613044,0.023102016384289863,0.006682010534588081,0.02378178690292078,0.006887345765528023,0.8,1
break_even,noise10,1002,25,low_yaw,passive,4,0.775,0.8240000000000001,0.7390769416253066,0.011408002430498198,0.020054441508668426,0.006207556983210994,0.020198889223501566,0.006285256310999704,0.020811906008170015,0.006573896816596785,0.775,1
break_even,noise10,1002,25,low_yaw,passive,5,0.775,0.8240000000000001,0.7390536003691971,0.010371192852414732,0.017962338424260316,0.00582765740661528,0.018066151040560398,0.005962942429710912,0.018733766311752616,0.006299684821853098,0.775,1
break_even,noise10,1002,25,low_yaw,passive,6,0.775,0.8240000000000001,0.738171235697586,0.010061581691728659,0.016412907446429346,0.005562677666621377,0.01649199034645577,0.005627970572138181,0.01717511988017043,0.006057152428657874,0.775,1
break_even,noise10,1002,25,low_yaw,passive,7,0.775,0.8240000000000001,0.736552615321869,0.010397990801663788,0.015207255426470256,0.005328153427831211,0.015270393697945655,0.005382914011572799,0.01595029131077094,0.005840634762890463,0.775,1
break_even,noise10,1002,25,low_yaw,passive,8,0.775,0.8240000000000001,0.7350039245497731,0.009660043110660493,0.014232002783374555,0.005140858287683504,0.014283640489860546,0.005174051106614185,0.014954944183542528,0.0056457907000975385,0.775,1
break_even,noise10,1002,25,low_yaw,passive,9,0.775,0.8240000000000001,0.7325125085186064,0.009845697707603638,0.013422876196278716,0.004968852289245482,0.0134662085297465,0.004998725844943739,0.014125344163461161,0.005469229986807246,0.775,1
break_even,noise10,1002,25,low_yaw,passive,10,0.775,0.8240000000000001,0.7333117057987012,0.009754737134009771,0.012738535933262978,0.004794325121216562,0.012775668948204892,0.004839894246401203,0.013420069773412886,0.00530826119141149,0.775,1
break_even,noise10,1002,25,low_yaw,passive,11,0.775,0.8240000000000001,0.7329703134030984,0.00987879947993646,0.012148678221199638,0.004635546587860546,0.012181156081287047,0.004679695927449573,0.012810879153256237,0.0051607167804572345,0.775,1
break_even,noise10,1002,25,low_yaw,passive,12,0.775,0.8240000000000001,0.732862398009104,0.009738817371338646,0.01163504138860189,0.004506176444749142,0.011662783265966014,0.004529389931978616,0.01227776627747592,0.005024828896486998,0.775,1
break_even,noise10,1002,25,low_yaw,passive,13,0.775,0.8240000000000001,0.7338936045780413,0.009943059186163906,0.011180952130856675,0.004384111164260855,0.01120599602857161,0.004409717840403337,0.011806109835326909,0.004899139337398078,0.775,1
break_even,noise10,1002,25,low_yaw,passive,14,0.775,0.8240000000000001,0.7348716202172824,0.010051169428207659,0.010775945415869188,0.004264478713963447,0.010798595656377892,0.004295788293059674,0.011384942520500263,0.004782433138211677,0.775,1
break_even,noise10,1002,25,low_yaw,passive,15,0.775,0.8240000000000001,0.7350517002175975,0.010039154304201516,0.010412212715932016,0.004152873754041904,0.01043231621057179,0.004183098633339606,0.011005854999287098,0.004673688773994988,0.775,1
break_even,noise10,1002,25,low_yaw,passive,16,0.775,0.8240000000000001,0.7352974786794174,0.009998187973678045,0.010082941349999007,0.004060860742609289,0.010101070043776085,0.004078401964636104,0.010662276645610983,0.004572040281795222,0.775,1
break_even,noise10,1002,25,low_yaw,passive,17,0.775,0.8240000000000001,0.73543925867653,0.009836586812252314,0.009783318890498558,0.003989300260225404,0.00979993343730656,0.003991152523794159,0.010348988962426248,0.004476748070425801,0.775,1
break_even,noise10,1002,25,low_yaw,passive,18,0.775,0.8240000000000001,0.7354213892125442,0.009976692234505176,0.00950864215598012,0.003901306450193884,0.009523934312759592,0.003921685717447322,0.010061787658990073,0.00438717615724903,0.775,1
break_even,noise10,1002,25,low_yaw,passive,19,0.775,0.8240000000000001,0.7353798378537464,0.010125455898561866,0.009255877521450608,0.0038257968308695544,0.009270204659263863,0.003839322989196097,0.009797242529032095,0.004302774223868622,0.775,1
break_even,noise10,1002,25,low_yaw,passive,20,0.775,0.8240000000000001,0.7341344114066372,0.01014394628941253,0.009022790877341471,0.0037579140174156095,0.009035594221339302,0.003766522829946023,0.009552523347070236,0.004223063329719616,0.775,1
break_even,noise10,1002,25,low_yaw,passive,21,0.75,0.798,0.7338815883220372,0.010103529707524567,0.008818240611242664,0.0036868674722488454,0.008818263661153904,0.0036970828660899276,0.009325271351298925,0.004147624433779035,0.775,1
break_even,noise10,1002,25,low_yaw,passive,22,0.75,0.798,0.733469839694741,0.009955573023150767,0.008627069983937903,0.003597832767242885,0.008627088380585235,0.0036287532778052005,0.009113602841661347,0.00406896840466077,0.75,1
break_even,noise10,1002,25,low_yaw,passive,23,0.75,0.798,0.7337472013170657,0.010003237457138683,0.00844780714082699,0.003528626291931012,0.008447883444160836,0.0035441543877226486,0.008915723092889146,0.003994624017558656,0.75,1
break_even,noise10,1002,25,low_yaw,passive,24,0.75,0.798,0.7340155057935398,0.009691564255925713,0.00827913699991043,0.0034695567709737535,0.008279246377782011,0.003477030456416734,0.008730197238555983,0.003924211225972468,0.75,1
break_even,noise10,1002,25,low_yaw,passive,25,0.75,0.798,0.7343159610786006,0.00968889717209454,0.008120419016449639,0.0034091222855365975,0.008120323730942246,0.0034209410540669027,0.008555791110451665,0.0038573952868550185,0.75,1
break_even,noise10,1002,25,low_yaw,always_probe,1,0.75,0.798,0.7469809423768302,0.010355846680602434,0.02942150306616324,0.001428956791325565,0.02941948932047987,0.001429610376524821,0.029885253319280495,0.0014444876785420667,0.7250000000000001,1
break_even,noise10,1002,25,low_yaw,always_probe,2,0.7250000000000001,0.774,0.7468334911291489,0.010318032667589398,0.02403754836510686,0.0014240010018139431,0.02428313719389819,0.0014250871866938783,0.024807960096538066,0.0014407214806440361,0.7250000000000001,1
break_even,noise10,1002,25,low_yaw,always_probe,3,0.7250000000000001,0.774,0.7462811157262166,0.010351482779154531,0.020819667533296407,0.0014191930825053244,0.02098185551581244,0.0014202697153074678,0.021667189775513247,0.0014369845886683455,0.7250000000000001,1
break_even,noise10,1002,25,low_yaw,always_probe,4,0.7250000000000001,0.774,0.7399550120189218,0.010379309818916537,0.018620284991366746,0.0014147571405697713,0.01873674312085263,0.0014155042432293192,0.01947988767262342,0.0014332766245122846,0.7250000000000001,1
break_even,noise10,1002,25,low_yaw,always_probe,5,0.7250000000000001,0.774,0.7399895985076202,0.010325750409253114,0.016997665180826533,0.0014093978747759175,0.017084197739945177,0.0014109859802711074,0.017844374596167643,0.0014295972168676392,0.7250000000000001,1
break_even,noise10,1002,25,low_yaw,always_probe,6,0.7250000000000001,0.774,0.7390443461947886,0.010305613454212215,0.015735403133947626,0.0014048937940672303,0.015805449429517546,0.0014057810831740838,0.01656188348414939,0.0014259460010645096,0.7250000000000001,1
break_even,noise10,1002,25,low_yaw,always_probe,7,0.7250000000000001,0.774,0.7373918529098417,0.010330234995723019,0.014720272318156395,0.0014003104413110206,0.014777080636240513,0.0014012394642658958,0.015521319691259191,0.0014223226189194953,0.7250000000000001,1
break_even,noise10,1002,25,low_yaw,always_probe,8,0.7250000000000001,0.774,0.7356597463484406,0.010297657160605874,0.01387893134037154,0.001396152685055906,0.013925443579094313,0.0013967581610595712,0.01465508390628524,0.001418726718588105,0.7250000000000001,1
break_even,noise10,1002,25,low_yaw,always_probe,9,0.7250000000000001,0.774,0.7332105791766832,0.010313891398868453,0.013166261487686461,0.0013922897402249424,0.013206585899018023,0.0013925965303514826,0.013919372248680097,0.0014151579544212456,0.7250000000000001,1
break_even,noise10,1002,25,low_yaw,always_probe,10,0.7250000000000001,0.774,0.7338447354169702,0.010312930833491997,0.012553986645502297,0.001388066099986575,0.01258902926306924,0.001388749315900787,0.013284387720887764,0.001411615986825666,0.7250000000000001,1
break_even,noise10,1002,25,low_yaw,always_probe,11,0.7250000000000001,0.774,0.7336660132643337,0.010337887105708566,0.012019538572943458,0.001383491227953296,0.01205037650096482,0.0013846006294874116,0.01272906218693296,0.001408100482128222,0.7250000000000001,1
break_even,noise10,1002,25,low_yaw,always_probe,12,0.7250000000000001,0.774,0.7333413225811632,0.010318832005935832,0.011548348433637804,0.0013792495872923692,0.011575777378116334,0.0013799930732711434,0.012238021885811044,0.0014046111124438418,0.7250000000000001,1
break_even,noise10,1002,25,low_yaw,always_probe,13,0.7250000000000001,0.774,0.7343521924795726,0.010331836029071811,0.011128602870171504,0.0013750002307235383,0.011152984156036695,0.0013758258385154908,0.011799750062293196,0.001401147555547074,0.7250000000000001,1
break_even,noise10,1002,25,low_yaw,always_probe,14,0.7250000000000001,0.774,0.7354458400964298,0.010349551307325644,0.010750917968165973,0.0013706963812074454,0.010773501481794838,0.0013716195810256173,0.011405425839984999,0.0013977094947471007,0.7250000000000001,1
break_even,noise10,1002,25,low_yaw,always_probe,15,0.7250000000000001,0.774,0.7356883017865345,0.010349301756820424,0.010409839194303456,0.0013665205213238846,0.010429647080352291,0.001367344879322532,0.011048163597972555,0.0013942966187661084,0.7250000000000001,1
break_even,noise10,1002,25,low_yaw,always_probe,16,0.7250000000000001,0.774,0.736224277783026,0.010334983252624741,0.010098978138000193,0.0013624637541714457,0.010117203065715313,0.0013632281648782918,0.010722499202159088,0.0013909086216209105,0.7250000000000001,1
break_even,noise10,1002,25,low_yaw,always_probe,17,0.7250000000000001,0.774,0.7362260348653668,0.010301913854530153,0.009814780472466561,0.0013590593687900754,0.009831453670740412,0.0013592018784101625,0.010424033674298382,0.0013875452025077196,0.7250000000000001,1
break_even,noise10,1002,25,low_yaw,always_probe,18,0.7250000000000001,0.774,0.7360795334097207,0.010326213977875134,0.009553128442771678,0.0013549165520241003,0.009568438328781835,0.0013557687628456935,0.010149180285103903,0.0013842060656899659,0.7250000000000001,1
break_even,noise10,1002,25,low_yaw,always_probe,19,0.7250000000000001,0.774,0.7363846111064744,0.010348213508464741,0.0093115282483994,0.0013511594895842113,0.009325751584220438,0.0013517067772325535,0.009894981369798207,0.0013808909203890767,0.7250000000000001,1
break_even,noise10,1002,25,low_yaw,always_probe,20,0.7250000000000001,0.774,0.7350595942428003,0.010350947523688465,0.009087479048419332,0.0013475238576281052,0.00910067285081763,0.0013479372873349137,0.009658973232180613,0.0013775994806781145,0.7250000000000001,1
break_even,noise10,1002,25,low_yaw,always_probe,21,0.7250000000000001,0.774,0.7347610411490567,0.010342848955296456,0.008878528859093113,0.0013438487851691128,0.008890960627480543,0.0013443687789706923,0.00943908489646594,0.001374331465378194,0.7250000000000001,1
break_even,noise10,1002,25,low_yaw,always_probe,22,0.7250000000000001,0.774,0.7343100663152834,0.010320213764768094,0.008683429498278017,0.001339136229390609,0.008695056664586403,0.0013406902121283737,0.009233561120479128,0.0013710865979575874,0.7250000000000001,1
break_even,noise10,1002,25,low_yaw,always_probe,23,0.7250000000000001,0.774,0.7345553409940484,0.010327867932595857,0.008500641611166085,0.0013352068937439211,0.008511609190478291,0.0013360374291693912,0.009040903085985735,0.0013678646064334394,0.7250000000000001,1
break_even,noise10,1002,25,low_yaw,always_probe,24,0.7250000000000001,0.774,0.7347967384152421,0.010280912101026336,0.008328789710423501,0.0013316261329779395,0.008339144766969802,0.0013320828644835885,0.00885982216121288,0.0013646652232760102,0.7250000000000001,1
break_even,noise10,1002,25,low_yaw,always_probe,25,0.7250000000000001,0.774,0.7350708291192598,0.010280990328286289,0.008167196624786804,0.001328008594616138,0.008176756940142088,0.00132856605978922,0.008689203461516946,0.0013614881853153695,0.7250000000000001,1
break_even,noise10,1002,25,low_yaw,batch_aware,1,0.75,0.798,0.7469809423768302,0.010355846680602434,0.02942150306616324,0.001428956791325565,0.02941948932047987,0.001429610376524821,0.029885253319280495,0.0014444876785420667,0.7250000000000001,1
break_even,noise10,1002,25,low_yaw,batch_aware,2,0.7250000000000001,0.774,0.7468334911291489,0.010318032667589398,0.02403754836510686,0.0014240010018139431,0.02428313719389819,0.0014250871866938783,0.024807960096538066,0.0014407214806440361,0.7250000000000001,1
break_even,noise10,1002,25,low_yaw,batch_aware,3,0.7250000000000001,0.774,0.7462811157262166,0.010351482779154531,0.020819667533296407,0.0014191930825053244,0.02098185551581244,0.0014202697153074678,0.021667189775513247,0.0014369845886683455,0.7250000000000001,1
break_even,noise10,1002,25,low_yaw,batch_aware,4,0.7250000000000001,0.774,0.7399550120189218,0.010379309818916537,0.018620284991366746,0.0014147571405697713,0.01873674312085263,0.0014155042432293192,0.01947988767262342,0.0014332766245122846,0.7250000000000001,1
break_even,noise10,1002,25,low_yaw,batch_aware,5,0.7250000000000001,0.774,0.7399895985076202,0.010325750409253114,0.016997665180826533,0.0014093978747759175,0.017084197739945177,0.0014109859802711074,0.017844374596167643,0.0014295972168676392,0.7250000000000001,1
break_even,noise10,1002,25,low_yaw,batch_aware,6,0.7250000000000001,0.774,0.7390443461947886,0.010305613454212215,0.015735403133947626,0.0014048937940672303,0.015805449429517546,0.0014057810831740838,0.01656188348414939,0.0014259460010645096,0.7250000000000001,1
break_even,noise10,1002,25,low_yaw,batch_aware,7,0.7250000000000001,0.774,0.7373918529098417,0.010330234995723019,0.014720272318156395,0.0014003104413110206,0.014777080636240513,0.0014012394642658958,0.015521319691259191,0.0014223226189194953,0.7250000000000001,1
break_even,noise10,1002,25,low_yaw,batch_aware,8,0.7250000000000001,0.774,0.7356597463484406,0.010297657160605874,0.01387893134037154,0.001396152685055906,0.013925443579094313,0.0013967581610595712,0.01465508390628524,0.001418726718588105,0.7250000000000001,1
break_even,noise10,1002,25,low_yaw,batch_aware,9,0.7250000000000001,0.774,0.7332105791766832,0.010313891398868453,0.013166261487686461,0.0013922897402249424,0.013206585899018023,0.0013925965303514826,0.013919372248680097,0.0014151579544212456,0.7250000000000001,1
break_even,noise10,1002,25,low_yaw,batch_aware,10,0.7250000000000001,0.774,0.7338447354169702,0.010312930833491997,0.012553986645502297,0.001388066099986575,0.01258902926306924,0.001388749315900787,0.013284387720887764,0.001411615986825666,0.7250000000000001,1
break_even,noise10,1002,25,low_yaw,batch_aware,11,0.7250000000000001,0.774,0.7336660132643337,0.010337887105708566,0.012019538572943458,0.001383491227953296,0.01205037650096482,0.0013846006294874116,0.01272906218693296,0.001408100482128222,0.7250000000000001,1
break_even,noise10,1002,25,low_yaw,batch_aware,12,0.7250000000000001,0.774,0.7333413225811632,0.010318832005935832,0.011548348433637804,0.0013792495872923692,0.011575777378116334,0.0013799930732711434,0.012238021885811044,0.0014046111124438418,0.7250000000000001,1
break_even,noise10,1002,25,low_yaw,batch_aware,13,0.7250000000000001,0.774,0.7343521924795726,0.010331836029071811,0.011128602870171504,0.0013750002307235383,0.011152984156036695,0.0013758258385154908,0.011799750062293196,0.001401147555547074,0.7250000000000001,1
break_even,noise10,1002,25,low_yaw,batch_aware,14,0.7250000000000001,0.774,0.7354458400964298,0.010349551307325644,0.010750917968165973,0.0013706963812074454,0.010773501481794838,0.0013716195810256173,0.011405425839984999,0.0013977094947471007,0.7250000000000001,1
break_even,noise10,1002,25,low_yaw,batch_aware,15,0.7250000000000001,0.774,0.7356883017865345,0.010349301756820424,0.010409839194303456,0.0013665205213238846,0.010429647080352291,0.001367344879322532,0.011048163597972555,0.0013942966187661084,0.7250000000000001,1
break_even,noise10,1002,25,low_yaw,batch_aware,16,0.7250000000000001,0.774,0.736224277783026,0.010334983252624741,0.010098978138000193,0.0013624637541714457,0.010117203065715313,0.0013632281648782918,0.010722499202159088,0.0013909086216209105,0.7250000000000001,1
break_even,noise10,1002,25,low_yaw,batch_aware,17,0.7250000000000001,0.774,0.7362260348653668,0.010301913854530153,0.009814780472466561,0.0013590593687900754,0.009831453670740412,0.0013592018784101625,0.010424033674298382,0.0013875452025077196,0.7250000000000001,1
break_even,noise10,1002,25,low_yaw,batch_aware,18,0.7250000000000001,0.774,0.7360795334097207,0.010326213977875134,0.009553128442771678,0.0013549165520241003,0.009568438328781835,0.0013557687628456935,0.010149180285103903,0.0013842060656899659,0.7250000000000001,1
break_even,noise10,1002,25,low_yaw,batch_aware,19,0.7250000000000001,0.774,0.7363846111064744,0.010348213508464741,0.0093115282483994,0.0013511594895842113,0.009325751584220438,0.0013517067772325535,0.009894981369798207,0.0013808909203890767,0.7250000000000001,1
break_even,noise10,1002,25,low_yaw,batch_aware,20,0.7250000000000001,0.774,0.7350595942428003,0.010350947523688465,0.009087479048419332,0.0013475238576281052,0.00910067285081763,0.0013479372873349137,0.009658973232180613,0.0013775994806781145,0.7250000000000001,1
break_even,noise10,1002,25,low_yaw,batch_aware,21,0.7250000000000001,0.774,0.7347610411490567,0.010342848955296456,0.008878528859093113,0.0013438487851691128,0.008890960627480543,0.0013443687789706923,0.00943908489646594,0.001374331465378194,0.7250000000000001,1
break_even,noise10,1002,25,low_yaw,batch_aware,22,0.7250000000000001,0.774,0.7343100663152834,0.010320213764768094,0.008683429498278017,0.001339136229390609,0.008695056664586403,0.0013406902121283737,0.009233561120479128,0.0013710865979575874,0.7250000000000001,1
break_even,noise10,1002,25,low_yaw,batch_aware,23,0.7250000000000001,0.774,0.7345553409940484,0.010327867932595857,0.008500641611166085,0.0013352068937439211,0.008511609190478291,0.0013360374291693912,0.009040903085985735,0.0013678646064334394,0.7250000000000001,1
break_even,noise10,1002,25,low_yaw,batch_aware,24,0.7250000000000001,0.774,0.7347967384152421,0.010280912101026336,0.008328789710423501,0.0013316261329779395,0.008339144766969802,0.0013320828644835885,0.00885982216121288,0.0013646652232760102,0.7250000000000001,1
break_even,noise10,1002,25,low_yaw,batch_aware,25,0.7250000000000001,0.774,0.7350708291192598,0.010280990328286289,0.008167196624786804,0.001328008594616138,0.008176756940142088,0.00132856605978922,0.008689203461516946,0.0013614881853153695,0.7250000000000001,1
break_even,noise10,1002,25,low_yaw,ignore_passive,1,0.75,0.798,0.7469809423768302,0.010355846680602434,0.02942150306616324,0.001428956791325565,0.02941948932047987,0.001429610376524821,0.029885253319280495,0.0014444876785420667,0.7250000000000001,1
break_even,noise10,1002,25,low_yaw,ignore_passive,2,0.7250000000000001,0.774,0.7468334911291489,0.010318032667589398,0.02403754836510686,0.0014240010018139431,0.02428313719389819,0.0014250871866938783,0.024807960096538066,0.0014407214806440361,0.7250000000000001,1
break_even,noise10,1002,25,low_yaw,ignore_passive,3,0.7250000000000001,0.774,0.7462811157262166,0.010351482779154531,0.020819667533296407,0.0014191930825053244,0.02098185551581244,0.0014202697153074678,0.021667189775513247,0.0014369845886683455,0.7250000000000001,1
break_even,noise10,1002,25,low_yaw,ignore_passive,4,0.7250000000000001,0.774,0.7399550120189218,0.010379309818916537,0.018620284991366746,0.0014147571405697713,0.01873674312085263,0.0014155042432293192,0.01947988767262342,0.0014332766245122846,0.7250000000000001,1
break_even,noise10,1002,25,low_yaw,ignore_passive,5,0.7250000000000001,0.774,0.7399895985076202,0.010325750409253114,0.016997665180826533,0.0014093978747759175,0.017084197739945177,0.0014109859802711074,0.017844374596167643,0.0014295972168676392,0.7250000000000001,1
break_even,noise10,1002,25,low_yaw,ignore_passive,6,0.7250000000000001,0.774,0.7390443461947886,0.010305613454212215,0.015735403133947626,0.0014048937940672303,0.015805449429517546,0.0014057810831740838,0.01656188348414939,0.0014259460010645096,0.7250000000000001,1
break_even,noise10,1002,25,low_yaw,ignore_passive,7,0.7250000000000001,0.774,0.7373918529098417,0.010330234995723019,0.014720272318156395,0.0014003104413110206,0.014777080636240513,0.0014012394642658958,0.015521319691259191,0.0014223226189194953,0.7250000000000001,1
break_even,noise10,1002,25,low_yaw,ignore_passive,8,0.7250000000000001,0.774,0.7356597463484406,0.010297657160605874,0.01387893134037154,0.001396152685055906,0.013925443579094313,0.0013967581610595712,0.01465508390628524,0.001418726718588105,0.7250000000000001,1
break_even,noise10,1002,25,low_yaw,ignore_passive,9,0.7250000000000001,0.774,0.7332105791766832,0.010313891398868453,0.013166261487686461,0.0013922897402249424,0.013206585899018023,0.0013925965303514826,0.013919372248680097,0.0014151579544212456,0.7250000000000001,1
break_even,noise10,1002,25,low_yaw,ignore_passive,10,0.7250000000000001,0.774,0.7338447354169702,0.010312930833491997,0.012553986645502297,0.001388066099986575,0.01258902926306924,0.001388749315900787,0.013284387720887764,0.001411615986825666,0.7250000000000001,1
break_even,noise10,1002,25,low_yaw,ignore_passive,11,0.7250000000000001,0.774,0.7336660132643337,0.010337887105708566,0.012019538572943458,0.001383491227953296,0.01205037650096482,0.0013846006294874116,0.01272906218693296,0.001408100482128222,0.7250000000000001,1
break_even,noise10,1002,25,low_yaw,ignore_passive,12,0.7250000000000001,0.774,0.7333413225811632,0.010318832005935832,0.011548348433637804,0.0013792495872923692,0.011575777378116334,0.0013799930732711434,0.012238021885811044,0.0014046111124438418,0.7250000000000001,1
break_even,noise10,1002,25,low_yaw,ignore_passive,13,0.7250000000000001,0.774,0.7343521924795726,0.010331836029071811,0.011128602870171504,0.0013750002307235383,0.011152984156036695,0.0013758258385154908,0.011799750062293196,0.001401147555547074,0.7250000000000001,1
break_even,noise10,1002,25,low_yaw,ignore_passive,14,0.7250000000000001,0.774,0.7354458400964298,0.010349551307325644,0.010750917968165973,0.0013706963812074454,0.010773501481794838,0.0013716195810256173,0.011405425839984999,0.0013977094947471007,0.7250000000000001,1
break_even,noise10,1002,25,low_yaw,ignore_passive,15,0.7250000000000001,0.774,0.7356883017865345,0.010349301756820424,0.010409839194303456,0.0013665205213238846,0.010429647080352291,0.001367344879322532,0.011048163597972555,0.0013942966187661084,0.7250000000000001,1
break_even,noise10,1002,25,low_yaw,ignore_passive,16,0.7250000000000001,0.774,0.736224277783026,0.010334983252624741,0.010098978138000193,0.0013624637541714457,0.010117203065715313,0.0013632281648782918,0.010722499202159088,0.0013909086216209105,0.7250000000000001,1
break_even,noise10,1002,25,low_yaw,ignore_passive,17,0.7250000000000001,0.774,0.7362260348653668,0.010301913854530153,0.009814780472466561,0.0013590593687900754,0.009831453670740412,0.0013592018784101625,0.010424033674298382,0.0013875452025077196,0.7250000000000001,1
break_even,noise10,1002,25,low_yaw,ignore_passive,18,0.7250000000000001,0.774,0.7360795334097207,0.010326213977875134,0.009553128442771678,0.0013549165520241003,0.009568438328781835,0.0013557687628456935,0.010149180285103903,0.0013842060656899659,0.7250000000000001,1
break_even,noise10,1002,25,low_yaw,ignore_passive,19,0.7250000000000001,0.774,0.7363846111064744,0.010348213508464741,0.0093115282483994,0.0013511594895842113,0.009325751584220438,0.0013517067772325535,0.009894981369798207,0.0013808909203890767,0.7250000000000001,1
break_even,noise10,1002,25,low_yaw,ignore_passive,20,0.7250000000000001,0.774,0.7350595942428003,0.010350947523688465,0.009087479048419332,0.0013475238576281052,0.00910067285081763,0.0013479372873349137,0.009658973232180613,0.0013775994806781145,0.7250000000000001,1
break_even,noise10,1002,25,low_yaw,ignore_passive,21,0.7250000000000001,0.774,0.7347610411490567,0.010342848955296456,0.008878528859093113,0.0013438487851691128,0.008890960627480543,0.0013443687789706923,0.00943908489646594,0.001374331465378194,0.7250000000000001,1
break_even,noise10,1002,25,low_yaw,ignore_passive,22,0.7250000000000001,0.774,0.7343100663152834,0.010320213764768094,0.008683429498278017,0.001339136229390609,0.008695056664586403,0.0013406902121283737,0.009233561120479128,0.0013710865979575874,0.7250000000000001,1
break_even,noise10,1002,25,low_yaw,ignore_passive,23,0.7250000000000001,0.774,0.7345553409940484,0.010327867932595857,0.008500641611166085,0.0013352068937439211,0.008511609190478291,0.0013360374291693912,0.009040903085985735,0.0013678646064334394,0.7250000000000001,1
break_even,noise10,1002,25,low_yaw,ignore_passive,24,0.7250000000000001,0.774,0.7347967384152421,0.010280912101026336,0.008328789710423501,0.0013316261329779395,0.008339144766969802,0.0013320828644835885,0.00885982216121288,0.0013646652232760102,0.7250000000000001,1
break_even,noise10,1002,25,low_yaw,ignore_passive,25,0.7250000000000001,0.774,0.7350708291192598,0.010280990328286289,0.008167196624786804,0.001328008594616138,0.008176756940142088,0.00132856605978922,0.008689203461516946,0.0013614881853153695,0.7250000000000001,1
break_even,noise10,1002,25,low_yaw,uncertainty_trigger,1,0.75,0.798,0.7469809423768302,0.010355846680602434,0.02942150306616324,0.001428956791325565,0.02941948932047987,0.001429610376524821,0.029885253319280495,0.0014444876785420667,0.7250000000000001,1
break_even,noise10,1002,25,low_yaw,uncertainty_trigger,2,0.7250000000000001,0.774,0.7468334911291489,0.010318032667589398,0.02403754836510686,0.0014240010018139431,0.02428313719389819,0.0014250871866938783,0.024807960096538066,0.0014407214806440361,0.7250000000000001,1
break_even,noise10,1002,25,low_yaw,uncertainty_trigger,3,0.7250000000000001,0.774,0.7462811157262166,0.010351482779154531,0.020819667533296407,0.0014191930825053244,0.02098185551581244,0.0014202697153074678,0.021667189775513247,0.0014369845886683455,0.7250000000000001,1
break_even,noise10,1002,25,low_yaw,uncertainty_trigger,4,0.7250000000000001,0.774,0.7399550120189218,0.010379309818916537,0.018620284991366746,0.0014147571405697713,0.01873674312085263,0.0014155042432293192,0.01947988767262342,0.0014332766245122846,0.7250000000000001,1
break_even,noise10,1002,25,low_yaw,uncertainty_trigger,5,0.7250000000000001,0.774,0.7399895985076202,0.010325750409253114,0.016997665180826533,0.0014093978747759175,0.017084197739945177,0.0014109859802711074,0.017844374596167643,0.0014295972168676392,0.7250000000000001,1
break_even,noise10,1002,25,low_yaw,uncertainty_trigger,6,0.7250000000000001,0.774,0.7390443461947886,0.010305613454212215,0.015735403133947626,0.0014048937940672303,0.015805449429517546,0.0014057810831740838,0.01656188348414939,0.0014259460010645096,0.7250000000000001,1
break_even,noise10,1002,25,low_yaw,uncertainty_trigger,7,0.7250000000000001,0.774,0.7373918529098417,0.010330234995723019,0.014720272318156395,0.0014003104413110206,0.014777080636240513,0.0014012394642658958,0.015521319691259191,0.0014223226189194953,0.7250000000000001,1
break_even,noise10,1002,25,low_yaw,uncertainty_trigger,8,0.7250000000000001,0.774,0.7356597463484406,0.010297657160605874,0.01387893134037154,0.001396152685055906,0.013925443579094313,0.0013967581610595712,0.01465508390628524,0.001418726718588105,0.7250000000000001,1
break_even,noise10,1002,25,low_yaw,uncertainty_trigger,9,0.7250000000000001,0.774,0.7332105791766832,0.010313891398868453,0.013166261487686461,0.0013922897402249424,0.013206585899018023,0.0013925965303514826,0.013919372248680097,0.0014151579544212456,0.7250000000000001,1
break_even,noise10,1002,25,low_yaw,uncertainty_trigger,10,0.7250000000000001,0.774,0.7338447354169702,0.010312930833491997,0.012553986645502297,0.001388066099986575,0.01258902926306924,0.001388749315900787,0.013284387720887764,0.001411615986825666,0.7250000000000001,1
break_even,noise10,1002,25,low_yaw,uncertainty_trigger,11,0.7250000000000001,0.774,0.7336660132643337,0.010337887105708566,0.012019538572943458,0.001383491227953296,0.01205037650096482,0.0013846006294874116,0.01272906218693296,0.001408100482128222,0.7250000000000001,1
break_even,noise10,1002,25,low_yaw,uncertainty_trigger,12,0.7250000000000001,0.774,0.7333413225811632,0.010318832005935832,0.011548348433637804,0.0013792495872923692,0.011575777378116334,0.0013799930732711434,0.012238021885811044,0.0014046111124438418,0.7250000000000001,1
break_even,noise10,1002,25,low_yaw,uncertainty_trigger,13,0.7250000000000001,0.774,0.7343521924795726,0.010331836029071811,0.011128602870171504,0.0013750002307235383,0.011152984156036695,0.0013758258385154908,0.011799750062293196,0.001401147555547074,0.7250000000000001,1
break_even,noise10,1002,25,low_yaw,uncertainty_trigger,14,0.7250000000000001,0.774,0.7354458400964298,0.010349551307325644,0.010750917968165973,0.0013706963812074454,0.010773501481794838,0.0013716195810256173,0.011405425839984999,0.0013977094947471007,0.7250000000000001,1
break_even,noise10,1002,25,low_yaw,uncertainty_trigger,15,0.7250000000000001,0.774,0.7356883017865345,0.010349301756820424,0.010409839194303456,0.0013665205213238846,0.010429647080352291,0.001367344879322532,0.011048163597972555,0.0013942966187661084,0.7250000000000001,1
break_even,noise10,1002,25,low_yaw,uncertainty_trigger,16,0.7250000000000001,0.774,0.736224277783026,0.010334983252624741,0.010098978138000193,0.0013624637541714457,0.010117203065715313,0.0013632281648782918,0.010722499202159088,0.0013909086216209105,0.7250000000000001,1
break_even,noise10,1002,25,low_yaw,uncertainty_trigger,17,0.7250000000000001,0.774,0.7362260348653668,0.010301913854530153,0.009814780472466561,0.0013590593687900754,0.009831453670740412,0.0013592018784101625,0.010424033674298382,0.0013875452025077196,0.7250000000000001,1
break_even,noise10,1002,25,low_yaw,uncertainty_trigger,18,0.7250000000000001,0.774,0.7360795334097207,0.010326213977875134,0.009553128442771678,0.0013549165520241003,0.009568438328781835,0.0013557687628456935,0.010149180285103903,0.0013842060656899659,0.7250000000000001,1
break_even,noise10,1002,25,low_yaw,uncertainty_trigger,19,0.7250000000000001,0.774,0.7363846111064744,0.010348213508464741,0.0093115282483994,0.0013511594895842113,0.009325751584220438,0.0013517067772325535,0.009894981369798207,0.0013808909203890767,0.7250000000000001,1
break_even,noise10,1002,25,low_yaw,uncertainty_trigger,20,0.7250000000000001,0.774,0.7350595942428003,0.010350947523688465,0.009087479048419332,0.0013475238576281052,0.00910067285081763,0.0013479372873349137,0.009658973232180613,0.0013775994806781145,0.7250000000000001,1
break_even,noise10,1002,25,low_yaw,uncertainty_trigger,21,0.7250000000000001,0.774,0.7347610411490567,0.010342848955296456,0.008878528859093113,0.0013438487851691128,0.008890960627480543,0.0013443687789706923,0.00943908489646594,0.001374331465378194,0.7250000000000001,1
break_even,noise10,1002,25,low_yaw,uncertainty_trigger,22,0.7250000000000001,0.774,0.7343100663152834,0.010320213764768094,0.008683429498278017,0.001339136229390609,0.008695056664586403,0.0013406902121283737,0.009233561120479128,0.0013710865979575874,0.7250000000000001,1
break_even,noise10,1002,25,low_yaw,uncertainty_trigger,23,0.7250000000000001,0.774,0.7345553409940484,0.010327867932595857,0.008500641611166085,0.0013352068937439211,0.008511609190478291,0.0013360374291693912,0.009040903085985735,0.0013678646064334394,0.7250000000000001,1
break_even,noise10,1002,25,low_yaw,uncertainty_trigger,24,0.7250000000000001,0.774,0.7347967384152421,0.010280912101026336,0.008328789710423501,0.0013316261329779395,0.008339144766969802,0.0013320828644835885,0.00885982216121288,0.0013646652232760102,0.7250000000000001,1
break_even,noise10,1002,25,low_yaw,uncertainty_trigger,25,0.7250000000000001,0.774,0.7350708291192598,0.010280990328286289,0.008167196624786804,0.001328008594616138,0.008176756940142088,0.00132856605978922,0.008689203461516946,0.0013614881853153695,0.7250000000000001,1
break_even,noise10,1003,25,low_yaw,passive,1,0.775,0.8240000000000001,0.4721848112943538,0.010977529732420567,0.03891836838723746,0.007467655166185968,0.04008455432359244,0.007512153708711548,0.04008455432359244,0.007512153708711548,0.775,1
break_even,noise10,1003,25,low_yaw,passive,2,0.775,0.8240000000000001,0.4637045147623119,0.010322270458585256,0.0279316850997509,0.0069569606072634104,0.028337128407665512,0.007065215607634966,0.029224266013528812,0.007109885498279504,0.775,1
break_even,noise10,1003,25,low_yaw,passive,3,0.775,0.8240000000000001,0.46251161694680293,0.009891287690607915,0.02292506643277027,0.006614494823255968,0.023144379933462945,0.006622613498840231,0.024116375467648117,0.006766011658897696,0.775,1
break_even,noise10,1003,25,low_yaw,passive,4,0.775,0.8240000000000001,0.4625542070239249,0.008665790630405294,0.01990582227421988,0.0062785811926238605,0.020048576123196295,0.006324408100902693,0.020999679059124438,0.0064392630402723946,0.75,1
break_even,noise10,1003,25,low_yaw,passive,5,0.775,0.8240000000000001,0.46412279987928934,0.008574287577942449,0.017834655607385428,0.0059679838535296485,0.017935668620022396,0.006020882500454763,0.018844827240309073,0.0061556975048847285,0.75,1
break_even,noise10,1003,25,low_yaw,passive,6,0.75,0.798,0.46269130077276566,0.008312860555567347,0.016375597257686482,0.005642139189926187,0.01637565414558534,0.005724136550685051,0.017241028471699314,0.005906571077987915,0.75,1
break_even,noise10,1003,25,low_yaw,passive,7,0.75,0.798,0.46207762497826516,0.008067201407505782,0.01522356257109304,0.005408114253487819,0.015224179813876684,0.005431453448426627,0.015987452628222962,0.005685433341809519,0.75,1
break_even,noise10,1003,25,low_yaw,passive,8,0.75,0.798,0.463823402284872,0.007990643253083022,0.014284784359553278,0.005169030348162604,0.014285873131024378,0.005223073289064823,0.014972759887632131,0.005487407727891692,0.75,1
break_even,noise10,1003,25,low_yaw,passive,9,0.75,0.798,0.46365006511461915,0.007629953313130034,0.013502242450507341,0.00498197281133026,0.013501621628740874,0.005006783371983467,0.014129597265738111,0.005308729888991972,0.75,1
break_even,noise10,1003,25,low_yaw,passive,10,0.75,0.798,0.4628342332530335,0.007959077083748692,0.012835681605538513,0.004800271225708481,0.01283558953097778,0.004834076498531464,0.013414513544425553,0.005146441458212224,0.75,1
break_even,noise10,1003,25,low_yaw,passive,11,0.75,0.798,0.46234028639835645,0.00764937915216001,0.012258302887459209,0.004640205644150315,0.01225795870186502,0.004670361865269542,0.012798054245175033,0.004998180938021111,0.75,1
break_even,noise10,1003,25,low_yaw,passive,12,0.75,0.798,0.46116982267341794,0.007187241196602555,0.011752806318619434,0.004467171998873744,0.011752968152183385,0.004522232709379,0.012259451736358224,0.00486203729230257,0.75,1
break_even,noise10,1003,25,low_yaw,passive,13,0.75,0.798,0.4617193919780999,0.007110065677574096,0.011305381128777773,0.00434434337147786,0.011305421767320844,0.004360917813387954,0.011783586516959915,0.004736445167565178,0.75,1
break_even,noise10,1003,25,low_yaw,passive,14,0.75,0.798,0.46163251040666303,0.0068767395870568465,0.010905899878051,0.0042170725081826415,0.010905248340079795,0.0042463058477928,0.011359154226970066,0.004620108440798245,0.75,1
break_even,noise10,1003,25,low_yaw,passive,15,0.75,0.798,0.4612371145614137,0.006452194498717524,0.01054539625650752,0.004111841481009039,0.010545543356482782,0.0041263139958302,0.010977510929293858,0.0045119434668169115,0.75,1
break_even,noise10,1003,25,low_yaw,passive,16,0.75,0.798,0.46017543523065907,0.006352395596627318,0.010217994044775785,0.004009604801789177,0.010218177723937223,0.004027530220462576,0.01063191869802905,0.004411036294197567,0.75,1
break_even,noise10,1003,25,low_yaw,passive,17,0.75,0.798,0.46023327319141516,0.006329913029569811,0.009920223645872174,0.003926057949352186,0.009919996712359972,0.003930573480571999,0.010317037209389793,0.004316609960339428,0.75,1
break_even,noise10,1003,25,low_yaw,passive,18,0.75,0.798,0.46100233662703305,0.006238289149227395,0.009646970680659837,0.0038356444497336752,0.009646695495262531,0.0038522446508194633,0.010028571826926494,0.004227999174551458,0.75,1
break_even,noise10,1003,25,low_yaw,passive,19,0.75,0.798,0.46208914494051323,0.006245351324498402,0.009394795454883512,0.003757803712753498,0.009394812009567623,0.0037659997667386404,0.00976302426291695,0.004144630494461983,0.75,1
break_even,noise10,1003,25,low_yaw,passive,20,0.75,0.798,0.4619132187714959,0.006059892627376599,0.009161025766542581,0.003676006453367236,0.009161019144318074,0.003691079281583891,0.009532925954675761,0.00405795523740133,0.7250000000000001,1
break_even,noise10,1003,25,low_yaw,passive,21,0.75,0.798,0.46109596417709026,0.005939165874872543,0.008943838409556,0.0036069437809854673,0.008944008394880318,0.0036140725048427126,0.009318365714074336,0.00397649985355835,0.7250000000000001,1
break_even,noise10,1003,25,low_yaw,passive,22,0.75,0.798,0.4623795545767463,0.005614928424606366,0.008741688935476073,0.003543093462734054,0.00874192584534934,0.003549228654868274,0.009117669990520676,0.003899760604664632,0.7250000000000001,1
break_even,noise10,1003,25,low_yaw,passive,23,0.75,0.798,0.46258953226535576,0.00561500409009248,0.008552490597985447,0.003470895580230517,0.00855254929419891,0.00348692662202918,0.00892940718075108,0.0038272992845317846,0.7250000000000001,1
break_even,noise10,1003,25,low_yaw,passive,24,0.75,0.798,0.46289350233324383,0.0056421253798750355,0.008375130300950735,0.0034036162119168447,0.008375365507569617,0.003419140392566697,0.008752344437430832,0.003758732650363231,0.7250000000000001,1
break_even,noise10,1003,25,low_yaw,passive,25,0.75,0.798,0.4628152504969498,0.005759006895462928,0.008208575963789504,0.003335333351617141,0.00820853226725594,0.0033542569711821264,0.008585413542478335,0.0036937238653239396,0.7250000000000001,1
break_even,noise10,1003,25,low_yaw,always_probe,1,0.7250000000000001,0.774,0.4651454898168075,0.008349142224839033,0.028783132495424725,0.001408238644099672,0.029217748376340575,0.0014087361190707832,0.029249683820493515,0.0014427901416402043,0.7000000000000001,1
break_even,noise10,1003,25,low_yaw,always_probe,2,0.7250000000000001,0.774,0.4604042627525459,0.008332130584803619,0.023616191792843168,0.0014036781689275586,0.023861704012613213,0.0014045070584100385,0.02438941907426957,0.001438619253790668,0.7000000000000001,1
break_even,noise10,1003,25,low_yaw,always_probe,3,0.7250000000000001,0.774,0.4609042502178853,0.008326237702416158,0.020507151272010082,0.0013999362398967766,0.020662786370110285,0.001399965029292263,0.021352219023796675,0.0014344843302718684,0.7000000000000001,1
break_even,noise10,1003,25,low_yaw,always_probe,4,0.7250000000000001,0.774,0.4609040429041764,0.008268481475033921,0.018371817280179465,0.0013958672242549144,0.018483355838679803,0.001396267325618855,0.019224914474537527,0.0014303848571875955,0.7000000000000001,1
break_even,noise10,1003,25,low_yaw,always_probe,5,0.7000000000000001,0.748,0.4623772894977758,0.008268408164577424,0.016876614380117828,0.0013909887980822716,0.01687560467396361,0.0013917869893292304,0.017628395539234173,0.0014263203308635553,0.7000000000000001,1
break_even,noise10,1003,25,low_yaw,always_probe,6,0.7000000000000001,0.748,0.4615047913941951,0.00825226149054662,0.015693121774715803,0.0013856423896974853,0.01569373556129218,0.0013869645503465826,0.016373256459094855,0.0014222902575874298,0.7000000000000001,1
break_even,noise10,1003,25,low_yaw,always_probe,7,0.7000000000000001,0.748,0.4611554947552476,0.008231681519803519,0.014727306273060042,0.0013813262743899092,0.014728284438588512,0.0013816208045209716,0.015352947468261345,0.0014182941533569687,0.7000000000000001,1
break_even,noise10,1003,25,low_yaw,always_probe,8,0.7000000000000001,0.748,0.4625302907601616,0.008220547726771152,0.013921052579032868,0.0013764950914106114,0.013921687426929532,0.001377377137477125,0.01450233026272685,0.0014143315436358265,0.7000000000000001,1
break_even,noise10,1003,25,low_yaw,always_probe,9,0.7000000000000001,0.748,0.46289775306473874,0.008189741956366523,0.013234569156177708,0.0013723054718804716,0.013234744742695311,0.0013725917353198391,0.013779045236114054,0.0014104019631168614,0.7000000000000001,1
break_even,noise10,1003,25,low_yaw,always_probe,10,0.7000000000000001,0.748,0.46243817386348113,0.008210656074654637,0.012641756489511572,0.0013677543124166922,0.012641163345858304,0.0013684009312401944,0.013154197109701176,0.0014065049554926256,0.7000000000000001,1
break_even,noise10,1003,25,low_yaw,always_probe,11,0.7000000000000001,0.748,0.46208977398909407,0.008179947777681983,0.01212003296218638,0.001363087950572107,0.012120633076039078,0.0013639458058716126,0.012607309091347106,0.0014026400732327965,0.7000000000000001,1
break_even,noise10,1003,25,low_yaw,always_probe,12,0.7000000000000001,0.748,0.4612094543438243,0.008145379637541776,0.011659411511598827,0.0013578747891874162,0.011659351841724694,0.00135932295965504,0.012123411046796767,0.0013988068773682963,0.7000000000000001,1
break_even,noise10,1003,25,low_yaw,always_probe,13,0.7000000000000001,0.748,0.46175583307505774,0.008134328450450257,0.011248074026626314,0.0013537085273531081,0.011247738958865572,0.0013541521156783295,0.011691271017280938,0.0013950049372818663,0.7000000000000001,1
break_even,noise10,1003,25,low_yaw,always_probe,14,0.7000000000000001,0.748,0.4616305833166345,0.00810510622374404,0.010876812668244046,0.0013490867765217343,0.010876869673974322,0.0013500192953659566,0.011302274780746484,0.0013912338305048697,0.7000000000000001,1
break_even,noise10,1003,25,low_yaw,always_probe,15,0.7000000000000001,0.748,0.4613962083103416,0.008048556867852174,0.010539940286674933,0.0013450117532493374,0.010540248310209858,0.0013454152990217759,0.010949690299211553,0.0013874931425201047,0.7000000000000001,1
break_even,noise10,1003,25,low_yaw,always_probe,16,0.7000000000000001,0.748,0.4603941847305947,0.008027783326712414,0.010232186899754633,0.001340975415868256,0.010232441473160296,0.0013413856975081004,0.010628169964248452,0.0013837824665704152,0.7000000000000001,1
break_even,noise10,1003,25,low_yaw,always_probe,17,0.7000000000000001,0.748,0.46041432048240455,0.008014342324646415,0.009950598983768615,0.0013373279644696963,0.009950668579404819,0.00133735599667273,0.010333404817744248,0.0013801014034729065,0.7000000000000001,1
break_even,noise10,1003,25,low_yaw,always_probe,18,0.7000000000000001,0.748,0.4610509131891473,0.00800513067133381,0.009691220422487008,0.0013332432229965858,0.009690959337444323,0.0013337580759025089,0.010061878788169953,0.0013764495614385654,0.7000000000000001,1
break_even,noise10,1003,25,low_yaw,always_probe,19,0.7000000000000001,0.748,0.4620263004101052,0.008004550104778565,0.009451099749183801,0.001329391226001043,0.009450822343180638,0.0013296776774223205,0.009810690458187466,0.0013728265558971037,0.7000000000000001,1
break_even,noise10,1003,25,low_yaw,always_probe,20,0.7000000000000001,0.748,0.4620757242467025,0.007976140811104615,0.009227286020363481,0.0013252832130939997,0.009227306254080364,0.001325801977734855,0.009577421474899338,0.0013692320093268472,0.7000000000000001,1
break_even,noise10,1003,25,low_yaw,always_probe,21,0.7000000000000001,0.748,0.46120246733232967,0.00795138744222678,0.009018532780297026,0.0013214745146774122,0.009018812235563538,0.0013217641663505557,0.00936003783128941,0.001365665551089498,0.7000000000000001,1
break_even,noise10,1003,25,low_yaw,always_probe,22,0.7000000000000001,0.748,0.4623881927024957,0.007885534205365025,0.008823819912355767,0.001317856529923942,0.008823974698313293,0.0013180310777280448,0.009156814735534933,0.0013621268172696076,0.7000000000000001,1
break_even,noise10,1003,25,low_yaw,always_probe,23,0.7000000000000001,0.748,0.4624645320560568,0.007877010301707257,0.00864090778728173,0.001313496663588997,0.008641004434742616,0.0013143769376480036,0.008966278684210639,0.0013586154505186004,0.7000000000000001,1
break_even,noise10,1003,25,low_yaw,always_probe,24,0.7000000000000001,0.748,0.46291523093958226,0.007877450643383707,0.008469118363444668,0.0013092048614955366,0.008469259382575547,0.001310111554638372,0.008787162269458505,0.0013551310999031989,0.7000000000000001,1
break_even,noise10,1003,25,low_yaw,always_probe,25,0.7000000000000001,0.748,0.4628451201216172,0.00788273904629803,0.008307365042436713,0.001304790547087089,0.00830726065260614,0.0013058240659335545,0.008618368538822136,0.0013516734207581031,0.7000000000000001,1
break_even,noise10,1003,25,low_yaw,batch_aware,1,0.7250000000000001,0.774,0.4651454898168075,0.008349142224839033,0.028783132495424725,0.001408238644099672,0.029217748376340575,0.0014087361190707832,0.029249683820493515,0.0014427901416402043,0.7000000000000001,1
break_even,noise10,1003,25,low_yaw,batch_aware,2,0.7250000000000001,0.774,0.4604042627525459,0.008332130584803619,0.023616191792843168,0.0014036781689275586,0.023861704012613213,0.0014045070584100385,0.02438941907426957,0.001438619253790668,0.7000000000000001,1
break_even,noise10,1003,25,low_yaw,batch_aware,3,0.7250000000000001,0.774,0.4609042502178853,0.008326237702416158,0.020507151272010082,0.0013999362398967766,0.020662786370110285,0.001399965029292263,0.021352219023796675,0.0014344843302718684,0.7000000000000001,1
break_even,noise10,1003,25,low_yaw,batch_aware,4,0.7250000000000001,0.774,0.4609040429041764,0.008268481475033921,0.018371817280179465,0.0013958672242549144,0.018483355838679803,0.001396267325618855,0.019224914474537527,0.0014303848571875955,0.7000000000000001,1
break_even,noise10,1003,25,low_yaw,batch_aware,5,0.7000000000000001,0.748,0.4623772894977758,0.008268408164577424,0.016876614380117828,0.0013909887980822716,0.01687560467396361,0.0013917869893292304,0.017628395539234173,0.0014263203308635553,0.7000000000000001,1
break_even,noise10,1003,25,low_yaw,batch_aware,6,0.7000000000000001,0.748,0.4615047913941951,0.00825226149054662,0.015693121774715803,0.0013856423896974853,0.01569373556129218,0.0013869645503465826,0.016373256459094855,0.0014222902575874298,0.7000000000000001,1
break_even,noise10,1003,25,low_yaw,batch_aware,7,0.7000000000000001,0.748,0.4611554947552476,0.008231681519803519,0.014727306273060042,0.0013813262743899092,0.014728284438588512,0.0013816208045209716,0.015352947468261345,0.0014182941533569687,0.7000000000000001,1
break_even,noise10,1003,25,low_yaw,batch_aware,8,0.7000000000000001,0.748,0.4625302907601616,0.008220547726771152,0.013921052579032868,0.0013764950914106114,0.013921687426929532,0.001377377137477125,0.01450233026272685,0.0014143315436358265,0.7000000000000001,1
break_even,noise10,1003,25,low_yaw,batch_aware,9,0.7000000000000001,0.748,0.46289775306473874,0.008189741956366523,0.013234569156177708,0.0013723054718804716,0.013234744742695311,0.0013725917353198391,0.013779045236114054,0.0014104019631168614,0.7000000000000001,1
break_even,noise10,1003,25,low_yaw,batch_aware,10,0.7000000000000001,0.748,0.46243817386348113,0.008210656074654637,0.012641756489511572,0.0013677543124166922,0.012641163345858304,0.0013684009312401944,0.013154197109701176,0.0014065049554926256,0.7000000000000001,1
break_even,noise10,1003,25,low_yaw,batch_aware,11,0.7000000000000001,0.748,0.46208977398909407,0.008179947777681983,0.01212003296218638,0.001363087950572107,0.012120633076039078,0.0013639458058716126,0.012607309091347106,0.0014026400732327965,0.7000000000000001,1
break_even,noise10,1003,25,low_yaw,batch_aware,12,0.7000000000000001,0.748,0.4612094543438243,0.008145379637541776,0.011659411511598827,0.0013578747891874162,0.011659351841724694,0.00135932295965504,0.012123411046796767,0.0013988068773682963,0.7000000000000001,1
break_even,noise10,1003,25,low_yaw,batch_aware,13,0.7000000000000001,0.748,0.46175583307505774,0.008134328450450257,0.011248074026626314,0.0013537085273531081,0.011247738958865572,0.0013541521156783295,0.011691271017280938,0.0013950049372818663,0.7000000000000001,1
break_even,noise10,1003,25,low_yaw,batch_aware,14,0.7000000000000001,0.748,0.4616305833166345,0.00810510622374404,0.010876812668244046,0.0013490867765217343,0.010876869673974322,0.0013500192953659566,0.011302274780746484,0.0013912338305048697,0.7000000000000001,1
break_even,noise10,1003,25,low_yaw,batch_aware,15,0.7000000000000001,0.748,0.4613962083103416,0.008048556867852174,0.010539940286674933,0.0013450117532493374,0.010540248310209858,0.0013454152990217759,0.010949690299211553,0.0013874931425201047,0.7000000000000001,1
break_even,noise10,1003,25,low_yaw,batch_aware,16,0.7000000000000001,0.748,0.4603941847305947,0.008027783326712414,0.010232186899754633,0.001340975415868256,0.010232441473160296,0.0013413856975081004,0.010628169964248452,0.0013837824665704152,0.7000000000000001,1
break_even,noise10,1003,25,low_yaw,batch_aware,17,0.7000000000000001,0.748,0.46041432048240455,0.008014342324646415,0.009950598983768615,0.0013373279644696963,0.009950668579404819,0.00133735599667273,0.010333404817744248,0.0013801014034729065,0.7000000000000001,1
break_even,noise10,1003,25,low_yaw,batch_aware,18,0.7000000000000001,0.748,0.4610509131891473,0.00800513067133381,0.009691220422487008,0.0013332432229965858,0.009690959337444323,0.0013337580759025089,0.010061878788169953,0.0013764495614385654,0.7000000000000001,1
break_even,noise10,1003,25,low_yaw,batch_aware,19,0.7000000000000001,0.748,0.4620263004101052,0.008004550104778565,0.009451099749183801,0.001329391226001043,0.009450822343180638,0.0013296776774223205,0.009810690458187466,0.0013728265558971037,0.7000000000000001,1
break_even,noise10,1003,25,low_yaw,batch_aware,20,0.7000000000000001,0.748,0.4620757242467025,0.007976140811104615,0.009227286020363481,0.0013252832130939997,0.009227306254080364,0.001325801977734855,0.009577421474899338,0.0013692320093268472,0.7000000000000001,1
break_even,noise10,1003,25,low_yaw,batch_aware,21,0.7000000000000001,0.748,0.46120246733232967,0.00795138744222678,0.009018532780297026,0.0013214745146774122,0.009018812235563538,0.0013217641663505557,0.00936003783128941,0.001365665551089498,0.7000000000000001,1
break_even,noise10,1003,25,low_yaw,batch_aware,22,0.7000000000000001,0.748,0.4623881927024957,0.007885534205365025,0.008823819912355767,0.001317856529923942,0.008823974698313293,0.0013180310777280448,0.009156814735534933,0.0013621268172696076,0.7000000000000001,1
break_even,noise10,1003,25,low_yaw,batch_aware,23,0.7000000000000001,0.748,0.4624645320560568,0.007877010301707257,0.00864090778728173,0.001313496663588997,0.008641004434742616,0.0013143769376480036,0.008966278684210639,0.0013586154505186004,0.7000000000000001,1
break_even,noise10,1003,25,low_yaw,batch_aware,24,0.7000000000000001,0.748,0.46291523093958226,0.007877450643383707,0.008469118363444668,0.0013092048614955366,0.008469259382575547,0.001310111554638372,0.008787162269458505,0.0013551310999031989,0.7000000000000001,1
break_even,noise10,1003,25,low_yaw,batch_aware,25,0.7000000000000001,0.748,0.4628451201216172,0.00788273904629803,0.008307365042436713,0.001304790547087089,0.00830726065260614,0.0013058240659335545,0.008618368538822136,0.0013516734207581031,0.7000000000000001,1
break_even,noise10,1003,25,low_yaw,ignore_passive,1,0.7250000000000001,0.774,0.4651454898168075,0.008349142224839033,0.028783132495424725,0.001408238644099672,0.029217748376340575,0.0014087361190707832,0.029249683820493515,0.0014427901416402043,0.7000000000000001,1
break_even,noise10,1003,25,low_yaw,ignore_passive,2,0.7250000000000001,0.774,0.4604042627525459,0.008332130584803619,0.023616191792843168,0.0014036781689275586,0.023861704012613213,0.0014045070584100385,0.02438941907426957,0.001438619253790668,0.7000000000000001,1
break_even,noise10,1003,25,low_yaw,ignore_passive,3,0.7250000000000001,0.774,0.4609042502178853,0.008326237702416158,0.020507151272010082,0.0013999362398967766,0.020662786370110285,0.001399965029292263,0.021352219023796675,0.0014344843302718684,0.7000000000000001,1
break_even,noise10,1003,25,low_yaw,ignore_passive,4,0.7250000000000001,0.774,0.4609040429041764,0.008268481475033921,0.018371817280179465,0.0013958672242549144,0.018483355838679803,0.001396267325618855,0.019224914474537527,0.0014303848571875955,0.7000000000000001,1
break_even,noise10,1003,25,low_yaw,ignore_passive,5,0.7000000000000001,0.748,0.4623772894977758,0.008268408164577424,0.016876614380117828,0.0013909887980822716,0.01687560467396361,0.0013917869893292304,0.017628395539234173,0.0014263203308635553,0.7000000000000001,1
break_even,noise10,1003,25,low_yaw,ignore_passive,6,0.7000000000000001,0.748,0.4615047913941951,0.00825226149054662,0.015693121774715803,0.0013856423896974853,0.01569373556129218,0.0013869645503465826,0.016373256459094855,0.0014222902575874298,0.7000000000000001,1
break_even,noise10,1003,25,low_yaw,ignore_passive,7,0.7000000000000001,0.748,0.4611554947552476,0.008231681519803519,0.014727306273060042,0.0013813262743899092,0.014728284438588512,0.0013816208045209716,0.015352947468261345,0.0014182941533569687,0.7000000000000001,1
break_even,noise10,1003,25,low_yaw,ignore_passive,8,0.7000000000000001,0.748,0.4625302907601616,0.008220547726771152,0.013921052579032868,0.0013764950914106114,0.013921687426929532,0.001377377137477125,0.01450233026272685,0.0014143315436358265,0.7000000000000001,1
break_even,noise10,1003,25,low_yaw,ignore_passive,9,0.7000000000000001,0.748,0.46289775306473874,0.008189741956366523,0.013234569156177708,0.0013723054718804716,0.013234744742695311,0.0013725917353198391,0.013779045236114054,0.0014104019631168614,0.7000000000000001,1
break_even,noise10,1003,25,low_yaw,ignore_passive,10,0.7000000000000001,0.748,0.46243817386348113,0.008210656074654637,0.012641756489511572,0.0013677543124166922,0.012641163345858304,0.0013684009312401944,0.013154197109701176,0.0014065049554926256,0.7000000000000001,1
break_even,noise10,1003,25,low_yaw,ignore_passive,11,0.7000000000000001,0.748,0.46208977398909407,0.008179947777681983,0.01212003296218638,0.001363087950572107,0.012120633076039078,0.0013639458058716126,0.012607309091347106,0.0014026400732327965,0.7000000000000001,1
break_even,noise10,1003,25,low_yaw,ignore_passive,12,0.7000000000000001,0.748,0.4612094543438243,0.008145379637541776,0.011659411511598827,0.0013578747891874162,0.011659351841724694,0.00135932295965504,0.012123411046796767,0.0013988068773682963,0.7000000000000001,1
break_even,noise10,1003,25,low_yaw,ignore_passive,13,0.7000000000000001,0.748,0.46175583307505774,0.008134328450450257,0.011248074026626314,0.0013537085273531081,0.011247738958865572,0.0013541521156783295,0.011691271017280938,0.0013950049372818663,0.7000000000000001,1
break_even,noise10,1003,25,low_yaw,ignore_passive,14,0.7000000000000001,0.748,0.4616305833166345,0.00810510622374404,0.010876812668244046,0.0013490867765217343,0.010876869673974322,0.0013500192953659566,0.011302274780746484,0.0013912338305048697,0.7000000000000001,1
break_even,noise10,1003,25,low_yaw,ignore_passive,15,0.7000000000000001,0.748,0.4613962083103416,0.008048556867852174,0.010539940286674933,0.0013450117532493374,0.010540248310209858,0.0013454152990217759,0.010949690299211553,0.0013874931425201047,0.7000000000000001,1
break_even,noise10,1003,25,low_yaw,ignore_passive,16,0.7000000000000001,0.748,0.4603941847305947,0.008027783326712414,0.010232186899754633,0.001340975415868256,0.010232441473160296,0.0013413856975081004,0.010628169964248452,0.0013837824665704152,0.7000000000000001,1
break_even,noise10,1003,25,low_yaw,ignore_passive,17,0.7000000000000001,0.748,0.46041432048240455,0.008014342324646415,0.009950598983768615,0.0013373279644696963,0.009950668579404819,0.00133735599667273,0.010333404817744248,0.0013801014034729065,0.7000000000000001,1
break_even,noise10,1003,25,low_yaw,ignore_passive,18,0.7000000000000001,0.748,0.4610509131891473,0.00800513067133381,0.009691220422487008,0.0013332432229965858,0.009690959337444323,0.0013337580759025089,0.010061878788169953,0.0013764495614385654,0.7000000000000001,1
break_even,noise10,1003,25,low_yaw,ignore_passive,19,0.7000000000000001,0.748,0.4620263004101052,0.008004550104778565,0.009451099749183801,0.001329391226001043,0.009450822343180638,0.0013296776774223205,0.009810690458187466,0.0013728265558971037,0.7000000000000001,1
break_even,noise10,1003,25,low_yaw,ignore_passive,20,0.7000000000000001,0.748,0.4620757242467025,0.007976140811104615,0.009227286020363481,0.0013252832130939997,0.009227306254080364,0.001325801977734855,0.009577421474899338,0.0013692320093268472,0.7000000000000001,1
break_even,noise10,1003,25,low_yaw,ignore_passive,21,0.7000000000000001,0.748,0.46120246733232967,0.00795138744222678,0.009018532780297026,0.0013214745146774122,0.009018812235563538,0.0013217641663505557,0.00936003783128941,0.001365665551089498,0.7000000000000001,1
break_even,noise10,1003,25,low_yaw,ignore_passive,22,0.7000000000000001,0.748,0.4623881927024957,0.007885534205365025,0.008823819912355767,0.001317856529923942,0.008823974698313293,0.0013180310777280448,0.009156814735534933,0.0013621268172696076,0.7000000000000001,1
break_even,noise10,1003,25,low_yaw,ignore_passive,23,0.7000000000000001,0.748,0.4624645320560568,0.007877010301707257,0.00864090778728173,0.001313496663588997,0.008641004434742616,0.0013143769376480036,0.008966278684210639,0.0013586154505186004,0.7000000000000001,1
break_even,noise10,1003,25,low_yaw,ignore_passive,24,0.7000000000000001,0.748,0.46291523093958226,0.007877450643383707,0.008469118363444668,0.0013092048614955366,0.008469259382575547,0.001310111554638372,0.008787162269458505,0.0013551310999031989,0.7000000000000001,1
break_even,noise10,1003,25,low_yaw,ignore_passive,25,0.7000000000000001,0.748,0.4628451201216172,0.00788273904629803,0.008307365042436713,0.001304790547087089,0.00830726065260614,0.0013058240659335545,0.008618368538822136,0.0013516734207581031,0.7000000000000001,1
break_even,noise10,1003,25,low_yaw,uncertainty_trigger,1,0.7250000000000001,0.774,0.4651454898168075,0.008349142224839033,0.028783132495424725,0.001408238644099672,0.029217748376340575,0.0014087361190707832,0.029249683820493515,0.0014427901416402043,0.7000000000000001,1
break_even,noise10,1003,25,low_yaw,uncertainty_trigger,2,0.7250000000000001,0.774,0.4604042627525459,0.008332130584803619,0.023616191792843168,0.0014036781689275586,0.023861704012613213,0.0014045070584100385,0.02438941907426957,0.001438619253790668,0.7000000000000001,1
break_even,noise10,1003,25,low_yaw,uncertainty_trigger,3,0.7250000000000001,0.774,0.4609042502178853,0.008326237702416158,0.020507151272010082,0.0013999362398967766,0.020662786370110285,0.001399965029292263,0.021352219023796675,0.0014344843302718684,0.7000000000000001,1
break_even,noise10,1003,25,low_yaw,uncertainty_trigger,4,0.7250000000000001,0.774,0.4609040429041764,0.008268481475033921,0.018371817280179465,0.0013958672242549144,0.018483355838679803,0.001396267325618855,0.019224914474537527,0.0014303848571875955,0.7000000000000001,1
break_even,noise10,1003,25,low_yaw,uncertainty_trigger,5,0.7000000000000001,0.748,0.4623772894977758,0.008268408164577424,0.016876614380117828,0.0013909887980822716,0.01687560467396361,0.0013917869893292304,0.017628395539234173,0.0014263203308635553,0.7000000000000001,1
break_even,noise10,1003,25,low_yaw,uncertainty_trigger,6,0.7000000000000001,0.748,0.4615047913941951,0.00825226149054662,0.015693121774715803,0.0013856423896974853,0.01569373556129218,0.0013869645503465826,0.016373256459094855,0.0014222902575874298,0.7000000000000001,1
break_even,noise10,1003,25,low_yaw,uncertainty_trigger,7,0.7000000000000001,0.748,0.4611554947552476,0.008231681519803519,0.014727306273060042,0.0013813262743899092,0.014728284438588512,0.0013816208045209716,0.015352947468261345,0.0014182941533569687,0.7000000000000001,1
break_even,noise10,1003,25,low_yaw,uncertainty_trigger,8,0.7000000000000001,0.748,0.4625302907601616,0.008220547726771152,0.013921052579032868,0.0013764950914106114,0.013921687426929532,0.001377377137477125,0.01450233026272685,0.0014143315436358265,0.7000000000000001,1
break_even,noise10,1003,25,low_yaw,uncertainty_trigger,9,0.7000000000000001,0.748,0.46289775306473874,0.008189741956366523,0.013234569156177708,0.0013723054718804716,0.013234744742695311,0.0013725917353198391,0.013779045236114054,0.0014104019631168614,0.7000000000000001,1
break_even,noise10,1003,25,low_yaw,uncertainty_trigger,10,0.7000000000000001,0.748,0.46243817386348113,0.008210656074654637,0.012641756489511572,0.0013677543124166922,0.012641163345858304,0.0013684009312401944,0.013154197109701176,0.0014065049554926256,0.7000000000000001,1
break_even,noise10,1003,25,low_yaw,uncertainty_trigger,11,0.7000000000000001,0.748,0.46208977398909407,0.008179947777681983,0.01212003296218638,0.001363087950572107,0.012120633076039078,0.0013639458058716126,0.012607309091347106,0.0014026400732327965,0.7000000000000001,1
break_even,noise10,1003,25,low_yaw,uncertainty_trigger,12,0.7000000000000001,0.748,0.4612094543438243,0.008145379637541776,0.011659411511598827,0.0013578747891874162,0.011659351841724694,0.00135932295965504,0.012123411046796767,0.0013988068773682963,0.7000000000000001,1
break_even,noise10,1003,25,low_yaw,uncertainty_trigger,13,0.7000000000000001,0.748,0.46175583307505774,0.008134328450450257,0.011248074026626314,0.0013537085273531081,0.011247738958865572,0.0013541521156783295,0.011691271017280938,0.0013950049372818663,0.7000000000000001,1
break_even,noise10,1003,25,low_yaw,uncertainty_trigger,14,0.7000000000000001,0.748,0.4616305833166345,0.00810510622374404,0.010876812668244046,0.0013490867765217343,0.010876869673974322,0.0013500192953659566,0.011302274780746484,0.0013912338305048697,0.7000000000000001,1
break_even,noise10,1003,25,low_yaw,uncertainty_trigger,15,0.7000000000000001,0.748,0.4613962083103416,0.008048556867852174,0.010539940286674933,0.0013450117532493374,0.010540248310209858,0.0013454152990217759,0.010949690299211553,0.0013874931425201047,0.7000000000000001,1
break_even,noise10,1003,25,low_yaw,uncertainty_trigger,16,0.7000000000000001,0.748,0.4603941847305947,0.008027783326712414,0.010232186899754633,0.001340975415868256,0.010232441473160296,0.0013413856975081004,0.010628169964248452,0.0013837824665704152,0.7000000000000001,1
break_even,noise10,1003,25,low_yaw,uncertainty_trigger,17,0.7000000000000001,0.748,0.46041432048240455,0.008014342324646415,0.009950598983768615,0.0013373279644696963,0.009950668579404819,0.00133735599667273,0.010333404817744248,0.0013801014034729065,0.7000000000000001,1
break_even,noise10,1003,25,low_yaw,uncertainty_trigger,18,0.7000000000000001,0.748,0.4610509131891473,0.00800513067133381,0.009691220422487008,0.0013332432229965858,0.009690959337444323,0.0013337580759025089,0.010061878788169953,0.0013764495614385654,0.7000000000000001,1
break_even,noise10,1003,25,low_yaw,uncertainty_trigger,19,0.7000000000000001,0.748,0.4620263004101052,0.008004550104778565,0.009451099749183801,0.001329391226001043,0.009450822343180638,0.0013296776774223205,0.009810690458187466,0.0013728265558971037,0.7000000000000001,1
break_even,noise10,1003,25,low_yaw,uncertainty_trigger,20,0.7000000000000001,0.748,0.4620757242467025,0.007976140811104615,0.009227286020363481,0.0013252832130939997,0.009227306254080364,0.001325801977734855,0.009577421474899338,0.0013692320093268472,0.7000000000000001,1
break_even,noise10,1003,25,low_yaw,uncertainty_trigger,21,0.7000000000000001,0.748,0.46120246733232967,0.00795138744222678,0.009018532780297026,0.0013214745146774122,0.009018812235563538,0.0013217641663505557,0.00936003783128941,0.001365665551089498,0.7000000000000001,1
break_even,noise10,1003,25,low_yaw,uncertainty_trigger,22,0.7000000000000001,0.748,0.4623881927024957,0.007885534205365025,0.008823819912355767,0.001317856529923942,0.008823974698313293,0.0013180310777280448,0.009156814735534933,0.0013621268172696076,0.7000000000000001,1
break_even,noise10,1003,25,low_yaw,uncertainty_trigger,23,0.7000000000000001,0.748,0.4624645320560568,0.007877010301707257,0.00864090778728173,0.001313496663588997,0.008641004434742616,0.0013143769376480036,0.008966278684210639,0.0013586154505186004,0.7000000000000001,1
break_even,noise10,1003,25,low_yaw,uncertainty_trigger,24,0.7000000000000001,0.748,0.46291523093958226,0.007877450643383707,0.008469118363444668,0.0013092048614955366,0.008469259382575547,0.001310111554638372,0.008787162269458505,0.0013551310999031989,0.7000000000000001,1
break_even,noise10,1003,25,low_yaw,uncertainty_trigger,25,0.7000000000000001,0.748,0.4628451201216172,0.00788273904629803,0.008307365042436713,0.001304790547087089,0.00830726065260614,0.0013058240659335545,0.008618368538822136,0.0013516734207581031,0.7000000000000001,1
break_even,noise10,1005,25,low_yaw,passive,1,0.775,0.8240000000000001,0.3130732299915642,0.011477457372802839,0.03773119275810482,0.007353259621501285,0.038812796362480875,0.007513925397296245,0.038812796362480875,0.007513925397296245,0.775,1
break_even,noise10,1005,25,low_yaw,passive,2,0.775,0.8240000000000001,0.3070745635605143,0.012548537089602184,0.027449637339839662,0.006873536793165123,0.027829433839435244,0.006960577553459855,0.028671862586365844,0.007111846143150309,0.775,1
break_even,noise10,1005,25,low_yaw,passive,3,0.75,0.798,0.3123048106385526,0.014938238383683232,0.022846320347987708,0.006516002836880323,0.022848333025072963,0.00653463136650997,0.023775540786453636,0.0067680966099535455,0.775,1
break_even,noise10,1005,25,low_yaw,passive,4,0.75,0.798,0.31476822902592444,0.015312786191029418,0.019982448207962817,0.006179718177050673,0.01998428207453359,0.006238136553519632,0.02075515556069827,0.006441435908966959,0.75,1
break_even,noise10,1005,25,low_yaw,passive,5,0.75,0.798,0.3185986191755769,0.015281154209211866,0.017979625131315746,0.005897969564541092,0.017979228045328328,0.0059348834364534395,0.018654207951425687,0.00615792393874742,0.75,1
break_even,noise10,1005,25,low_yaw,passive,6,0.75,0.798,0.3192467131460866,0.01568852786703359,0.016480601363999946,0.00561888588662764,0.01647879313748232,0.005691501000182726,0.01708446988074803,0.005908827911127146,0.75,1
break_even,noise10,1005,25,low_yaw,passive,7,0.75,0.798,0.31814642595655795,0.015715472656146895,0.015302145388661986,0.005374363738029096,0.015301942732904389,0.005439809522248333,0.015854214544175443,0.005687704634077906,0.75,1
break_even,noise10,1005,25,low_yaw,passive,8,0.75,0.798,0.316037207130809,0.015833302300717247,0.014343943017511908,0.005154598675257151,0.014344100045424676,0.005215879524688297,0.014856426433798774,0.005489682346613618,0.75,1
break_even,noise10,1005,25,low_yaw,passive,9,0.75,0.798,0.3143587979729159,0.01585740411415045,0.013547202819654198,0.004979500139575781,0.013547658171743969,0.005016101064893891,0.014026051638569619,0.005310999979657852,0.75,1
break_even,noise10,1005,25,low_yaw,passive,10,0.75,0.798,0.3140171937614729,0.015975555306328378,0.012868854451814803,0.004820863176276522,0.012868697024042757,0.004852374570269004,0.01332096675587911,0.005148701448136541,0.75,1
break_even,noise10,1005,25,low_yaw,passive,11,0.7250000000000001,0.774,0.3123619535710137,0.01641499341734953,0.012283400272000066,0.004677201149662677,0.012317009346505772,0.004694232924044935,0.012712534502936365,0.005000426870488088,0.75,1
break_even,noise10,1005,25,low_yaw,passive,12,0.7250000000000001,0.774,0.3122529298166987,0.016836229598867228,0.011771526067647203,0.004527575246913785,0.011800778733123891,0.004563881683778396,0.01218051618882435,0.004864266371693582,0.75,1
break_even,noise10,1005,25,low_yaw,passive,13,0.7250000000000001,0.774,0.3123375548586676,0.016680426656515507,0.011318843503270401,0.00438069764009222,0.011344994038905985,0.004410507435447184,0.01171014900230883,0.004738655442630316,0.75,1
break_even,noise10,1005,25,low_yaw,passive,14,0.7250000000000001,0.774,0.3113281349712176,0.016488972009301845,0.010915155040213427,0.004243299525510043,0.010938233039282133,0.004287012963122299,0.01129037743641123,0.004622298580412804,0.75,1
break_even,noise10,1005,25,low_yaw,passive,15,0.7250000000000001,0.774,0.31153694558862827,0.016541331686607052,0.010551073446479507,0.004137352863159962,0.010572605437751558,0.004155080922517254,0.01091273622263188,0.004514112598882316,0.75,1
break_even,noise10,1005,25,low_yaw,passive,16,0.7250000000000001,0.774,0.31360760665119164,0.01659242823883712,0.010221074258879642,0.004039521515057128,0.010240686472169056,0.004058438850967921,0.010570618896353967,0.004413183888412846,0.75,1
break_even,noise10,1005,25,low_yaw,passive,17,0.7250000000000001,0.774,0.31331205252288985,0.01668940308065193,0.009920171418937375,0.00395600236987085,0.009937912914479926,0.003966253392508501,0.01025878393255245,0.004318735741930622,0.75,1
break_even,noise10,1005,25,low_yaw,passive,18,0.7250000000000001,0.774,0.31400273732377043,0.016782975454400436,0.009644737841871734,0.0038780341031772153,0.009661134764358417,0.003887281686003856,0.009973012333275556,0.004230103060153815,0.75,1
break_even,noise10,1005,25,low_yaw,passive,19,0.7250000000000001,0.774,0.3129884642853431,0.016629114532101485,0.009391240328155945,0.003801875832071391,0.009406111594415702,0.0038133770793269068,0.009709864670002193,0.0041467125440542065,0.75,1
break_even,noise10,1005,25,low_yaw,passive,20,0.7250000000000001,0.774,0.3124659275003678,0.016984781752783264,0.009156444364480569,0.003730485663145823,0.009170124998241696,0.0037400991674107265,0.009481785556591809,0.00406001334087281,0.7250000000000001,1
break_even,noise10,1005,25,low_yaw,passive,21,0.7250000000000001,0.774,0.31234343705703077,0.017053540188835238,0.00893824724784509,0.0036617201442464666,0.008951265461013262,0.003673061932903507,0.009269058890485847,0.003978534320412886,0.7250000000000001,1
break_even,noise10,1005,25,low_yaw,passive,22,0.7250000000000001,0.774,0.31260315415935525,0.017430559579271403,0.008735060768121281,0.0035972050275381697,0.008747174997884632,0.003607251358301722,0.009070036176745396,0.0039017718196112977,0.7250000000000001,1
break_even,noise10,1005,25,low_yaw,passive,23,0.7250000000000001,0.774,0.31304429070883955,0.017556882204305055,0.00854522700232701,0.0035352765968010673,0.008556405047775564,0.0035457588413802333,0.008883306545642683,0.0038292876845413566,0.7250000000000001,1
break_even,noise10,1005,25,low_yaw,passive,24,0.7250000000000001,0.774,0.31334508493777485,0.01771769554279346,0.008367373591173887,0.0034771381263551107,0.008377891710295307,0.003486383260442363,0.00870765445247283,0.00376069870747097,0.7250000000000001,1
break_even,noise10,1005,25,low_yaw,passive,25,0.7250000000000001,0.774,0.3139661171215453,0.017793079069673624,0.00820002116369184,0.003425850822301308,0.008209904516236379,0.003431007373681917,0.008542026230958016,0.0036956680737093156,0.7250000000000001,1
break_even,noise10,1005,25,low_yaw,always_probe,1,0.7000000000000001,0.748,0.3159999954710621,0.02346661153454207,0.028664351376739283,0.001553977441340316,0.028661476627753635,0.0015548736755679861,0.02869604449733461,0.0014436628810356492,0.7000000000000001,1
break_even,noise10,1005,25,low_yaw,always_probe,2,0.7000000000000001,0.748,0.31108885216987403,0.023465020429824162,0.02377480923066435,0.0015494506220247806,0.023773848133266842,0.0015498412165992881,0.02403903187405433,0.0014394895876923503,0.7000000000000001,1
break_even,noise10,1005,25,low_yaw,always_probe,3,0.7000000000000001,0.748,0.3142201016878806,0.023538346851936787,0.020753017403006814,0.0015455049414902665,0.020755792907655227,0.001545422077280962,0.021097928757391877,0.0014353522784146407,0.7000000000000001,1
break_even,noise10,1005,25,low_yaw,always_probe,4,0.7000000000000001,0.748,0.3163544875228301,0.023509529979820053,0.01865229903121718,0.001540959869064772,0.018654410046787053,0.0015415189924141376,0.019025487208604492,0.0014312504390386258,0.7000000000000001,1
break_even,noise10,1005,25,low_yaw,always_probe,5,0.7000000000000001,0.748,0.31932441571885606,0.023484241457231787,0.017082832980023863,0.0015367692862741304,0.017081587064234162,0.0015368934029732536,0.01746405759431051,0.0014271835656273677,0.7000000000000001,1
break_even,noise10,1005,25,low_yaw,always_probe,6,0.7000000000000001,0.748,0.3196298628298737,0.023473956037812257,0.015851769114508505,0.001531893553699134,0.01585180473799518,0.0015328555005022487,0.01623313596402857,0.0014231511642108239,0.7000000000000001,1
break_even,noise10,1005,25,low_yaw,always_probe,7,0.7000000000000001,0.748,0.31911678722059716,0.02342729820565644,0.014854677065151084,0.001526999121357543,0.014853674478475052,0.0015279933250662958,0.015230479090352156,0.0014191527505338236,0.7000000000000001,1
break_even,noise10,1005,25,low_yaw,always_probe,8,0.7000000000000001,0.748,0.3169129447234569,0.023387881364884816,0.014022921325363097,0.001521910819232106,0.01402328227908333,0.0015231152605183706,0.014393268065644607,0.0014151878498117898,0.7000000000000001,1
break_even,noise10,1005,25,low_yaw,always_probe,9,0.7000000000000001,0.748,0.31544863197092426,0.023365092778401823,0.013319160402106702,0.0015176300655021105,0.013318821177402382,0.0015180888664752198,0.013680495738692572,0.0014112559964939266,0.7000000000000001,1
break_even,noise10,1005,25,low_yaw,always_probe,10,0.7000000000000001,0.748,0.31481149065164155,0.0233405578661386,0.012709275100801175,0.0015132334889903431,0.012709798902664046,0.0015137886095727855,0.013064105338004544,0.0014073567340336034,0.7000000000000001,1
break_even,noise10,1005,25,low_yaw,always_probe,11,0.7000000000000001,0.748,0.31357503475257453,0.023350302211944004,0.012177478338356723,0.0015092298543533042,0.012177162095259845,0.0015094243584633888,0.012524165960103972,0.0014034896146656796,0.7000000000000001,1
break_even,noise10,1005,25,low_yaw,always_probe,12,0.7000000000000001,0.748,0.3131458620721328,0.023349960330615874,0.01170726707286628,0.0015044588175466855,0.011707023904699755,0.0015054990453541633,0.01204607730634041,0.0013996541991905243,0.7000000000000001,1
break_even,noise10,1005,25,low_yaw,always_probe,13,0.7000000000000001,0.748,0.3136067473896985,0.02329868256474606,0.01128760582068439,0.001499628106817262,0.011287666982220867,0.0015002721834074147,0.011618866423839512,0.0013958500567644906,0.7000000000000001,1
break_even,noise10,1005,25,low_yaw,always_probe,14,0.7000000000000001,0.748,0.312674965988263,0.023237784389866834,0.010910303093343746,0.0014945704870413096,0.010910244520925441,0.0014959422388628213,0.011234105632666703,0.0013920767646966234,0.7000000000000001,1
break_even,noise10,1005,25,low_yaw,always_probe,15,0.7000000000000001,0.748,0.3127292376222324,0.023204097291369238,0.010568356823700047,0.001490289892979601,0.010568387588122341,0.0014908116725063153,0.010885200509051297,0.0013883339082513776,0.7000000000000001,1
break_even,noise10,1005,25,low_yaw,always_probe,16,0.7000000000000001,0.748,0.3143842911478662,0.02317526366979647,0.010256507128962112,0.001486021952490675,0.010256661157925947,0.0014866815198044312,0.010566907095605836,0.00138462108045714,0.7000000000000001,1
break_even,noise10,1005,25,low_yaw,always_probe,17,0.7000000000000001,0.748,0.3143785893967805,0.023152995698399112,0.009970593301454899,0.00148221219916597,0.009970630701206124,0.0014824532485821999,0.010274995935830363,0.001380937881920356,0.7000000000000001,1
break_even,noise10,1005,25,low_yaw,always_probe,18,0.7000000000000001,0.748,0.3150398124654852,0.023136296863185885,0.009707802405217063,0.0014784589023081965,0.009707838039460065,0.00147867030296161,0.01000601292207095,0.0013772839206450636,0.7000000000000001,1
break_even,noise10,1005,25,low_yaw,always_probe,19,0.7000000000000001,0.748,0.314187099234402,0.023090530149645284,0.009464814941769241,0.0014745867036700699,0.009464718472980473,0.0014749428373275024,0.009757105624536107,0.001373658811857654,0.7000000000000001,1
break_even,noise10,1005,25,low_yaw,always_probe,20,0.7000000000000001,0.748,0.3137126969617304,0.023106803833094793,0.009239052168540861,0.001470673696063527,0.009238714007394086,0.0014710607404392808,0.009525894915437476,0.0013700621778366788,0.7000000000000001,1
break_even,noise10,1005,25,low_yaw,always_probe,21,0.7000000000000001,0.748,0.3135806148953933,0.023078834383185868,0.009028685380097708,0.0014666358920930416,0.009028516270369371,0.0014672092916177101,0.00931037855788362,0.0013664936477475343,0.7000000000000001,1
break_even,noise10,1005,25,low_yaw,always_probe,22,0.7000000000000001,0.748,0.3136895120926344,0.023105362759242208,0.008831886755496543,0.0014627834940531314,0.008831993263475002,0.0014631850944480996,0.009108857760105631,0.0013629528574818563,0.7000000000000001,1
break_even,noise10,1005,25,low_yaw,always_probe,23,0.7000000000000001,0.748,0.31427603484163813,0.023105024443062047,0.008647473120463996,0.0014589406377440107,0.008647453395822378,0.001459351320149542,0.008919880497937845,0.0013594394495014706,0.7000000000000001,1
break_even,noise10,1005,25,low_yaw,always_probe,24,0.7000000000000001,0.748,0.3145611207488907,0.023095489371354708,0.008474288375613363,0.0014549765576960007,0.008474279280210065,0.0014555262008539142,0.008742197261206704,0.0013559530726867444,0.7000000000000001,1
break_even,noise10,1005,25,low_yaw,always_probe,25,0.7000000000000001,0.748,0.31507295197656077,0.023086997488082055,0.008310871389395002,0.0014514719698560483,0.008310916468045826,0.0014516077830338506,0.008574726128676952,0.0013524933821891952,0.7000000000000001,1
break_even,noise10,1005,25,low_yaw,batch_aware,1,0.7000000000000001,0.748,0.3159999954710621,0.02346661153454207,0.028664351376739283,0.001553977441340316,0.028661476627753635,0.0015548736755679861,0.02869604449733461,0.0014436628810356492,0.7000000000000001,1
break_even,noise10,1005,25,low_yaw,batch_aware,2,0.7000000000000001,0.748,0.31108885216987403,0.023465020429824162,0.02377480923066435,0.0015494506220247806,0.023773848133266842,0.0015498412165992881,0.02403903187405433,0.0014394895876923503,0.7000000000000001,1
break_even,noise10,1005,25,low_yaw,batch_aware,3,0.7000000000000001,0.748,0.3142201016878806,0.023538346851936787,0.020753017403006814,0.0015455049414902665,0.020755792907655227,0.001545422077280962,0.021097928757391877,0.0014353522784146407,0.7000000000000001,1
break_even,noise10,1005,25,low_yaw,batch_aware,4,0.7000000000000001,0.748,0.3163544875228301,0.023509529979820053,0.01865229903121718,0.001540959869064772,0.018654410046787053,0.0015415189924141376,0.019025487208604492,0.0014312504390386258,0.7000000000000001,1
break_even,noise10,1005,25,low_yaw,batch_aware,5,0.7000000000000001,0.748,0.31932441571885606,0.023484241457231787,0.017082832980023863,0.0015367692862741304,0.017081587064234162,0.0015368934029732536,0.01746405759431051,0.0014271835656273677,0.7000000000000001,1
break_even,noise10,1005,25,low_yaw,batch_aware,6,0.7000000000000001,0.748,0.3196298628298737,0.023473956037812257,0.015851769114508505,0.001531893553699134,0.01585180473799518,0.0015328555005022487,0.01623313596402857,0.0014231511642108239,0.7000000000000001,1
break_even,noise10,1005,25,low_yaw,batch_aware,7,0.7000000000000001,0.748,0.31911678722059716,0.02342729820565644,0.014854677065151084,0.001526999121357543,0.014853674478475052,0.0015279933250662958,0.015230479090352156,0.0014191527505338236,0.7000000000000001,1
break_even,noise10,1005,25,low_yaw,batch_aware,8,0.7000000000000001,0.748,0.3169129447234569,0.023387881364884816,0.014022921325363097,0.001521910819232106,0.01402328227908333,0.0015231152605183706,0.014393268065644607,0.0014151878498117898,0.7000000000000001,1
break_even,noise10,1005,25,low_yaw,batch_aware,9,0.7000000000000001,0.748,0.31544863197092426,0.023365092778401823,0.013319160402106702,0.0015176300655021105,0.013318821177402382,0.0015180888664752198,0.013680495738692572,0.0014112559964939266,0.7000000000000001,1
break_even,noise10,1005,25,low_yaw,batch_aware,10,0.7000000000000001,0.748,0.31481149065164155,0.0233405578661386,0.012709275100801175,0.0015132334889903431,0.012709798902664046,0.0015137886095727855,0.013064105338004544,0.0014073567340336034,0.7000000000000001,1
break_even,noise10,1005,25,low_yaw,batch_aware,11,0.7000000000000001,0.748,0.31357503475257453,0.023350302211944004,0.012177478338356723,0.0015092298543533042,0.012177162095259845,0.0015094243584633888,0.012524165960103972,0.0014034896146656796,0.7000000000000001,1
break_even,noise10,1005,25,low_yaw,batch_aware,12,0.7000000000000001,0.748,0.3131458620721328,0.023349960330615874,0.01170726707286628,0.0015044588175466855,0.011707023904699755,0.0015054990453541633,0.01204607730634041,0.0013996541991905243,0.7000000000000001,1
break_even,noise10,1005,25,low_yaw,batch_aware,13,0.7000000000000001,0.748,0.3136067473896985,0.02329868256474606,0.01128760582068439,0.001499628106817262,0.011287666982220867,0.0015002721834074147,0.011618866423839512,0.0013958500567644906,0.7000000000000001,1
break_even,noise10,1005,25,low_yaw,batch_aware,14,0.7000000000000001,0.748,0.312674965988263,0.023237784389866834,0.010910303093343746,0.0014945704870413096,0.010910244520925441,0.0014959422388628213,0.011234105632666703,0.0013920767646966234,0.7000000000000001,1
break_even,noise10,1005,25,low_yaw,batch_aware,15,0.7000000000000001,0.748,0.3127292376222324,0.023204097291369238,0.010568356823700047,0.001490289892979601,0.010568387588122341,0.0014908116725063153,0.010885200509051297,0.0013883339082513776,0.7000000000000001,1
break_even,noise10,1005,25,low_yaw,batch_aware,16,0.7000000000000001,0.748,0.3143842911478662,0.02317526366979647,0.010256507128962112,0.001486021952490675,0.010256661157925947,0.0014866815198044312,0.010566907095605836,0.00138462108045714,0.7000000000000001,1
break_even,noise10,1005,25,low_yaw,batch_aware,17,0.7000000000000001,0.748,0.3143785893967805,0.023152995698399112,0.009970593301454899,0.00148221219916597,0.009970630701206124,0.0014824532485821999,0.010274995935830363,0.001380937881920356,0.7000000000000001,1
break_even,noise10,1005,25,low_yaw,batch_aware,18,0.7000000000000001,0.748,0.3150398124654852,0.023136296863185885,0.009707802405217063,0.0014784589023081965,0.009707838039460065,0.00147867030296161,0.01000601292207095,0.0013772839206450636,0.7000000000000001,1
break_even,noise10,1005,25,low_yaw,batch_aware,19,0.7000000000000001,0.748,0.314187099234402,0.023090530149645284,0.009464814941769241,0.0014745867036700699,0.009464718472980473,0.0014749428373275024,0.009757105624536107,0.001373658811857654,0.7000000000000001,1
break_even,noise10,1005,25,low_yaw,batch_aware,20,0.7000000000000001,0.748,0.3137126969617304,0.023106803833094793,0.009239052168540861,0.001470673696063527,0.009238714007394086,0.0014710607404392808,0.009525894915437476,0.0013700621778366788,0.7000000000000001,1
break_even,noise10,1005,25,low_yaw,batch_aware,21,0.7000000000000001,0.748,0.3135806148953933,0.023078834383185868,0.009028685380097708,0.0014666358920930416,0.009028516270369371,0.0014672092916177101,0.00931037855788362,0.0013664936477475343,0.7000000000000001,1
break_even,noise10,1005,25,low_yaw,batch_aware,22,0.7000000000000001,0.748,0.3136895120926344,0.023105362759242208,0.008831886755496543,0.0014627834940531314,0.008831993263475002,0.0014631850944480996,0.009108857760105631,0.0013629528574818563,0.7000000000000001,1
break_even,noise10,1005,25,low_yaw,batch_aware,23,0.7000000000000001,0.748,0.31427603484163813,0.023105024443062047,0.008647473120463996,0.0014589406377440107,0.008647453395822378,0.001459351320149542,0.008919880497937845,0.0013594394495014706,0.7000000000000001,1
break_even,noise10,1005,25,low_yaw,batch_aware,24,0.7000000000000001,0.748,0.3145611207488907,0.023095489371354708,0.008474288375613363,0.0014549765576960007,0.008474279280210065,0.0014555262008539142,0.008742197261206704,0.0013559530726867444,0.7000000000000001,1
break_even,noise10,1005,25,low_yaw,batch_aware,25,0.7000000000000001,0.748,0.31507295197656077,0.023086997488082055,0.008310871389395002,0.0014514719698560483,0.008310916468045826,0.0014516077830338506,0.008574726128676952,0.0013524933821891952,0.7000000000000001,1
break_even,noise10,1005,25,low_yaw,ignore_passive,1,0.7000000000000001,0.748,0.3159999954710621,0.02346661153454207,0.028664351376739283,0.001553977441340316,0.028661476627753635,0.0015548736755679861,0.02869604449733461,0.0014436628810356492,0.7000000000000001,1
break_even,noise10,1005,25,low_yaw,ignore_passive,2,0.7000000000000001,0.748,0.31108885216987403,0.023465020429824162,0.02377480923066435,0.0015494506220247806,0.023773848133266842,0.0015498412165992881,0.02403903187405433,0.0014394895876923503,0.7000000000000001,1
break_even,noise10,1005,25,low_yaw,ignore_passive,3,0.7000000000000001,0.748,0.3142201016878806,0.023538346851936787,0.020753017403006814,0.0015455049414902665,0.020755792907655227,0.001545422077280962,0.021097928757391877,0.0014353522784146407,0.7000000000000001,1
break_even,noise10,1005,25,low_yaw,ignore_passive,4,0.7000000000000001,0.748,0.3163544875228301,0.023509529979820053,0.01865229903121718,0.001540959869064772,0.018654410046787053,0.0015415189924141376,0.019025487208604492,0.0014312504390386258,0.7000000000000001,1
break_even,noise10,1005,25,low_yaw,ignore_passive,5,0.7000000000000001,0.748,0.31932441571885606,0.023484241457231787,0.017082832980023863,0.0015367692862741304,0.017081587064234162,0.0015368934029732536,0.01746405759431051,0.0014271835656273677,0.7000000000000001,1
break_even,noise10,1005,25,low_yaw,ignore_passive,6,0.7000000000000001,0.748,0.3196298628298737,0.023473956037812257,0.015851769114508505,0.001531893553699134,0.01585180473799518,0.0015328555005022487,0.01623313596402857,0.0014231511642108239,0.7000000000000001,1
break_even,noise10,1005,25,low_yaw,ignore_passive,7,0.7000000000000001,0.748,0.31911678722059716,0.02342729820565644,0.014854677065151084,0.001526999121357543,0.014853674478475052,0.0015279933250662958,0.015230479090352156,0.0014191527505338236,0.7000000000000001,1
break_even,noise10,1005,25,low_yaw,ignore_passive,8,0.7000000000000001,0.748,0.3169129447234569,0.023387881364884816,0.014022921325363097,0.001521910819232106,0.01402328227908333,0.0015231152605183706,0.014393268065644607,0.0014151878498117898,0.7000000000000001,1
break_even,noise10,1005,25,low_yaw,ignore_passive,9,0.7000000000000001,0.748,0.31544863197092426,0.023365092778401823,0.013319160402106702,0.0015176300655021105,0.013318821177402382,0.0015180888664752198,0.013680495738692572,0.0014112559964939266,0.7000000000000001,1
break_even,noise10,1005,25,low_yaw,ignore_passive,10,0.7000000000000001,0.748,0.31481149065164155,0.0233405578661386,0.012709275100801175,0.0015132334889903431,0.012709798902664046,0.0015137886095727855,0.013064105338004544,0.0014073567340336034,0.7000000000000001,1
break_even,noise10,1005,25,low_yaw,ignore_passive,11,0.7000000000000001,0.748,0.31357503475257453,0.023350302211944004,0.012177478338356723,0.0015092298543533042,0.012177162095259845,0.0015094243584633888,0.012524165960103972,0.0014034896146656796,0.7000000000000001,1
break_even,noise10,1005,25,low_yaw,ignore_passive,12,0.7000000000000001,0.748,0.3131458620721328,0.023349960330615874,0.01170726707286628,0.0015044588175466855,0.011707023904699755,0.0015054990453541633,0.01204607730634041,0.0013996541991905243,0.7000000000000001,1
break_even,noise10,1005,25,low_yaw,ignore_passive,13,0.7000000000000001,0.748,0.3136067473896985,0.02329868256474606,0.01128760582068439,0.001499628106817262,0.011287666982220867,0.0015002721834074147,0.011618866423839512,0.0013958500567644906,0.7000000000000001,1
break_even,noise10,1005,25,low_yaw,ignore_passive,14,0.7000000000000001,0.748,0.312674965988263,0.023237784389866834,0.010910303093343746,0.0014945704870413096,0.010910244520925441,0.0014959422388628213,0.011234105632666703,0.0013920767646966234,0.7000000000000001,1
break_even,noise10,1005,25,low_yaw,ignore_passive,15,0.7000000000000001,0.748,0.3127292376222324,0.023204097291369238,0.010568356823700047,0.001490289892979601,0.010568387588122341,0.0014908116725063153,0.010885200509051297,0.0013883339082513776,0.7000000000000001,1
break_even,noise10,1005,25,low_yaw,ignore_passive,16,0.7000000000000001,0.748,0.3143842911478662,0.02317526366979647,0.010256507128962112,0.001486021952490675,0.010256661157925947,0.0014866815198044312,0.010566907095605836,0.00138462108045714,0.7000000000000001,1
break_even,noise10,1005,25,low_yaw,ignore_passive,17,0.7000000000000001,0.748,0.3143785893967805,0.023152995698399112,0.009970593301454899,0.00148221219916597,0.009970630701206124,0.0014824532485821999,0.010274995935830363,0.001380937881920356,0.7000000000000001,1
break_even,noise10,1005,25,low_yaw,ignore_passive,18,0.7000000000000001,0.748,0.3150398124654852,0.023136296863185885,0.009707802405217063,0.0014784589023081965,0.009707838039460065,0.00147867030296161,0.01000601292207095,0.0013772839206450636,0.7000000000000001,1
break_even,noise10,1005,25,low_yaw,ignore_passive,19,0.7000000000000001,0.748,0.314187099234402,0.023090530149645284,0.009464814941769241,0.0014745867036700699,0.009464718472980473,0.0014749428373275024,0.009757105624536107,0.001373658811857654,0.7000000000000001,1
break_even,noise10,1005,25,low_yaw,ignore_passive,20,0.7000000000000001,0.748,0.3137126969617304,0.023106803833094793,0.009239052168540861,0.001470673696063527,0.009238714007394086,0.0014710607404392808,0.009525894915437476,0.0013700621778366788,0.7000000000000001,1
break_even,noise10,1005,25,low_yaw,ignore_passive,21,0.7000000000000001,0.748,0.3135806148953933,0.023078834383185868,0.009028685380097708,0.0014666358920930416,0.009028516270369371,0.0014672092916177101,0.00931037855788362,0.0013664936477475343,0.7000000000000001,1
break_even,noise10,1005,25,low_yaw,ignore_passive,22,0.7000000000000001,0.748,0.3136895120926344,0.023105362759242208,0.008831886755496543,0.0014627834940531314,0.008831993263475002,0.0014631850944480996,0.009108857760105631,0.0013629528574818563,0.7000000000000001,1
break_even,noise10,1005,25,low_yaw,ignore_passive,23,0.7000000000000001,0.748,0.31427603484163813,0.023105024443062047,0.008647473120463996,0.0014589406377440107,0.008647453395822378,0.001459351320149542,0.008919880497937845,0.0013594394495014706,0.7000000000000001,1
break_even,noise10,1005,25,low_yaw,ignore_passive,24,0.7000000000000001,0.748,0.3145611207488907,0.023095489371354708,0.008474288375613363,0.0014549765576960007,0.008474279280210065,0.0014555262008539142,0.008742197261206704,0.0013559530726867444,0.7000000000000001,1
break_even,noise10,1005,25,low_yaw,ignore_passive,25,0.7000000000000001,0.748,0.31507295197656077,0.023086997488082055,0.008310871389395002,0.0014514719698560483,0.008310916468045826,0.0014516077830338506,0.008574726128676952,0.0013524933821891952,0.7000000000000001,1
break_even,noise10,1005,25,low_yaw,uncertainty_trigger,1,0.7000000000000001,0.748,0.3159999954710621,0.02346661153454207,0.028664351376739283,0.001553977441340316,0.028661476627753635,0.0015548736755679861,0.02869604449733461,0.0014436628810356492,0.7000000000000001,1
break_even,noise10,1005,25,low_yaw,uncertainty_trigger,2,0.7000000000000001,0.748,0.31108885216987403,0.023465020429824162,0.02377480923066435,0.0015494506220247806,0.023773848133266842,0.0015498412165992881,0.02403903187405433,0.0014394895876923503,0.7000000000000001,1
break_even,noise10,1005,25,low_yaw,uncertainty_trigger,3,0.7000000000000001,0.748,0.3142201016878806,0.023538346851936787,0.020753017403006814,0.0015455049414902665,0.020755792907655227,0.001545422077280962,0.021097928757391877,0.0014353522784146407,0.7000000000000001,1
break_even,noise10,1005,25,low_yaw,uncertainty_trigger,4,0.7000000000000001,0.748,0.3163544875228301,0.023509529979820053,0.01865229903121718,0.001540959869064772,0.018654410046787053,0.0015415189924141376,0.019025487208604492,0.0014312504390386258,0.7000000000000001,1
break_even,noise10,1005,25,low_yaw,uncertainty_trigger,5,0.7000000000000001,0.748,0.31932441571885606,0.023484241457231787,0.017082832980023863,0.0015367692862741304,0.017081587064234162,0.0015368934029732536,0.01746405759431051,0.0014271835656273677,0.7000000000000001,1
break_even,noise10,1005,25,low_yaw,uncertainty_trigger,6,0.7000000000000001,0.748,0.3196298628298737,0.023473956037812257,0.015851769114508505,0.001531893553699134,0.01585180473799518,0.0015328555005022487,0.01623313596402857,0.0014231511642108239,0.7000000000000001,1
break_even,noise10,1005,25,low_yaw,uncertainty_trigger,7,0.7000000000000001,0.748,0.31911678722059716,0.02342729820565644,0.014854677065151084,0.001526999121357543,0.014853674478475052,0.0015279933250662958,0.015230479090352156,0.0014191527505338236,0.7000000000000001,1
break_even,noise10,1005,25,low_yaw,uncertainty_trigger,8,0.7000000000000001,0.748,0.3169129447234569,0.023387881364884816,0.014022921325363097,0.001521910819232106,0.01402328227908333,0.0015231152605183706,0.014393268065644607,0.0014151878498117898,0.7000000000000001,1
break_even,noise10,1005,25,low_yaw,uncertainty_trigger,9,0.7000000000000001,0.748,0.31544863197092426,0.023365092778401823,0.013319160402106702,0.0015176300655021105,0.013318821177402382,0.0015180888664752198,0.013680495738692572,0.0014112559964939266,0.7000000000000001,1
break_even,noise10,1005,25,low_yaw,uncertainty_trigger,10,0.7000000000000001,0.748,0.31481149065164155,0.0233405578661386,0.012709275100801175,0.0015132334889903431,0.012709798902664046,0.0015137886095727855,0.013064105338004544,0.0014073567340336034,0.7000000000000001,1
break_even,noise10,1005,25,low_yaw,uncertainty_trigger,11,0.7000000000000001,0.748,0.31357503475257453,0.023350302211944004,0.012177478338356723,0.0015092298543533042,0.012177162095259845,0.0015094243584633888,0.012524165960103972,0.0014034896146656796,0.7000000000000001,1
break_even,noise10,1005,25,low_yaw,uncertainty_trigger,12,0.7000000000000001,0.748,0.3131458620721328,0.023349960330615874,0.01170726707286628,0.0015044588175466855,0.011707023904699755,0.0015054990453541633,0.01204607730634041,0.0013996541991905243,0.7000000000000001,1
break_even,noise10,1005,25,low_yaw,uncertainty_trigger,13,0.7000000000000001,0.748,0.3136067473896985,0.02329868256474606,0.01128760582068439,0.001499628106817262,0.011287666982220867,0.0015002721834074147,0.011618866423839512,0.0013958500567644906,0.7000000000000001,1
break_even,noise10,1005,25,low_yaw,uncertainty_trigger,14,0.7000000000000001,0.748,0.312674965988263,0.023237784389866834,0.010910303093343746,0.0014945704870413096,0.010910244520925441,0.0014959422388628213,0.011234105632666703,0.0013920767646966234,0.7000000000000001,1
break_even,noise10,1005,25,low_yaw,uncertainty_trigger,15,0.7000000000000001,0.748,0.3127292376222324,0.023204097291369238,0.010568356823700047,0.001490289892979601,0.010568387588122341,0.0014908116725063153,0.010885200509051297,0.0013883339082513776,0.7000000000000001,1
break_even,noise10,1005,25,low_yaw,uncertainty_trigger,16,0.7000000000000001,0.748,0.3143842911478662,0.02317526366979647,0.010256507128962112,0.001486021952490675,0.010256661157925947,0.0014866815198044312,0.010566907095605836,0.00138462108045714,0.7000000000000001,1
break_even,noise10,1005,25,low_yaw,uncertainty_trigger,17,0.7000000000000001,0.748,0.3143785893967805,0.023152995698399112,0.009970593301454899,0.00148221219916597,0.009970630701206124,0.0014824532485821999,0.010274995935830363,0.001380937881920356,0.7000000000000001,1
break_even,noise10,1005,25,low_yaw,uncertainty_trigger,18,0.7000000000000001,0.748,0.3150398124654852,0.023136296863185885,0.009707802405217063,0.0014784589023081965,0.009707838039460065,0.00147867030296161,0.01000601292207095,0.0013772839206450636,0.7000000000000001,1
break_even,noise10,1005,25,low_yaw,uncertainty_trigger,19,0.7000000000000001,0.748,0.314187099234402,0.023090530149645284,0.009464814941769241,0.0014745867036700699,0.009464718472980473,0.0014749428373275024,0.009757105624536107,0.001373658811857654,0.7000000000000001,1
break_even,noise10,1005,25,low_yaw,uncertainty_trigger,20,0.7000000000000001,0.748,0.3137126969617304,0.023106803833094793,0.009239052168540861,0.001470673696063527,0.009238714007394086,0.0014710607404392808,0.009525894915437476,0.0013700621778366788,0.7000000000000001,1
break_even,noise10,1005,25,low_yaw,uncertainty_trigger,21,0.7000000000000001,0.748,0.3135806148953933,0.023078834383185868,0.009028685380097708,0.0014666358920930416,0.009028516270369371,0.0014672092916177101,0.00931037855788362,0.0013664936477475343,0.7000000000000001,1
break_even,noise10,1005,25,low_yaw,uncertainty_trigger,22,0.7000000000000001,0.748,0.3136895120926344,0.023105362759242208,0.008831886755496543,0.0014627834940531314,0.008831993263475002,0.0014631850944480996,0.009108857760105631,0.0013629528574818563,0.7000000000000001,1
break_even,noise10,1005,25,low_yaw,uncertainty_trigger,23,0.7000000000000001,0.748,0.31427603484163813,0.023105024443062047,0.008647473120463996,0.0014589406377440107,0.008647453395822378,0.001459351320149542,0.008919880497937845,0.0013594394495014706,0.7000000000000001,1
break_even,noise10,1005,25,low_yaw,uncertainty_trigger,24,0.7000000000000001,0.748,0.3145611207488907,0.023095489371354708,0.008474288375613363,0.0014549765576960007,0.008474279280210065,0.0014555262008539142,0.008742197261206704,0.0013559530726867444,0.7000000000000001,1
break_even,noise10,1005,25,low_yaw,uncertainty_trigger,25,0.7000000000000001,0.748,0.31507295197656077,0.023086997488082055,0.008310871389395002,0.0014514719698560483,0.008310916468045826,0.0014516077830338506,0.008574726128676952,0.0013524933821891952,0.7000000000000001,1
break_even,noise10,1006,25,low_yaw,passive,1,0.8,0.848,0.6737490910041473,0.012075929935979496,0.04017296637754573,0.007378192748770772,0.04022124078763978,0.007549333809777776,0.04022124078763978,0.007549333809777776,0.8,1
break_even,noise10,1006,25,low_yaw,passive,2,0.775,0.8240000000000001,0.6749735514191911,0.012230972261492471,0.02846753803977301,0.00690034191502882,0.028890469420051842,0.006996603195756102,0.02936743579858267,0.0071413772002305404,0.775,1
break_even,noise10,1006,25,low_yaw,passive,3,0.75,0.798,0.6801898681339559,0.012519296628285236,0.02348395195511366,0.0065125002581558145,0.023484854040632493,0.0065532713945593395,0.024247559583617007,0.006793129899621966,0.775,1
break_even,noise10,1006,25,low_yaw,passive,4,0.75,0.798,0.6812075912271504,0.011753932961588949,0.020450602560485236,0.006109996433209513,0.020449300623258396,0.006222273480905255,0.02111977582333679,0.0064626215804560365,0.75,1
break_even,noise10,1006,25,low_yaw,passive,5,0.75,0.798,0.678702674732959,0.011044885465499336,0.01835196291475149,0.0058316827492940196,0.01835371275694908,0.005864883683973307,0.01895581704667114,0.006176090712871402,0.75,1
break_even,noise10,1006,25,low_yaw,passive,6,0.75,0.798,0.6758845901634627,0.011456486671706654,0.016788577670115542,0.00554810230460384,0.016789178603894284,0.005611903086464248,0.017344556946410187,0.005924576737492905,0.75,1
break_even,noise10,1006,25,low_yaw,passive,7,0.75,0.798,0.6748416952117657,0.011284167879413096,0.0155662749576423,0.005317001730521335,0.015567126558338034,0.005362093004775686,0.016084778531372357,0.005701483071217714,0.75,1
break_even,noise10,1006,25,low_yaw,passive,8,0.75,0.798,0.6752251093126784,0.011539072739158268,0.014577872478278594,0.0051384020535907415,0.014577408324216362,0.005150966311007445,0.015064844683805291,0.005501831306652838,0.75,1
break_even,noise10,1006,25,low_yaw,passive,9,0.75,0.798,0.672447660435702,0.012318593723260959,0.013755960425254465,0.0049796038652444195,0.013756195634591462,0.0049897949854086346,0.0142171865104966,0.005321784194357914,0.75,1
break_even,noise10,1006,25,low_yaw,passive,10,0.75,0.798,0.6727566181513804,0.012111895974621763,0.013059162450051778,0.004812649997808337,0.013059291109963025,0.004840780876194968,0.013498195907184695,0.0051583299510768186,0.75,1
break_even,noise10,1006,25,low_yaw,passive,11,0.75,0.798,0.6715599844457227,0.012432432960388453,0.012459662596451386,0.004657622212659168,0.012459736776593094,0.0046910079934682,0.012878302693837837,0.005009067140842771,0.75,1
break_even,noise10,1006,25,low_yaw,passive,12,0.75,0.798,0.6709571713885325,0.012605597109665688,0.01193569943728508,0.004524505716728664,0.011935435449216268,0.00454501934752322,0.012336652346703898,0.004872054331811022,0.75,1
break_even,noise10,1006,25,low_yaw,passive,13,0.75,0.798,0.6711618136054305,0.012927879033923246,0.01147200979641628,0.004394246728234842,0.011471935373447477,0.004423942026082525,0.011858058918540897,0.00474570267154212,0.75,1
break_even,noise10,1006,25,low_yaw,passive,14,0.75,0.798,0.6711859680509333,0.012818163913303928,0.011059251590648123,0.0042729182961427584,0.011058872443772585,0.004302526154925396,0.011431166372996326,0.004628697614262071,0.75,1
break_even,noise10,1006,25,low_yaw,passive,15,0.7250000000000001,0.774,0.6727314078120867,0.013328400482788482,0.010687506627323515,0.004160914613985919,0.01070907881315401,0.004179122974573574,0.011047289959774734,0.00451994088952288,0.75,1
break_even,noise10,1006,25,low_yaw,passive,16,0.7250000000000001,0.774,0.6732069389980105,0.013246115007407237,0.01035127854356191,0.0040588948835243365,0.01037088655377276,0.0040755773602197546,0.010699659067472693,0.004418506803410912,0.75,1
break_even,noise10,1006,25,low_yaw,passive,17,0.7250000000000001,0.774,0.6720677309766774,0.013129798353663673,0.0100445349852341,0.00396519700953359,0.010062508323149874,0.003978929122406988,0.010382906865232466,0.004323608868330462,0.75,1
break_even,noise10,1006,25,low_yaw,passive,18,0.7250000000000001,0.774,0.6716882172252341,0.013010887322827888,0.009763850765215673,0.003870346099259174,0.00978040744274813,0.003889300942733315,0.010092716975154894,0.00423457399493687,0.75,1
break_even,noise10,1006,25,low_yaw,passive,19,0.7250000000000001,0.774,0.671640431466889,0.012991213196588547,0.009504864245148188,0.003783880982960522,0.009520287921686776,0.0037989981263448114,0.009825573093245258,0.004150822300970438,0.75,1
break_even,noise10,1006,25,low_yaw,passive,20,0.7250000000000001,0.774,0.671262473434653,0.012693875763669248,0.00926633021850809,0.0037071383166248236,0.00928028555661417,0.003718934376760797,0.009594084909372046,0.0040637649310592125,0.7250000000000001,1
break_even,noise10,1006,25,low_yaw,passive,21,0.7250000000000001,0.774,0.6706483116536822,0.012641901171447388,0.009044430967238047,0.003628482883451658,0.009057587819658864,0.0036446561201024606,0.009378223213427602,0.0039819650924176895,0.7250000000000001,1
break_even,noise10,1006,25,low_yaw,passive,22,0.7250000000000001,0.774,0.6702267752479074,0.012557349598383831,0.008837989463926237,0.0035563513608918504,0.008850152638793674,0.00356973351920493,0.009176305491465643,0.003904914049973915,0.7250000000000001,1
break_even,noise10,1006,25,low_yaw,passive,23,0.7250000000000001,0.774,0.6699110468123367,0.012756753437458511,0.00864455409199651,0.0034979339196261026,0.008656041749148647,0.003501808594282736,0.008986892395097807,0.0038321694219199164,0.7250000000000001,1
break_even,noise10,1006,25,low_yaw,passive,24,0.7250000000000001,0.774,0.6699465873951505,0.012545886616226336,0.008463253162650052,0.0034384967151497997,0.008474219754099465,0.0034450164703692995,0.008808744345924551,0.003763344451905999,0.7250000000000001,1
break_even,noise10,1006,25,low_yaw,passive,25,0.7250000000000001,0.774,0.6702865076795913,0.012480229137300894,0.0082932979195312,0.003381371710086486,0.008303399938513936,0.003388356845032229,0.008640787244854297,0.0036980993276877067,0.7250000000000001,1
break_even,noise10,1006,25,low_yaw,always_probe,1,0.7000000000000001,0.748,0.6650794038435458,0.0157360814723177,0.029797988828155538,0.0014910274321691932,0.029804240141940094,0.0014921373632340465,0.029852228192824702,0.0014427634024755435,0.7000000000000001,1
break_even,noise10,1006,25,low_yaw,always_probe,2,0.7000000000000001,0.748,0.6681707413303457,0.01572330173118912,0.024470245871747155,0.0014860626391980472,0.024477877664818518,0.0014867653462310503,0.024786263260384755,0.0014385926877813055,0.7000000000000001,1
break_even,noise10,1006,25,low_yaw,always_probe,3,0.7000000000000001,0.748,0.6733609790970679,0.015726492608651065,0.02125551627827715,0.0014813779023946409,0.0212539824517228,0.0014818085157634723,0.021650866119816613,0.0014344579351029626,0.7000000000000001,1
break_even,noise10,1006,25,low_yaw,always_probe,4,0.7000000000000001,0.748,0.6751052084791113,0.015661071601701965,0.01904997765947515,0.0014758022423141384,0.019048321739731505,0.0014771954926969828,0.01946666816945037,0.0014303586305890582,0.7000000000000001,1
break_even,noise10,1006,25,low_yaw,always_probe,5,0.7000000000000001,0.748,0.6742263535321421,0.015604705796769959,0.017412819098659247,0.0014713703925370557,0.017413895645325222,0.0014716600671517946,0.0178331699702225,0.0014262942706089294,0.7000000000000001,1
break_even,noise10,1006,25,low_yaw,always_probe,6,0.7000000000000001,0.748,0.6733440333922652,0.015605597890960476,0.016135907222646288,0.0014662480225396568,0.016135176035122042,0.0014672094469688648,0.01655209137150357,0.0014222643614928009,0.7000000000000001,1
break_even,noise10,1006,25,low_yaw,always_probe,7,0.7000000000000001,0.748,0.6729443678673394,0.01557526032967701,0.01510251586629183,0.0014616852603627337,0.015103415132428981,0.0014621861047287674,0.01551257339813886,0.0014182684192799138,0.7000000000000001,1
break_even,noise10,1006,25,low_yaw,always_probe,8,0.7000000000000001,0.748,0.673506876023224,0.01558637214604598,0.01424470405675275,0.0014575708808542214,0.014245564995814227,0.0014576322957737795,0.014647144096525073,0.0014143059694743916,0.7000000000000001,1
break_even,noise10,1006,25,low_yaw,always_probe,9,0.7000000000000001,0.748,0.6709507373622305,0.015635120258032226,0.013518928479856447,0.0014533688640231495,0.013518912729798676,0.001453578511041331,0.013912074226596566,0.00141037654680857,0.7000000000000001,1
break_even,noise10,1006,25,low_yaw,always_probe,10,0.7000000000000001,0.748,0.6718080539105448,0.015596198574747104,0.012894256976888608,0.0014486654536540547,0.012893913044947882,0.001449289199875007,0.013277613348753974,0.0014064796950135179,0.7000000000000001,1
break_even,noise10,1006,25,low_yaw,always_probe,11,0.7000000000000001,0.748,0.6711530100909799,0.015618710289889374,0.012349915654942105,0.0014439669377436033,0.012349637155942162,0.0014447418104049847,0.012722723840218558,0.0014026149665964966,0.7000000000000001,1
break_even,noise10,1006,25,low_yaw,always_probe,12,0.7000000000000001,0.748,0.6709007159504614,0.015618015374753231,0.01186855167118598,0.001439514065142795,0.011868498120053505,0.0014400038591207264,0.012232052758146659,0.0013987819226251076,0.7000000000000001,1
break_even,noise10,1006,25,low_yaw,always_probe,13,0.7000000000000001,0.748,0.6711034508158795,0.015646598709560314,0.01143870972932791,0.001435027057519921,0.01143882195663197,0.0014356650304550964,0.011794098032419006,0.0013949801325178926,0.7000000000000001,1
break_even,noise10,1006,25,low_yaw,always_probe,14,0.7000000000000001,0.748,0.6707505567138452,0.015621566631404253,0.011052788610594558,0.0014300906881200386,0.011052987443053308,0.0014312177862357803,0.011400049440718157,0.0013912091738411635,0.7000000000000001,1
break_even,noise10,1006,25,low_yaw,always_probe,15,0.7000000000000001,0.748,0.6719609108478917,0.015664002888626558,0.010703502732399332,0.0014257020068944234,0.010703392546275423,0.0014262986646764767,0.011043029279473615,0.0013874686321118383,0.7000000000000001,1
break_even,noise10,1006,25,low_yaw,always_probe,16,0.7000000000000001,0.748,0.672774129333189,0.015643447536031713,0.01038624154985324,0.0014213196266948695,0.01038566358194271,0.0014219713721360416,0.010717579421499784,0.0013837581006060783,0.7000000000000001,1
break_even,noise10,1006,25,low_yaw,always_probe,17,0.7000000000000001,0.748,0.6719147945833113,0.015612037437426564,0.010094889801587783,0.0014170298538812988,0.010094770128446534,0.0014176005343160324,0.010419305529253074,0.0013800771801735243,0.7000000000000001,1
break_even,noise10,1006,25,low_yaw,always_probe,18,0.7000000000000001,0.748,0.6714889715493702,0.015582390561812053,0.009826954714208863,0.0014124917145818508,0.009827019060750489,0.0014132891187529717,0.010144624516244018,0.0013764254790569412,0.7000000000000001,1
break_even,noise10,1006,25,low_yaw,always_probe,19,0.7000000000000001,0.748,0.6714648175349144,0.015574044503828044,0.009578978038893442,0.0014081664371082383,0.009578891034578738,0.0014087653835345444,0.00989058161785391,0.0013728026127170824,0.7000000000000001,1
break_even,noise10,1006,25,low_yaw,always_probe,20,0.7000000000000001,0.748,0.6710356490161733,0.01551284961130365,0.009349322390705043,0.0014040603878728395,0.009349354984653889,0.0014045649724448688,0.009654715476105632,0.0013692082036625996,0.7000000000000001,1
break_even,noise10,1006,25,low_yaw,always_probe,21,0.7000000000000001,0.748,0.6705938364043628,0.01549168198660549,0.009135098962266051,0.0013997630032157955,0.009135165169587347,0.0014004339826406882,0.00943495702185737,0.0013656418812848252,0.7000000000000001,1
break_even,noise10,1006,25,low_yaw,always_probe,22,0.7000000000000001,0.748,0.6701508201757803,0.01546882033204165,0.008935374964751957,0.0013955196012379848,0.008935156850131314,0.0013961654989750113,0.00922955258363813,0.0013621032816972648,0.7000000000000001,1
break_even,noise10,1006,25,low_yaw,always_probe,23,0.7000000000000001,0.748,0.6697726471280713,0.015481917473699584,0.008747268783051133,0.0013918377372661146,0.008747575758897412,0.001392006079750588,0.009037004649230474,0.0013585920475796404,0.7000000000000001,1
break_even,noise10,1006,25,low_yaw,always_probe,24,0.7000000000000001,0.748,0.6698500009090749,0.015438617291335941,0.008570966432089626,0.0013879497721649365,0.008571009576669404,0.001388282278879045,0.008856025682015635,0.001355107828026333,0.7000000000000001,1
break_even,noise10,1006,25,low_yaw,always_probe,25,0.7000000000000001,0.748,0.6702723374321662,0.015413814373684751,0.00840512398191207,0.001384070836998228,0.008405141749746256,0.0013844413489960013,0.00868550172281737,0.0013516502783990796,0.7000000000000001,1
break_even,noise10,1006,25,low_yaw,batch_aware,1,0.7000000000000001,0.748,0.6650794038435458,0.0157360814723177,0.029797988828155538,0.0014910274321691932,0.029804240141940094,0.0014921373632340465,0.029852228192824702,0.0014427634024755435,0.7000000000000001,1
break_even,noise10,1006,25,low_yaw,batch_aware,2,0.7000000000000001,0.748,0.6681707413303457,0.01572330173118912,0.024470245871747155,0.0014860626391980472,0.024477877664818518,0.0014867653462310503,0.024786263260384755,0.0014385926877813055,0.7000000000000001,1
break_even,noise10,1006,25,low_yaw,batch_aware,3,0.7000000000000001,0.748,0.6733609790970679,0.015726492608651065,0.02125551627827715,0.0014813779023946409,0.0212539824517228,0.0014818085157634723,0.021650866119816613,0.0014344579351029626,0.7000000000000001,1
break_even,noise10,1006,25,low_yaw,batch_aware,4,0.7000000000000001,0.748,0.6751052084791113,0.015661071601701965,0.01904997765947515,0.0014758022423141384,0.019048321739731505,0.0014771954926969828,0.01946666816945037,0.0014303586305890582,0.7000000000000001,1
break_even,noise10,1006,25,low_yaw,batch_aware,5,0.7000000000000001,0.748,0.6742263535321421,0.015604705796769959,0.017412819098659247,0.0014713703925370557,0.017413895645325222,0.0014716600671517946,0.0178331699702225,0.0014262942706089294,0.7000000000000001,1
break_even,noise10,1006,25,low_yaw,batch_aware,6,0.7000000000000001,0.748,0.6733440333922652,0.015605597890960476,0.016135907222646288,0.0014662480225396568,0.016135176035122042,0.0014672094469688648,0.01655209137150357,0.0014222643614928009,0.7000000000000001,1
break_even,noise10,1006,25,low_yaw,batch_aware,7,0.7000000000000001,0.748,0.6729443678673394,0.01557526032967701,0.01510251586629183,0.0014616852603627337,0.015103415132428981,0.0014621861047287674,0.01551257339813886,0.0014182684192799138,0.7000000000000001,1
break_even,noise10,1006,25,low_yaw,batch_aware,8,0.7000000000000001,0.748,0.673506876023224,0.01558637214604598,0.01424470405675275,0.0014575708808542214,0.014245564995814227,0.0014576322957737795,0.014647144096525073,0.0014143059694743916,0.7000000000000001,1
break_even,noise10,1006,25,low_yaw,batch_aware,9,0.7000000000000001,0.748,0.6709507373622305,0.015635120258032226,0.013518928479856447,0.0014533688640231495,0.013518912729798676,0.001453578511041331,0.013912074226596566,0.00141037654680857,0.7000000000000001,1
break_even,noise10,1006,25,low_yaw,batch_aware,10,0.7000000000000001,0.748,0.6718080539105448,0.015596198574747104,0.012894256976888608,0.0014486654536540547,0.012893913044947882,0.001449289199875007,0.013277613348753974,0.0014064796950135179,0.7000000000000001,1
break_even,noise10,1006,25,low_yaw,batch_aware,11,0.7000000000000001,0.748,0.6711530100909799,0.015618710289889374,0.012349915654942105,0.0014439669377436033,0.012349637155942162,0.0014447418104049847,0.012722723840218558,0.0014026149665964966,0.7000000000000001,1
break_even,noise10,1006,25,low_yaw,batch_aware,12,0.7000000000000001,0.748,0.6709007159504614,0.015618015374753231,0.01186855167118598,0.001439514065142795,0.011868498120053505,0.0014400038591207264,0.012232052758146659,0.0013987819226251076,0.7000000000000001,1
break_even,noise10,1006,25,low_yaw,batch_aware,13,0.7000000000000001,0.748,0.6711034508158795,0.015646598709560314,0.01143870972932791,0.001435027057519921,0.01143882195663197,0.0014356650304550964,0.011794098032419006,0.0013949801325178926,0.7000000000000001,1
break_even,noise10,1006,25,low_yaw,batch_aware,14,0.7000000000000001,0.748,0.6707505567138452,0.015621566631404253,0.011052788610594558,0.0014300906881200386,0.011052987443053308,0.0014312177862357803,0.011400049440718157,0.0013912091738411635,0.7000000000000001,1
break_even,noise10,1006,25,low_yaw,batch_aware,15,0.7000000000000001,0.748,0.6719609108478917,0.015664002888626558,0.010703502732399332,0.0014257020068944234,0.010703392546275423,0.0014262986646764767,0.011043029279473615,0.0013874686321118383,0.7000000000000001,1
break_even,noise10,1006,25,low_yaw,batch_aware,16,0.7000000000000001,0.748,0.672774129333189,0.015643447536031713,0.01038624154985324,0.0014213196266948695,0.01038566358194271,0.0014219713721360416,0.010717579421499784,0.0013837581006060783,0.7000000000000001,1
break_even,noise10,1006,25,low_yaw,batch_aware,17,0.7000000000000001,0.748,0.6719147945833113,0.015612037437426564,0.010094889801587783,0.0014170298538812988,0.010094770128446534,0.0014176005343160324,0.010419305529253074,0.0013800771801735243,0.7000000000000001,1
break_even,noise10,1006,25,low_yaw,batch_aware,18,0.7000000000000001,0.748,0.6714889715493702,0.015582390561812053,0.009826954714208863,0.0014124917145818508,0.009827019060750489,0.0014132891187529717,0.010144624516244018,0.0013764254790569412,0.7000000000000001,1
break_even,noise10,1006,25,low_yaw,batch_aware,19,0.7000000000000001,0.748,0.6714648175349144,0.015574044503828044,0.009578978038893442,0.0014081664371082383,0.009578891034578738,0.0014087653835345444,0.00989058161785391,0.0013728026127170824,0.7000000000000001,1
break_even,noise10,1006,25,low_yaw,batch_aware,20,0.7000000000000001,0.748,0.6710356490161733,0.01551284961130365,0.009349322390705043,0.0014040603878728395,0.009349354984653889,0.0014045649724448688,0.009654715476105632,0.0013692082036625996,0.7000000000000001,1
break_even,noise10,1006,25,low_yaw,batch_aware,21,0.7000000000000001,0.748,0.6705938364043628,0.01549168198660549,0.009135098962266051,0.0013997630032157955,0.009135165169587347,0.0014004339826406882,0.00943495702185737,0.0013656418812848252,0.7000000000000001,1
break_even,noise10,1006,25,low_yaw,batch_aware,22,0.7000000000000001,0.748,0.6701508201757803,0.01546882033204165,0.008935374964751957,0.0013955196012379848,0.008935156850131314,0.0013961654989750113,0.00922955258363813,0.0013621032816972648,0.7000000000000001,1
break_even,noise10,1006,25,low_yaw,batch_aware,23,0.7000000000000001,0.748,0.6697726471280713,0.015481917473699584,0.008747268783051133,0.0013918377372661146,0.008747575758897412,0.001392006079750588,0.009037004649230474,0.0013585920475796404,0.7000000000000001,1
break_even,noise10,1006,25,low_yaw,batch_aware,24,0.7000000000000001,0.748,0.6698500009090749,0.015438617291335941,0.008570966432089626,0.0013879497721649365,0.008571009576669404,0.001388282278879045,0.008856025682015635,0.001355107828026333,0.7000000000000001,1
break_even,noise10,1006,25,low_yaw,batch_aware,25,0.7000000000000001,0.748,0.6702723374321662,0.015413814373684751,0.00840512398191207,0.001384070836998228,0.008405141749746256,0.0013844413489960013,0.00868550172281737,0.0013516502783990796,0.7000000000000001,1
break_even,noise10,1006,25,low_yaw,ignore_passive,1,0.7000000000000001,0.748,0.6650794038435458,0.0157360814723177,0.029797988828155538,0.0014910274321691932,0.029804240141940094,0.0014921373632340465,0.029852228192824702,0.0014427634024755435,0.7000000000000001,1
break_even,noise10,1006,25,low_yaw,ignore_passive,2,0.7000000000000001,0.748,0.6681707413303457,0.01572330173118912,0.024470245871747155,0.0014860626391980472,0.024477877664818518,0.0014867653462310503,0.024786263260384755,0.0014385926877813055,0.7000000000000001,1
break_even,noise10,1006,25,low_yaw,ignore_passive,3,0.7000000000000001,0.748,0.6733609790970679,0.015726492608651065,0.02125551627827715,0.0014813779023946409,0.0212539824517228,0.0014818085157634723,0.021650866119816613,0.0014344579351029626,0.7000000000000001,1
break_even,noise10,1006,25,low_yaw,ignore_passive,4,0.7000000000000001,0.748,0.6751052084791113,0.015661071601701965,0.01904997765947515,0.0014758022423141384,0.019048321739731505,0.0014771954926969828,0.01946666816945037,0.0014303586305890582,0.7000000000000001,1
break_even,noise10,1006,25,low_yaw,ignore_passive,5,0.7000000000000001,0.748,0.6742263535321421,0.015604705796769959,0.017412819098659247,0.0014713703925370557,0.017413895645325222,0.0014716600671517946,0.0178331699702225,0.0014262942706089294,0.7000000000000001,1
break_even,noise10,1006,25,low_yaw,ignore_passive,6,0.7000000000000001,0.748,0.6733440333922652,0.015605597890960476,0.016135907222646288,0.0014662480225396568,0.016135176035122042,0.0014672094469688648,0.01655209137150357,0.0014222643614928009,0.7000000000000001,1
break_even,noise10,1006,25,low_yaw,ignore_passive,7,0.7000000000000001,0.748,0.6729443678673394,0.01557526032967701,0.01510251586629183,0.0014616852603627337,0.015103415132428981,0.0014621861047287674,0.01551257339813886,0.0014182684192799138,0.7000000000000001,1
break_even,noise10,1006,25,low_yaw,ignore_passive,8,0.7000000000000001,0.748,0.673506876023224,0.01558637214604598,0.01424470405675275,0.0014575708808542214,0.014245564995814227,0.0014576322957737795,0.014647144096525073,0.0014143059694743916,0.7000000000000001,1
break_even,noise10,1006,25,low_yaw,ignore_passive,9,0.7000000000000001,0.748,0.6709507373622305,0.015635120258032226,0.013518928479856447,0.0014533688640231495,0.013518912729798676,0.001453578511041331,0.013912074226596566,0.00141037654680857,0.7000000000000001,1
break_even,noise10,1006,25,low_yaw,ignore_passive,10,0.7000000000000001,0.748,0.6718080539105448,0.015596198574747104,0.012894256976888608,0.0014486654536540547,0.012893913044947882,0.001449289199875007,0.013277613348753974,0.0014064796950135179,0.7000000000000001,1
break_even,noise10,1006,25,low_yaw,ignore_passive,11,0.7000000000000001,0.748,0.6711530100909799,0.015618710289889374,0.012349915654942105,0.0014439669377436033,0.012349637155942162,0.0014447418104049847,0.012722723840218558,0.0014026149665964966,0.7000000000000001,1
break_even,noise10,1006,25,low_yaw,ignore_passive,12,0.7000000000000001,0.748,0.6709007159504614,0.015618015374753231,0.01186855167118598,0.001439514065142795,0.011868498120053505,0.0014400038591207264,0.012232052758146659,0.0013987819226251076,0.7000000000000001,1
break_even,noise10,1006,25,low_yaw,ignore_passive,13,0.7000000000000001,0.748,0.6711034508158795,0.015646598709560314,0.01143870972932791,0.001435027057519921,0.01143882195663197,0.0014356650304550964,0.011794098032419006,0.0013949801325178926,0.7000000000000001,1
break_even,noise10,1006,25,low_yaw,ignore_passive,14,0.7000000000000001,0.748,0.6707505567138452,0.015621566631404253,0.011052788610594558,0.0014300906881200386,0.011052987443053308,0.0014312177862357803,0.011400049440718157,0.0013912091738411635,0.7000000000000001,1
break_even,noise10,1006,25,low_yaw,ignore_passive,15,0.7000000000000001,0.748,0.6719609108478917,0.015664002888626558,0.010703502732399332,0.0014257020068944234,0.010703392546275423,0.0014262986646764767,0.011043029279473615,0.0013874686321118383,0.7000000000000001,1
break_even,noise10,1006,25,low_yaw,ignore_passive,16,0.7000000000000001,0.748,0.672774129333189,0.015643447536031713,0.01038624154985324,0.0014213196266948695,0.01038566358194271,0.0014219713721360416,0.010717579421499784,0.0013837581006060783,0.7000000000000001,1
break_even,noise10,1006,25,low_yaw,ignore_passive,17,0.7000000000000001,0.748,0.6719147945833113,0.015612037437426564,0.010094889801587783,0.0014170298538812988,0.010094770128446534,0.0014176005343160324,0.010419305529253074,0.0013800771801735243,0.7000000000000001,1
break_even,noise10,1006,25,low_yaw,ignore_passive,18,0.7000000000000001,0.748,0.6714889715493702,0.015582390561812053,0.009826954714208863,0.0014124917145818508,0.009827019060750489,0.0014132891187529717,0.010144624516244018,0.0013764254790569412,0.7000000000000001,1
break_even,noise10,1006,25,low_yaw,ignore_passive,19,0.7000000000000001,0.748,0.6714648175349144,0.015574044503828044,0.009578978038893442,0.0014081664371082383,0.009578891034578738,0.0014087653835345444,0.00989058161785391,0.0013728026127170824,0.7000000000000001,1
break_even,noise10,1006,25,low_yaw,ignore_passive,20,0.7000000000000001,0.748,0.6710356490161733,0.01551284961130365,0.009349322390705043,0.0014040603878728395,0.009349354984653889,0.0014045649724448688,0.009654715476105632,0.0013692082036625996,0.7000000000000001,1
break_even,noise10,1006,25,low_yaw,ignore_passive,21,0.7000000000000001,0.748,0.6705938364043628,0.01549168198660549,0.009135098962266051,0.0013997630032157955,0.009135165169587347,0.0014004339826406882,0.00943495702185737,0.0013656418812848252,0.7000000000000001,1
break_even,noise10,1006,25,low_yaw,ignore_passive,22,0.7000000000000001,0.748,0.6701508201757803,0.01546882033204165,0.008935374964751957,0.0013955196012379848,0.008935156850131314,0.0013961654989750113,0.00922955258363813,0.0013621032816972648,0.7000000000000001,1
break_even,noise10,1006,25,low_yaw,ignore_passive,23,0.7000000000000001,0.748,0.6697726471280713,0.015481917473699584,0.008747268783051133,0.0013918377372661146,0.008747575758897412,0.001392006079750588,0.009037004649230474,0.0013585920475796404,0.7000000000000001,1
break_even,noise10,1006,25,low_yaw,ignore_passive,24,0.7000000000000001,0.748,0.6698500009090749,0.015438617291335941,0.008570966432089626,0.0013879497721649365,0.008571009576669404,0.001388282278879045,0.008856025682015635,0.001355107828026333,0.7000000000000001,1
break_even,noise10,1006,25,low_yaw,ignore_passive,25,0.7000000000000001,0.748,0.6702723374321662,0.015413814373684751,0.00840512398191207,0.001384070836998228,0.008405141749746256,0.0013844413489960013,0.00868550172281737,0.0013516502783990796,0.7000000000000001,1
break_even,noise10,1006,25,low_yaw,uncertainty_trigger,1,0.7000000000000001,0.748,0.6650794038435458,0.0157360814723177,0.029797988828155538,0.0014910274321691932,0.029804240141940094,0.0014921373632340465,0.029852228192824702,0.0014427634024755435,0.7000000000000001,1
break_even,noise10,1006,25,low_yaw,uncertainty_trigger,2,0.7000000000000001,0.748,0.6681707413303457,0.01572330173118912,0.024470245871747155,0.0014860626391980472,0.024477877664818518,0.0014867653462310503,0.024786263260384755,0.0014385926877813055,0.7000000000000001,1
break_even,noise10,1006,25,low_yaw,uncertainty_trigger,3,0.7000000000000001,0.748,0.6733609790970679,0.015726492608651065,0.02125551627827715,0.0014813779023946409,0.0212539824517228,0.0014818085157634723,0.021650866119816613,0.0014344579351029626,0.7000000000000001,1
break_even,noise10,1006,25,low_yaw,uncertainty_trigger,4,0.7000000000000001,0.748,0.6751052084791113,0.015661071601701965,0.01904997765947515,0.0014758022423141384,0.019048321739731505,0.0014771954926969828,0.01946666816945037,0.0014303586305890582,0.7000000000000001,1
break_even,noise10,1006,25,low_yaw,uncertainty_trigger,5,0.7000000000000001,0.748,0.6742263535321421,0.015604705796769959,0.017412819098659247,0.0014713703925370557,0.017413895645325222,0.0014716600671517946,0.0178331699702225,0.0014262942706089294,0.7000000000000001,1
break_even,noise10,1006,25,low_yaw,uncertainty_trigger,6,0.7000000000000001,0.748,0.6733440333922652,0.015605597890960476,0.016135907222646288,0.0014662480225396568,0.016135176035122042,0.0014672094469688648,0.01655209137150357,0.0014222643614928009,0.7000000000000001,1
break_even,noise10,1006,25,low_yaw,uncertainty_trigger,7,0.7000000000000001,0.748,0.6729443678673394,0.01557526032967701,0.01510251586629183,0.0014616852603627337,0.015103415132428981,0.0014621861047287674,0.01551257339813886,0.0014182684192799138,0.7000000000000001,1
break_even,noise10,1006,25,low_yaw,uncertainty_trigger,8,0.7000000000000001,0.748,0.673506876023224,0.01558637214604598,0.01424470405675275,0.0014575708808542214,0.014245564995814227,0.0014576322957737795,0.014647144096525073,0.0014143059694743916,0.7000000000000001,1
break_even,noise10,1006,25,low_yaw,uncertainty_trigger,9,0.7000000000000001,0.748,0.6709507373622305,0.015635120258032226,0.013518928479856447,0.0014533688640231495,0.013518912729798676,0.001453578511041331,0.013912074226596566,0.00141037654680857,0.7000000000000001,1
break_even,noise10,1006,25,low_yaw,uncertainty_trigger,10,0.7000000000000001,0.748,0.6718080539105448,0.015596198574747104,0.012894256976888608,0.0014486654536540547,0.012893913044947882,0.001449289199875007,0.013277613348753974,0.0014064796950135179,0.7000000000000001,1
break_even,noise10,1006,25,low_yaw,uncertainty_trigger,11,0.7000000000000001,0.748,0.6711530100909799,0.015618710289889374,0.012349915654942105,0.0014439669377436033,0.012349637155942162,0.0014447418104049847,0.012722723840218558,0.0014026149665964966,0.7000000000000001,1
break_even,noise10,1006,25,low_yaw,uncertainty_trigger,12,0.7000000000000001,0.748,0.6709007159504614,0.015618015374753231,0.01186855167118598,0.001439514065142795,0.011868498120053505,0.0014400038591207264,0.012232052758146659,0.0013987819226251076,0.7000000000000001,1
break_even,noise10,1006,25,low_yaw,uncertainty_trigger,13,0.7000000000000001,0.748,0.6711034508158795,0.015646598709560314,0.01143870972932791,0.001435027057519921,0.01143882195663197,0.0014356650304550964,0.011794098032419006,0.0013949801325178926,0.7000000000000001,1
break_even,noise10,1006,25,low_yaw,uncertainty_trigger,14,0.7000000000000001,0.748,0.6707505567138452,0.015621566631404253,0.011052788610594558,0.0014300906881200386,0.011052987443053308,0.0014312177862357803,0.011400049440718157,0.0013912091738411635,0.7000000000000001,1
break_even,noise10,1006,25,low_yaw,uncertainty_trigger,15,0.7000000000000001,0.748,0.6719609108478917,0.015664002888626558,0.010703502732399332,0.0014257020068944234,0.010703392546275423,0.0014262986646764767,0.011043029279473615,0.0013874686321118383,0.7000000000000001,1
break_even,noise10,1006,25,low_yaw,uncertainty_trigger,16,0.7000000000000001,0.748,0.672774129333189,0.015643447536031713,0.01038624154985324,0.0014213196266948695,0.01038566358194271,0.0014219713721360416,0.010717579421499784,0.0013837581006060783,0.7000000000000001,1
break_even,noise10,1006,25,low_yaw,uncertainty_trigger,17,0.7000000000000001,0.748,0.6719147945833113,0.015612037437426564,0.010094889801587783,0.0014170298538812988,0.010094770128446534,0.0014176005343160324,0.010419305529253074,0.0013800771801735243,0.7000000000000001,1
break_even,noise10,1006,25,low_yaw,uncertainty_trigger,18,0.7000000000000001,0.748,0.6714889715493702,0.015582390561812053,0.009826954714208863,0.0014124917145818508,0.009827019060750489,0.0014132891187529717,0.010144624516244018,0.0013764254790569412,0.7000000000000001,1
break_even,noise10,1006,25,low_yaw,uncertainty_trigger,19,0.7000000000000001,0.748,0.6714648175349144,0.015574044503828044,0.009578978038893442,0.0014081664371082383,0.009578891034578738,0.0014087653835345444,0.00989058161785391,0.0013728026127170824,0.7000000000000001,1
break_even,noise10,1006,25,low_yaw,uncertainty_trigger,20,0.7000000000000001,0.748,0.6710356490161733,0.01551284961130365,0.009349322390705043,0.0014040603878728395,0.009349354984653889,0.0014045649724448688,0.009654715476105632,0.0013692082036625996,0.7000000000000001,1
break_even,noise10,1006,25,low_yaw,uncertainty_trigger,21,0.7000000000000001,0.748,0.6705938364043628,0.01549168198660549,0.009135098962266051,0.0013997630032157955,0.009135165169587347,0.0014004339826406882,0.00943495702185737,0.0013656418812848252,0.7000000000000001,1
break_even,noise10,1006,25,low_yaw,uncertainty_trigger,22,0.7000000000000001,0.748,0.6701508201757803,0.01546882033204165,0.008935374964751957,0.0013955196012379848,0.008935156850131314,0.0013961654989750113,0.00922955258363813,0.0013621032816972648,0.7000000000000001,1
break_even,noise10,1006,25,low_yaw,uncertainty_trigger,23,0.7000000000000001,0.748,0.6697726471280713,0.015481917473699584,0.008747268783051133,0.0013918377372661146,0.008747575758897412,0.001392006079750588,0.009037004649230474,0.0013585920475796404,0.7000000000000001,1
break_even,noise10,1006,25,low_yaw,uncertainty_trigger,24,0.7000000000000001,0.748,0.6698500009090749,0.015438617291335941,0.008570966432089626,0.0013879497721649365,0.008571009576669404,0.001388282278879045,0.008856025682015635,0.001355107828026333,0.7000000000000001,1
break_even,noise10,1006,25,low_yaw,uncertainty_trigger,25,0.7000000000000001,0.748,0.6702723374321662,0.015413814373684751,0.00840512398191207,0.001384070836998228,0.008405141749746256,0.0013844413489960013,0.00868550172281737,0.0013516502783990796,0.7000000000000001,1
break_even,noise10,1007,25,low_yaw,passive,1,0.8,0.848,0.30072017737117007,0.0120304995376881,0.03775301404211927,0.007402819806392136,0.03783089135499489,0.007548404303672327,0.03783089135499489,0.007548404303672327,0.8,1
break_even,noise10,1007,25,low_yaw,passive,2,0.8,0.848,0.2970313904977161,0.01207908247970408,0.02744474994651502,0.0068689393291863805,0.027454392197165254,0.00703240232661875,0.027882008925996092,0.0071746335618751165,0.8,1
break_even,noise10,1007,25,low_yaw,passive,3,0.775,0.8240000000000001,0.2949989182059095,0.012425697725959684,0.02262607730967806,0.006462428014725523,0.022838182680291617,0.006557784636834984,0.023100596977368066,0.0068514001741532314,0.8,1
break_even,noise10,1007,25,low_yaw,passive,4,0.775,0.8240000000000001,0.29714792447286453,0.01300514076058515,0.019692184011619727,0.006163142226035238,0.019830535130441983,0.006202975909058372,0.020304752120757563,0.006542138795601209,0.775,1
break_even,noise10,1007,25,low_yaw,passive,5,0.775,0.8240000000000001,0.2953821236691309,0.012976010215207506,0.017664842325691613,0.005870602683290993,0.017766674450770795,0.005938740802864607,0.018327483209312403,0.00627129944682359,0.775,1
break_even,noise10,1007,25,low_yaw,passive,6,0.775,0.8240000000000001,0.29641946558592264,0.013216877670458885,0.0161586375534318,0.005620078030833131,0.016235742633215047,0.005676412103117266,0.016834220242688262,0.006031533086793912,0.775,1
break_even,noise10,1007,25,low_yaw,passive,7,0.775,0.8240000000000001,0.2951174245217532,0.013555833765719954,0.01497987758589285,0.005405204176554558,0.015042050433443564,0.005448010587200504,0.01565506707636295,0.005817319121398122,0.775,1
break_even,noise10,1007,25,low_yaw,passive,8,0.775,0.8240000000000001,0.2956864210805308,0.01436476890404643,0.014026048849343798,0.005225354930735326,0.01407650516905365,0.005253868459700353,0.014693384905924773,0.005624419226755298,0.775,1
break_even,noise10,1007,25,low_yaw,passive,9,0.775,0.8240000000000001,0.2972992335597619,0.013906344648223087,0.013234464940087419,0.005045377118466746,0.013277185841113332,0.005088396039742813,0.013889616517084381,0.0054495181939476925,0.775,1
break_even,noise10,1007,25,low_yaw,passive,10,0.775,0.8240000000000001,0.29826896687408844,0.013666795681106732,0.012563618202897699,0.004891724453290323,0.012600359808416901,0.004921186109613181,0.013204793174516116,0.005289980537535484,0.775,1
break_even,noise10,1007,25,low_yaw,passive,11,0.775,0.8240000000000001,0.2974642056035611,0.01414427717848405,0.011985430202686418,0.004746362361502675,0.012017230050256903,0.004777815080962709,0.01261220365514084,0.005143681206345079,0.775,1
break_even,noise10,1007,25,low_yaw,passive,12,0.775,0.8240000000000001,0.2984750305696057,0.01450917972410915,0.011480930984995233,0.004630010581666485,0.011508418783502278,0.004644224006758547,0.012092844588237863,0.005008885129242352,0.775,1
break_even,noise10,1007,25,low_yaw,passive,13,0.75,0.798,0.29865013669630797,0.013803998656604963,0.011059320092340482,0.00449709061346945,0.011059421850271449,0.004526487391928384,0.01163277795737999,0.004884159775149515,0.775,1
break_even,noise10,1007,25,low_yaw,passive,14,0.75,0.798,0.2995043546984757,0.01376541993016009,0.010680638290713623,0.004374154957952333,0.010681329897421158,0.004394842582251357,0.011221517680622135,0.004768310540183136,0.775,1
break_even,noise10,1007,25,low_yaw,passive,15,0.75,0.798,0.29893166547791583,0.013791923986560576,0.01033858817542512,0.004266819903243754,0.010338764476354834,0.004282932959167807,0.010851002884968075,0.0046603322377229035,0.775,1
break_even,noise10,1007,25,low_yaw,passive,16,0.75,0.798,0.2982340767447483,0.01396969511532785,0.010027601420669862,0.004149670840343646,0.01002791093234292,0.004184222411476666,0.010514921342420132,0.004559372153782769,0.775,1
break_even,noise10,1007,25,low_yaw,passive,17,0.75,0.798,0.29718607271748454,0.013897507526647302,0.009742766398505713,0.004047193780929681,0.009742993943121085,0.004072470839659231,0.010208250155044793,0.004464701544223688,0.775,1
break_even,noise10,1007,25,low_yaw,passive,18,0.75,0.798,0.2976534877545702,0.014094093444816167,0.009480839745993595,0.003962831943105544,0.009480922674047357,0.003976336811987893,0.009926935783407108,0.0043756933849168405,0.775,1
break_even,noise10,1007,25,low_yaw,passive,19,0.75,0.798,0.2975806146117941,0.0142405193964514,0.009239240376528346,0.003876630657839044,0.009239406412955436,0.0038962617778432705,0.009667666065770651,0.004291804815758995,0.775,1
break_even,noise10,1007,25,low_yaw,passive,20,0.75,0.798,0.2976179085259144,0.014194964714661338,0.009014843159889827,0.0038000348432174094,0.00901521800168434,0.003814034700514555,0.009427704522083224,0.004212563151444582,0.775,1
break_even,noise10,1007,25,low_yaw,passive,21,0.75,0.798,0.2970428088262695,0.014258751928021727,0.008806874437889687,0.003730945698962758,0.008806473666705823,0.0037415075439070594,0.009204767782442108,0.004137554633066667,0.775,1
break_even,noise10,1007,25,low_yaw,passive,22,0.75,0.798,0.2976644935929999,0.013962443996197867,0.008612194630649135,0.003655706420139116,0.008612030686498282,0.003672599821705248,0.008997031630883343,0.00405933340097595,0.75,1
break_even,noise10,1007,25,low_yaw,passive,23,0.75,0.798,0.29855440373329095,0.013788569650872084,0.0084299147559775,0.0035839233563236283,0.008429915353749533,0.0036035341343724184,0.00880275387338163,0.00398538713644011,0.75,1
break_even,noise10,1007,25,low_yaw,passive,24,0.75,0.798,0.29862618414984227,0.013774350414889227,0.008258749621520524,0.003519390664502987,0.008258775192655363,0.0035345533737219494,0.008620541383801517,0.003915340114467859,0.75,1
break_even,noise10,1007,25,low_yaw,passive,25,0.75,0.798,0.29883215300937255,0.01375353240319615,0.008097565500966578,0.0034715711654811497,0.008097539259153904,0.0034724588751185964,0.008449194912161076,0.0038488612733356357,0.75,1
break_even,noise10,1007,25,low_yaw,always_probe,1,0.7250000000000001,0.774,0.30184731766034606,0.020157080942211893,0.0282747904819994,0.0015167258723054993,0.028695184870709413,0.0015178558553081097,0.028717564350147242,0.00144325619815817,0.7250000000000001,1
break_even,noise10,1007,25,low_yaw,always_probe,2,0.7250000000000001,0.774,0.2975561910232917,0.020108977515513993,0.023313007340626857,0.001511759177585736,0.023546745230115473,0.0015129254575488348,0.02405617880708162,0.0014394933870912796,0.7250000000000001,1
break_even,noise10,1007,25,low_yaw,always_probe,3,0.7250000000000001,0.774,0.2957641736947079,0.020084980156988782,0.02028758436167876,0.0015073689573968179,0.020440893999277485,0.0015081193889523465,0.021112560121011953,0.0014357598542303908,0.7250000000000001,1
break_even,noise10,1007,25,low_yaw,always_probe,4,0.7250000000000001,0.774,0.29760467302321436,0.02008641049775621,0.0181999011791815,0.0015036744194042635,0.01830953862430034,0.0015037608893079609,0.01903844541570334,0.0014320552218478743,0.7250000000000001,1
break_even,noise10,1007,25,low_yaw,always_probe,5,0.7250000000000001,0.774,0.2959517795941676,0.02004970449032758,0.016646689579004788,0.0014992837084088666,0.016731821091699427,0.0015000817231637742,0.01747580393539047,0.0014283791190035423,0.7250000000000001,1
break_even,noise10,1007,25,low_yaw,always_probe,6,0.7250000000000001,0.774,0.29669812807198753,0.02002943348197183,0.015434238822448362,0.001495172815623809,0.015501725252430886,0.0014957350573560771,0.016243953980457814,0.0014247311813886379,0.7250000000000001,1
break_even,noise10,1007,25,low_yaw,always_probe,7,0.7250000000000001,0.774,0.29557579790509936,0.020016483647932234,0.014452285898045304,0.001490864134320391,0.014507462502344366,0.001491620591051826,0.01524055727335517,0.0014211110511741865,0.7250000000000001,1
break_even,noise10,1007,25,low_yaw,always_probe,8,0.7250000000000001,0.774,0.2962121436643189,0.020050260856116216,0.013635915484632074,0.0014870123717216717,0.013682197042185758,0.0014873663067672524,0.014402739026878395,0.0014175183768635612,0.7250000000000001,1
break_even,noise10,1007,25,low_yaw,always_probe,9,0.7250000000000001,0.774,0.2978301369193946,0.020006317202219952,0.01294422306767432,0.0014830232700959074,0.012984308838600897,0.0014835037279531875,0.013689456866760076,0.0014139528131491288,0.7250000000000001,1
break_even,noise10,1007,25,low_yaw,always_probe,10,0.7250000000000001,0.774,0.2985893801146525,0.019957817323005604,0.012348445939814942,0.0014788265202737366,0.012383358053824846,0.0014795519100817844,0.01307263059904727,0.0014104140207728442,0.7250000000000001,1
break_even,noise10,1007,25,low_yaw,always_probe,11,0.7250000000000001,0.774,0.2981694493020665,0.01996121966560567,0.011828077828628254,0.0014746508153835576,0.011858607520284233,0.0014753824029714838,0.012532313070791798,0.0014069016663906617,0.7250000000000001,1
break_even,noise10,1007,25,low_yaw,always_probe,12,0.7250000000000001,0.774,0.2997059165001374,0.019980414452435848,0.011369167191376593,0.0014709268944071807,0.01139561531252223,0.0014712640258734465,0.012053892315630562,0.0014034154224406425,0.7250000000000001,1
break_even,noise10,1007,25,low_yaw,always_probe,13,0.7250000000000001,0.774,0.29978720258761804,0.019878073259010545,0.010959179949804287,0.0014668411991620204,0.010983162477213156,0.0014675692730018789,0.01162638676073372,0.0013999549670146393,0.7250000000000001,1
break_even,noise10,1007,25,low_yaw,always_probe,14,0.7250000000000001,0.774,0.30055242054217923,0.019840456138480615,0.010590221974424064,0.0014626870068104026,0.010612454022766232,0.0014633142112830003,0.011241362203275852,0.0013965199837334458,0.7250000000000001,1
break_even,noise10,1007,25,low_yaw,always_probe,15,0.7250000000000001,0.774,0.29992218713403335,0.019809346413033647,0.010256401280347188,0.0014589049366684683,0.010276145184581323,0.0014592937383334488,0.01089221918141336,0.0013931101616252966,0.7250000000000001,1
break_even,noise10,1007,25,low_yaw,always_probe,16,0.7250000000000001,0.774,0.29917508627258516,0.01978882688274985,0.009952441879058832,0.0014543452367585992,0.009970633936128915,0.0014556166577160356,0.010573709777129398,0.0013897251950076184,0.7250000000000001,1
break_even,noise10,1007,25,low_yaw,always_probe,17,0.7250000000000001,0.774,0.2980857743382963,0.01974739064094478,0.009673689819998634,0.0014501847714290393,0.00969033017730335,0.0014510324035651948,0.010281601371950673,0.001386364783371921,0.7250000000000001,1
break_even,noise10,1007,25,low_yaw,always_probe,18,0.7250000000000001,0.774,0.2984958882603489,0.019733692748544085,0.009417057780605807,0.0014464399453130651,0.00943228420363701,0.001446937009469351,0.010012437299389764,0.0013830286312717422,0.7250000000000001,1
break_even,noise10,1007,25,low_yaw,always_probe,19,0.7250000000000001,0.774,0.2983804683320799,0.019724258454171122,0.009180095554282394,0.001442446653427606,0.009194287115565865,0.0014432057035570465,0.009763363033864379,0.0013797164482135373,0.7250000000000001,1
break_even,noise10,1007,25,low_yaw,always_probe,20,0.7250000000000001,0.774,0.2983828194488509,0.0196908455239854,0.008959794821449,0.0014386365758737249,0.00897320907043179,0.0014392215824092511,0.009531997712521965,0.0013764279485504363,0.7250000000000001,1
break_even,noise10,1007,25,low_yaw,always_probe,21,0.7250000000000001,0.774,0.2977805516468638,0.019673276186825798,0.008755455178586821,0.001435021886597291,0.008767224692611798,0.0014354598833043384,0.009316337648130349,0.0013731628513787674,0.7250000000000001,1
break_even,noise10,1007,25,low_yaw,always_probe,22,0.7250000000000001,0.774,0.2983642032894167,0.019606548190695603,0.008564023312442624,0.0014310185965816216,0.008575246077361234,0.001431709981780239,0.009114682825979499,0.0013699208804372725,0.7250000000000001,1
break_even,noise10,1007,25,low_yaw,always_probe,23,0.7250000000000001,0.774,0.29921473333581716,0.019550814197574984,0.008384657422964018,0.0014268232782989226,0.008395341161035174,0.0014279006768135474,0.008925580182528384,0.0013667017640089244,0.7250000000000001,1
break_even,noise10,1007,25,low_yaw,always_probe,24,0.7250000000000001,0.774,0.29926246108353904,0.019518197688132136,0.008216117015428834,0.0014228848556576098,0.008226194672546084,0.0014237285975012052,0.008747779317854807,0.001363505234825272,0.7250000000000001,1
break_even,noise10,1007,25,low_yaw,always_probe,25,0.7250000000000001,0.774,0.29944434913255824,0.019488328833617095,0.008057311423523792,0.0014199109220168929,0.00806676349844005,0.0014198043766667531,0.008580197544023586,0.0013603310299732344,0.7250000000000001,1
break_even,noise10,1007,25,low_yaw,batch_aware,1,0.7250000000000001,0.774,0.30184731766034606,0.020157080942211893,0.0282747904819994,0.0015167258723054993,0.028695184870709413,0.0015178558553081097,0.028717564350147242,0.00144325619815817,0.7250000000000001,1
break_even,noise10,1007,25,low_yaw,batch_aware,2,0.7250000000000001,0.774,0.2975561910232917,0.020108977515513993,0.023313007340626857,0.001511759177585736,0.023546745230115473,0.0015129254575488348,0.02405617880708162,0.0014394933870912796,0.7250000000000001,1
break_even,noise10,1007,25,low_yaw,batch_aware,3,0.7250000000000001,0.774,0.2957641736947079,0.020084980156988782,0.02028758436167876,0.0015073689573968179,0.020440893999277485,0.0015081193889523465,0.021112560121011953,0.0014357598542303908,0.7250000000000001,1
break_even,noise10,1007,25,low_yaw,batch_aware,4,0.7250000000000001,0.774,0.29760467302321436,0.02008641049775621,0.0181999011791815,0.0015036744194042635,0.01830953862430034,0.0015037608893079609,0.01903844541570334,0.0014320552218478743,0.7250000000000001,1
break_even,noise10,1007,25,low_yaw,batch_aware,5,0.7250000000000001,0.774,0.2959517795941676,0.02004970449032758,0.016646689579004788,0.0014992837084088666,0.016731821091699427,0.0015000817231637742,0.01747580393539047,0.0014283791190035423,0.7250000000000001,1
break_even,noise10,1007,25,low_yaw,batch_aware,6,0.7250000000000001,0.774,0.29669812807198753,0.02002943348197183,0.015434238822448362,0.001495172815623809,0.015501725252430886,0.0014957350573560771,0.016243953980457814,0.0014247311813886379,0.7250000000000001,1
break_even,noise10,1007,25,low_yaw,batch_aware,7,0.7250000000000001,0.774,0.29557579790509936,0.020016483647932234,0.014452285898045304,0.001490864134320391,0.014507462502344366,0.001491620591051826,0.01524055727335517,0.0014211110511741865,0.7250000000000001,1
break_even,noise10,1007,25,low_yaw,batch_aware,8,0.7250000000000001,0.774,0.2962121436643189,0.020050260856116216,0.013635915484632074,0.0014870123717216717,0.013682197042185758,0.0014873663067672524,0.014402739026878395,0.0014175183768635612,0.7250000000000001,1
break_even,noise10,1007,25,low_yaw,batch_aware,9,0.7250000000000001,0.774,0.2978301369193946,0.020006317202219952,0.01294422306767432,0.0014830232700959074,0.012984308838600897,0.0014835037279531875,0.013689456866760076,0.0014139528131491288,0.7250000000000001,1
break_even,noise10,1007,25,low_yaw,batch_aware,10,0.7250000000000001,0.774,0.2985893801146525,0.019957817323005604,0.012348445939814942,0.0014788265202737366,0.012383358053824846,0.0014795519100817844,0.01307263059904727,0.0014104140207728442,0.7250000000000001,1
break_even,noise10,1007,25,low_yaw,batch_aware,11,0.7250000000000001,0.774,0.2981694493020665,0.01996121966560567,0.011828077828628254,0.0014746508153835576,0.011858607520284233,0.0014753824029714838,0.012532313070791798,0.0014069016663906617,0.7250000000000001,1
break_even,noise10,1007,25,low_yaw,batch_aware,12,0.7250000000000001,0.774,0.2997059165001374,0.019980414452435848,0.011369167191376593,0.0014709268944071807,0.01139561531252223,0.0014712640258734465,0.012053892315630562,0.0014034154224406425,0.7250000000000001,1
break_even,noise10,1007,25,low_yaw,batch_aware,13,0.7250000000000001,0.774,0.29978720258761804,0.019878073259010545,0.010959179949804287,0.0014668411991620204,0.010983162477213156,0.0014675692730018789,0.01162638676073372,0.0013999549670146393,0.7250000000000001,1
break_even,noise10,1007,25,low_yaw,batch_aware,14,0.7250000000000001,0.774,0.30055242054217923,0.019840456138480615,0.010590221974424064,0.0014626870068104026,0.010612454022766232,0.0014633142112830003,0.011241362203275852,0.0013965199837334458,0.7250000000000001,1
break_even,noise10,1007,25,low_yaw,batch_aware,15,0.7250000000000001,0.774,0.29992218713403335,0.019809346413033647,0.010256401280347188,0.0014589049366684683,0.010276145184581323,0.0014592937383334488,0.01089221918141336,0.0013931101616252966,0.7250000000000001,1
break_even,noise10,1007,25,low_yaw,batch_aware,16,0.7250000000000001,0.774,0.29917508627258516,0.01978882688274985,0.009952441879058832,0.0014543452367585992,0.009970633936128915,0.0014556166577160356,0.010573709777129398,0.0013897251950076184,0.7250000000000001,1
break_even,noise10,1007,25,low_yaw,batch_aware,17,0.7250000000000001,0.774,0.2980857743382963,0.01974739064094478,0.009673689819998634,0.0014501847714290393,0.00969033017730335,0.0014510324035651948,0.010281601371950673,0.001386364783371921,0.7250000000000001,1
break_even,noise10,1007,25,low_yaw,batch_aware,18,0.7250000000000001,0.774,0.2984958882603489,0.019733692748544085,0.009417057780605807,0.0014464399453130651,0.00943228420363701,0.001446937009469351,0.010012437299389764,0.0013830286312717422,0.7250000000000001,1
break_even,noise10,1007,25,low_yaw,batch_aware,19,0.7250000000000001,0.774,0.2983804683320799,0.019724258454171122,0.009180095554282394,0.001442446653427606,0.009194287115565865,0.0014432057035570465,0.009763363033864379,0.0013797164482135373,0.7250000000000001,1
break_even,noise10,1007,25,low_yaw,batch_aware,20,0.7250000000000001,0.774,0.2983828194488509,0.0196908455239854,0.008959794821449,0.0014386365758737249,0.00897320907043179,0.0014392215824092511,0.009531997712521965,0.0013764279485504363,0.7250000000000001,1
break_even,noise10,1007,25,low_yaw,batch_aware,21,0.7250000000000001,0.774,0.2977805516468638,0.019673276186825798,0.008755455178586821,0.001435021886597291,0.008767224692611798,0.0014354598833043384,0.009316337648130349,0.0013731628513787674,0.7250000000000001,1
break_even,noise10,1007,25,low_yaw,batch_aware,22,0.7250000000000001,0.774,0.2983642032894167,0.019606548190695603,0.008564023312442624,0.0014310185965816216,0.008575246077361234,0.001431709981780239,0.009114682825979499,0.0013699208804372725,0.7250000000000001,1
break_even,noise10,1007,25,low_yaw,batch_aware,23,0.7250000000000001,0.774,0.29921473333581716,0.019550814197574984,0.008384657422964018,0.0014268232782989226,0.008395341161035174,0.0014279006768135474,0.008925580182528384,0.0013667017640089244,0.7250000000000001,1
break_even,noise10,1007,25,low_yaw,batch_aware,24,0.7250000000000001,0.774,0.29926246108353904,0.019518197688132136,0.008216117015428834,0.0014228848556576098,0.008226194672546084,0.0014237285975012052,0.008747779317854807,0.001363505234825272,0.7250000000000001,1
break_even,noise10,1007,25,low_yaw,batch_aware,25,0.7250000000000001,0.774,0.29944434913255824,0.019488328833617095,0.008057311423523792,0.0014199109220168929,0.00806676349844005,0.0014198043766667531,0.008580197544023586,0.0013603310299732344,0.7250000000000001,1
break_even,noise10,1007,25,low_yaw,ignore_passive,1,0.7250000000000001,0.774,0.30184731766034606,0.020157080942211893,0.0282747904819994,0.0015167258723054993,0.028695184870709413,0.0015178558553081097,0.028717564350147242,0.00144325619815817,0.7250000000000001,1
break_even,noise10,1007,25,low_yaw,ignore_passive,2,0.7250000000000001,0.774,0.2975561910232917,0.020108977515513993,0.023313007340626857,0.001511759177585736,0.023546745230115473,0.0015129254575488348,0.02405617880708162,0.0014394933870912796,0.7250000000000001,1
break_even,noise10,1007,25,low_yaw,ignore_passive,3,0.7250000000000001,0.774,0.2957641736947079,0.020084980156988782,0.02028758436167876,0.0015073689573968179,0.020440893999277485,0.0015081193889523465,0.021112560121011953,0.0014357598542303908,0.7250000000000001,1
break_even,noise10,1007,25,low_yaw,ignore_passive,4,0.7250000000000001,0.774,0.29760467302321436,0.02008641049775621,0.0181999011791815,0.0015036744194042635,0.01830953862430034,0.0015037608893079609,0.01903844541570334,0.0014320552218478743,0.7250000000000001,1
break_even,noise10,1007,25,low_yaw,ignore_passive,5,0.7250000000000001,0.774,0.2959517795941676,0.02004970449032758,0.016646689579004788,0.0014992837084088666,0.016731821091699427,0.0015000817231637742,0.01747580393539047,0.0014283791190035423,0.7250000000000001,1
break_even,noise10,1007,25,low_yaw,ignore_passive,6,0.7250000000000001,0.774,0.29669812807198753,0.02002943348197183,0.015434238822448362,0.001495172815623809,0.015501725252430886,0.0014957350573560771,0.016243953980457814,0.0014247311813886379,0.7250000000000001,1
break_even,noise10,1007,25,low_yaw,ignore_passive,7,0.7250000000000001,0.774,0.29557579790509936,0.020016483647932234,0.014452285898045304,0.001490864134320391,0.014507462502344366,0.001491620591051826,0.01524055727335517,0.0014211110511741865,0.7250000000000001,1
break_even,noise10,1007,25,low_yaw,ignore_passive,8,0.7250000000000001,0.774,0.2962121436643189,0.020050260856116216,0.013635915484632074,0.0014870123717216717,0.013682197042185758,0.0014873663067672524,0.014402739026878395,0.0014175183768635612,0.7250000000000001,1
break_even,noise10,1007,25,low_yaw,ignore_passive,9,0.7250000000000001,0.774,0.2978301369193946,0.020006317202219952,0.01294422306767432,0.0014830232700959074,0.012984308838600897,0.0014835037279531875,0.013689456866760076,0.0014139528131491288,0.7250000000000001,1
break_even,noise10,1007,25,low_yaw,ignore_passive,10,0.7250000000000001,0.774,0.2985893801146525,0.019957817323005604,0.012348445939814942,0.0014788265202737366,0.012383358053824846,0.0014795519100817844,0.01307263059904727,0.0014104140207728442,0.7250000000000001,1
break_even,noise10,1007,25,low_yaw,ignore_passive,11,0.7250000000000001,0.774,0.2981694493020665,0.01996121966560567,0.011828077828628254,0.0014746508153835576,0.011858607520284233,0.0014753824029714838,0.012532313070791798,0.0014069016663906617,0.7250000000000001,1
break_even,noise10,1007,25,low_yaw,ignore_passive,12,0.7250000000000001,0.774,0.2997059165001374,0.019980414452435848,0.011369167191376593,0.0014709268944071807,0.01139561531252223,0.0014712640258734465,0.012053892315630562,0.0014034154224406425,0.7250000000000001,1
break_even,noise10,1007,25,low_yaw,ignore_passive,13,0.7250000000000001,0.774,0.29978720258761804,0.019878073259010545,0.010959179949804287,0.0014668411991620204,0.010983162477213156,0.0014675692730018789,0.01162638676073372,0.0013999549670146393,0.7250000000000001,1
break_even,noise10,1007,25,low_yaw,ignore_passive,14,0.7250000000000001,0.774,0.30055242054217923,0.019840456138480615,0.010590221974424064,0.0014626870068104026,0.010612454022766232,0.0014633142112830003,0.011241362203275852,0.0013965199837334458,0.7250000000000001,1
break_even,noise10,1007,25,low_yaw,ignore_passive,15,0.7250000000000001,0.774,0.29992218713403335,0.019809346413033647,0.010256401280347188,0.0014589049366684683,0.010276145184581323,0.0014592937383334488,0.01089221918141336,0.0013931101616252966,0.7250000000000001,1
break_even,noise10,1007,25,low_yaw,ignore_passive,16,0.7250000000000001,0.774,0.29917508627258516,0.01978882688274985,0.009952441879058832,0.0014543452367585992,0.009970633936128915,0.0014556166577160356,0.010573709777129398,0.0013897251950076184,0.7250000000000001,1
break_even,noise10,1007,25,low_yaw,ignore_passive,17,0.7250000000000001,0.774,0.2980857743382963,0.01974739064094478,0.009673689819998634,0.0014501847714290393,0.00969033017730335,0.0014510324035651948,0.010281601371950673,0.001386364783371921,0.7250000000000001,1
break_even,noise10,1007,25,low_yaw,ignore_passive,18,0.7250000000000001,0.774,0.2984958882603489,0.019733692748544085,0.009417057780605807,0.0014464399453130651,0.00943228420363701,0.001446937009469351,0.010012437299389764,0.0013830286312717422,0.7250000000000001,1
break_even,noise10,1007,25,low_yaw,ignore_passive,19,0.7250000000000001,0.774,0.2983804683320799,0.019724258454171122,0.009180095554282394,0.001442446653427606,0.009194287115565865,0.0014432057035570465,0.009763363033864379,0.0013797164482135373,0.7250000000000001,1
break_even,noise10,1007,25,low_yaw,ignore_passive,20,0.7250000000000001,0.774,0.2983828194488509,0.0196908455239854,0.008959794821449,0.0014386365758737249,0.00897320907043179,0.0014392215824092511,0.009531997712521965,0.0013764279485504363,0.7250000000000001,1
break_even,noise10,1007,25,low_yaw,ignore_passive,21,0.7250000000000001,0.774,0.2977805516468638,0.019673276186825798,0.008755455178586821,0.001435021886597291,0.008767224692611798,0.0014354598833043384,0.009316337648130349,0.0013731628513787674,0.7250000000000001,1
break_even,noise10,1007,25,low_yaw,ignore_passive,22,0.7250000000000001,0.774,0.2983642032894167,0.019606548190695603,0.008564023312442624,0.0014310185965816216,0.008575246077361234,0.001431709981780239,0.009114682825979499,0.0013699208804372725,0.7250000000000001,1
break_even,noise10,1007,25,low_yaw,ignore_passive,23,0.7250000000000001,0.774,0.29921473333581716,0.019550814197574984,0.008384657422964018,0.0014268232782989226,0.008395341161035174,0.0014279006768135474,0.008925580182528384,0.0013667017640089244,0.7250000000000001,1
break_even,noise10,1007,25,low_yaw,ignore_passive,24,0.7250000000000001,0.774,0.29926246108353904,0.019518197688132136,0.008216117015428834,0.0014228848556576098,0.008226194672546084,0.0014237285975012052,0.008747779317854807,0.001363505234825272,0.7250000000000001,1
break_even,noise10,1007,25,low_yaw,ignore_passive,25,0.7250000000000001,0.774,0.29944434913255824,0.019488328833617095,0.008057311423523792,0.0014199109220168929,0.00806676349844005,0.0014198043766667531,0.008580197544023586,0.0013603310299732344,0.7250000000000001,1
break_even,noise10,1007,25,low_yaw,uncertainty_trigger,1,0.7250000000000001,0.774,0.30184731766034606,0.020157080942211893,0.0282747904819994,0.0015167258723054993,0.028695184870709413,0.0015178558553081097,0.028717564350147242,0.00144325619815817,0.7250000000000001,1
break_even,noise10,1007,25,low_yaw,uncertainty_trigger,2,0.7250000000000001,0.774,0.2975561910232917,0.020108977515513993,0.023313007340626857,0.001511759177585736,0.023546745230115473,0.0015129254575488348,0.02405617880708162,0.0014394933870912796,0.7250000000000001,1
break_even,noise10,1007,25,low_yaw,uncertainty_trigger,3,0.7250000000000001,0.774,0.2957641736947079,0.020084980156988782,0.02028758436167876,0.0015073689573968179,0.020440893999277485,0.0015081193889523465,0.021112560121011953,0.0014357598542303908,0.7250000000000001,1
break_even,noise10,1007,25,low_yaw,uncertainty_trigger,4,0.7250000000000001,0.774,0.29760467302321436,0.02008641049775621,0.0181999011791815,0.0015036744194042635,0.01830953862430034,0.0015037608893079609,0.01903844541570334,0.0014320552218478743,0.7250000000000001,1
break_even,noise10,1007,25,low_yaw,uncertainty_trigger,5,0.7250000000000001,0.774,0.2959517795941676,0.02004970449032758,0.016646689579004788,0.0014992837084088666,0.016731821091699427,0.0015000817231637742,0.01747580393539047,0.0014283791190035423,0.7250000000000001,1
break_even,noise10,1007,25,low_yaw,uncertainty_trigger,6,0.7250000000000001,0.774,0.29669812807198753,0.02002943348197183,0.015434238822448362,0.001495172815623809,0.015501725252430886,0.0014957350573560771,0.016243953980457814,0.0014247311813886379,0.7250000000000001,1
break_even,noise10,1007,25,low_yaw,uncertainty_trigger,7,0.7250000000000001,0.774,0.29557579790509936,0.020016483647932234,0.014452285898045304,0.001490864134320391,0.014507462502344366,0.001491620591051826,0.01524055727335517,0.0014211110511741865,0.7250000000000001,1
break_even,noise10,1007,25,low_yaw,uncertainty_trigger,8,0.7250000000000001,0.774,0.2962121436643189,0.020050260856116216,0.013635915484632074,0.0014870123717216717,0.013682197042185758,0.0014873663067672524,0.014402739026878395,0.0014175183768635612,0.7250000000000001,1
break_even,noise10,1007,25,low_yaw,uncertainty_trigger,9,0.7250000000000001,0.774,0.2978301369193946,0.020006317202219952,0.01294422306767432,0.0014830232700959074,0.012984308838600897,0.0014835037279531875,0.013689456866760076,0.0014139528131491288,0.7250000000000001,1
break_even,noise10,1007,25,low_yaw,uncertainty_trigger,10,0.7250000000000001,0.774,0.2985893801146525,0.019957817323005604,0.012348445939814942,0.0014788265202737366,0.012383358053824846,0.0014795519100817844,0.01307263059904727,0.0014104140207728442,0.7250000000000001,1
break_even,noise10,1007,25,low_yaw,uncertainty_trigger,11,0.7250000000000001,0.774,0.2981694493020665,0.01996121966560567,0.011828077828628254,0.0014746508153835576,0.011858607520284233,0.0014753824029714838,0.012532313070791798,0.0014069016663906617,0.7250000000000001,1
break_even,noise10,1007,25,low_yaw,uncertainty_trigger,12,0.7250000000000001,0.774,0.2997059165001374,0.019980414452435848,0.011369167191376593,0.0014709268944071807,0.01139561531252223,0.0014712640258734465,0.012053892315630562,0.0014034154224406425,0.7250000000000001,1
break_even,noise10,1007,25,low_yaw,uncertainty_trigger,13,0.7250000000000001,0.774,0.29978720258761804,0.019878073259010545,0.010959179949804287,0.0014668411991620204,0.010983162477213156,0.0014675692730018789,0.01162638676073372,0.0013999549670146393,0.7250000000000001,1
break_even,noise10,1007,25,low_yaw,uncertainty_trigger,14,0.7250000000000001,0.774,0.30055242054217923,0.019840456138480615,0.010590221974424064,0.0014626870068104026,0.010612454022766232,0.0014633142112830003,0.011241362203275852,0.0013965199837334458,0.7250000000000001,1
break_even,noise10,1007,25,low_yaw,uncertainty_trigger,15,0.7250000000000001,0.774,0.29992218713403335,0.019809346413033647,0.010256401280347188,0.0014589049366684683,0.010276145184581323,0.0014592937383334488,0.01089221918141336,0.0013931101616252966,0.7250000000000001,1
break_even,noise10,1007,25,low_yaw,uncertainty_trigger,16,0.7250000000000001,0.774,0.29917508627258516,0.01978882688274985,0.009952441879058832,0.0014543452367585992,0.009970633936128915,0.0014556166577160356,0.010573709777129398,0.0013897251950076184,0.7250000000000001,1
break_even,noise10,1007,25,low_yaw,uncertainty_trigger,17,0.7250000000000001,0.774,0.2980857743382963,0.01974739064094478,0.009673689819998634,0.0014501847714290393,0.00969033017730335,0.0014510324035651948,0.010281601371950673,0.001386364783371921,0.7250000000000001,1
break_even,noise10,1007,25,low_yaw,uncertainty_trigger,18,0.7250000000000001,0.774,0.2984958882603489,0.019733692748544085,0.009417057780605807,0.0014464399453130651,0.00943228420363701,0.001446937009469351,0.010012437299389764,0.0013830286312717422,0.7250000000000001,1
break_even,noise10,1007,25,low_yaw,uncertainty_trigger,19,0.7250000000000001,0.774,0.2983804683320799,0.019724258454171122,0.009180095554282394,0.001442446653427606,0.009194287115565865,0.0014432057035570465,0.009763363033864379,0.0013797164482135373,0.7250000000000001,1
break_even,noise10,1007,25,low_yaw,uncertainty_trigger,20,0.7250000000000001,0.774,0.2983828194488509,0.0196908455239854,0.008959794821449,0.0014386365758737249,0.00897320907043179,0.0014392215824092511,0.009531997712521965,0.0013764279485504363,0.7250000000000001,1
break_even,noise10,1007,25,low_yaw,uncertainty_trigger,21,0.7250000000000001,0.774,0.2977805516468638,0.019673276186825798,0.008755455178586821,0.001435021886597291,0.008767224692611798,0.0014354598833043384,0.009316337648130349,0.0013731628513787674,0.7250000000000001,1
break_even,noise10,1007,25,low_yaw,uncertainty_trigger,22,0.7250000000000001,0.774,0.2983642032894167,0.019606548190695603,0.008564023312442624,0.0014310185965816216,0.008575246077361234,0.001431709981780239,0.009114682825979499,0.0013699208804372725,0.7250000000000001,1
break_even,noise10,1007,25,low_yaw,uncertainty_trigger,23,0.7250000000000001,0.774,0.29921473333581716,0.019550814197574984,0.008384657422964018,0.0014268232782989226,0.008395341161035174,0.0014279006768135474,0.008925580182528384,0.0013667017640089244,0.7250000000000001,1
break_even,noise10,1007,25,low_yaw,uncertainty_trigger,24,0.7250000000000001,0.774,0.29926246108353904,0.019518197688132136,0.008216117015428834,0.0014228848556576098,0.008226194672546084,0.0014237285975012052,0.008747779317854807,0.001363505234825272,0.7250000000000001,1
break_even,noise10,1007,25,low_yaw,uncertainty_trigger,25,0.7250000000000001,0.774,0.29944434913255824,0.019488328833617095,0.008057311423523792,0.0014199109220168929,0.00806676349844005,0.0014198043766667531,0.008580197544023586,0.0013603310299732344,0.7250000000000001,1
break_even,noise10,1008,25,low_yaw,passive,1,0.75,0.798,0.45240436358082475,0.012440019795193281,0.04003777826514909,0.0073592369968512,0.040097475077019364,0.007461666461376143,0.040097475077019364,0.007461666461376143,0.75,1
break_even,noise10,1008,25,low_yaw,passive,2,0.75,0.798,0.4424463520264737,0.012352676238623439,0.02875435553792855,0.006740658800798926,0.028755121951258657,0.006941333985306811,0.029235517493136295,0.007029957931118399,0.75,1
break_even,noise10,1008,25,low_yaw,passive,3,0.7250000000000001,0.774,0.44431817362953774,0.012043883197407639,0.023599316800490114,0.006234666674896655,0.023844407406714892,0.006375359519615331,0.024380533727288607,0.006630138528322204,0.7250000000000001,1
break_even,noise10,1008,25,low_yaw,passive,4,0.7250000000000001,0.774,0.4417414361135621,0.01280126261876342,0.02048933565333926,0.0058708230729515335,0.02064756129296705,0.0059501868505798415,0.02134580610927713,0.006291596153109085,0.7250000000000001,1
break_even,noise10,1008,25,low_yaw,passive,5,0.7250000000000001,0.774,0.44136802649827606,0.012813799664679236,0.018354286387318983,0.005538769350095832,0.018468395961885525,0.005635636461305797,0.019219904746121407,0.006000124394136738,0.7250000000000001,1
break_even,noise10,1008,25,low_yaw,passive,6,0.7250000000000001,0.774,0.441066014021436,0.01245916935608207,0.016775389790864084,0.005299580129241513,0.016859971923960063,0.005334304907904716,0.017624279566984605,0.005745737817279272,0.7250000000000001,1
break_even,noise10,1008,25,low_yaw,passive,7,0.7250000000000001,0.774,0.44073576293283984,0.012865715674960976,0.015540939744989577,0.005073893793174082,0.015610120324953142,0.005122338534446292,0.016369755408458902,0.005521185313643817,0.7250000000000001,1
break_even,noise10,1008,25,low_yaw,passive,8,0.7250000000000001,0.774,0.440515132744055,0.013541796559546241,0.014545664908144972,0.004857236286359128,0.014601317868489188,0.0049197576059100264,0.015349893521976892,0.005321057086995263,0.7250000000000001,1
break_even,noise10,1008,25,low_yaw,passive,9,0.7250000000000001,0.774,0.43849192093750183,0.01374414934983643,0.01372056801647549,0.004693849351385386,0.013767041309960742,0.004723088130265247,0.014499615177901767,0.005141224046948348,0.7250000000000001,1
break_even,noise10,1008,25,low_yaw,passive,10,0.7250000000000001,0.774,0.43792581121285185,0.013864104313778294,0.013021395039686863,0.004524528608201065,0.013061191376051978,0.004572337135959176,0.013776595408949252,0.004978472626656016,0.7250000000000001,1
break_even,noise10,1008,25,low_yaw,passive,11,0.7000000000000001,0.748,0.4377276475823539,0.014152497471286328,0.012455055934835063,0.004370010044853078,0.01245432712518972,0.004405034348336715,0.01315196036224515,0.0048302593025315605,0.7250000000000001,1
break_even,noise10,1008,25,low_yaw,passive,12,0.7000000000000001,0.748,0.43796346414124954,0.014399032947723798,0.011954393043973107,0.00424473609714489,0.01195528154188644,0.004255060059777089,0.012605247167137472,0.0046945410477262995,0.7250000000000001,1
break_even,noise10,1008,25,low_yaw,passive,13,0.7000000000000001,0.748,0.43813788216457106,0.014393749114022782,0.01151059245213091,0.0041148352504971125,0.011510938221002668,0.004146028591079496,0.0121214951052637,0.004569655435369372,0.7250000000000001,1
break_even,noise10,1008,25,low_yaw,passive,14,0.7000000000000001,0.748,0.4381116086360092,0.014276790180028923,0.011113103781310321,0.00399720991430592,0.011112912714239285,0.004022724053141438,0.011689478802402413,0.004454234075590528,0.7250000000000001,1
break_even,noise10,1008,25,low_yaw,passive,15,0.7000000000000001,0.748,0.4383749739076333,0.014287869647020432,0.010754304474552093,0.0038928635215101704,0.010754322206851644,0.003913626437465776,0.01130058877269193,0.004347138959850481,0.7250000000000001,1
break_even,noise10,1008,25,low_yaw,passive,16,0.7000000000000001,0.748,0.4379225363458882,0.014519770302767838,0.010428221351548604,0.0037950277718834845,0.010428109782572385,0.003815657359880637,0.010948096468025127,0.004247414876681772,0.7250000000000001,1
break_even,noise10,1008,25,low_yaw,passive,17,0.7000000000000001,0.748,0.43788380025846835,0.014703557405156675,0.010129306250858824,0.0037096100830033706,0.010129369000593722,0.0037239899814698286,0.010626656905776173,0.0041542533135779545,0.7250000000000001,1
break_even,noise10,1008,25,low_yaw,passive,18,0.7000000000000001,0.748,0.4373744123170328,0.014918424780352116,0.0098548684249602,0.0036375876799067883,0.00985528127848472,0.003643742523159124,0.010332133710743272,0.0040577054139144635,0.7000000000000001,1
break_even,noise10,1008,25,low_yaw,passive,19,0.7000000000000001,0.748,0.43697124216557404,0.01492874753910845,0.009601845195919742,0.003553869055010839,0.009601923506862923,0.0035752434144171084,0.010060815625183638,0.00396759058129337,0.7000000000000001,1
break_even,noise10,1008,25,low_yaw,passive,20,0.7000000000000001,0.748,0.43565945449550475,0.014854148921718399,0.00936705794348801,0.003479556342049905,0.009367169012241702,0.0034959259123298445,0.00980980724808722,0.0038832247475842924,0.7000000000000001,1
break_even,noise10,1008,25,low_yaw,passive,21,0.7000000000000001,0.748,0.43576980915737756,0.014924035314680438,0.009149480952453664,0.0034167130080108043,0.009149156652851957,0.003424962203270516,0.00957669496057097,0.0038040215342506605,0.7000000000000001,1
break_even,noise10,1008,25,low_yaw,passive,22,0.7000000000000001,0.748,0.4354054644865046,0.01501335999488569,0.008945783801539611,0.003351803248015432,0.008945812568327398,0.0033655337392966326,0.009359448524097676,0.0037294750177439043,0.7000000000000001,1
break_even,noise10,1008,25,low_yaw,passive,23,0.7000000000000001,0.748,0.43551325757759896,0.015011950619122737,0.00875500074278209,0.003291344238770243,0.00875519504674157,0.0033020483037120496,0.009156346178371586,0.0036591460711573164,0.7000000000000001,1
break_even,noise10,1008,25,low_yaw,passive,24,0.7000000000000001,0.748,0.4342572368516979,0.014832263855238031,0.008576151298217222,0.0032330750974166006,0.00857596918800979,0.003244982221706055,0.008965916882042894,0.0035926514369626745,0.7000000000000001,1
break_even,noise10,1008,25,low_yaw,passive,25,0.7000000000000001,0.748,0.4340025318426892,0.014746690294534076,0.008408191168012932,0.003169031616675361,0.008408118282970422,0.0031893042993058267,0.008786895244344893,0.003529654908048335,0.7000000000000001,1
break_even,noise10,1008,25,low_yaw,always_probe,1,0.675,0.724,0.44384487920619026,0.020253784411025395,0.02920902874544906,0.0015174831758127383,0.029661596911714435,0.0015176207608734538,0.029708548058457133,0.0014420991758990944,0.675,1
break_even,noise10,1008,25,low_yaw,always_probe,2,0.675,0.724,0.4394409970044822,0.02018607076731462,0.024090490336733984,0.001511351084749213,0.024352312208817718,0.0015129141406245675,0.024925296229904262,0.0014374623748517053,0.675,1
break_even,noise10,1008,25,low_yaw,always_probe,3,0.675,0.724,0.44120188671863975,0.020126360228958685,0.02097578629925427,0.0015055819568184814,0.02114454547786317,0.0015067179148232604,0.02189388990593774,0.0014328700144074166,0.675,1
break_even,noise10,1008,25,low_yaw,always_probe,4,0.675,0.724,0.4388702493634865,0.020116871034572246,0.018819403169734905,0.001500344997079941,0.01894194006812001,0.0015011362497794314,0.01975352205211325,0.0014283213891835567,0.675,1
break_even,noise10,1008,25,low_yaw,always_probe,5,0.675,0.724,0.43886454299266825,0.020070837249107312,0.017216600820198307,0.0014946512956969852,0.017309604921818773,0.0014959571609141802,0.01813880429956713,0.0014238158093732311,0.675,1
break_even,noise10,1008,25,low_yaw,always_probe,6,0.675,0.724,0.4394190065342373,0.02001433525552529,0.01596526020067328,0.001489872208584557,0.016038769771449017,0.0014901977452907726,0.016864701210908547,0.0014193526003058972,0.675,1
break_even,noise10,1008,25,low_yaw,always_probe,7,0.675,0.724,0.43948709089496474,0.020002890416940155,0.014950974190532422,0.0014850525199222387,0.015011262620444695,0.0014855412298853791,0.01582616042253654,0.0014149311020229885,0.675,1
break_even,noise10,1008,25,low_yaw,always_probe,8,0.675,0.724,0.43962371583638243,0.020010186120048592,0.014108980248042722,0.001479666359882696,0.014159341945846777,0.0014807834174582577,0.014958528357870543,0.0014105506688680018,0.675,1
break_even,noise10,1008,25,low_yaw,always_probe,9,0.675,0.724,0.43774010830699417,0.01999907104579354,0.013395156359653385,0.0014748771034411496,0.013438330292272795,0.0014754384823751558,0.014219546003628146,0.001406210669090445,0.675,1
break_even,noise10,1008,25,low_yaw,always_probe,10,0.675,0.724,0.43738976257844936,0.01997300279879891,0.012779295267962825,0.001469191177294548,0.012817101046251257,0.0014706722520008194,0.013580270767142485,0.0014019104844631188,0.675,1
break_even,noise10,1008,25,low_yaw,always_probe,11,0.675,0.724,0.4372236188700343,0.019965877064525437,0.012242414707985327,0.001464181874881352,0.012274717090570916,0.0014650539876857448,0.013020125600086465,0.0013976495099121886,0.675,1
break_even,noise10,1008,25,low_yaw,always_probe,12,0.675,0.724,0.43749062451733145,0.019952090222492617,0.011765734505751791,0.001459629697638389,0.011795893106767671,0.001459824304096385,0.012524026642230377,0.001393427153159549,0.675,1
break_even,noise10,1008,25,low_yaw,always_probe,13,0.675,0.724,0.4376930582155016,0.019913941988808956,0.011341649715136086,0.0014544454023795045,0.011368223527389823,0.0014555478581761154,0.012080631045997913,0.001389242834377005,0.675,1
break_even,noise10,1008,25,low_yaw,always_probe,14,0.675,0.724,0.43769278990944765,0.01986272409705799,0.010960629456084574,0.0014494299871307093,0.010984120413491782,0.0014503240763725073,0.011681222795769506,0.0013850959858518045,0.675,1
break_even,noise10,1008,25,low_yaw,always_probe,15,0.675,0.724,0.43797709396073164,0.01982652859705436,0.010615767787897355,0.001444701645334556,0.010637279364713646,0.0014453997778852243,0.01131897898711101,0.0013809860516630925,0.675,1
break_even,noise10,1008,25,low_yaw,always_probe,16,0.675,0.724,0.43756204528939674,0.01981676644696687,0.010301598466977981,0.0014398384187223783,0.010321129994154075,0.0014407084910542085,0.010988471983916412,0.0013769124873688583,0.675,1
break_even,noise10,1008,25,low_yaw,always_probe,17,0.675,0.724,0.43753749399035413,0.019809523728608204,0.010012989973894704,0.0014353034290617826,0.010031086137789105,0.0014358996820642152,0.010685322774018619,0.0013728747597029853,0.675,1
break_even,noise10,1008,25,low_yaw,always_probe,18,0.675,0.724,0.437064093140434,0.019814790407654513,0.009747505823932703,0.00143116155509666,0.009764550151288437,0.0014314170922358142,0.010405954088197236,0.0013688723462820134,0.675,1
break_even,noise10,1008,25,low_yaw,always_probe,19,0.675,0.724,0.43667951400094385,0.019783377294352644,0.009502326150158266,0.0014262585102830293,0.009517815149585261,0.0014272805839047659,0.01014741103459739,0.0013649047353212517,0.675,1
break_even,noise10,1008,25,low_yaw,always_probe,20,0.675,0.724,0.43540561327570754,0.019745076035872926,0.009274470721201215,0.001421641194477224,0.009288906310687614,0.0014224351413834044,0.009907228459512125,0.0013609714253598904,0.675,1
break_even,noise10,1008,25,low_yaw,always_probe,21,0.675,0.724,0.4355193212674454,0.01972303148441252,0.009063026499305703,0.001417407180694627,0.009076076434692137,0.00141784417135056,0.009683331298092703,0.0013570719249947766,0.675,1
break_even,noise10,1008,25,low_yaw,always_probe,22,0.675,0.724,0.43517076312825725,0.01970390659555297,0.008864817962694085,0.0014128601611063732,0.008877356761376054,0.0014136753218719363,0.009473958636724067,0.0013532057526225321,0.675,1
break_even,noise10,1008,25,low_yaw,always_probe,23,0.675,0.724,0.4352851102860927,0.01967836752440167,0.00867896184277298,0.0014084365540292484,0.008690890330275047,0.001409060178681079,0.009277605095057345,0.0013493724361897084,0.675,1
break_even,noise10,1008,25,low_yaw,always_probe,24,0.675,0.724,0.4340530732931959,0.019622378320912008,0.008504546450738434,0.001403997559266514,0.008515411724588152,0.0014047263736852791,0.009092975044845665,0.0013455715129506828,0.675,1
break_even,noise10,1008,25,low_yaw,always_probe,25,0.675,0.724,0.4338075982544482,0.019571915709345675,0.008340591940228874,0.0013989110609398962,0.008350935857864205,0.0014003439997525824,0.008918946470344245,0.0013418025292330127,0.675,1
break_even,noise10,1008,25,low_yaw,batch_aware,1,0.675,0.724,0.44384487920619026,0.020253784411025395,0.02920902874544906,0.0015174831758127383,0.029661596911714435,0.0015176207608734538,0.029708548058457133,0.0014420991758990944,0.675,1
break_even,noise10,1008,25,low_yaw,batch_aware,2,0.675,0.724,0.4394409970044822,0.02018607076731462,0.024090490336733984,0.001511351084749213,0.024352312208817718,0.0015129141406245675,0.024925296229904262,0.0014374623748517053,0.675,1
break_even,noise10,1008,25,low_yaw,batch_aware,3,0.675,0.724,0.44120188671863975,0.020126360228958685,0.02097578629925427,0.0015055819568184814,0.02114454547786317,0.0015067179148232604,0.02189388990593774,0.0014328700144074166,0.675,1
break_even,noise10,1008,25,low_yaw,batch_aware,4,0.675,0.724,0.4388702493634865,0.020116871034572246,0.018819403169734905,0.001500344997079941,0.01894194006812001,0.0015011362497794314,0.01975352205211325,0.0014283213891835567,0.675,1
break_even,noise10,1008,25,low_yaw,batch_aware,5,0.675,0.724,0.43886454299266825,0.020070837249107312,0.017216600820198307,0.0014946512956969852,0.017309604921818773,0.0014959571609141802,0.01813880429956713,0.0014238158093732311,0.675,1
break_even,noise10,1008,25,low_yaw,batch_aware,6,0.675,0.724,0.4394190065342373,0.02001433525552529,0.01596526020067328,0.001489872208584557,0.016038769771449017,0.0014901977452907726,0.016864701210908547,0.0014193526003058972,0.675,1
break_even,noise10,1008,25,low_yaw,batch_aware,7,0.675,0.724,0.43948709089496474,0.020002890416940155,0.014950974190532422,0.0014850525199222387,0.015011262620444695,0.0014855412298853791,0.01582616042253654,0.0014149311020229885,0.675,1
break_even,noise10,1008,25,low_yaw,batch_aware,8,0.675,0.724,0.43962371583638243,0.020010186120048592,0.014108980248042722,0.001479666359882696,0.014159341945846777,0.0014807834174582577,0.014958528357870543,0.0014105506688680018,0.675,1
break_even,noise10,1008,25,low_yaw,batch_aware,9,0.675,0.724,0.43774010830699417,0.01999907104579354,0.013395156359653385,0.0014748771034411496,0.013438330292272795,0.0014754384823751558,0.014219546003628146,0.001406210669090445,0.675,1
break_even,noise10,1008,25,low_yaw,batch_aware,10,0.675,0.724,0.43738976257844936,0.01997300279879891,0.012779295267962825,0.001469191177294548,0.012817101046251257,0.0014706722520008194,0.013580270767142485,0.0014019104844631188,0.675,1
break_even,noise10,1008,25,low_yaw,batch_aware,11,0.675,0.724,0.4372236188700343,0.019965877064525437,0.012242414707985327,0.001464181874881352,0.012274717090570916,0.0014650539876857448,0.013020125600086465,0.0013976495099121886,0.675,1
break_even,noise10,1008,25,low_yaw,batch_aware,12,0.675,0.724,0.43749062451733145,0.019952090222492617,0.011765734505751791,0.001459629697638389,0.011795893106767671,0.001459824304096385,0.012524026642230377,0.001393427153159549,0.675,1
break_even,noise10,1008,25,low_yaw,batch_aware,13,0.675,0.724,0.4376930582155016,0.019913941988808956,0.011341649715136086,0.0014544454023795045,0.011368223527389823,0.0014555478581761154,0.012080631045997913,0.001389242834377005,0.675,1
break_even,noise10,1008,25,low_yaw,batch_aware,14,0.675,0.724,0.43769278990944765,0.01986272409705799,0.010960629456084574,0.0014494299871307093,0.010984120413491782,0.0014503240763725073,0.011681222795769506,0.0013850959858518045,0.675,1
break_even,noise10,1008,25,low_yaw,batch_aware,15,0.675,0.724,0.43797709396073164,0.01982652859705436,0.010615767787897355,0.001444701645334556,0.010637279364713646,0.0014453997778852243,0.01131897898711101,0.0013809860516630925,0.675,1
break_even,noise10,1008,25,low_yaw,batch_aware,16,0.675,0.724,0.43756204528939674,0.01981676644696687,0.010301598466977981,0.0014398384187223783,0.010321129994154075,0.0014407084910542085,0.010988471983916412,0.0013769124873688583,0.675,1
break_even,noise10,1008,25,low_yaw,batch_aware,17,0.675,0.724,0.43753749399035413,0.019809523728608204,0.010012989973894704,0.0014353034290617826,0.010031086137789105,0.0014358996820642152,0.010685322774018619,0.0013728747597029853,0.675,1
break_even,noise10,1008,25,low_yaw,batch_aware,18,0.675,0.724,0.437064093140434,0.019814790407654513,0.009747505823932703,0.00143116155509666,0.009764550151288437,0.0014314170922358142,0.010405954088197236,0.0013688723462820134,0.675,1
break_even,noise10,1008,25,low_yaw,batch_aware,19,0.675,0.724,0.43667951400094385,0.019783377294352644,0.009502326150158266,0.0014262585102830293,0.009517815149585261,0.0014272805839047659,0.01014741103459739,0.0013649047353212517,0.675,1
break_even,noise10,1008,25,low_yaw,batch_aware,20,0.675,0.724,0.43540561327570754,0.019745076035872926,0.009274470721201215,0.001421641194477224,0.009288906310687614,0.0014224351413834044,0.009907228459512125,0.0013609714253598904,0.675,1
break_even,noise10,1008,25,low_yaw,batch_aware,21,0.675,0.724,0.4355193212674454,0.01972303148441252,0.009063026499305703,0.001417407180694627,0.009076076434692137,0.00141784417135056,0.009683331298092703,0.0013570719249947766,0.675,1
break_even,noise10,1008,25,low_yaw,batch_aware,22,0.675,0.724,0.43517076312825725,0.01970390659555297,0.008864817962694085,0.0014128601611063732,0.008877356761376054,0.0014136753218719363,0.009473958636724067,0.0013532057526225321,0.675,1
break_even,noise10,1008,25,low_yaw,batch_aware,23,0.675,0.724,0.4352851102860927,0.01967836752440167,0.00867896184277298,0.0014084365540292484,0.008690890330275047,0.001409060178681079,0.009277605095057345,0.0013493724361897084,0.675,1
break_even,noise10,1008,25,low_yaw,batch_aware,24,0.675,0.724,0.4340530732931959,0.019622378320912008,0.008504546450738434,0.001403997559266514,0.008515411724588152,0.0014047263736852791,0.009092975044845665,0.0013455715129506828,0.675,1
break_even,noise10,1008,25,low_yaw,batch_aware,25,0.675,0.724,0.4338075982544482,0.019571915709345675,0.008340591940228874,0.0013989110609398962,0.008350935857864205,0.0014003439997525824,0.008918946470344245,0.0013418025292330127,0.675,1
break_even,noise10,1008,25,low_yaw,ignore_passive,1,0.675,0.724,0.44384487920619026,0.020253784411025395,0.02920902874544906,0.0015174831758127383,0.029661596911714435,0.0015176207608734538,0.029708548058457133,0.0014420991758990944,0.675,1
break_even,noise10,1008,25,low_yaw,ignore_passive,2,0.675,0.724,0.4394409970044822,0.02018607076731462,0.024090490336733984,0.001511351084749213,0.024352312208817718,0.0015129141406245675,0.024925296229904262,0.0014374623748517053,0.675,1
break_even,noise10,1008,25,low_yaw,ignore_passive,3,0.675,0.724,0.44120188671863975,0.020126360228958685,0.02097578629925427,0.0015055819568184814,0.02114454547786317,0.0015067179148232604,0.02189388990593774,0.0014328700144074166,0.675,1
break_even,noise10,1008,25,low_yaw,ignore_passive,4,0.675,0.724,0.4388702493634865,0.020116871034572246,0.018819403169734905,0.001500344997079941,0.01894194006812001,0.0015011362497794314,0.01975352205211325,0.0014283213891835567,0.675,1
break_even,noise10,1008,25,low_yaw,ignore_passive,5,0.675,0.724,0.43886454299266825,0.020070837249107312,0.017216600820198307,0.0014946512956969852,0.017309604921818773,0.0014959571609141802,0.01813880429956713,0.0014238158093732311,0.675,1
break_even,noise10,1008,25,low_yaw,ignore_passive,6,0.675,0.724,0.4394190065342373,0.02001433525552529,0.01596526020067328,0.001489872208584557,0.016038769771449017,0.0014901977452907726,0.016864701210908547,0.0014193526003058972,0.675,1
break_even,noise10,1008,25,low_yaw,ignore_passive,7,0.675,0.724,0.43948709089496474,0.020002890416940155,0.014950974190532422,0.0014850525199222387,0.015011262620444695,0.0014855412298853791,0.01582616042253654,0.0014149311020229885,0.675,1
break_even,noise10,1008,25,low_yaw,ignore_passive,8,0.675,0.724,0.43962371583638243,0.020010186120048592,0.014108980248042722,0.001479666359882696,0.014159341945846777,0.0014807834174582577,0.014958528357870543,0.0014105506688680018,0.675,1
break_even,noise10,1008,25,low_yaw,ignore_passive,9,0.675,0.724,0.43774010830699417,0.01999907104579354,0.013395156359653385,0.0014748771034411496,0.013438330292272795,0.0014754384823751558,0.014219546003628146,0.001406210669090445,0.675,1
break_even,noise10,1008,25,low_yaw,ignore_passive,10,0.675,0.724,0.43738976257844936,0.01997300279879891,0.012779295267962825,0.001469191177294548,0.012817101046251257,0.0014706722520008194,0.013580270767142485,0.0014019104844631188,0.675,1
break_even,noise10,1008,25,low_yaw,ignore_passive,11,0.675,0.724,0.4372236188700343,0.019965877064525437,0.012242414707985327,0.001464181874881352,0.012274717090570916,0.0014650539876857448,0.013020125600086465,0.0013976495099121886,0.675,1
break_even,noise10,1008,25,low_yaw,ignore_passive,12,0.675,0.724,0.43749062451733145,0.019952090222492617,0.011765734505751791,0.001459629697638389,0.011795893106767671,0.001459824304096385,0.012524026642230377,0.001393427153159549,0.675,1
break_even,noise10,1008,25,low_yaw,ignore_passive,13,0.675,0.724,0.4376930582155016,0.019913941988808956,0.011341649715136086,0.0014544454023795045,0.011368223527389823,0.0014555478581761154,0.012080631045997913,0.001389242834377005,0.675,1
break_even,noise10,1008,25,low_yaw,ignore_passive,14,0.675,0.724,0.43769278990944765,0.01986272409705799,0.010960629456084574,0.0014494299871307093,0.010984120413491782,0.0014503240763725073,0.011681222795769506,0.0013850959858518045,0.675,1
break_even,noise10,1008,25,low_yaw,ignore_passive,15,0.675,0.724,0.43797709396073164,0.01982652859705436,0.010615767787897355,0.001444701645334556,0.010637279364713646,0.0014453997778852243,0.01131897898711101,0.0013809860516630925,0.675,1
break_even,noise10,1008,25,low_yaw,ignore_passive,16,0.675,0.724,0.43756204528939674,0.01981676644696687,0.010301598466977981,0.0014398384187223783,0.010321129994154075,0.0014407084910542085,0.010988471983916412,0.0013769124873688583,0.675,1
break_even,noise10,1008,25,low_yaw,ignore_passive,17,0.675,0.724,0.43753749399035413,0.019809523728608204,0.010012989973894704,0.0014353034290617826,0.010031086137789105,0.0014358996820642152,0.010685322774018619,0.0013728747597029853,0.675,1
break_even,noise10,1008,25,low_yaw,ignore_passive,18,0.675,0.724,0.437064093140434,0.019814790407654513,0.009747505823932703,0.00143116155509666,0.009764550151288437,0.0014314170922358142,0.010405954088197236,0.0013688723462820134,0.675,1
break_even,noise10,1008,25,low_yaw,ignore_passive,19,0.675,0.724,0.43667951400094385,0.019783377294352644,0.009502326150158266,0.0014262585102830293,0.009517815149585261,0.0014272805839047659,0.01014741103459739,0.0013649047353212517,0.675,1
break_even,noise10,1008,25,low_yaw,ignore_passive,20,0.675,0.724,0.43540561327570754,0.019745076035872926,0.009274470721201215,0.001421641194477224,0.009288906310687614,0.0014224351413834044,0.009907228459512125,0.0013609714253598904,0.675,1
break_even,noise10,1008,25,low_yaw,ignore_passive,21,0.675,0.724,0.4355193212674454,0.01972303148441252,0.009063026499305703,0.001417407180694627,0.009076076434692137,0.00141784417135056,0.009683331298092703,0.0013570719249947766,0.675,1
break_even,noise10,1008,25,low_yaw,ignore_passive,22,0.675,0.724,0.43517076312825725,0.01970390659555297,0.008864817962694085,0.0014128601611063732,0.008877356761376054,0.0014136753218719363,0.009473958636724067,0.0013532057526225321,0.675,1
break_even,noise10,1008,25,low_yaw,ignore_passive,23,0.675,0.724,0.4352851102860927,0.01967836752440167,0.00867896184277298,0.0014084365540292484,0.008690890330275047,0.001409060178681079,0.009277605095057345,0.0013493724361897084,0.675,1
break_even,noise10,1008,25,low_yaw,ignore_passive,24,0.675,0.724,0.4340530732931959,0.019622378320912008,0.008504546450738434,0.001403997559266514,0.008515411724588152,0.0014047263736852791,0.009092975044845665,0.0013455715129506828,0.675,1
break_even,noise10,1008,25,low_yaw,ignore_passive,25,0.675,0.724,0.4338075982544482,0.019571915709345675,0.008340591940228874,0.0013989110609398962,0.008350935857864205,0.0014003439997525824,0.008918946470344245,0.0013418025292330127,0.675,1
break_even,noise10,1008,25,low_yaw,uncertainty_trigger,1,0.675,0.724,0.44384487920619026,0.020253784411025395,0.02920902874544906,0.0015174831758127383,0.029661596911714435,0.0015176207608734538,0.029708548058457133,0.0014420991758990944,0.675,1
break_even,noise10,1008,25,low_yaw,uncertainty_trigger,2,0.675,0.724,0.4394409970044822,0.02018607076731462,0.024090490336733984,0.001511351084749213,0.024352312208817718,0.0015129141406245675,0.024925296229904262,0.0014374623748517053,0.675,1
break_even,noise10,1008,25,low_yaw,uncertainty_trigger,3,0.675,0.724,0.44120188671863975,0.020126360228958685,0.02097578629925427,0.0015055819568184814,0.02114454547786317,0.0015067179148232604,0.02189388990593774,0.0014328700144074166,0.675,1
break_even,noise10,1008,25,low_yaw,uncertainty_trigger,4,0.675,0.724,0.4388702493634865,0.020116871034572246,0.018819403169734905,0.001500344997079941,0.01894194006812001,0.0015011362497794314,0.01975352205211325,0.0014283213891835567,0.675,1
break_even,noise10,1008,25,low_yaw,uncertainty_trigger,5,0.675,0.724,0.43886454299266825,0.020070837249107312,0.017216600820198307,0.0014946512956969852,0.017309604921818773,0.0014959571609141802,0.01813880429956713,0.0014238158093732311,0.675,1
break_even,noise10,1008,25,low_yaw,uncertainty_trigger,6,0.675,0.724,0.4394190065342373,0.02001433525552529,0.01596526020067328,0.001489872208584557,0.016038769771449017,0.0014901977452907726,0.016864701210908547,0.0014193526003058972,0.675,1
break_even,noise10,1008,25,low_yaw,uncertainty_trigger,7,0.675,0.724,0.43948709089496474,0.020002890416940155,0.014950974190532422,0.0014850525199222387,0.015011262620444695,0.0014855412298853791,0.01582616042253654,0.0014149311020229885,0.675,1
break_even,noise10,1008,25,low_yaw,uncertainty_trigger,8,0.675,0.724,0.43962371583638243,0.020010186120048592,0.014108980248042722,0.001479666359882696,0.014159341945846777,0.0014807834174582577,0.014958528357870543,0.0014105506688680018,0.675,1
break_even,noise10,1008,25,low_yaw,uncertainty_trigger,9,0.675,0.724,0.43774010830699417,0.01999907104579354,0.013395156359653385,0.0014748771034411496,0.013438330292272795,0.0014754384823751558,0.014219546003628146,0.001406210669090445,0.675,1
break_even,noise10,1008,25,low_yaw,uncertainty_trigger,10,0.675,0.724,0.43738976257844936,0.01997300279879891,0.012779295267962825,0.001469191177294548,0.012817101046251257,0.0014706722520008194,0.013580270767142485,0.0014019104844631188,0.675,1
break_even,noise10,1008,25,low_yaw,uncertainty_trigger,11,0.675,0.724,0.4372236188700343,0.019965877064525437,0.012242414707985327,0.001464181874881352,0.012274717090570916,0.0014650539876857448,0.013020125600086465,0.0013976495099121886,0.675,1
break_even,noise10,1008,25,low_yaw,uncertainty_trigger,12,0.675,0.724,0.43749062451733145,0.019952090222492617,0.011765734505751791,0.001459629697638389,0.011795893106767671,0.001459824304096385,0.012524026642230377,0.001393427153159549,0.675,1
break_even,noise10,1008,25,low_yaw,uncertainty_trigger,13,0.675,0.724,0.4376930582155016,0.019913941988808956,0.011341649715136086,0.0014544454023795045,0.011368223527389823,0.0014555478581761154,0.012080631045997913,0.001389242834377005,0.675,1
break_even,noise10,1008,25,low_yaw,uncertainty_trigger,14,0.675,0.724,0.43769278990944765,0.01986272409705799,0.010960629456084574,0.0014494299871307093,0.010984120413491782,0.0014503240763725073,0.011681222795769506,0.0013850959858518045,0.675,1
break_even,noise10,1008,25,low_yaw,uncertainty_trigger,15,0.675,0.724,0.43797709396073164,0.01982652859705436,0.010615767787897355,0.001444701645334556,0.010637279364713646,0.0014453997778852243,0.01131897898711101,0.0013809860516630925,0.675,1
break_even,noise10,1008,25,low_yaw,uncertainty_trigger,16,0.675,0.724,0.43756204528939674,0.01981676644696687,0.010301598466977981,0.0014398384187223783,0.010321129994154075,0.0014407084910542085,0.010988471983916412,0.0013769124873688583,0.675,1
break_even,noise10,1008,25,low_yaw,uncertainty_trigger,17,0.675,0.724,0.43753749399035413,0.019809523728608204,0.010012989973894704,0.0014353034290617826,0.010031086137789105,0.0014358996820642152,0.010685322774018619,0.0013728747597029853,0.675,1
break_even,noise10,1008,25,low_yaw,uncertainty_trigger,18,0.675,0.724,0.437064093140434,0.019814790407654513,0.009747505823932703,0.00143116155509666,0.009764550151288437,0.0014314170922358142,0.010405954088197236,0.0013688723462820134,0.675,1
break_even,noise10,1008,25,low_yaw,uncertainty_trigger,19,0.675,0.724,0.43667951400094385,0.019783377294352644,0.009502326150158266,0.0014262585102830293,0.009517815149585261,0.0014272805839047659,0.01014741103459739,0.0013649047353212517,0.675,1
break_even,noise10,1008,25,low_yaw,uncertainty_trigger,20,0.675,0.724,0.43540561327570754,0.019745076035872926,0.009274470721201215,0.001421641194477224,0.009288906310687614,0.0014224351413834044,0.009907228459512125,0.0013609714253598904,0.675,1
break_even,noise10,1008,25,low_yaw,uncertainty_trigger,21,0.675,0.724,0.4355193212674454,0.01972303148441252,0.009063026499305703,0.001417407180694627,0.009076076434692137,0.00141784417135056,0.009683331298092703,0.0013570719249947766,0.675,1
break_even,noise10,1008,25,low_yaw,uncertainty_trigger,22,0.675,0.724,0.43517076312825725,0.01970390659555297,0.008864817962694085,0.0014128601611063732,0.008877356761376054,0.0014136753218719363,0.009473958636724067,0.0013532057526225321,0.675,1
break_even,noise10,1008,25,low_yaw,uncertainty_trigger,23,0.675,0.724,0.4352851102860927,0.01967836752440167,0.00867896184277298,0.0014084365540292484,0.008690890330275047,0.001409060178681079,0.009277605095057345,0.0013493724361897084,0.675,1
break_even,noise10,1008,25,low_yaw,uncertainty_trigger,24,0.675,0.724,0.4340530732931959,0.019622378320912008,0.008504546450738434,0.001403997559266514,0.008515411724588152,0.0014047263736852791,0.009092975044845665,0.0013455715129506828,0.675,1
break_even,noise10,1008,25,low_yaw,uncertainty_trigger,25,0.675,0.724,0.4338075982544482,0.019571915709345675,0.008340591940228874,0.0013989110609398962,0.008350935857864205,0.0014003439997525824,0.008918946470344245,0.0013418025292330127,0.675,1
break_even,noise10,1009,25,low_yaw,passive,1,0.75,0.798,0.2719624781478152,0.011388959937028544,0.038711660384818374,0.007433894680265438,0.03880685264863509,0.007471369858583857,0.03880685264863509,0.007471369858583857,0.75,1
break_even,noise10,1009,25,low_yaw,passive,2,0.75,0.798,0.2718106785461495,0.00969096378899317,0.028209435813766223,0.006809933907768144,0.028208703490062225,0.007002942046456892,0.02867006601017769,0.007038944494126232,0.75,1
break_even,noise10,1009,25,low_yaw,passive,3,0.75,0.798,0.2708446174728448,0.009745505964674833,0.023269471264690797,0.006448495450157822,0.023272749354899383,0.00645309234966519,0.024020172740302215,0.0066384860318118395,0.7250000000000001,1
break_even,noise10,1009,25,low_yaw,passive,4,0.75,0.798,0.27213217667190803,0.009311988028202173,0.020260139616399553,0.006144551247982859,0.020258056177558083,0.006152616725659658,0.021082754767379797,0.006299420169304703,0.7250000000000001,1
break_even,noise10,1009,25,low_yaw,passive,5,0.7250000000000001,0.774,0.27417363743674905,0.009357079775679627,0.018173817392983023,0.005772052941836524,0.018284695730951078,0.005855276964629705,0.019012582120969193,0.0060075099893429525,0.7250000000000001,1
break_even,noise10,1009,25,low_yaw,passive,6,0.7250000000000001,0.774,0.2762098476464628,0.008232914520625205,0.016626326630809974,0.005471327340564348,0.016710965778778605,0.005531258046138606,0.01745270124162007,0.005752749625802264,0.7250000000000001,1
break_even,noise10,1009,25,low_yaw,passive,7,0.7250000000000001,0.774,0.2734418829158993,0.007769469955448078,0.01541719442069293,0.00523104593023494,0.015484068549278618,0.005262048477598004,0.016222911380993802,0.005527873735470853,0.7250000000000001,1
break_even,noise10,1009,25,low_yaw,passive,8,0.7250000000000001,0.774,0.2750856425510534,0.007633908662349262,0.01444020880981859,0.0049587549322981,0.014494201627774336,0.0050473850593366005,0.01522112249152283,0.005327462278665198,0.7250000000000001,1
break_even,noise10,1009,25,low_yaw,passive,9,0.7250000000000001,0.774,0.2752262024049157,0.007613126040893702,0.013625694791559055,0.004761355553675801,0.013672732431847736,0.004797858838963194,0.014384601473293356,0.005147378590488757,0.7250000000000001,1
break_even,noise10,1009,25,low_yaw,passive,10,0.7250000000000001,0.774,0.27462290414137025,0.00783442263006848,0.0129354633969897,0.004597593403382999,0.012975096112759887,0.004621263934501325,0.013672393053509953,0.00498440337231723,0.7250000000000001,1
break_even,noise10,1009,25,low_yaw,passive,11,0.7250000000000001,0.774,0.2736145345850103,0.007926600861524703,0.012341195911002608,0.004438464092135928,0.012375227834755606,0.004470211752707209,0.013056473723308095,0.004835988676237034,0.7250000000000001,1
break_even,noise10,1009,25,low_yaw,passive,12,0.7250000000000001,0.774,0.2737242638585351,0.007984821166119881,0.01182050023163137,0.004293942982373326,0.01185147305338658,0.004323950446482069,0.012516934924188703,0.004700088000846719,0.7250000000000001,1
break_even,noise10,1009,25,low_yaw,passive,13,0.7250000000000001,0.774,0.2740737869103649,0.007697472637923132,0.011361809938164996,0.004177346619984013,0.011387850339091829,0.0041908025946121715,0.012039191948535968,0.004575036149006505,0.7250000000000001,1
break_even,noise10,1009,25,low_yaw,passive,14,0.7250000000000001,0.774,0.2754461507653688,0.007713345581877397,0.010952243835559629,0.004051763754171411,0.010975570002243898,0.004081690167500453,0.011612283069529647,0.004459462492366464,0.7250000000000001,1
break_even,noise10,1009,25,low_yaw,passive,15,0.7250000000000001,0.774,0.27593309521691534,0.00734780470419219,0.010584462857617587,0.003928506793841883,0.010606072215968097,0.003964324568916747,0.011227788907356541,0.004352227191952611,0.7250000000000001,1
break_even,noise10,1009,25,low_yaw,passive,16,0.7250000000000001,0.774,0.2760766397558195,0.007405516292212948,0.010250990996777572,0.0038328306272061366,0.010270921312644133,0.0038483165431276722,0.010879121315419096,0.004252373523482297,0.7250000000000001,1
break_even,noise10,1009,25,low_yaw,passive,17,0.7250000000000001,0.774,0.27572442696061955,0.007209232240533259,0.009947510985553937,0.003754323241679717,0.009965031117122868,0.003757814184745156,0.010561041177221462,0.004159091712074054,0.7250000000000001,1
break_even,noise10,1009,25,low_yaw,passive,18,0.7250000000000001,0.774,0.2748199351440135,0.006628482375704086,0.009668754514373724,0.003636587930585407,0.009685548905728106,0.0036834786264954376,0.01026949171062638,0.004062419999465119,0.7000000000000001,1
break_even,noise10,1009,25,low_yaw,passive,19,0.7250000000000001,0.774,0.27413800113827824,0.006931972318831096,0.009412508799829175,0.003558441057720025,0.009427646001160691,0.0035719494370463185,0.010000827126896804,0.003972190327483392,0.7000000000000001,1
break_even,noise10,1009,25,low_yaw,passive,20,0.7250000000000001,0.774,0.2735342330306208,0.006823821706866388,0.009175579325310825,0.003472631278540433,0.009189783901527644,0.00349775846745814,0.009752202133767596,0.0038877176000670093,0.7000000000000001,1
break_even,noise10,1009,25,low_yaw,passive,21,0.7250000000000001,0.774,0.27409600796131933,0.006721255039356941,0.008955637432126476,0.0033953762776838367,0.008968739640214858,0.0034151136906867695,0.009521243279317663,0.003808414567643385,0.7000000000000001,1
break_even,noise10,1009,25,low_yaw,passive,22,0.7250000000000001,0.774,0.2746841786977327,0.006971520379562832,0.008750958023950551,0.003334874620823957,0.008763291387643223,0.003342535260001313,0.00930595289251653,0.003733774563131209,0.7000000000000001,1
break_even,noise10,1009,25,low_yaw,passive,23,0.7250000000000001,0.774,0.27546877677288933,0.006750989493624208,0.008559564518064297,0.003262179843303741,0.008571175196448618,0.003285058769187383,0.009104635893056628,0.003663357820643106,0.7000000000000001,1
break_even,noise10,1009,25,low_yaw,passive,24,0.7250000000000001,0.774,0.2748960462443673,0.006897777707311832,0.008380304974725387,0.00320918742654181,0.008391027847216046,0.003215436641993367,0.008915843302487483,0.003596780530111969,0.7000000000000001,1
break_even,noise10,1009,25,low_yaw,passive,25,0.7250000000000001,0.774,0.2754406605871109,0.006807555311858442,0.008211892228809997,0.0031536620599594764,0.008221901130798674,0.00316421584479838,0.00873832813178879,0.0035337060039004,0.7000000000000001,1
break_even,noise10,1009,25,low_yaw,always_probe,1,0.7000000000000001,0.748,0.27300869835867625,0.009699611934126022,0.028659573804083176,0.0014344404538832155,0.028656453017562703,0.0014347881794306546,0.029119546215784102,0.001443701449763439,0.675,1
break_even,noise10,1009,25,low_yaw,always_probe,2,0.7000000000000001,0.748,0.2726327117239209,0.009640448734132275,0.02376088667691351,0.0014283474013217997,0.023765315153096395,0.0014301702820831495,0.02454508027896609,0.0014390594291120013,0.675,1
break_even,noise10,1009,25,low_yaw,always_probe,3,0.675,0.724,0.2720558720685889,0.009650815514508197,0.020737816658297208,0.0014232921494987407,0.020902400026684954,0.0014235446721108619,0.0216148675462303,0.0014344618997356327,0.675,1
break_even,noise10,1009,25,low_yaw,always_probe,4,0.675,0.724,0.27291057339713237,0.009622411859251091,0.018636880416619726,0.0014187348064696689,0.01875461589965435,0.0014186418118799676,0.019533111251523003,0.0014299081554371882,0.675,1
break_even,noise10,1009,25,low_yaw,always_probe,5,0.675,0.724,0.27423316982933715,0.009607008489706654,0.017064419065701896,0.0014128052538998443,0.017155395861951264,0.0014140618911640773,0.017956240386985175,0.001425397505613511,0.675,1
break_even,noise10,1009,25,low_yaw,always_probe,6,0.675,0.724,0.275718970913405,0.009527811003987386,0.01583534649214136,0.001407190012012691,0.015908529771178872,0.0014082082456556562,0.016708438188799513,0.0014209292748154805,0.675,1
break_even,noise10,1009,25,low_yaw,always_probe,7,0.675,0.724,0.2733226960406322,0.009486166373644129,0.014838525586841964,0.0014019478120382801,0.014898486775682068,0.0014026599755725968,0.01568916867323407,0.001416502802323142,0.675,1
break_even,noise10,1009,25,low_yaw,always_probe,8,0.675,0.724,0.27468242308733715,0.009465226552686857,0.014010098741593004,0.0013958214103749187,0.014060150324854038,0.0013974917141579596,0.014836233220307214,0.0014121174417353025,0.675,1
break_even,noise10,1009,25,low_yaw,always_probe,9,0.675,0.724,0.2747376808828489,0.00945400133813929,0.013305540603004495,0.0013904505697716325,0.013348670345306724,0.0013913438984421106,0.014108814505581446,0.0014077725605730158,0.675,1
break_even,noise10,1009,25,low_yaw,always_probe,10,0.675,0.724,0.2747210991798152,0.009455523013830633,0.012697853509871461,0.0013852662099913362,0.012734859572021043,0.0013861008097190836,0.01347886883058381,0.0014034675398964095,0.675,1
break_even,noise10,1009,25,low_yaw,always_probe,11,0.675,0.724,0.27395463835759376,0.009458560860721874,0.012166936414936635,0.0013799422633021376,0.012199333182099018,0.0013809288994293377,0.01292640706109183,0.0013992017739343197,0.675,1
break_even,noise10,1009,25,low_yaw,always_probe,12,0.675,0.724,0.27422415555590823,0.00945401191409473,0.011696589633466198,0.0013748015871830705,0.011725893406675335,0.0013756629163987745,0.0124367451879806,0.0013949746697262343,0.675,1
break_even,noise10,1009,25,low_yaw,always_probe,13,0.675,0.724,0.27475360399449295,0.00940519444057729,0.011277529025048479,0.0013701214323349332,0.011302910951286509,0.00137059147031805,0.011998821313949852,0.0013907856467760661,0.675,1
break_even,noise10,1009,25,low_yaw,always_probe,14,0.675,0.724,0.27633949576355127,0.00940421354199739,0.010899993265098502,0.0013648561764346616,0.010922993969851849,0.0013659467865724101,0.011604122346949393,0.0013866341367172925,0.675,1
break_even,noise10,1009,25,low_yaw,always_probe,15,0.675,0.724,0.27661429461298676,0.009346454749931479,0.010558509692736787,0.0013593410858072361,0.010579917765604897,0.0013607297286443423,0.011245975454639703,0.0013825195829890236,0.675,1
break_even,noise10,1009,25,low_yaw,always_probe,16,0.675,0.724,0.27674616761536486,0.009319573205964918,0.010247128998976826,0.0013545188861743597,0.010266683832242102,0.001355264964277084,0.01091906628427927,0.0013784414405225854,0.675,1
break_even,noise10,1009,25,low_yaw,always_probe,17,0.675,0.724,0.27609918736367606,0.009298198570496035,0.009961504533590338,0.0013503882349448152,0.009979377633655574,0.0013504637790694956,0.010619102884223013,0.0013743991754382105,0.675,1
break_even,noise10,1009,25,low_yaw,always_probe,18,0.675,0.724,0.2752729865022462,0.00921288930469742,0.009698425735513848,0.0013445326387949766,0.009714975338364112,0.0013463663397158766,0.010342575960528106,0.0013703922647514547,0.675,1
break_even,noise10,1009,25,low_yaw,always_probe,19,0.675,0.724,0.2748023735500356,0.009238857781431556,0.00945522528807274,0.0013401035279191024,0.00947044419765157,0.0013405778391439723,0.010086584447442709,0.0013664201960889766,0.675,1
break_even,noise10,1009,25,low_yaw,always_probe,20,0.675,0.724,0.2739817414623466,0.009202133680083052,0.00922950079397261,0.0013348323159166006,0.009243754733515972,0.0013361724064651886,0.00984870635357338,0.0013624824674133254,0.675,1
break_even,noise10,1009,25,low_yaw,always_probe,21,0.675,0.724,0.2742838592666162,0.009173136434876562,0.009018992074900322,0.0013300697972946519,0.009032351611129303,0.0013308904027021877,0.009626901619864296,0.0013585785867564041,0.675,1
break_even,noise10,1009,25,low_yaw,always_probe,22,0.675,0.724,0.27482979178378475,0.009212590645360239,0.008822312460862257,0.0013257811645308933,0.008835048598306647,0.0013262301998758473,0.009419438016051988,0.0013547080719612835,0.675,1
break_even,noise10,1009,25,low_yaw,always_probe,23,0.675,0.724,0.2756548940221966,0.009155114607740954,0.008637948791399657,0.0013205726334705847,0.008649848233090967,0.0013219877756394352,0.009224833884788923,0.0013508704504320642,0.675,1
break_even,noise10,1009,25,low_yaw,always_probe,24,0.675,0.724,0.27524239499232556,0.009170565521864269,0.008464886862680984,0.001316556290569119,0.008475803825344285,0.001316825586521329,0.009041813386047978,0.0013470652588914865,0.675,1
break_even,noise10,1009,25,low_yaw,always_probe,25,0.675,0.724,0.27568801304392887,0.00915079277769356,0.008301570658616936,0.00131222495688986,0.008312080111703516,0.0013128077279344584,0.008869271139460821,0.0013432920431460118,0.675,1
break_even,noise10,1009,25,low_yaw,batch_aware,1,0.7000000000000001,0.748,0.27300869835867625,0.009699611934126022,0.028659573804083176,0.0014344404538832155,0.028656453017562703,0.0014347881794306546,0.029119546215784102,0.001443701449763439,0.675,1
break_even,noise10,1009,25,low_yaw,batch_aware,2,0.7000000000000001,0.748,0.2726327117239209,0.009640448734132275,0.02376088667691351,0.0014283474013217997,0.023765315153096395,0.0014301702820831495,0.02454508027896609,0.0014390594291120013,0.675,1
break_even,noise10,1009,25,low_yaw,batch_aware,3,0.675,0.724,0.2720558720685889,0.009650815514508197,0.020737816658297208,0.0014232921494987407,0.020902400026684954,0.0014235446721108619,0.0216148675462303,0.0014344618997356327,0.675,1
break_even,noise10,1009,25,low_yaw,batch_aware,4,0.675,0.724,0.27291057339713237,0.009622411859251091,0.018636880416619726,0.0014187348064696689,0.01875461589965435,0.0014186418118799676,0.019533111251523003,0.0014299081554371882,0.675,1
break_even,noise10,1009,25,low_yaw,batch_aware,5,0.675,0.724,0.27423316982933715,0.009607008489706654,0.017064419065701896,0.0014128052538998443,0.017155395861951264,0.0014140618911640773,0.017956240386985175,0.001425397505613511,0.675,1
break_even,noise10,1009,25,low_yaw,batch_aware,6,0.675,0.724,0.275718970913405,0.009527811003987386,0.01583534649214136,0.001407190012012691,0.015908529771178872,0.0014082082456556562,0.016708438188799513,0.0014209292748154805,0.675,1
break_even,noise10,1009,25,low_yaw,batch_aware,7,0.675,0.724,0.2733226960406322,0.009486166373644129,0.014838525586841964,0.0014019478120382801,0.014898486775682068,0.0014026599755725968,0.01568916867323407,0.001416502802323142,0.675,1
break_even,noise10,1009,25,low_yaw,batch_aware,8,0.675,0.724,0.27468242308733715,0.009465226552686857,0.014010098741593004,0.0013958214103749187,0.014060150324854038,0.0013974917141579596,0.014836233220307214,0.0014121174417353025,0.675,1
break_even,noise10,1009,25,low_yaw,batch_aware,9,0.675,0.724,0.2747376808828489,0.00945400133813929,0.013305540603004495,0.0013904505697716325,0.013348670345306724,0.0013913438984421106,0.014108814505581446,0.0014077725605730158,0.675,1
break_even,noise10,1009,25,low_yaw,batch_aware,10,0.675,0.724,0.2747210991798152,0.009455523013830633,0.012697853509871461,0.0013852662099913362,0.012734859572021043,0.0013861008097190836,0.01347886883058381,0.0014034675398964095,0.675,1
break_even,noise10,1009,25,low_yaw,batch_aware,11,0.675,0.724,0.27395463835759376,0.009458560860721874,0.012166936414936635,0.0013799422633021376,0.012199333182099018,0.0013809288994293377,0.01292640706109183,0.0013992017739343197,0.675,1
break_even,noise10,1009,25,low_yaw,batch_aware,12,0.675,0.724,0.27422415555590823,0.00945401191409473,0.011696589633466198,0.0013748015871830705,0.011725893406675335,0.0013756629163987745,0.0124367451879806,0.0013949746697262343,0.675,1
break_even,noise10,1009,25,low_yaw,batch_aware,13,0.675,0.724,0.27475360399449295,0.00940519444057729,0.011277529025048479,0.0013701214323349332,0.011302910951286509,0.00137059147031805,0.011998821313949852,0.0013907856467760661,0.675,1
break_even,noise10,1009,25,low_yaw,batch_aware,14,0.675,0.724,0.27633949576355127,0.00940421354199739,0.010899993265098502,0.0013648561764346616,0.010922993969851849,0.0013659467865724101,0.011604122346949393,0.0013866341367172925,0.675,1
break_even,noise10,1009,25,low_yaw,batch_aware,15,0.675,0.724,0.27661429461298676,0.009346454749931479,0.010558509692736787,0.0013593410858072361,0.010579917765604897,0.0013607297286443423,0.011245975454639703,0.0013825195829890236,0.675,1
break_even,noise10,1009,25,low_yaw,batch_aware,16,0.675,0.724,0.27674616761536486,0.009319573205964918,0.010247128998976826,0.0013545188861743597,0.010266683832242102,0.001355264964277084,0.01091906628427927,0.0013784414405225854,0.675,1
break_even,noise10,1009,25,low_yaw,batch_aware,17,0.675,0.724,0.27609918736367606,0.009298198570496035,0.009961504533590338,0.0013503882349448152,0.009979377633655574,0.0013504637790694956,0.010619102884223013,0.0013743991754382105,0.675,1
break_even,noise10,1009,25,low_yaw,batch_aware,18,0.675,0.724,0.2752729865022462,0.00921288930469742,0.009698425735513848,0.0013445326387949766,0.009714975338364112,0.0013463663397158766,0.010342575960528106,0.0013703922647514547,0.675,1
break_even,noise10,1009,25,low_yaw,batch_aware,19,0.675,0.724,0.2748023735500356,0.009238857781431556,0.00945522528807274,0.0013401035279191024,0.00947044419765157,0.0013405778391439723,0.010086584447442709,0.0013664201960889766,0.675,1
break_even,noise10,1009,25,low_yaw,batch_aware,20,0.675,0.724,0.2739817414623466,0.009202133680083052,0.00922950079397261,0.0013348323159166006,0.009243754733515972,0.0013361724064651886,0.00984870635357338,0.0013624824674133254,0.675,1
break_even,noise10,1009,25,low_yaw,batch_aware,21,0.675,0.724,0.2742838592666162,0.009173136434876562,0.009018992074900322,0.0013300697972946519,0.009032351611129303,0.0013308904027021877,0.009626901619864296,0.0013585785867564041,0.675,1
break_even,noise10,1009,25,low_yaw,batch_aware,22,0.675,0.724,0.27482979178378475,0.009212590645360239,0.008822312460862257,0.0013257811645308933,0.008835048598306647,0.0013262301998758473,0.009419438016051988,0.0013547080719612835,0.675,1
break_even,noise10,1009,25,low_yaw,batch_aware,23,0.675,0.724,0.2756548940221966,0.009155114607740954,0.008637948791399657,0.0013205726334705847,0.008649848233090967,0.0013219877756394352,0.009224833884788923,0.0013508704504320642,0.675,1
break_even,noise10,1009,25,low_yaw,batch_aware,24,0.675,0.724,0.27524239499232556,0.009170565521864269,0.008464886862680984,0.001316556290569119,0.008475803825344285,0.001316825586521329,0.009041813386047978,0.0013470652588914865,0.675,1
break_even,noise10,1009,25,low_yaw,batch_aware,25,0.675,0.724,0.27568801304392887,0.00915079277769356,0.008301570658616936,0.00131222495688986,0.008312080111703516,0.0013128077279344584,0.008869271139460821,0.0013432920431460118,0.675,1
break_even,noise10,1009,25,low_yaw,ignore_passive,1,0.7000000000000001,0.748,0.27300869835867625,0.009699611934126022,0.028659573804083176,0.0014344404538832155,0.028656453017562703,0.0014347881794306546,0.029119546215784102,0.001443701449763439,0.675,1
break_even,noise10,1009,25,low_yaw,ignore_passive,2,0.7000000000000001,0.748,0.2726327117239209,0.009640448734132275,0.02376088667691351,0.0014283474013217997,0.023765315153096395,0.0014301702820831495,0.02454508027896609,0.0014390594291120013,0.675,1
break_even,noise10,1009,25,low_yaw,ignore_passive,3,0.675,0.724,0.2720558720685889,0.009650815514508197,0.020737816658297208,0.0014232921494987407,0.020902400026684954,0.0014235446721108619,0.0216148675462303,0.0014344618997356327,0.675,1
break_even,noise10,1009,25,low_yaw,ignore_passive,4,0.675,0.724,0.27291057339713237,0.009622411859251091,0.018636880416619726,0.0014187348064696689,0.01875461589965435,0.0014186418118799676,0.019533111251523003,0.0014299081554371882,0.675,1
break_even,noise10,1009,25,low_yaw,ignore_passive,5,0.675,0.724,0.27423316982933715,0.009607008489706654,0.017064419065701896,0.0014128052538998443,0.017155395861951264,0.0014140618911640773,0.017956240386985175,0.001425397505613511,0.675,1
break_even,noise10,1009,25,low_yaw,ignore_passive,6,0.675,0.724,0.275718970913405,0.009527811003987386,0.01583534649214136,0.001407190012012691,0.015908529771178872,0.0014082082456556562,0.016708438188799513,0.0014209292748154805,0.675,1
break_even,noise10,1009,25,low_yaw,ignore_passive,7,0.675,0.724,0.2733226960406322,0.009486166373644129,0.014838525586841964,0.0014019478120382801,0.014898486775682068,0.0014026599755725968,0.01568916867323407,0.001416502802323142,0.675,1
break_even,noise10,1009,25,low_yaw,ignore_passive,8,0.675,0.724,0.27468242308733715,0.009465226552686857,0.014010098741593004,0.0013958214103749187,0.014060150324854038,0.0013974917141579596,0.014836233220307214,0.0014121174417353025,0.675,1
break_even,noise10,1009,25,low_yaw,ignore_passive,9,0.675,0.724,0.2747376808828489,0.00945400133813929,0.013305540603004495,0.0013904505697716325,0.013348670345306724,0.0013913438984421106,0.014108814505581446,0.0014077725605730158,0.675,1
break_even,noise10,1009,25,low_yaw,ignore_passive,10,0.675,0.724,0.2747210991798152,0.009455523013830633,0.012697853509871461,0.0013852662099913362,0.012734859572021043,0.0013861008097190836,0.01347886883058381,0.0014034675398964095,0.675,1
break_even,noise10,1009,25,low_yaw,ignore_passive,11,0.675,0.724,0.27395463835759376,0.009458560860721874,0.012166936414936635,0.0013799422633021376,0.012199333182099018,0.0013809288994293377,0.01292640706109183,0.0013992017739343197,0.675,1
break_even,noise10,1009,25,low_yaw,ignore_passive,12,0.675,0.724,0.27422415555590823,0.00945401191409473,0.011696589633466198,0.0013748015871830705,0.011725893406675335,0.0013756629163987745,0.0124367451879806,0.0013949746697262343,0.675,1
break_even,noise10,1009,25,low_yaw,ignore_passive,13,0.675,0.724,0.27475360399449295,0.00940519444057729,0.011277529025048479,0.0013701214323349332,0.011302910951286509,0.00137059147031805,0.011998821313949852,0.0013907856467760661,0.675,1
break_even,noise10,1009,25,low_yaw,ignore_passive,14,0.675,0.724,0.27633949576355127,0.00940421354199739,0.010899993265098502,0.0013648561764346616,0.010922993969851849,0.0013659467865724101,0.011604122346949393,0.0013866341367172925,0.675,1
break_even,noise10,1009,25,low_yaw,ignore_passive,15,0.675,0.724,0.27661429461298676,0.009346454749931479,0.010558509692736787,0.0013593410858072361,0.010579917765604897,0.0013607297286443423,0.011245975454639703,0.0013825195829890236,0.675,1
break_even,noise10,1009,25,low_yaw,ignore_passive,16,0.675,0.724,0.27674616761536486,0.009319573205964918,0.010247128998976826,0.0013545188861743597,0.010266683832242102,0.001355264964277084,0.01091906628427927,0.0013784414405225854,0.675,1
break_even,noise10,1009,25,low_yaw,ignore_passive,17,0.675,0.724,0.27609918736367606,0.009298198570496035,0.009961504533590338,0.0013503882349448152,0.009979377633655574,0.0013504637790694956,0.010619102884223013,0.0013743991754382105,0.675,1
break_even,noise10,1009,25,low_yaw,ignore_passive,18,0.675,0.724,0.2752729865022462,0.00921288930469742,0.009698425735513848,0.0013445326387949766,0.009714975338364112,0.0013463663397158766,0.010342575960528106,0.0013703922647514547,0.675,1
break_even,noise10,1009,25,low_yaw,ignore_passive,19,0.675,0.724,0.2748023735500356,0.009238857781431556,0.00945522528807274,0.0013401035279191024,0.00947044419765157,0.0013405778391439723,0.010086584447442709,0.0013664201960889766,0.675,1
break_even,noise10,1009,25,low_yaw,ignore_passive,20,0.675,0.724,0.2739817414623466,0.009202133680083052,0.00922950079397261,0.0013348323159166006,0.009243754733515972,0.0013361724064651886,0.00984870635357338,0.0013624824674133254,0.675,1
break_even,noise10,1009,25,low_yaw,ignore_passive,21,0.675,0.724,0.2742838592666162,0.009173136434876562,0.009018992074900322,0.0013300697972946519,0.009032351611129303,0.0013308904027021877,0.009626901619864296,0.0013585785867564041,0.675,1
break_even,noise10,1009,25,low_yaw,ignore_passive,22,0.675,0.724,0.27482979178378475,0.009212590645360239,0.008822312460862257,0.0013257811645308933,0.008835048598306647,0.0013262301998758473,0.009419438016051988,0.0013547080719612835,0.675,1
break_even,noise10,1009,25,low_yaw,ignore_passive,23,0.675,0.724,0.2756548940221966,0.009155114607740954,0.008637948791399657,0.0013205726334705847,0.008649848233090967,0.0013219877756394352,0.009224833884788923,0.0013508704504320642,0.675,1
break_even,noise10,1009,25,low_yaw,ignore_passive,24,0.675,0.724,0.27524239499232556,0.009170565521864269,0.008464886862680984,0.001316556290569119,0.008475803825344285,0.001316825586521329,0.009041813386047978,0.0013470652588914865,0.675,1
break_even,noise10,1009,25,low_yaw,ignore_passive,25,0.675,0.724,0.27568801304392887,0.00915079277769356,0.008301570658616936,0.00131222495688986,0.008312080111703516,0.0013128077279344584,0.008869271139460821,0.0013432920431460118,0.675,1
break_even,noise10,1009,25,low_yaw,uncertainty_trigger,1,0.7000000000000001,0.748,0.27300869835867625,0.009699611934126022,0.028659573804083176,0.0014344404538832155,0.028656453017562703,0.0014347881794306546,0.029119546215784102,0.001443701449763439,0.675,1
break_even,noise10,1009,25,low_yaw,uncertainty_trigger,2,0.7000000000000001,0.748,0.2726327117239209,0.009640448734132275,0.02376088667691351,0.0014283474013217997,0.023765315153096395,0.0014301702820831495,0.02454508027896609,0.0014390594291120013,0.675,1
break_even,noise10,1009,25,low_yaw,uncertainty_trigger,3,0.675,0.724,0.2720558720685889,0.009650815514508197,0.020737816658297208,0.0014232921494987407,0.020902400026684954,0.0014235446721108619,0.0216148675462303,0.0014344618997356327,0.675,1
break_even,noise10,1009,25,low_yaw,uncertainty_trigger,4,0.675,0.724,0.27291057339713237,0.009622411859251091,0.018636880416619726,0.0014187348064696689,0.01875461589965435,0.0014186418118799676,0.019533111251523003,0.0014299081554371882,0.675,1
break_even,noise10,1009,25,low_yaw,uncertainty_trigger,5,0.675,0.724,0.27423316982933715,0.009607008489706654,0.017064419065701896,0.0014128052538998443,0.017155395861951264,0.0014140618911640773,0.017956240386985175,0.001425397505613511,0.675,1
break_even,noise10,1009,25,low_yaw,uncertainty_trigger,6,0.675,0.724,0.275718970913405,0.009527811003987386,0.01583534649214136,0.001407190012012691,0.015908529771178872,0.0014082082456556562,0.016708438188799513,0.0014209292748154805,0.675,1
break_even,noise10,1009,25,low_yaw,uncertainty_trigger,7,0.675,0.724,0.2733226960406322,0.009486166373644129,0.014838525586841964,0.0014019478120382801,0.014898486775682068,0.0014026599755725968,0.01568916867323407,0.001416502802323142,0.675,1
break_even,noise10,1009,25,low_yaw,uncertainty_trigger,8,0.675,0.724,0.27468242308733715,0.009465226552686857,0.014010098741593004,0.0013958214103749187,0.014060150324854038,0.0013974917141579596,0.014836233220307214,0.0014121174417353025,0.675,1
break_even,noise10,1009,25,low_yaw,uncertainty_trigger,9,0.675,0.724,0.2747376808828489,0.00945400133813929,0.013305540603004495,0.0013904505697716325,0.013348670345306724,0.0013913438984421106,0.014108814505581446,0.0014077725605730158,0.675,1
break_even,noise10,1009,25,low_yaw,uncertainty_trigger,10,0.675,0.724,0.2747210991798152,0.009455523013830633,0.012697853509871461,0.0013852662099913362,0.012734859572021043,0.0013861008097190836,0.01347886883058381,0.0014034675398964095,0.675,1
break_even,noise10,1009,25,low_yaw,uncertainty_trigger,11,0.675,0.724,0.27395463835759376,0.009458560860721874,0.012166936414936635,0.0013799422633021376,0.012199333182099018,0.0013809288994293377,0.01292640706109183,0.0013992017739343197,0.675,1
break_even,noise10,1009,25,low_yaw,uncertainty_trigger,12,0.675,0.724,0.27422415555590823,0.00945401191409473,0.011696589633466198,0.0013748015871830705,0.011725893406675335,0.0013756629163987745,0.0124367451879806,0.0013949746697262343,0.675,1
break_even,noise10,1009,25,low_yaw,uncertainty_trigger,13,0.675,0.724,0.27475360399449295,0.00940519444057729,0.011277529025048479,0.0013701214323349332,0.011302910951286509,0.00137059147031805,0.011998821313949852,0.0013907856467760661,0.675,1
break_even,noise10,1009,25,low_yaw,uncertainty_trigger,14,0.675,0.724,0.27633949576355127,0.00940421354199739,0.010899993265098502,0.0013648561764346616,0.010922993969851849,0.0013659467865724101,0.011604122346949393,0.0013866341367172925,0.675,1
break_even,noise10,1009,25,low_yaw,uncertainty_trigger,15,0.675,0.724,0.27661429461298676,0.009346454749931479,0.010558509692736787,0.0013593410858072361,0.010579917765604897,0.0013607297286443423,0.011245975454639703,0.0013825195829890236,0.675,1
break_even,noise10,1009,25,low_yaw,uncertainty_trigger,16,0.675,0.724,0.27674616761536486,0.009319573205964918,0.010247128998976826,0.0013545188861743597,0.010266683832242102,0.001355264964277084,0.01091906628427927,0.0013784414405225854,0.675,1
break_even,noise10,1009,25,low_yaw,uncertainty_trigger,17,0.675,0.724,0.27609918736367606,0.009298198570496035,0.009961504533590338,0.0013503882349448152,0.009979377633655574,0.0013504637790694956,0.010619102884223013,0.0013743991754382105,0.675,1
break_even,noise10,1009,25,low_yaw,uncertainty_trigger,18,0.675,0.724,0.2752729865022462,0.00921288930469742,0.009698425735513848,0.0013445326387949766,0.009714975338364112,0.0013463663397158766,0.010342575960528106,0.0013703922647514547,0.675,1
break_even,noise10,1009,25,low_yaw,uncertainty_trigger,19,0.675,0.724,0.2748023735500356,0.009238857781431556,0.00945522528807274,0.0013401035279191024,0.00947044419765157,0.0013405778391439723,0.010086584447442709,0.0013664201960889766,0.675,1
break_even,noise10,1009,25,low_yaw,uncertainty_trigger,20,0.675,0.724,0.2739817414623466,0.009202133680083052,0.00922950079397261,0.0013348323159166006,0.009243754733515972,0.0013361724064651886,0.00984870635357338,0.0013624824674133254,0.675,1
break_even,noise10,1009,25,low_yaw,uncertainty_trigger,21,0.675,0.724,0.2742838592666162,0.009173136434876562,0.009018992074900322,0.0013300697972946519,0.009032351611129303,0.0013308904027021877,0.009626901619864296,0.0013585785867564041,0.675,1
break_even,noise10,1009,25,low_yaw,uncertainty_trigger,22,0.675,0.724,0.27482979178378475,0.009212590645360239,0.008822312460862257,0.0013257811645308933,0.008835048598306647,0.0013262301998758473,0.009419438016051988,0.0013547080719612835,0.675,1
break_even,noise10,1009,25,low_yaw,uncertainty_trigger,23,0.675,0.724,0.2756548940221966,0.009155114607740954,0.008637948791399657,0.0013205726334705847,0.008649848233090967,0.0013219877756394352,0.009224833884788923,0.0013508704504320642,0.675,1
break_even,noise10,1009,25,low_yaw,uncertainty_trigger,24,0.675,0.724,0.27524239499232556,0.009170565521864269,0.008464886862680984,0.001316556290569119,0.008475803825344285,0.001316825586521329,0.009041813386047978,0.0013470652588914865,0.675,1
break_even,noise10,1009,25,low_yaw,uncertainty_trigger,25,0.675,0.724,0.27568801304392887,0.00915079277769356,0.008301570658616936,0.00131222495688986,0.008312080111703516,0.0013128077279344584,0.008869271139460821,0.0013432920431460118,0.675,1
break_even,noise10,1010,25,low_yaw,passive,1,0.8,0.848,0.3457262435948979,0.012725100421245937,0.0377510919959782,0.007432226939276007,0.037846307041331594,0.007537287058852589,0.037846307041331594,0.007537287058852589,0.8,1
break_even,noise10,1010,25,low_yaw,passive,2,0.8,0.848,0.3363766975499172,0.012383821107821422,0.02745996540619767,0.00704026939418184,0.027461673011374893,0.0070735285284813905,0.027893522908163465,0.007163991855471949,0.8,1
break_even,noise10,1010,25,low_yaw,passive,3,0.775,0.8240000000000001,0.33486005965628224,0.013274455284873575,0.02264410921888502,0.0066399801384270565,0.022859042007285685,0.0067069119475124065,0.023110183525381908,0.0068411789374028305,0.8,1
break_even,noise10,1010,25,low_yaw,passive,4,0.775,0.8240000000000001,0.33866988609476734,0.013833257811465334,0.019708758588770445,0.006310822794043492,0.019846488410172343,0.006364335544860599,0.02031319901329142,0.0065323274917596375,0.775,1
break_even,noise10,1010,25,low_yaw,passive,5,0.775,0.8240000000000001,0.33604327755629293,0.01370428828736987,0.017678054884535638,0.006023385050665591,0.017779748639293703,0.006074137841427074,0.018335119248379102,0.006261853012215319,0.775,1
break_even,noise10,1010,25,low_yaw,passive,6,0.775,0.8240000000000001,0.334847267587642,0.013435718199742389,0.01616823488212727,0.00574525257480495,0.01624719832078901,0.0058144893592689895,0.016841241510479533,0.006022414040390784,0.775,1
break_even,noise10,1010,25,low_yaw,passive,7,0.775,0.8240000000000001,0.3362857541766164,0.012869406465465546,0.01498975761025489,0.0054928207603766495,0.015050760923710865,0.005564269843707851,0.01566160155234109,0.005808495917994027,0.775,1
break_even,noise10,1010,25,low_yaw,passive,8,0.775,0.8240000000000001,0.3364648610662084,0.012526820151191932,0.014038835596612504,0.005285478011355358,0.014087832192078714,0.005326274414606726,0.014699521557067973,0.005615865035172049,0.775,1
break_even,noise10,1010,25,low_yaw,passive,9,0.775,0.8240000000000001,0.3360606685547392,0.012621739358382329,0.013247311203416665,0.005103440337690732,0.013289455119478292,0.005136086844811626,0.013895420143833374,0.00544120997622212,0.775,1
break_even,noise10,1010,25,low_yaw,passive,10,0.775,0.8240000000000001,0.3356277088658401,0.012269012539899262,0.012576463894204356,0.004950545395069046,0.012611981763477444,0.004972719373834375,0.013210312703161217,0.00528189834459183,0.775,1
break_even,noise10,1010,25,low_yaw,passive,11,0.775,0.8240000000000001,0.3344855021111039,0.011905983102324977,0.01199800736984341,0.004802847011933125,0.012029240716582996,0.004830186907056878,0.012617477097533965,0.00513580763180866,0.775,1
break_even,noise10,1010,25,low_yaw,passive,12,0.775,0.8240000000000001,0.3358399761727701,0.01139517752159891,0.011491664864975078,0.004646198909011428,0.011519757304236933,0.004690806609736967,0.012097902171993913,0.005001204880499073,0.775,1
break_even,noise10,1010,25,low_yaw,passive,13,0.775,0.8240000000000001,0.3355063794462693,0.011211130795251231,0.011045247967103024,0.004519713342710113,0.011069616780362211,0.004545092735487522,0.011637644189058903,0.004876659332549969,0.775,1
break_even,noise10,1010,25,low_yaw,passive,14,0.775,0.8240000000000001,0.3367236662178114,0.011444374548262816,0.010647937372742396,0.004411720105761271,0.010669383496816199,0.004425825393436577,0.01122621275521184,0.004760977883377825,0.775,1
break_even,noise10,1010,25,low_yaw,passive,15,0.775,0.8240000000000001,0.33681409241238586,0.011150363943060846,0.010289495105771406,0.00428496498378933,0.010309017492843419,0.0043250356886019485,0.010855543678197799,0.0046531566237431625,0.775,1
break_even,noise10,1010,25,low_yaw,passive,16,0.775,0.8240000000000001,0.3352324702451252,0.01108130555141309,0.009965155438282504,0.004169697227314972,0.009983398497984373,0.004204615284224715,0.010519322127519373,0.004552343935454703,0.775,1
break_even,noise10,1010,25,low_yaw,passive,17,0.775,0.8240000000000001,0.33533220153939014,0.011017598969940161,0.00966991759825941,0.004061863261124222,0.009685798805611446,0.004091518338191239,0.010212523132045298,0.004457812020345461,0.775,1
break_even,noise10,1010,25,low_yaw,passive,18,0.775,0.8240000000000001,0.3363940149827393,0.011176944813613686,0.009398862582384326,0.003969828885759606,0.009414160588018045,0.003989462320172422,0.009931091477623893,0.004368934675690691,0.775,1
break_even,noise10,1010,25,low_yaw,passive,19,0.75,0.798,0.3362989093204614,0.010769329613386912,0.009164019691089266,0.0038634003202861027,0.009163901414676141,0.003899087959827913,0.009671713632926746,0.004285169758482019,0.775,1
break_even,noise10,1010,25,low_yaw,passive,20,0.75,0.798,0.3364002243388935,0.010863440541907013,0.008945694038504223,0.003789225405054648,0.008945573907245008,0.0037951820687621538,0.009431651985489418,0.004206045212585161,0.775,1
break_even,noise10,1010,25,low_yaw,passive,21,0.75,0.798,0.33615183566687956,0.010864080281410235,0.008742041484948752,0.003712033947105247,0.008742252056538655,0.0037271040596006375,0.00920862221985334,0.004131147833696133,0.775,1
break_even,noise10,1010,25,low_yaw,passive,22,0.75,0.798,0.335864108100913,0.010576687485378074,0.008551735701637224,0.0036382665784472886,0.008551724669735935,0.003653958939140456,0.009000799364467946,0.004053042783650699,0.75,1
break_even,noise10,1010,25,low_yaw,passive,23,0.75,0.798,0.3352745818395578,0.010644989542285606,0.008373462301945463,0.0035655646963899555,0.008373407021979635,0.003583141736954844,0.008806440502704398,0.003979206611721681,0.75,1
break_even,noise10,1010,25,low_yaw,passive,24,0.75,0.798,0.3351031033548485,0.010793268712186244,0.008205754035653668,0.0035005323605646686,0.008205821054958099,0.0035133420455224756,0.00862415193054597,0.003909264106049571,0.75,1
break_even,noise10,1010,25,low_yaw,passive,25,0.75,0.798,0.33553522608248226,0.010853418452832244,0.008047825411118151,0.0034487435766875317,0.008048003854559336,0.0034512405363486035,0.008452733900317214,0.0038428846595798317,0.75,1
break_even,noise10,1010,25,low_yaw,always_probe,1,0.7250000000000001,0.774,0.33880398230959463,0.014125294504394465,0.028265748486959615,0.0014599094958143413,0.028694476190584378,0.0014606883621834377,0.028729412026430992,0.001440980202119687,0.7250000000000001,1
break_even,noise10,1010,25,low_yaw,always_probe,2,0.7250000000000001,0.774,0.3352680950784481,0.014107871548206308,0.023311161085403074,0.0014559179263240677,0.023544997466203567,0.0014561327291468195,0.02406615285250829,0.0014372232953242334,0.7250000000000001,1
break_even,noise10,1010,25,low_yaw,always_probe,3,0.7250000000000001,0.774,0.33430564939575313,0.014146146356208023,0.02029509979625361,0.001451631513668696,0.020448001418938953,0.0014522022856806058,0.02112133716209608,0.0014334956210233735,0.7250000000000001,1
break_even,noise10,1010,25,low_yaw,always_probe,4,0.7250000000000001,0.774,0.33780133390667094,0.014177213492775249,0.018208482795443324,0.0014473558084754916,0.018317828048708677,0.0014479685741239938,0.019046373445533928,0.0014297968020762714,0.7250000000000001,1
break_even,noise10,1010,25,low_yaw,always_probe,5,0.7250000000000001,0.774,0.3362758262006473,0.014158672534567929,0.016655436573768022,0.001442876949093696,0.016739059801158238,0.0014437126625552246,0.017483089581411874,0.0014261264681190418,0.7250000000000001,1
break_even,noise10,1010,25,low_yaw,always_probe,6,0.7250000000000001,0.774,0.33540058586354476,0.014141765559558688,0.015441526010479063,0.0014382748935617459,0.015509710275790498,0.0014392425547836687,0.016250731709211447,0.0014224842554089788,0.7250000000000001,1
break_even,noise10,1010,25,low_yaw,always_probe,7,0.7250000000000001,0.774,0.33640824211113785,0.014117686749463355,0.014459737503212357,0.0014340550663513542,0.014514295164882677,0.0014347090032714252,0.015246920363002169,0.0014188698066731396,0.7250000000000001,1
break_even,noise10,1010,25,low_yaw,always_probe,8,0.7250000000000001,0.774,0.33661091186581343,0.014082992659661862,0.01364612974665104,0.0014297093943801602,0.01369130313839335,0.0014304018593789321,0.014408755308647003,0.001415282770961137,0.7250000000000001,1
break_even,noise10,1010,25,low_yaw,always_probe,9,0.7250000000000001,0.774,0.33643179696271897,0.014086973905182574,0.01295509848817082,0.0014253972119260712,0.012994386053548718,0.0014261002103257434,0.013695177490599501,0.0014117228035020089,0.7250000000000001,1
break_even,noise10,1010,25,low_yaw,always_probe,10,0.7250000000000001,0.774,0.33588870720866904,0.01403930720022795,0.012358650569576165,0.0014215324861999918,0.012393328088828754,0.00142191041305567,0.013078095263962617,0.0014081895655650236,0.7250000000000001,1
break_even,noise10,1010,25,low_yaw,always_probe,11,0.7250000000000001,0.774,0.33487934733438823,0.014012843748116293,0.011837938275421445,0.0014175717092074454,0.011868334843826702,0.0014180676951634143,0.012537553319584768,0.0014046827243243002,0.7250000000000001,1
break_even,noise10,1010,25,low_yaw,always_probe,12,0.7250000000000001,0.774,0.3360518473787886,0.013951364384317311,0.01137738393866708,0.0014128720588728642,0.011404585964952403,0.0014141042400661326,0.012058933703164505,0.001401201952727121,0.7250000000000001,1
break_even,noise10,1010,25,low_yaw,always_probe,13,0.7250000000000001,0.774,0.3357601930010325,0.013913758082584734,0.010967305072844321,0.001408785575608471,0.010991292196817166,0.0014094791601050726,0.011631250333289026,0.0013977469293658135,0.7250000000000001,1
break_even,noise10,1010,25,low_yaw,always_probe,14,0.7250000000000001,0.774,0.3368373553933485,0.01392148716954986,0.010599291447558898,0.001405076727266111,0.01062067681856072,0.0014054094625127612,0.011246065538914128,0.0013943173383530899,0.7250000000000001,1
break_even,noise10,1010,25,low_yaw,always_probe,15,0.7250000000000001,0.774,0.33689499103388854,0.01387228905414945,0.01026466806744636,0.0014007605484197994,0.010284463520405098,0.0014017395827811282,0.010896777140737304,0.001390912869200736,0.7250000000000001,1
break_even,noise10,1010,25,low_yaw,always_probe,16,0.7250000000000001,0.774,0.3353485632532206,0.013844740081144172,0.009960410873643952,0.0013961373344227239,0.009978633803951763,0.0013974370594104482,0.01057813505724081,0.001387533216701543,0.7250000000000001,1
break_even,noise10,1010,25,low_yaw,always_probe,17,0.7250000000000001,0.774,0.3351954170708794,0.013821778100364175,0.009681778352431385,0.0013916751605827593,0.009697892287931768,0.0013926992174005722,0.010285904923195272,0.0013841780808143789,0.7250000000000001,1
break_even,noise10,1010,25,low_yaw,always_probe,18,0.7250000000000001,0.774,0.3360717517270683,0.013834378388884133,0.009424742252280514,0.0013874634212028567,0.0094402786224082,0.00138827073092927,0.01001662864426523,0.0013808471665523016,0.7250000000000001,1
break_even,noise10,1010,25,low_yaw,always_probe,19,0.7250000000000001,0.774,0.33599091367325307,0.013771220745666037,0.00918790964317113,0.0013828207985130993,0.009201832686842151,0.001384219845958244,0.009767450514774682,0.0013775401838736208,0.7250000000000001,1
break_even,noise10,1010,25,low_yaw,always_probe,20,0.7250000000000001,0.774,0.3361078406334913,0.013768948742065143,0.008967828030849612,0.0013793045026585069,0.008980761152690237,0.0013794996147474215,0.00953598868686632,0.0013742568475758152,0.7250000000000001,1
break_even,noise10,1010,25,low_yaw,always_probe,21,0.7250000000000001,0.774,0.335862724401698,0.013753315798081546,0.008762610128445187,0.0013753785623469895,0.008775006012590143,0.0013761087633624646,0.009320238643793454,0.0013709968771922192,0.7250000000000001,1
break_even,noise10,1010,25,low_yaw,always_probe,22,0.7250000000000001,0.774,0.3355850234204452,0.01369470320177456,0.008570913611650483,0.0013714555357379496,0.00858229699739089,0.0013722289456701722,0.009118499666623495,0.0013677599968913896,0.7250000000000001,1
break_even,noise10,1010,25,low_yaw,always_probe,23,0.7250000000000001,0.774,0.3350064440596494,0.01369273986276621,0.008391394750703404,0.0013674590273917472,0.0084020308789233,0.0013683246167980436,0.008929318089558592,0.0013645459353790776,0.7250000000000001,1
break_even,noise10,1010,25,low_yaw,always_probe,24,0.7250000000000001,0.774,0.3348487821919204,0.013696184492399352,0.008222566066840976,0.0013637012270339307,0.008232690682076039,0.001364335143578332,0.008751442994156497,0.00136135442580272,0.7250000000000001,1
break_even,noise10,1010,25,low_yaw,always_probe,25,0.7250000000000001,0.774,0.33528784847578136,0.013692191630885489,0.00806362221638193,0.0013605030713820907,0.008073289261776811,0.001360606012263488,0.008583791243300816,0.0013581852056583769,0.7250000000000001,1
break_even,noise10,1010,25,low_yaw,batch_aware,1,0.7250000000000001,0.774,0.33880398230959463,0.014125294504394465,0.028265748486959615,0.0014599094958143413,0.028694476190584378,0.0014606883621834377,0.028729412026430992,0.001440980202119687,0.7250000000000001,1
break_even,noise10,1010,25,low_yaw,batch_aware,2,0.7250000000000001,0.774,0.3352680950784481,0.014107871548206308,0.023311161085403074,0.0014559179263240677,0.023544997466203567,0.0014561327291468195,0.02406615285250829,0.0014372232953242334,0.7250000000000001,1
break_even,noise10,1010,25,low_yaw,batch_aware,3,0.7250000000000001,0.774,0.33430564939575313,0.014146146356208023,0.02029509979625361,0.001451631513668696,0.020448001418938953,0.0014522022856806058,0.02112133716209608,0.0014334956210233735,0.7250000000000001,1
break_even,noise10,1010,25,low_yaw,batch_aware,4,0.7250000000000001,0.774,0.33780133390667094,0.014177213492775249,0.018208482795443324,0.0014473558084754916,0.018317828048708677,0.0014479685741239938,0.019046373445533928,0.0014297968020762714,0.7250000000000001,1
break_even,noise10,1010,25,low_yaw,batch_aware,5,0.7250000000000001,0.774,0.3362758262006473,0.014158672534567929,0.016655436573768022,0.001442876949093696,0.016739059801158238,0.0014437126625552246,0.017483089581411874,0.0014261264681190418,0.7250000000000001,1
break_even,noise10,1010,25,low_yaw,batch_aware,6,0.7250000000000001,0.774,0.33540058586354476,0.014141765559558688,0.015441526010479063,0.0014382748935617459,0.015509710275790498,0.0014392425547836687,0.016250731709211447,0.0014224842554089788,0.7250000000000001,1
break_even,noise10,1010,25,low_yaw,batch_aware,7,0.7250000000000001,0.774,0.33640824211113785,0.014117686749463355,0.014459737503212357,0.0014340550663513542,0.014514295164882677,0.0014347090032714252,0.015246920363002169,0.0014188698066731396,0.7250000000000001,1
break_even,noise10,1010,25,low_yaw,batch_aware,8,0.7250000000000001,0.774,0.33661091186581343,0.014082992659661862,0.01364612974665104,0.0014297093943801602,0.01369130313839335,0.0014304018593789321,0.014408755308647003,0.001415282770961137,0.7250000000000001,1
break_even,noise10,1010,25,low_yaw,batch_aware,9,0.7250000000000001,0.774,0.33643179696271897,0.014086973905182574,0.01295509848817082,0.0014253972119260712,0.012994386053548718,0.0014261002103257434,0.013695177490599501,0.0014117228035020089,0.7250000000000001,1
break_even,noise10,1010,25,low_yaw,batch_aware,10,0.7250000000000001,0.774,0.33588870720866904,0.01403930720022795,0.012358650569576165,0.0014215324861999918,0.012393328088828754,0.00142191041305567,0.013078095263962617,0.0014081895655650236,0.7250000000000001,1
break_even,noise10,1010,25,low_yaw,batch_aware,11,0.7250000000000001,0.774,0.33487934733438823,0.014012843748116293,0.011837938275421445,0.0014175717092074454,0.011868334843826702,0.0014180676951634143,0.012537553319584768,0.0014046827243243002,0.7250000000000001,1
break_even,noise10,1010,25,low_yaw,batch_aware,12,0.7250000000000001,0.774,0.3360518473787886,0.013951364384317311,0.01137738393866708,0.0014128720588728642,0.011404585964952403,0.0014141042400661326,0.012058933703164505,0.001401201952727121,0.7250000000000001,1
break_even,noise10,1010,25,low_yaw,batch_aware,13,0.7250000000000001,0.774,0.3357601930010325,0.013913758082584734,0.010967305072844321,0.001408785575608471,0.010991292196817166,0.0014094791601050726,0.011631250333289026,0.0013977469293658135,0.7250000000000001,1
break_even,noise10,1010,25,low_yaw,batch_aware,14,0.7250000000000001,0.774,0.3368373553933485,0.01392148716954986,0.010599291447558898,0.001405076727266111,0.01062067681856072,0.0014054094625127612,0.011246065538914128,0.0013943173383530899,0.7250000000000001,1
break_even,noise10,1010,25,low_yaw,batch_aware,15,0.7250000000000001,0.774,0.33689499103388854,0.01387228905414945,0.01026466806744636,0.0014007605484197994,0.010284463520405098,0.0014017395827811282,0.010896777140737304,0.001390912869200736,0.7250000000000001,1
break_even,noise10,1010,25,low_yaw,batch_aware,16,0.7250000000000001,0.774,0.3353485632532206,0.013844740081144172,0.009960410873643952,0.0013961373344227239,0.009978633803951763,0.0013974370594104482,0.01057813505724081,0.001387533216701543,0.7250000000000001,1
break_even,noise10,1010,25,low_yaw,batch_aware,17,0.7250000000000001,0.774,0.3351954170708794,0.013821778100364175,0.009681778352431385,0.0013916751605827593,0.009697892287931768,0.0013926992174005722,0.010285904923195272,0.0013841780808143789,0.7250000000000001,1
break_even,noise10,1010,25,low_yaw,batch_aware,18,0.7250000000000001,0.774,0.3360717517270683,0.013834378388884133,0.009424742252280514,0.0013874634212028567,0.0094402786224082,0.00138827073092927,0.01001662864426523,0.0013808471665523016,0.7250000000000001,1
break_even,noise10,1010,25,low_yaw,batch_aware,19,0.7250000000000001,0.774,0.33599091367325307,0.013771220745666037,0.00918790964317113,0.0013828207985130993,0.009201832686842151,0.001384219845958244,0.009767450514774682,0.0013775401838736208,0.7250000000000001,1
break_even,noise10,1010,25,low_yaw,batch_aware,20,0.7250000000000001,0.774,0.3361078406334913,0.013768948742065143,0.008967828030849612,0.0013793045026585069,0.008980761152690237,0.0013794996147474215,0.00953598868686632,0.0013742568475758152,0.7250000000000001,1
break_even,noise10,1010,25,low_yaw,batch_aware,21,0.7250000000000001,0.774,0.335862724401698,0.013753315798081546,0.008762610128445187,0.0013753785623469895,0.008775006012590143,0.0013761087633624646,0.009320238643793454,0.0013709968771922192,0.7250000000000001,1
break_even,noise10,1010,25,low_yaw,batch_aware,22,0.7250000000000001,0.774,0.3355850234204452,0.01369470320177456,0.008570913611650483,0.0013714555357379496,0.00858229699739089,0.0013722289456701722,0.009118499666623495,0.0013677599968913896,0.7250000000000001,1
break_even,noise10,1010,25,low_yaw,batch_aware,23,0.7250000000000001,0.774,0.3350064440596494,0.01369273986276621,0.008391394750703404,0.0013674590273917472,0.0084020308789233,0.0013683246167980436,0.008929318089558592,0.0013645459353790776,0.7250000000000001,1
break_even,noise10,1010,25,low_yaw,batch_aware,24,0.7250000000000001,0.774,0.3348487821919204,0.013696184492399352,0.008222566066840976,0.0013637012270339307,0.008232690682076039,0.001364335143578332,0.008751442994156497,0.00136135442580272,0.7250000000000001,1
break_even,noise10,1010,25,low_yaw,batch_aware,25,0.7250000000000001,0.774,0.33528784847578136,0.013692191630885489,0.00806362221638193,0.0013605030713820907,0.008073289261776811,0.001360606012263488,0.008583791243300816,0.0013581852056583769,0.7250000000000001,1
break_even,noise10,1010,25,low_yaw,ignore_passive,1,0.7250000000000001,0.774,0.33880398230959463,0.014125294504394465,0.028265748486959615,0.0014599094958143413,0.028694476190584378,0.0014606883621834377,0.028729412026430992,0.001440980202119687,0.7250000000000001,1
break_even,noise10,1010,25,low_yaw,ignore_passive,2,0.7250000000000001,0.774,0.3352680950784481,0.014107871548206308,0.023311161085403074,0.0014559179263240677,0.023544997466203567,0.0014561327291468195,0.02406615285250829,0.0014372232953242334,0.7250000000000001,1
break_even,noise10,1010,25,low_yaw,ignore_passive,3,0.7250000000000001,0.774,0.33430564939575313,0.014146146356208023,0.02029509979625361,0.001451631513668696,0.020448001418938953,0.0014522022856806058,0.02112133716209608,0.0014334956210233735,0.7250000000000001,1
break_even,noise10,1010,25,low_yaw,ignore_passive,4,0.7250000000000001,0.774,0.33780133390667094,0.014177213492775249,0.018208482795443324,0.0014473558084754916,0.018317828048708677,0.0014479685741239938,0.019046373445533928,0.0014297968020762714,0.7250000000000001,1
break_even,noise10,1010,25,low_yaw,ignore_passive,5,0.7250000000000001,0.774,0.3362758262006473,0.014158672534567929,0.016655436573768022,0.001442876949093696,0.016739059801158238,0.0014437126625552246,0.017483089581411874,0.0014261264681190418,0.7250000000000001,1
break_even,noise10,1010,25,low_yaw,ignore_passive,6,0.7250000000000001,0.774,0.33540058586354476,0.014141765559558688,0.015441526010479063,0.0014382748935617459,0.015509710275790498,0.0014392425547836687,0.016250731709211447,0.0014224842554089788,0.7250000000000001,1
break_even,noise10,1010,25,low_yaw,ignore_passive,7,0.7250000000000001,0.774,0.33640824211113785,0.014117686749463355,0.014459737503212357,0.0014340550663513542,0.014514295164882677,0.0014347090032714252,0.015246920363002169,0.0014188698066731396,0.7250000000000001,1
break_even,noise10,1010,25,low_yaw,ignore_passive,8,0.7250000000000001,0.774,0.33661091186581343,0.014082992659661862,0.01364612974665104,0.0014297093943801602,0.01369130313839335,0.0014304018593789321,0.014408755308647003,0.001415282770961137,0.7250000000000001,1
break_even,noise10,1010,25,low_yaw,ignore_passive,9,0.7250000000000001,0.774,0.33643179696271897,0.014086973905182574,0.01295509848817082,0.0014253972119260712,0.012994386053548718,0.0014261002103257434,0.013695177490599501,0.0014117228035020089,0.7250000000000001,1
break_even,noise10,1010,25,low_yaw,ignore_passive,10,0.7250000000000001,0.774,0.33588870720866904,0.01403930720022795,0.012358650569576165,0.0014215324861999918,0.012393328088828754,0.00142191041305567,0.013078095263962617,0.0014081895655650236,0.7250000000000001,1
break_even,noise10,1010,25,low_yaw,ignore_passive,11,0.7250000000000001,0.774,0.33487934733438823,0.014012843748116293,0.011837938275421445,0.0014175717092074454,0.011868334843826702,0.0014180676951634143,0.012537553319584768,0.0014046827243243002,0.7250000000000001,1
break_even,noise10,1010,25,low_yaw,ignore_passive,12,0.7250000000000001,0.774,0.3360518473787886,0.013951364384317311,0.01137738393866708,0.0014128720588728642,0.011404585964952403,0.0014141042400661326,0.012058933703164505,0.001401201952727121,0.7250000000000001,1
break_even,noise10,1010,25,low_yaw,ignore_passive,13,0.7250000000000001,0.774,0.3357601930010325,0.013913758082584734,0.010967305072844321,0.001408785575608471,0.010991292196817166,0.0014094791601050726,0.011631250333289026,0.0013977469293658135,0.7250000000000001,1
break_even,noise10,1010,25,low_yaw,ignore_passive,14,0.7250000000000001,0.774,0.3368373553933485,0.01392148716954986,0.010599291447558898,0.001405076727266111,0.01062067681856072,0.0014054094625127612,0.011246065538914128,0.0013943173383530899,0.7250000000000001,1
break_even,noise10,1010,25,low_yaw,ignore_passive,15,0.7250000000000001,0.774,0.33689499103388854,0.01387228905414945,0.01026466806744636,0.0014007605484197994,0.010284463520405098,0.0014017395827811282,0.010896777140737304,0.001390912869200736,0.7250000000000001,1
break_even,noise10,1010,25,low_yaw,ignore_passive,16,0.7250000000000001,0.774,0.3353485632532206,0.013844740081144172,0.009960410873643952,0.0013961373344227239,0.009978633803951763,0.0013974370594104482,0.01057813505724081,0.001387533216701543,0.7250000000000001,1
break_even,noise10,1010,25,low_yaw,ignore_passive,17,0.7250000000000001,0.774,0.3351954170708794,0.013821778100364175,0.009681778352431385,0.0013916751605827593,0.009697892287931768,0.0013926992174005722,0.010285904923195272,0.0013841780808143789,0.7250000000000001,1
break_even,noise10,1010,25,low_yaw,ignore_passive,18,0.7250000000000001,0.774,0.3360717517270683,0.013834378388884133,0.009424742252280514,0.0013874634212028567,0.0094402786224082,0.00138827073092927,0.01001662864426523,0.0013808471665523016,0.7250000000000001,1
break_even,noise10,1010,25,low_yaw,ignore_passive,19,0.7250000000000001,0.774,0.33599091367325307,0.013771220745666037,0.00918790964317113,0.0013828207985130993,0.009201832686842151,0.001384219845958244,0.009767450514774682,0.0013775401838736208,0.7250000000000001,1
break_even,noise10,1010,25,low_yaw,ignore_passive,20,0.7250000000000001,0.774,0.3361078406334913,0.013768948742065143,0.008967828030849612,0.0013793045026585069,0.008980761152690237,0.0013794996147474215,0.00953598868686632,0.0013742568475758152,0.7250000000000001,1
break_even,noise10,1010,25,low_yaw,ignore_passive,21,0.7250000000000001,0.774,0.335862724401698,0.013753315798081546,0.008762610128445187,0.0013753785623469895,0.008775006012590143,0.0013761087633624646,0.009320238643793454,0.0013709968771922192,0.7250000000000001,1
break_even,noise10,1010,25,low_yaw,ignore_passive,22,0.7250000000000001,0.774,0.3355850234204452,0.01369470320177456,0.008570913611650483,0.0013714555357379496,0.00858229699739089,0.0013722289456701722,0.009118499666623495,0.0013677599968913896,0.7250000000000001,1
break_even,noise10,1010,25,low_yaw,ignore_passive,23,0.7250000000000001,0.774,0.3350064440596494,0.01369273986276621,0.008391394750703404,0.0013674590273917472,0.0084020308789233,0.0013683246167980436,0.008929318089558592,0.0013645459353790776,0.7250000000000001,1
break_even,noise10,1010,25,low_yaw,ignore_passive,24,0.7250000000000001,0.774,0.3348487821919204,0.013696184492399352,0.008222566066840976,0.0013637012270339307,0.008232690682076039,0.001364335143578332,0.008751442994156497,0.00136135442580272,0.7250000000000001,1
break_even,noise10,1010,25,low_yaw,ignore_passive,25,0.7250000000000001,0.774,0.33528784847578136,0.013692191630885489,0.00806362221638193,0.0013605030713820907,0.008073289261776811,0.001360606012263488,0.008583791243300816,0.0013581852056583769,0.7250000000000001,1
break_even,noise10,1010,25,low_yaw,uncertainty_trigger,1,0.7250000000000001,0.774,0.33880398230959463,0.014125294504394465,0.028265748486959615,0.0014599094958143413,0.028694476190584378,0.0014606883621834377,0.028729412026430992,0.001440980202119687,0.7250000000000001,1
break_even,noise10,1010,25,low_yaw,uncertainty_trigger,2,0.7250000000000001,0.774,0.3352680950784481,0.014107871548206308,0.023311161085403074,0.0014559179263240677,0.023544997466203567,0.0014561327291468195,0.02406615285250829,0.0014372232953242334,0.7250000000000001,1
break_even,noise10,1010,25,low_yaw,uncertainty_trigger,3,0.7250000000000001,0.774,0.33430564939575313,0.014146146356208023,0.02029509979625361,0.001451631513668696,0.020448001418938953,0.0014522022856806058,0.02112133716209608,0.0014334956210233735,0.7250000000000001,1
break_even,noise10,1010,25,low_yaw,uncertainty_trigger,4,0.7250000000000001,0.774,0.33780133390667094,0.014177213492775249,0.018208482795443324,0.0014473558084754916,0.018317828048708677,0.0014479685741239938,0.019046373445533928,0.0014297968020762714,0.7250000000000001,1
break_even,noise10,1010,25,low_yaw,uncertainty_trigger,5,0.7250000000000001,0.774,0.3362758262006473,0.014158672534567929,0.016655436573768022,0.001442876949093696,0.016739059801158238,0.0014437126625552246,0.017483089581411874,0.0014261264681190418,0.7250000000000001,1
break_even,noise10,1010,25,low_yaw,uncertainty_trigger,6,0.7250000000000001,0.774,0.33540058586354476,0.014141765559558688,0.015441526010479063,0.0014382748935617459,0.015509710275790498,0.0014392425547836687,0.016250731709211447,0.0014224842554089788,0.7250000000000001,1
break_even,noise10,1010,25,low_yaw,uncertainty_trigger,7,0.7250000000000001,0.774,0.33640824211113785,0.014117686749463355,0.014459737503212357,0.0014340550663513542,0.014514295164882677,0.0014347090032714252,0.015246920363002169,0.0014188698066731396,0.7250000000000001,1
break_even,noise10,1010,25,low_yaw,uncertainty_trigger,8,0.7250000000000001,0.774,0.33661091186581343,0.014082992659661862,0.01364612974665104,0.0014297093943801602,0.01369130313839335,0.0014304018593789321,0.014408755308647003,0.001415282770961137,0.7250000000000001,1
break_even,noise10,1010,25,low_yaw,uncertainty_trigger,9,0.7250000000000001,0.774,0.33643179696271897,0.014086973905182574,0.01295509848817082,0.0014253972119260712,0.012994386053548718,0.0014261002103257434,0.013695177490599501,0.0014117228035020089,0.7250000000000001,1
break_even,noise10,1010,25,low_yaw,uncertainty_trigger,10,0.7250000000000001,0.774,0.33588870720866904,0.01403930720022795,0.012358650569576165,0.0014215324861999918,0.012393328088828754,0.00142191041305567,0.013078095263962617,0.0014081895655650236,0.7250000000000001,1
break_even,noise10,1010,25,low_yaw,uncertainty_trigger,11,0.7250000000000001,0.774,0.33487934733438823,0.014012843748116293,0.011837938275421445,0.0014175717092074454,0.011868334843826702,0.0014180676951634143,0.012537553319584768,0.0014046827243243002,0.7250000000000001,1
break_even,noise10,1010,25,low_yaw,uncertainty_trigger,12,0.7250000000000001,0.774,0.3360518473787886,0.013951364384317311,0.01137738393866708,0.0014128720588728642,0.011404585964952403,0.0014141042400661326,0.012058933703164505,0.001401201952727121,0.7250000000000001,1
break_even,noise10,1010,25,low_yaw,uncertainty_trigger,13,0.7250000000000001,0.774,0.3357601930010325,0.013913758082584734,0.010967305072844321,0.001408785575608471,0.010991292196817166,0.0014094791601050726,0.011631250333289026,0.0013977469293658135,0.7250000000000001,1
break_even,noise10,1010,25,low_yaw,uncertainty_trigger,14,0.7250000000000001,0.774,0.3368373553933485,0.01392148716954986,0.010599291447558898,0.001405076727266111,0.01062067681856072,0.0014054094625127612,0.011246065538914128,0.0013943173383530899,0.7250000000000001,1
break_even,noise10,1010,25,low_yaw,uncertainty_trigger,15,0.7250000000000001,0.774,0.33689499103388854,0.01387228905414945,0.01026466806744636,0.0014007605484197994,0.010284463520405098,0.0014017395827811282,0.010896777140737304,0.001390912869200736,0.7250000000000001,1
break_even,noise10,1010,25,low_yaw,uncertainty_trigger,16,0.7250000000000001,0.774,0.3353485632532206,0.013844740081144172,0.009960410873643952,0.0013961373344227239,0.009978633803951763,0.0013974370594104482,0.01057813505724081,0.001387533216701543,0.7250000000000001,1
break_even,noise10,1010,25,low_yaw,uncertainty_trigger,17,0.7250000000000001,0.774,0.3351954170708794,0.013821778100364175,0.009681778352431385,0.0013916751605827593,0.009697892287931768,0.0013926992174005722,0.010285904923195272,0.0013841780808143789,0.7250000000000001,1
break_even,noise10,1010,25,low_yaw,uncertainty_trigger,18,0.7250000000000001,0.774,0.3360717517270683,0.013834378388884133,0.009424742252280514,0.0013874634212028567,0.0094402786224082,0.00138827073092927,0.01001662864426523,0.0013808471665523016,0.7250000000000001,1
break_even,noise10,1010,25,low_yaw,uncertainty_trigger,19,0.7250000000000001,0.774,0.33599091367325307,0.013771220745666037,0.00918790964317113,0.0013828207985130993,0.009201832686842151,0.001384219845958244,0.009767450514774682,0.0013775401838736208,0.7250000000000001,1
break_even,noise10,1010,25,low_yaw,uncertainty_trigger,20,0.7250000000000001,0.774,0.3361078406334913,0.013768948742065143,0.008967828030849612,0.0013793045026585069,0.008980761152690237,0.0013794996147474215,0.00953598868686632,0.0013742568475758152,0.7250000000000001,1
break_even,noise10,1010,25,low_yaw,uncertainty_trigger,21,0.7250000000000001,0.774,0.335862724401698,0.013753315798081546,0.008762610128445187,0.0013753785623469895,0.008775006012590143,0.0013761087633624646,0.009320238643793454,0.0013709968771922192,0.7250000000000001,1
break_even,noise10,1010,25,low_yaw,uncertainty_trigger,22,0.7250000000000001,0.774,0.3355850234204452,0.01369470320177456,0.008570913611650483,0.0013714555357379496,0.00858229699739089,0.0013722289456701722,0.009118499666623495,0.0013677599968913896,0.7250000000000001,1
break_even,noise10,1010,25,low_yaw,uncertainty_trigger,23,0.7250000000000001,0.774,0.3350064440596494,0.01369273986276621,0.008391394750703404,0.0013674590273917472,0.0084020308789233,0.0013683246167980436,0.008929318089558592,0.0013645459353790776,0.7250000000000001,1
break_even,noise10,1010,25,low_yaw,uncertainty_trigger,24,0.7250000000000001,0.774,0.3348487821919204,0.013696184492399352,0.008222566066840976,0.0013637012270339307,0.008232690682076039,0.001364335143578332,0.008751442994156497,0.00136135442580272,0.7250000000000001,1
break_even,noise10,1010,25,low_yaw,uncertainty_trigger,25,0.7250000000000001,0.774,0.33528784847578136,0.013692191630885489,0.00806362221638193,0.0013605030713820907,0.008073289261776811,0.001360606012263488,0.008583791243300816,0.0013581852056583769,0.7250000000000001,1
break_even,noise10,1001,30,low_yaw,passive,1,0.775,0.8240000000000001,1.057923681117422,0.010908513635278904,0.04085445392115846,0.007457913601739482,0.04198798919011376,0.007511107839158406,0.04198798919011376,0.007511107839158406,0.775,1
break_even,noise10,1001,30,low_yaw,passive,2,0.75,0.798,1.058954126301196,0.009533787694576945,0.029307447505024564,0.006963525543099387,0.029309671144033718,0.007016279487211115,0.030192093426774372,0.0070706207087782615,0.75,1
break_even,noise10,1001,30,low_yaw,passive,3,0.75,0.798,1.0581065353015309,0.008170055346677998,0.024060383978330113,0.006517142509420828,0.0240557174118293,0.006574221167748699,0.024793088325972178,0.006699526738519012,0.75,1
break_even,noise10,1001,30,low_yaw,passive,4,0.75,0.798,1.05537951574867,0.007201740415242182,0.020888465244457848,0.006169741673430146,0.020888017007211573,0.0061714569967097205,0.021707626397501793,0.006350285115514478,0.7250000000000001,1
break_even,noise10,1001,30,low_yaw,passive,5,0.75,0.798,1.0575003575559228,0.006722384007026329,0.018708021468729217,0.005853486681655863,0.01870976492868621,0.005898414049306224,0.01954603582532998,0.006050522294715765,0.7250000000000001,1
break_even,noise10,1001,30,low_yaw,passive,6,0.75,0.798,1.0582906028169452,0.006278099414736035,0.017094945283910506,0.005608378270507717,0.01709442678841392,0.005618652714529215,0.01792355154862849,0.0057895600479085044,0.7250000000000001,1
break_even,noise10,1001,30,low_yaw,passive,7,0.75,0.798,1.058617155590423,0.005827660573633641,0.01583926589610433,0.0053708466456580325,0.015838382015695384,0.005398443923859766,0.01664787035116238,0.005559690858428843,0.7250000000000001,1
break_even,noise10,1001,30,low_yaw,passive,8,0.75,0.798,1.0572433056228867,0.005573597195802812,0.014823774698212187,0.005156779980874147,0.014823837604788639,0.0051678467433151935,0.015610785037948811,0.005355193352607996,0.7250000000000001,1
break_even,noise10,1001,30,low_yaw,passive,9,0.75,0.798,1.057705884041932,0.0053155148331878645,0.013981232145833255,0.004955013006058389,0.013980743215962113,0.00499116871926452,0.0147461318649261,0.0051717192687435725,0.7250000000000001,1
break_even,noise10,1001,30,low_yaw,passive,10,0.7250000000000001,0.774,1.0572493927377284,0.004438583300794296,0.013269062765072497,0.004769207198390776,0.013308557700105727,0.0047917357688319374,0.014010878353196064,0.005005896880822425,0.7250000000000001,1
break_even,noise10,1001,30,low_yaw,passive,11,0.75,0.798,1.05625216974603,0.004548520578295062,0.012654838632117731,0.004619352363183871,0.012655847901175504,0.004635032342502999,0.013375666992961442,0.004855065989297521,0.7250000000000001,1
break_even,noise10,1001,30,low_yaw,passive,12,0.7250000000000001,0.774,1.0558995834528448,0.00459838431067097,0.012118500161228197,0.004457734848511976,0.012149735412875498,0.004485320827060376,0.01281969157546862,0.004717095822603574,0.7250000000000001,1
break_even,noise10,1001,30,low_yaw,passive,13,0.7250000000000001,0.774,1.0565023305729928,0.004666266001934338,0.011645409159983083,0.0043069340499769905,0.01167277362844455,0.0043348158248092215,0.012327740017968524,0.004590256840204382,0.7250000000000001,1
break_even,noise10,1001,30,low_yaw,passive,14,0.7250000000000001,0.774,1.056057252820781,0.004144742900503766,0.011223744586479522,0.004165472490894204,0.011248238772222077,0.004197794586109418,0.01188839812449633,0.004473128542349627,0.7250000000000001,1
break_even,noise10,1001,30,low_yaw,passive,15,0.7250000000000001,0.774,1.0556752828986427,0.004029752110696319,0.01084465282453153,0.004041201672369106,0.010866810502967091,0.0040643128755679285,0.011492911447290153,0.004364531914154728,0.7250000000000001,1
break_even,noise10,1001,30,low_yaw,passive,16,0.7250000000000001,0.774,1.0559506329965187,0.003971307047052075,0.010501371905085283,0.003936651602556201,0.010521868844579146,0.0039497221389005795,0.011134438050884087,0.004263479084373352,0.7250000000000001,1
break_even,noise10,1001,30,low_yaw,passive,17,0.7250000000000001,0.774,1.05532753519929,0.003530897500895735,0.01018914860892508,0.0038260944241240917,0.010207272174799045,0.003851389434638783,0.010807542814466942,0.004169135243769145,0.7250000000000001,1
break_even,noise10,1001,30,low_yaw,passive,18,0.7250000000000001,0.774,1.0564395993478217,0.003087028566117672,0.009903060139497426,0.0037279131755242963,0.009920124659985551,0.003745866934996258,0.010507846112418751,0.004080789444029718,0.7250000000000001,1
break_even,noise10,1001,30,low_yaw,passive,19,0.7250000000000001,0.774,1.0563859779564275,0.0031367673392594525,0.009638889222701355,0.003643494444504301,0.009654922531574505,0.003653402986819324,0.010231934249241329,0.0039890219186730766,0.7000000000000001,1
break_even,noise10,1001,30,low_yaw,passive,20,0.7250000000000001,0.774,1.0566163271814246,0.0029543690839249274,0.009395671428161643,0.00355648318264115,0.009409980925983217,0.0035752000646914403,0.009976674516357597,0.003903179314165016,0.7000000000000001,1
break_even,noise10,1001,30,low_yaw,passive,21,0.7250000000000001,0.774,1.0571986509949798,0.0024841808988038025,0.009169666113874667,0.003469020220034508,0.009183177888366291,0.0034923657123080913,0.009739612765249681,0.0038226503318867892,0.7000000000000001,1
break_even,noise10,1001,30,low_yaw,passive,22,0.7250000000000001,0.774,1.0572401612974986,0.002113595091914499,0.008959478095860377,0.003388816833538731,0.008971830155392952,0.0034074474318359026,0.009518684640621684,0.0037469084774413752,0.7000000000000001,1
break_even,noise10,1001,30,low_yaw,passive,23,0.7250000000000001,0.774,1.0572984487960218,0.002015778833994398,0.008763071947108497,0.003319342833255522,0.008774965194659095,0.003333098369852538,0.00931213943004194,0.0036754975103956778,0.7000000000000001,1
break_even,noise10,1001,30,low_yaw,passive,24,0.7250000000000001,0.774,1.0570624336312506,0.0019794217455219323,0.00857885958257789,0.0032591546395058825,0.008589975518937452,0.0032653950571231763,0.009118481341061576,0.003608019833347786,0.7000000000000001,1
break_even,noise10,1001,30,low_yaw,passive,25,0.7250000000000001,0.774,1.057014781418267,0.0021681404553609016,0.008406065450238715,0.0031953506287454845,0.008416410098541627,0.0032094609912961575,0.008936423680261159,0.003544127143407023,0.7000000000000001,1
break_even,noise10,1001,30,low_yaw,passive,26,0.7250000000000001,0.774,1.056435744075896,0.0021103884302745043,0.008243395258322603,0.003138937424987947,0.008253176018937478,0.0031483904846446725,0.008764852712653164,0.0034835128429007304,0.7000000000000001,1
break_even,noise10,1001,30,low_yaw,passive,27,0.7250000000000001,0.774,1.057129379939575,0.0017041858700207106,0.00808959501858441,0.0030811430074656875,0.008098658251268497,0.0030936463821892206,0.008602798873755244,0.0034259058309868643,0.7000000000000001,1
break_even,noise10,1001,30,low_yaw,passive,28,0.7250000000000001,0.774,1.0570154673839256,0.001650696523971146,0.007944062803826321,0.0030326903989321614,0.007952878583188168,0.0030382372001854737,0.008449413629454222,0.0033710653887233685,0.7000000000000001,1
break_even,noise10,1001,30,low_yaw,passive,29,0.7250000000000001,0.774,1.0569170083443613,0.001836517998592117,0.007806118747969729,0.0029936549759725212,0.007814508921250681,0.0029922349704200025,0.008303950719223345,0.0033187769370463006,0.7000000000000001,1
break_even,noise10,1001,30,low_yaw,passive,30,0.7250000000000001,0.774,1.05720442518083,0.0019670749131891568,0.0076752313090441,0.002946307308913357,0.007683033175374381,0.0029549213307744084,0.008165750834029898,0.003268848496893587,0.7000000000000001,1
break_even,noise10,1001,30,low_yaw,always_probe,1,0.7000000000000001,0.748,1.0483902380543577,0.002838073993771474,0.03022605639693693,0.0013789480767640119,0.030222717430655268,0.0013795891473611182,0.030699903649704593,0.0014410350550667814,0.675,1
break_even,noise10,1001,30,low_yaw,always_probe,2,0.7000000000000001,0.748,1.0527512880256937,0.0028083104927421358,0.024804823782223984,0.0013741217853507966,0.02480658718283553,0.0013747157321957223,0.025634529205822727,0.0014364011721237772,0.675,1
break_even,noise10,1001,30,low_yaw,always_probe,3,0.7000000000000001,0.748,1.0534416688377468,0.0027853650016000098,0.02154628043907246,0.0013690644031276477,0.0215437367898274,0.0013697575086358165,0.022459062931727333,0.0014318117066100587,0.675,1
break_even,noise10,1001,30,low_yaw,always_probe,4,0.7000000000000001,0.748,1.0522282254662856,0.002755476208263346,0.019301313189803097,0.0013643493806229246,0.019302350671555713,0.0013645608255806489,0.020230892475127382,0.001427265953435158,0.675,1
break_even,noise10,1001,30,low_yaw,always_probe,5,0.7000000000000001,0.748,1.0549758072416606,0.002753518818708847,0.017637054636426196,0.0013594307297208148,0.01763787335971938,0.0013602656623544526,0.018556719888913,0.0014227632230795928,0.675,1
break_even,noise10,1001,30,low_yaw,always_probe,6,0.7000000000000001,0.748,1.0551316261629144,0.0027570127411257147,0.01634030798810362,0.001355192542164727,0.016340944263594667,0.0013553917370416617,0.01723945359705699,0.0014183028411555267,0.675,1
break_even,noise10,1001,30,low_yaw,always_probe,7,0.7000000000000001,0.748,1.0556314813870522,0.0027432108414232044,0.015294463055623514,0.001350844972184719,0.015294226820420111,0.0013511743668274492,0.01616799188787327,0.0014138841479824854,0.675,1
break_even,noise10,1001,30,low_yaw,always_probe,8,0.7000000000000001,0.748,1.0549691771268332,0.0027585603903669937,0.01442645719627215,0.0013463155645030305,0.014426131469008492,0.0013465643927030747,0.015274312189258794,0.0014095064981775231,0.675,1
break_even,noise10,1001,30,low_yaw,always_probe,9,0.7000000000000001,0.748,1.0553412032349074,0.002754561613211327,0.013690098479867742,0.001341603746350507,0.01369022937128446,0.0013423899600322905,0.014514128985068337,0.0014051692602592618,0.675,1
break_even,noise10,1001,30,low_yaw,always_probe,10,0.7000000000000001,0.748,1.0548855726920916,0.0026954654018032016,0.013056617572304046,0.0013371225316613315,0.013056980204594202,0.0013377093377367354,0.013857206227791893,0.001400871816265251,0.675,1
break_even,noise10,1001,30,low_yaw,always_probe,11,0.7000000000000001,0.748,1.0542442049135972,0.0027154744259783948,0.012505087007449166,0.0013326370991797825,0.012504881464334852,0.0013332669026306298,0.013282101485383578,0.0013966135613821215,0.675,1
break_even,noise10,1001,30,low_yaw,always_probe,12,0.7000000000000001,0.748,1.0542047550630065,0.0027307384497679862,0.012016839872773693,0.0013280380017143267,0.012017235127715556,0.001328830664081401,0.01277312930368962,0.001392393903588031,0.675,1
break_even,noise10,1001,30,low_yaw,always_probe,13,0.7000000000000001,0.748,1.054789765365168,0.002753372109381802,0.011582649721555016,0.0013233596607844162,0.01158203533842048,0.0013242116047472278,0.012318515121867796,0.0013882122633069242,0.675,1
break_even,noise10,1001,30,low_yaw,always_probe,14,0.7000000000000001,0.748,1.0546469469948638,0.0027172738725205715,0.011192099655901852,0.0013184879479430079,0.011191828756445654,0.001319631961410886,0.011909224715113827,0.0013840680730741425,0.675,1
break_even,noise10,1001,30,low_yaw,always_probe,15,0.7000000000000001,0.748,1.054800281316381,0.0027179556516708186,0.010838286427057132,0.0013138992764986008,0.010838246650925353,0.001314747129951595,0.011538195209039481,0.0013799607772129509,0.675,1
break_even,noise10,1001,30,low_yaw,always_probe,16,0.7000000000000001,0.748,1.0553342952842393,0.002713361198459322,0.010516062727428027,0.0013096666247578135,0.010516213108054237,0.0013102431618379116,0.011199814391933835,0.0013758898315215636,0.675,1
break_even,noise10,1001,30,low_yaw,always_probe,17,0.7000000000000001,0.748,1.0547994920160586,0.002664660845964064,0.010221007861298965,0.0013049883880745677,0.010220911543181301,0.0013060277177061163,0.010889558817810252,0.001371854702970263,0.675,1
break_even,noise10,1001,30,low_yaw,always_probe,18,0.7000000000000001,0.748,1.0558030251455253,0.002629076369450509,0.00994953138027105,0.0013006499918616252,0.009949659003644388,0.0013013268337276793,0.010603736470631222,0.0013678548694082365,0.675,1
break_even,noise10,1001,30,low_yaw,always_probe,19,0.7000000000000001,0.748,1.0558344691964594,0.0026357659991438887,0.009697877234684281,0.001296487733315498,0.009698100288803232,0.0012970317941066502,0.010339300065009726,0.001363889819279757,0.675,1
break_even,noise10,1001,30,low_yaw,always_probe,20,0.7000000000000001,0.748,1.0563855895877132,0.0026197325598851947,0.00946481114075412,0.0012921463191104417,0.00946496164087258,0.0012929683230690863,0.010093709156187692,0.0013599590513493653,0.675,1
break_even,noise10,1001,30,low_yaw,always_probe,21,0.7000000000000001,0.748,1.0570107967988573,0.0025558787786122243,0.009247754560571598,0.0012874522497228914,0.009247815502050163,0.0012886429868203852,0.009864826661963744,0.0013560620744357116,0.675,1
break_even,noise10,1001,30,low_yaw,always_probe,22,0.7000000000000001,0.748,1.0569958401455986,0.00249873664936675,0.009045222181227995,0.0012828545080464824,0.009045041161411894,0.0012838926199508123,0.009650840087039649,0.0013521984071537417,0.675,1
break_even,noise10,1001,30,low_yaw,always_probe,23,0.7000000000000001,0.748,1.057132295896489,0.002479030896823775,0.008855604976406981,0.0012787758644352578,0.008855574180125428,0.001279444534546932,0.009450200770039358,0.0013483675776649147,0.675,1
break_even,noise10,1001,30,low_yaw,always_probe,24,0.7000000000000001,0.748,1.056813007119181,0.002472592647734609,0.008677200040831086,0.0012750479729131375,0.00867717467358571,0.001275310015715572,0.009261576474493001,0.0013445691234351635,0.675,1
break_even,noise10,1001,30,low_yaw,always_probe,25,0.7000000000000001,0.748,1.056964746080475,0.002489832500747113,0.008509159587170677,0.0012710603528574625,0.008509298914403881,0.001271701246141838,0.009083813992797089,0.0013408025910003117,0.675,1
break_even,noise10,1001,30,low_yaw,always_probe,26,0.7000000000000001,0.748,1.0563886379264622,0.002474852968997611,0.008350825096950317,0.0012671173173806286,0.008350768268384831,0.0012677332968064681,0.008915909356152933,0.0013370675357386804,0.675,1
break_even,noise10,1001,30,low_yaw,always_probe,27,0.7000000000000001,0.748,1.0568391380864837,0.002412443046940772,0.008200819270626524,0.001262990043965678,0.008200540571417498,0.0012637729729570058,0.008756983887339434,0.0013333635216506228,0.675,1
break_even,noise10,1001,30,low_yaw,always_probe,28,0.7000000000000001,0.748,1.056767561038855,0.0023989929528568203,0.008058621771649517,0.0012592979109886237,0.0080585611273702,0.0012596860666997097,0.008606264788553517,0.0013296901211447408,0.675,1
break_even,noise10,1001,30,low_yaw,always_probe,29,0.7000000000000001,0.748,1.0566586625862926,0.0024262728925053432,0.007923439805399127,0.0012562206286563253,0.007923549967832141,0.0012560592607013669,0.008463069283065451,0.0013260469148305457,0.675,1
break_even,noise10,1001,30,low_yaw,always_probe,30,0.7000000000000001,0.748,1.056918993243636,0.002441356287726005,0.007795009115042057,0.0012523136757825479,0.007794881375254346,0.0012530157386163208,0.00832679156653189,0.0013224334913173312,0.675,1
break_even,noise10,1001,30,low_yaw,batch_aware,1,0.7000000000000001,0.748,1.0483902380543577,0.002838073993771474,0.03022605639693693,0.0013789480767640119,0.030222717430655268,0.0013795891473611182,0.030699903649704593,0.0014410350550667814,0.675,1
break_even,noise10,1001,30,low_yaw,batch_aware,2,0.7000000000000001,0.748,1.0527512880256937,0.0028083104927421358,0.024804823782223984,0.0013741217853507966,0.02480658718283553,0.0013747157321957223,0.025634529205822727,0.0014364011721237772,0.675,1
break_even,noise10,1001,30,low_yaw,batch_aware,3,0.7000000000000001,0.748,1.0534416688377468,0.0027853650016000098,0.02154628043907246,0.0013690644031276477,0.0215437367898274,0.0013697575086358165,0.022459062931727333,0.0014318117066100587,0.675,1
break_even,noise10,1001,30,low_yaw,batch_aware,4,0.7000000000000001,0.748,1.0522282254662856,0.002755476208263346,0.019301313189803097,0.0013643493806229246,0.019302350671555713,0.0013645608255806489,0.020230892475127382,0.001427265953435158,0.675,1
break_even,noise10,1001,30,low_yaw,batch_aware,5,0.7000000000000001,0.748,1.0549758072416606,0.002753518818708847,0.017637054636426196,0.0013594307297208148,0.01763787335971938,0.0013602656623544526,0.018556719888913,0.0014227632230795928,0.675,1
break_even,noise10,1001,30,low_yaw,batch_aware,6,0.7000000000000001,0.748,1.0551316261629144,0.0027570127411257147,0.01634030798810362,0.001355192542164727,0.016340944263594667,0.0013553917370416617,0.01723945359705699,0.0014183028411555267,0.675,1
break_even,noise10,1001,30,low_yaw,batch_aware,7,0.7000000000000001,0.748,1.0556314813870522,0.0027432108414232044,0.015294463055623514,0.001350844972184719,0.015294226820420111,0.0013511743668274492,0.01616799188787327,0.0014138841479824854,0.675,1
break_even,noise10,1001,30,low_yaw,batch_aware,8,0.7000000000000001,0.748,1.0549691771268332,0.0027585603903669937,0.01442645719627215,0.0013463155645030305,0.014426131469008492,0.0013465643927030747,0.015274312189258794,0.0014095064981775231,0.675,1
break_even,noise10,1001,30,low_yaw,batch_aware,9,0.7000000000000001,0.748,1.0553412032349074,0.002754561613211327,0.013690098479867742,0.001341603746350507,0.01369022937128446,0.0013423899600322905,0.014514128985068337,0.0014051692602592618,0.675,1
break_even,noise10,1001,30,low_yaw,batch_aware,10,0.7000000000000001,0.748,1.0548855726920916,0.0026954654018032016,0.013056617572304046,0.0013371225316613315,0.013056980204594202,0.0013377093377367354,0.013857206227791893,0.001400871816265251,0.675,1
break_even,noise10,1001,30,low_yaw,batch_aware,11,0.7000000000000001,0.748,1.0542442049135972,0.0027154744259783948,0.012505087007449166,0.0013326370991797825,0.012504881464334852,0.0013332669026306298,0.013282101485383578,0.0013966135613821215,0.675,1
break_even,noise10,1001,30,low_yaw,batch_aware,12,0.7000000000000001,0.748,1.0542047550630065,0.0027307384497679862,0.012016839872773693,0.0013280380017143267,0.012017235127715556,0.001328830664081401,0.01277312930368962,0.001392393903588031,0.675,1
break_even,noise10,1001,30,low_yaw,batch_aware,13,0.7000000000000001,0.748,1.054789765365168,0.002753372109381802,0.011582649721555016,0.0013233596607844162,0.01158203533842048,0.0013242116047472278,0.012318515121867796,0.0013882122633069242,0.675,1
break_even,noise10,1001,30,low_yaw,batch_aware,14,0.7000000000000001,0.748,1.0546469469948638,0.0027172738725205715,0.011192099655901852,0.0013184879479430079,0.011191828756445654,0.001319631961410886,0.011909224715113827,0.0013840680730741425,0.675,1
break_even,noise10,1001,30,low_yaw,batch_aware,15,0.7000000000000001,0.748,1.054800281316381,0.0027179556516708186,0.010838286427057132,0.0013138992764986008,0.010838246650925353,0.001314747129951595,0.011538195209039481,0.0013799607772129509,0.675,1
break_even,noise10,1001,30,low_yaw,batch_aware,16,0.7000000000000001,0.748,1.0553342952842393,0.002713361198459322,0.010516062727428027,0.0013096666247578135,0.010516213108054237,0.0013102431618379116,0.011199814391933835,0.0013758898315215636,0.675,1
break_even,noise10,1001,30,low_yaw,batch_aware,17,0.7000000000000001,0.748,1.0547994920160586,0.002664660845964064,0.010221007861298965,0.0013049883880745677,0.010220911543181301,0.0013060277177061163,0.010889558817810252,0.001371854702970263,0.675,1
break_even,noise10,1001,30,low_yaw,batch_aware,18,0.7000000000000001,0.748,1.0558030251455253,0.002629076369450509,0.00994953138027105,0.0013006499918616252,0.009949659003644388,0.0013013268337276793,0.010603736470631222,0.0013678548694082365,0.675,1
break_even,noise10,1001,30,low_yaw,batch_aware,19,0.7000000000000001,0.748,1.0558344691964594,0.0026357659991438887,0.009697877234684281,0.001296487733315498,0.009698100288803232,0.0012970317941066502,0.010339300065009726,0.001363889819279757,0.675,1
break_even,noise10,1001,30,low_yaw,batch_aware,20,0.7000000000000001,0.748,1.0563855895877132,0.0026197325598851947,0.00946481114075412,0.0012921463191104417,0.00946496164087258,0.0012929683230690863,0.010093709156187692,0.0013599590513493653,0.675,1
break_even,noise10,1001,30,low_yaw,batch_aware,21,0.7000000000000001,0.748,1.0570107967988573,0.0025558787786122243,0.009247754560571598,0.0012874522497228914,0.009247815502050163,0.0012886429868203852,0.009864826661963744,0.0013560620744357116,0.675,1
break_even,noise10,1001,30,low_yaw,batch_aware,22,0.7000000000000001,0.748,1.0569958401455986,0.00249873664936675,0.009045222181227995,0.0012828545080464824,0.009045041161411894,0.0012838926199508123,0.009650840087039649,0.0013521984071537417,0.675,1
break_even,noise10,1001,30,low_yaw,batch_aware,23,0.7000000000000001,0.748,1.057132295896489,0.002479030896823775,0.008855604976406981,0.0012787758644352578,0.008855574180125428,0.001279444534546932,0.009450200770039358,0.0013483675776649147,0.675,1
break_even,noise10,1001,30,low_yaw,batch_aware,24,0.7000000000000001,0.748,1.056813007119181,0.002472592647734609,0.008677200040831086,0.0012750479729131375,0.00867717467358571,0.001275310015715572,0.009261576474493001,0.0013445691234351635,0.675,1
break_even,noise10,1001,30,low_yaw,batch_aware,25,0.7000000000000001,0.748,1.056964746080475,0.002489832500747113,0.008509159587170677,0.0012710603528574625,0.008509298914403881,0.001271701246141838,0.009083813992797089,0.0013408025910003117,0.675,1
break_even,noise10,1001,30,low_yaw,batch_aware,26,0.7000000000000001,0.748,1.0563886379264622,0.002474852968997611,0.008350825096950317,0.0012671173173806286,0.008350768268384831,0.0012677332968064681,0.008915909356152933,0.0013370675357386804,0.675,1
break_even,noise10,1001,30,low_yaw,batch_aware,27,0.7000000000000001,0.748,1.0568391380864837,0.002412443046940772,0.008200819270626524,0.001262990043965678,0.008200540571417498,0.0012637729729570058,0.008756983887339434,0.0013333635216506228,0.675,1
break_even,noise10,1001,30,low_yaw,batch_aware,28,0.7000000000000001,0.748,1.056767561038855,0.0023989929528568203,0.008058621771649517,0.0012592979109886237,0.0080585611273702,0.0012596860666997097,0.008606264788553517,0.0013296901211447408,0.675,1
break_even,noise10,1001,30,low_yaw,batch_aware,29,0.7000000000000001,0.748,1.0566586625862926,0.0024262728925053432,0.007923439805399127,0.0012562206286563253,0.007923549967832141,0.0012560592607013669,0.008463069283065451,0.0013260469148305457,0.675,1
break_even,noise10,1001,30,low_yaw,batch_aware,30,0.7000000000000001,0.748,1.056918993243636,0.002441356287726005,0.007795009115042057,0.0012523136757825479,0.007794881375254346,0.0012530157386163208,0.00832679156653189,0.0013224334913173312,0.675,1
break_even,noise10,1001,30,low_yaw,ignore_passive,1,0.7000000000000001,0.748,1.0483902380543577,0.002838073993771474,0.03022605639693693,0.0013789480767640119,0.030222717430655268,0.0013795891473611182,0.030699903649704593,0.0014410350550667814,0.675,1
break_even,noise10,1001,30,low_yaw,ignore_passive,2,0.7000000000000001,0.748,1.0527512880256937,0.0028083104927421358,0.024804823782223984,0.0013741217853507966,0.02480658718283553,0.0013747157321957223,0.025634529205822727,0.0014364011721237772,0.675,1
break_even,noise10,1001,30,low_yaw,ignore_passive,3,0.7000000000000001,0.748,1.0534416688377468,0.0027853650016000098,0.02154628043907246,0.0013690644031276477,0.0215437367898274,0.0013697575086358165,0.022459062931727333,0.0014318117066100587,0.675,1
break_even,noise10,1001,30,low_yaw,ignore_passive,4,0.7000000000000001,0.748,1.0522282254662856,0.002755476208263346,0.019301313189803097,0.0013643493806229246,0.019302350671555713,0.0013645608255806489,0.020230892475127382,0.001427265953435158,0.675,1
break_even,noise10,1001,30,low_yaw,ignore_passive,5,0.7000000000000001,0.748,1.0549758072416606,0.002753518818708847,0.017637054636426196,0.0013594307297208148,0.01763787335971938,0.0013602656623544526,0.018556719888913,0.0014227632230795928,0.675,1
break_even,noise10,1001,30,low_yaw,ignore_passive,6,0.7000000000000001,0.748,1.0551316261629144,0.0027570127411257147,0.01634030798810362,0.001355192542164727,0.016340944263594667,0.0013553917370416617,0.01723945359705699,0.0014183028411555267,0.675,1
break_even,noise10,1001,30,low_yaw,ignore_passive,7,0.7000000000000001,0.748,1.0556314813870522,0.0027432108414232044,0.015294463055623514,0.001350844972184719,0.015294226820420111,0.0013511743668274492,0.01616799188787327,0.0014138841479824854,0.675,1
break_even,noise10,1001,30,low_yaw,ignore_passive,8,0.7000000000000001,0.748,1.0549691771268332,0.0027585603903669937,0.01442645719627215,0.0013463155645030305,0.014426131469008492,0.0013465643927030747,0.015274312189258794,0.0014095064981775231,0.675,1
break_even,noise10,1001,30,low_yaw,ignore_passive,9,0.7000000000000001,0.748,1.0553412032349074,0.002754561613211327,0.013690098479867742,0.001341603746350507,0.01369022937128446,0.0013423899600322905,0.014514128985068337,0.0014051692602592618,0.675,1
break_even,noise10,1001,30,low_yaw,ignore_passive,10,0.7000000000000001,0.748,1.0548855726920916,0.0026954654018032016,0.013056617572304046,0.0013371225316613315,0.013056980204594202,0.0013377093377367354,0.013857206227791893,0.001400871816265251,0.675,1
break_even,noise10,1001,30,low_yaw,ignore_passive,11,0.7000000000000001,0.748,1.0542442049135972,0.0027154744259783948,0.012505087007449166,0.0013326370991797825,0.012504881464334852,0.0013332669026306298,0.013282101485383578,0.0013966135613821215,0.675,1
break_even,noise10,1001,30,low_yaw,ignore_passive,12,0.7000000000000001,0.748,1.0542047550630065,0.0027307384497679862,0.012016839872773693,0.0013280380017143267,0.012017235127715556,0.001328830664081401,0.01277312930368962,0.001392393903588031,0.675,1
break_even,noise10,1001,30,low_yaw,ignore_passive,13,0.7000000000000001,0.748,1.054789765365168,0.002753372109381802,0.011582649721555016,0.0013233596607844162,0.01158203533842048,0.0013242116047472278,0.012318515121867796,0.0013882122633069242,0.675,1
break_even,noise10,1001,30,low_yaw,ignore_passive,14,0.7000000000000001,0.748,1.0546469469948638,0.0027172738725205715,0.011192099655901852,0.0013184879479430079,0.011191828756445654,0.001319631961410886,0.011909224715113827,0.0013840680730741425,0.675,1
break_even,noise10,1001,30,low_yaw,ignore_passive,15,0.7000000000000001,0.748,1.054800281316381,0.0027179556516708186,0.010838286427057132,0.0013138992764986008,0.010838246650925353,0.001314747129951595,0.011538195209039481,0.0013799607772129509,0.675,1
break_even,noise10,1001,30,low_yaw,ignore_passive,16,0.7000000000000001,0.748,1.0553342952842393,0.002713361198459322,0.010516062727428027,0.0013096666247578135,0.010516213108054237,0.0013102431618379116,0.011199814391933835,0.0013758898315215636,0.675,1
break_even,noise10,1001,30,low_yaw,ignore_passive,17,0.7000000000000001,0.748,1.0547994920160586,0.002664660845964064,0.010221007861298965,0.0013049883880745677,0.010220911543181301,0.0013060277177061163,0.010889558817810252,0.001371854702970263,0.675,1
break_even,noise10,1001,30,low_yaw,ignore_passive,18,0.7000000000000001,0.748,1.0558030251455253,0.002629076369450509,0.00994953138027105,0.0013006499918616252,0.009949659003644388,0.0013013268337276793,0.010603736470631222,0.0013678548694082365,0.675,1
break_even,noise10,1001,30,low_yaw,ignore_passive,19,0.7000000000000001,0.748,1.0558344691964594,0.0026357659991438887,0.009697877234684281,0.001296487733315498,0.009698100288803232,0.0012970317941066502,0.010339300065009726,0.001363889819279757,0.675,1
break_even,noise10,1001,30,low_yaw,ignore_passive,20,0.7000000000000001,0.748,1.0563855895877132,0.0026197325598851947,0.00946481114075412,0.0012921463191104417,0.00946496164087258,0.0012929683230690863,0.010093709156187692,0.0013599590513493653,0.675,1
break_even,noise10,1001,30,low_yaw,ignore_passive,21,0.7000000000000001,0.748,1.0570107967988573,0.0025558787786122243,0.009247754560571598,0.0012874522497228914,0.009247815502050163,0.0012886429868203852,0.009864826661963744,0.0013560620744357116,0.675,1
break_even,noise10,1001,30,low_yaw,ignore_passive,22,0.7000000000000001,0.748,1.0569958401455986,0.00249873664936675,0.009045222181227995,0.0012828545080464824,0.009045041161411894,0.0012838926199508123,0.009650840087039649,0.0013521984071537417,0.675,1
break_even,noise10,1001,30,low_yaw,ignore_passive,23,0.7000000000000001,0.748,1.057132295896489,0.002479030896823775,0.008855604976406981,0.0012787758644352578,0.008855574180125428,0.001279444534546932,0.009450200770039358,0.0013483675776649147,0.675,1
break_even,noise10,1001,30,low_yaw,ignore_passive,24,0.7000000000000001,0.748,1.056813007119181,0.002472592647734609,0.008677200040831086,0.0012750479729131375,0.00867717467358571,0.001275310015715572,0.009261576474493001,0.0013445691234351635,0.675,1
break_even,noise10,1001,30,low_yaw,ignore_passive,25,0.7000000000000001,0.748,1.056964746080475,0.002489832500747113,0.008509159587170677,0.0012710603528574625,0.008509298914403881,0.001271701246141838,0.009083813992797089,0.0013408025910003117,0.675,1
break_even,noise10,1001,30,low_yaw,ignore_passive,26,0.7000000000000001,0.748,1.0563886379264622,0.002474852968997611,0.008350825096950317,0.0012671173173806286,0.008350768268384831,0.0012677332968064681,0.008915909356152933,0.0013370675357386804,0.675,1
break_even,noise10,1001,30,low_yaw,ignore_passive,27,0.7000000000000001,0.748,1.0568391380864837,0.002412443046940772,0.008200819270626524,0.001262990043965678,0.008200540571417498,0.0012637729729570058,0.008756983887339434,0.0013333635216506228,0.675,1
break_even,noise10,1001,30,low_yaw,ignore_passive,28,0.7000000000000001,0.748,1.056767561038855,0.0023989929528568203,0.008058621771649517,0.0012592979109886237,0.0080585611273702,0.0012596860666997097,0.008606264788553517,0.0013296901211447408,0.675,1
break_even,noise10,1001,30,low_yaw,ignore_passive,29,0.7000000000000001,0.748,1.0566586625862926,0.0024262728925053432,0.007923439805399127,0.0012562206286563253,0.007923549967832141,0.0012560592607013669,0.008463069283065451,0.0013260469148305457,0.675,1
break_even,noise10,1001,30,low_yaw,ignore_passive,30,0.7000000000000001,0.748,1.056918993243636,0.002441356287726005,0.007795009115042057,0.0012523136757825479,0.007794881375254346,0.0012530157386163208,0.00832679156653189,0.0013224334913173312,0.675,1
break_even,noise10,1001,30,low_yaw,uncertainty_trigger,1,0.7000000000000001,0.748,1.0483902380543577,0.002838073993771474,0.03022605639693693,0.0013789480767640119,0.030222717430655268,0.0013795891473611182,0.030699903649704593,0.0014410350550667814,0.675,1
break_even,noise10,1001,30,low_yaw,uncertainty_trigger,2,0.7000000000000001,0.748,1.0527512880256937,0.0028083104927421358,0.024804823782223984,0.0013741217853507966,0.02480658718283553,0.0013747157321957223,0.025634529205822727,0.0014364011721237772,0.675,1
break_even,noise10,1001,30,low_yaw,uncertainty_trigger,3,0.7000000000000001,0.748,1.0534416688377468,0.0027853650016000098,0.02154628043907246,0.0013690644031276477,0.0215437367898274,0.0013697575086358165,0.022459062931727333,0.0014318117066100587,0.675,1
break_even,noise10,1001,30,low_yaw,uncertainty_trigger,4,0.7000000000000001,0.748,1.0522282254662856,0.002755476208263346,0.019301313189803097,0.0013643493806229246,0.019302350671555713,0.0013645608255806489,0.020230892475127382,0.001427265953435158,0.675,1
break_even,noise10,1001,30,low_yaw,uncertainty_trigger,5,0.7000000000000001,0.748,1.0549758072416606,0.002753518818708847,0.017637054636426196,0.0013594307297208148,0.01763787335971938,0.0013602656623544526,0.018556719888913,0.0014227632230795928,0.675,1
break_even,noise10,1001,30,low_yaw,uncertainty_trigger,6,0.7000000000000001,0.748,1.0551316261629144,0.0027570127411257147,0.01634030798810362,0.001355192542164727,0.016340944263594667,0.0013553917370416617,0.01723945359705699,0.0014183028411555267,0.675,1
break_even,noise10,1001,30,low_yaw,uncertainty_trigger,7,0.7000000000000001,0.748,1.0556314813870522,0.0027432108414232044,0.015294463055623514,0.001350844972184719,0.015294226820420111,0.0013511743668274492,0.01616799188787327,0.0014138841479824854,0.675,1
break_even,noise10,1001,30,low_yaw,uncertainty_trigger,8,0.7000000000000001,0.748,1.0549691771268332,0.0027585603903669937,0.01442645719627215,0.0013463155645030305,0.014426131469008492,0.0013465643927030747,0.015274312189258794,0.0014095064981775231,0.675,1
break_even,noise10,1001,30,low_yaw,uncertainty_trigger,9,0.7000000000000001,0.748,1.0553412032349074,0.002754561613211327,0.013690098479867742,0.001341603746350507,0.01369022937128446,0.0013423899600322905,0.014514128985068337,0.0014051692602592618,0.675,1
break_even,noise10,1001,30,low_yaw,uncertainty_trigger,10,0.7000000000000001,0.748,1.0548855726920916,0.0026954654018032016,0.013056617572304046,0.0013371225316613315,0.013056980204594202,0.0013377093377367354,0.013857206227791893,0.001400871816265251,0.675,1
break_even,noise10,1001,30,low_yaw,uncertainty_trigger,11,0.7000000000000001,0.748,1.0542442049135972,0.0027154744259783948,0.012505087007449166,0.0013326370991797825,0.012504881464334852,0.0013332669026306298,0.013282101485383578,0.0013966135613821215,0.675,1
break_even,noise10,1001,30,low_yaw,uncertainty_trigger,12,0.7000000000000001,0.748,1.0542047550630065,0.0027307384497679862,0.012016839872773693,0.0013280380017143267,0.012017235127715556,0.001328830664081401,0.01277312930368962,0.001392393903588031,0.675,1
break_even,noise10,1001,30,low_yaw,uncertainty_trigger,13,0.7000000000000001,0.748,1.054789765365168,0.002753372109381802,0.011582649721555016,0.0013233596607844162,0.01158203533842048,0.0013242116047472278,0.012318515121867796,0.0013882122633069242,0.675,1
break_even,noise10,1001,30,low_yaw,uncertainty_trigger,14,0.7000000000000001,0.748,1.0546469469948638,0.0027172738725205715,0.011192099655901852,0.0013184879479430079,0.011191828756445654,0.001319631961410886,0.011909224715113827,0.0013840680730741425,0.675,1
break_even,noise10,1001,30,low_yaw,uncertainty_trigger,15,0.7000000000000001,0.748,1.054800281316381,0.0027179556516708186,0.010838286427057132,0.0013138992764986008,0.010838246650925353,0.001314747129951595,0.011538195209039481,0.0013799607772129509,0.675,1
break_even,noise10,1001,30,low_yaw,uncertainty_trigger,16,0.7000000000000001,0.748,1.0553342952842393,0.002713361198459322,0.010516062727428027,0.0013096666247578135,0.010516213108054237,0.0013102431618379116,0.011199814391933835,0.0013758898315215636,0.675,1
break_even,noise10,1001,30,low_yaw,uncertainty_trigger,17,0.7000000000000001,0.748,1.0547994920160586,0.002664660845964064,0.010221007861298965,0.0013049883880745677,0.010220911543181301,0.0013060277177061163,0.010889558817810252,0.001371854702970263,0.675,1
break_even,noise10,1001,30,low_yaw,uncertainty_trigger,18,0.7000000000000001,0.748,1.0558030251455253,0.002629076369450509,0.00994953138027105,0.0013006499918616252,0.009949659003644388,0.0013013268337276793,0.010603736470631222,0.0013678548694082365,0.675,1
break_even,noise10,1001,30,low_yaw,uncertainty_trigger,19,0.7000000000000001,0.748,1.0558344691964594,0.0026357659991438887,0.009697877234684281,0.001296487733315498,0.009698100288803232,0.0012970317941066502,0.010339300065009726,0.001363889819279757,0.675,1
break_even,noise10,1001,30,low_yaw,uncertainty_trigger,20,0.7000000000000001,0.748,1.0563855895877132,0.0026197325598851947,0.00946481114075412,0.0012921463191104417,0.00946496164087258,0.0012929683230690863,0.010093709156187692,0.0013599590513493653,0.675,1
break_even,noise10,1001,30,low_yaw,uncertainty_trigger,21,0.7000000000000001,0.748,1.0570107967988573,0.0025558787786122243,0.009247754560571598,0.0012874522497228914,0.009247815502050163,0.0012886429868203852,0.009864826661963744,0.0013560620744357116,0.675,1
break_even,noise10,1001,30,low_yaw,uncertainty_trigger,22,0.7000000000000001,0.748,1.0569958401455986,0.00249873664936675,0.009045222181227995,0.0012828545080464824,0.009045041161411894,0.0012838926199508123,0.009650840087039649,0.0013521984071537417,0.675,1
break_even,noise10,1001,30,low_yaw,uncertainty_trigger,23,0.7000000000000001,0.748,1.057132295896489,0.002479030896823775,0.008855604976406981,0.0012787758644352578,0.008855574180125428,0.001279444534546932,0.009450200770039358,0.0013483675776649147,0.675,1
break_even,noise10,1001,30,low_yaw,uncertainty_trigger,24,0.7000000000000001,0.748,1.056813007119181,0.002472592647734609,0.008677200040831086,0.0012750479729131375,0.00867717467358571,0.001275310015715572,0.009261576474493001,0.0013445691234351635,0.675,1
break_even,noise10,1001,30,low_yaw,uncertainty_trigger,25,0.7000000000000001,0.748,1.056964746080475,0.002489832500747113,0.008509159587170677,0.0012710603528574625,0.008509298914403881,0.001271701246141838,0.009083813992797089,0.0013408025910003117,0.675,1
break_even,noise10,1001,30,low_yaw,uncertainty_trigger,26,0.7000000000000001,0.748,1.0563886379264622,0.002474852968997611,0.008350825096950317,0.0012671173173806286,0.008350768268384831,0.0012677332968064681,0.008915909356152933,0.0013370675357386804,0.675,1
break_even,noise10,1001,30,low_yaw,uncertainty_trigger,27,0.7000000000000001,0.748,1.0568391380864837,0.002412443046940772,0.008200819270626524,0.001262990043965678,0.008200540571417498,0.0012637729729570058,0.008756983887339434,0.0013333635216506228,0.675,1
break_even,noise10,1001,30,low_yaw,uncertainty_trigger,28,0.7000000000000001,0.748,1.056767561038855,0.0023989929528568203,0.008058621771649517,0.0012592979109886237,0.0080585611273702,0.0012596860666997097,0.008606264788553517,0.0013296901211447408,0.675,1
break_even,noise10,1001,30,low_yaw,uncertainty_trigger,29,0.7000000000000001,0.748,1.0566586625862926,0.0024262728925053432,0.007923439805399127,0.0012562206286563253,0.007923549967832141,0.0012560592607013669,0.008463069283065451,0.0013260469148305457,0.675,1
break_even,noise10,1001,30,low_yaw,uncertainty_trigger,30,0.7000000000000001,0.748,1.056918993243636,0.002441356287726005,0.007795009115042057,0.0012523136757825479,0.007794881375254346,0.0012530157386163208,0.00832679156653189,0.0013224334913173312,0.675,1
break_even,noise10,1002,30,low_yaw,passive,1,0.8250000000000001,0.874,0.7512843103768914,0.011330227522235363,0.03917617305295662,0.007517360948275495,0.04028267407660387,0.007595192442118511,0.04028267407660387,0.007595192442118511,0.8250000000000001,1
break_even,noise10,1002,30,low_yaw,passive,2,0.8,0.848,0.7491686636243252,0.010413023454712355,0.028146441220593645,0.006990733558018751,0.02814103553798703,0.0071302386874138686,0.02896193645854848,0.007215357726383965,0.8,1
break_even,noise10,1002,30,low_yaw,passive,3,0.8,0.848,0.7472783481009891,0.011013592534523432,0.02309905426800491,0.006563430554613044,0.023102016384289863,0.006682010534588081,0.02378178690292078,0.006887345765528023,0.8,1
break_even,noise10,1002,30,low_yaw,passive,4,0.775,0.8240000000000001,0.7390769416253066,0.011408002430498198,0.020054441508668426,0.006207556983210994,0.020198889223501566,0.006285256310999704,0.020811906008170015,0.006573896816596785,0.775,1
break_even,noise10,1002,30,low_yaw,passive,5,0.775,0.8240000000000001,0.7390536003691971,0.010371192852414732,0.017962338424260316,0.00582765740661528,0.018066151040560398,0.005962942429710912,0.018733766311752616,0.006299684821853098,0.775,1
break_even,noise10,1002,30,low_yaw,passive,6,0.775,0.8240000000000001,0.738171235697586,0.010061581691728659,0.016412907446429346,0.005562677666621377,0.01649199034645577,0.005627970572138181,0.01717511988017043,0.006057152428657874,0.775,1
break_even,noise10,1002,30,low_yaw,passive,7,0.775,0.8240000000000001,0.736552615321869,0.010397990801663788,0.015207255426470256,0.005328153427831211,0.015270393697945655,0.005382914011572799,0.01595029131077094,0.005840634762890463,0.775,1
break_even,noise10,1002,30,low_yaw,passive,8,0.775,0.8240000000000001,0.7350039245497731,0.009660043110660493,0.014232002783374555,0.005140858287683504,0.014283640489860546,0.005174051106614185,0.014954944183542528,0.0056457907000975385,0.775,1
break_even,noise10,1002,30,low_yaw,passive,9,0.775,0.8240000000000001,0.7325125085186064,0.009845697707603638,0.013422876196278716,0.004968852289245482,0.0134662085297465,0.004998725844943739,0.014125344163461161,0.005469229986807246,0.775,1
break_even,noise10,1002,30,low_yaw,passive,10,0.775,0.8240000000000001,0.7333117057987012,0.009754737134009771,0.012738535933262978,0.004794325121216562,0.012775668948204892,0.004839894246401203,0.013420069773412886,0.00530826119141149,0.775,1
break_even,noise10,1002,30,low_yaw,passive,11,0.775,0.8240000000000001,0.7329703134030984,0.00987879947993646,0.012148678221199638,0.004635546587860546,0.012181156081287047,0.004679695927449573,0.012810879153256237,0.0051607167804572345,0.775,1
break_even,noise10,1002,30,low_yaw,passive,12,0.775,0.8240000000000001,0.732862398009104,0.009738817371338646,0.01163504138860189,0.004506176444749142,0.011662783265966014,0.004529389931978616,0.01227776627747592,0.005024828896486998,0.775,1
break_even,noise10,1002,30,low_yaw,passive,13,0.775,0.8240000000000001,0.7338936045780413,0.009943059186163906,0.011180952130856675,0.004384111164260855,0.01120599602857161,0.004409717840403337,0.011806109835326909,0.004899139337398078,0.775,1
break_even,noise10,1002,30,low_yaw,passive,14,0.775,0.8240000000000001,0.7348716202172824,0.010051169428207659,0.010775945415869188,0.004264478713963447,0.010798595656377892,0.004295788293059674,0.011384942520500263,0.004782433138211677,0.775,1
break_even,noise10,1002,30,low_yaw,passive,15,0.775,0.8240000000000001,0.7350517002175975,0.010039154304201516,0.010412212715932016,0.004152873754041904,0.01043231621057179,0.004183098633339606,0.011005854999287098,0.004673688773994988,0.775,1
break_even,noise10,1002,30,low_yaw,passive,16,0.775,0.8240000000000001,0.7352974786794174,0.009998187973678045,0.010082941349999007,0.004060860742609289,0.010101070043776085,0.004078401964636104,0.010662276645610983,0.004572040281795222,0.775,1
break_even,noise10,1002,30,low_yaw,passive,17,0.775,0.8240000000000001,0.73543925867653,0.009836586812252314,0.009783318890498558,0.003989300260225404,0.00979993343730656,0.003991152523794159,0.010348988962426248,0.004476748070425801,0.775,1
break_even,noise10,1002,30,low_yaw,passive,18,0.775,0.8240000000000001,0.7354213892125442,0.009976692234505176,0.00950864215598012,0.003901306450193884,0.009523934312759592,0.003921685717447322,0.010061787658990073,0.00438717615724903,0.775,1
break_even,noise10,1002,30,low_yaw,passive,19,0.775,0.8240000000000001,0.7353798378537464,0.010125455898561866,0.009255877521450608,0.0038257968308695544,0.009270204659263863,0.003839322989196097,0.009797242529032095,0.004302774223868622,0.775,1
break_even,noise10,1002,30,low_yaw,passive,20,0.775,0.8240000000000001,0.7341344114066372,0.01014394628941253,0.009022790877341471,0.0037579140174156095,0.009035594221339302,0.003766522829946023,0.009552523347070236,0.004223063329719616,0.775,1
break_even,noise10,1002,30,low_yaw,passive,21,0.75,0.798,0.7338815883220372,0.010103529707524567,0.008818240611242664,0.0036868674722488454,0.008818263661153904,0.0036970828660899276,0.009325271351298925,0.004147624433779035,0.775,1
break_even,noise10,1002,30,low_yaw,passive,22,0.75,0.798,0.733469839694741,0.009955573023150767,0.008627069983937903,0.003597832767242885,0.008627088380585235,0.0036287532778052005,0.009113602841661347,0.00406896840466077,0.75,1
break_even,noise10,1002,30,low_yaw,passive,23,0.75,0.798,0.7337472013170657,0.010003237457138683,0.00844780714082699,0.003528626291931012,0.008447883444160836,0.0035441543877226486,0.008915723092889146,0.003994624017558656,0.75,1
break_even,noise10,1002,30,low_yaw,passive,24,0.75,0.798,0.7340155057935398,0.009691564255925713,0.00827913699991043,0.0034695567709737535,0.008279246377782011,0.003477030456416734,0.008730197238555983,0.003924211225972468,0.75,1
break_even,noise10,1002,30,low_yaw,passive,25,0.75,0.798,0.7343159610786006,0.00968889717209454,0.008120419016449639,0.0034091222855365975,0.008120323730942246,0.0034209410540669027,0.008555791110451665,0.0038573952868550185,0.75,1
break_even,noise10,1002,30,low_yaw,passive,26,0.75,0.798,0.7335462554104194,0.009453469804763356,0.007970308470451597,0.0033514297468029805,0.007970260173133266,0.0033628830915414056,0.00839143653066475,0.003793880045631083,0.75,1
break_even,noise10,1002,30,low_yaw,passive,27,0.75,0.798,0.7342455557743552,0.00923813994126378,0.00782838555835253,0.003298126856091342,0.007828333333327754,0.003306801729339901,0.008236203668648823,0.003733402398964471,0.75,1
break_even,noise10,1002,30,low_yaw,passive,28,0.75,0.798,0.7345734316534395,0.009144145578240295,0.007693591972451285,0.0032440224738735815,0.007693660451272529,0.0032556293488282843,0.008089278824251844,0.003675727698684104,0.75,1
break_even,noise10,1002,30,low_yaw,passive,29,0.75,0.798,0.7344721329476995,0.009073215381681727,0.007565750750281848,0.0031998012504714495,0.007565764540777734,0.003203775049118828,0.007949946421327774,0.003620645913476369,0.75,1
break_even,noise10,1002,30,low_yaw,passive,30,0.75,0.798,0.7341913554961051,0.009062207051011075,0.007443845389817504,0.0031538028236194706,0.007443871938168755,0.0031591711786029034,0.007817574300219577,0.0035679684049857254,0.75,1
break_even,noise10,1002,30,low_yaw,always_probe,1,0.75,0.798,0.7469809423768302,0.010355846680602434,0.02942150306616324,0.001428956791325565,0.02941948932047987,0.001429610376524821,0.029885253319280495,0.0014444876785420667,0.7250000000000001,1
break_even,noise10,1002,30,low_yaw,always_probe,2,0.7250000000000001,0.774,0.7468334911291489,0.010318032667589398,0.02403754836510686,0.0014240010018139431,0.02428313719389819,0.0014250871866938783,0.024807960096538066,0.0014407214806440361,0.7250000000000001,1
break_even,noise10,1002,30,low_yaw,always_probe,3,0.7250000000000001,0.774,0.7462811157262166,0.010351482779154531,0.020819667533296407,0.0014191930825053244,0.02098185551581244,0.0014202697153074678,0.021667189775513247,0.0014369845886683455,0.7250000000000001,1
break_even,noise10,1002,30,low_yaw,always_probe,4,0.7250000000000001,0.774,0.7399550120189218,0.010379309818916537,0.018620284991366746,0.0014147571405697713,0.01873674312085263,0.0014155042432293192,0.01947988767262342,0.0014332766245122846,0.7250000000000001,1
break_even,noise10,1002,30,low_yaw,always_probe,5,0.7250000000000001,0.774,0.7399895985076202,0.010325750409253114,0.016997665180826533,0.0014093978747759175,0.017084197739945177,0.0014109859802711074,0.017844374596167643,0.0014295972168676392,0.7250000000000001,1
break_even,noise10,1002,30,low_yaw,always_probe,6,0.7250000000000001,0.774,0.7390443461947886,0.010305613454212215,0.015735403133947626,0.0014048937940672303,0.015805449429517546,0.0014057810831740838,0.01656188348414939,0.0014259460010645096,0.7250000000000001,1
break_even,noise10,1002,30,low_yaw,always_probe,7,0.7250000000000001,0.774,0.7373918529098417,0.010330234995723019,0.014720272318156395,0.0014003104413110206,0.014777080636240513,0.0014012394642658958,0.015521319691259191,0.0014223226189194953,0.7250000000000001,1
break_even,noise10,1002,30,low_yaw,always_probe,8,0.7250000000000001,0.774,0.7356597463484406,0.010297657160605874,0.01387893134037154,0.001396152685055906,0.013925443579094313,0.0013967581610595712,0.01465508390628524,0.001418726718588105,0.7250000000000001,1
break_even,noise10,1002,30,low_yaw,always_probe,9,0.7250000000000001,0.774,0.7332105791766832,0.010313891398868453,0.013166261487686461,0.0013922897402249424,0.013206585899018023,0.0013925965303514826,0.013919372248680097,0.0014151579544212456,0.7250000000000001,1
break_even,noise10,1002,30,low_yaw,always_probe,10,0.7250000000000001,0.774,0.7338447354169702,0.010312930833491997,0.012553986645502297,0.001388066099986575,0.01258902926306924,0.001388749315900787,0.013284387720887764,0.001411615986825666,0.7250000000000001,1
break_even,noise10,1002,30,low_yaw,always_probe,11,0.7250000000000001,0.774,0.7336660132643337,0.010337887105708566,0.012019538572943458,0.001383491227953296,0.01205037650096482,0.0013846006294874116,0.01272906218693296,0.001408100482128222,0.7250000000000001,1
break_even,noise10,1002,30,low_yaw,always_probe,12,0.7250000000000001,0.774,0.7333413225811632,0.010318832005935832,0.011548348433637804,0.0013792495872923692,0.011575777378116334,0.0013799930732711434,0.012238021885811044,0.0014046111124438418,0.7250000000000001,1
break_even,noise10,1002,30,low_yaw,always_probe,13,0.7250000000000001,0.774,0.7343521924795726,0.010331836029071811,0.011128602870171504,0.0013750002307235383,0.011152984156036695,0.0013758258385154908,0.011799750062293196,0.001401147555547074,0.7250000000000001,1
break_even,noise10,1002,30,low_yaw,always_probe,14,0.7250000000000001,0.774,0.7354458400964298,0.010349551307325644,0.010750917968165973,0.0013706963812074454,0.010773501481794838,0.0013716195810256173,0.011405425839984999,0.0013977094947471007,0.7250000000000001,1
break_even,noise10,1002,30,low_yaw,always_probe,15,0.7250000000000001,0.774,0.7356883017865345,0.010349301756820424,0.010409839194303456,0.0013665205213238846,0.010429647080352291,0.001367344879322532,0.011048163597972555,0.0013942966187661084,0.7250000000000001,1
break_even,noise10,1002,30,low_yaw,always_probe,16,0.7250000000000001,0.774,0.736224277783026,0.010334983252624741,0.010098978138000193,0.0013624637541714457,0.010117203065715313,0.0013632281648782918,0.010722499202159088,0.0013909086216209105,0.7250000000000001,1
break_even,noise10,1002,30,low_yaw,always_probe,17,0.7250000000000001,0.774,0.7362260348653668,0.010301913854530153,0.009814780472466561,0.0013590593687900754,0.009831453670740412,0.0013592018784101625,0.010424033674298382,0.0013875452025077196,0.7250000000000001,1
break_even,noise10,1002,30,low_yaw,always_probe,18,0.7250000000000001,0.774,0.7360795334097207,0.010326213977875134,0.009553128442771678,0.0013549165520241003,0.009568438328781835,0.0013557687628456935,0.010149180285103903,0.0013842060656899659,0.7250000000000001,1
break_even,noise10,1002,30,low_yaw,always_probe,19,0.7250000000000001,0.774,0.7363846111064744,0.010348213508464741,0.0093115282483994,0.0013511594895842113,0.009325751584220438,0.0013517067772325535,0.009894981369798207,0.0013808909203890767,0.7250000000000001,1
break_even,noise10,1002,30,low_yaw,always_probe,20,0.7250000000000001,0.774,0.7350595942428003,0.010350947523688465,0.009087479048419332,0.0013475238576281052,0.00910067285081763,0.0013479372873349137,0.009658973232180613,0.0013775994806781145,0.7250000000000001,1
break_even,noise10,1002,30,low_yaw,always_probe,21,0.7250000000000001,0.774,0.7347610411490567,0.010342848955296456,0.008878528859093113,0.0013438487851691128,0.008890960627480543,0.0013443687789706923,0.00943908489646594,0.001374331465378194,0.7250000000000001,1
break_even,noise10,1002,30,low_yaw,always_probe,22,0.7250000000000001,0.774,0.7343100663152834,0.010320213764768094,0.008683429498278017,0.001339136229390609,0.008695056664586403,0.0013406902121283737,0.009233561120479128,0.0013710865979575874,0.7250000000000001,1
break_even,noise10,1002,30,low_yaw,always_probe,23,0.7250000000000001,0.774,0.7345553409940484,0.010327867932595857,0.008500641611166085,0.0013352068937439211,0.008511609190478291,0.0013360374291693912,0.009040903085985735,0.0013678646064334394,0.7250000000000001,1
break_even,noise10,1002,30,low_yaw,always_probe,24,0.7250000000000001,0.774,0.7347967384152421,0.010280912101026336,0.008328789710423501,0.0013316261329779395,0.008339144766969802,0.0013320828644835885,0.00885982216121288,0.0013646652232760102,0.7250000000000001,1
break_even,noise10,1002,30,low_yaw,always_probe,25,0.7250000000000001,0.774,0.7350708291192598,0.010280990328286289,0.008167196624786804,0.001328008594616138,0.008176756940142088,0.00132856605978922,0.008689203461516946,0.0013614881853153695,0.7250000000000001,1
break_even,noise10,1002,30,low_yaw,always_probe,26,0.7250000000000001,0.774,0.7342601057791416,0.010245199714594927,0.008014473012871275,0.0013243943284836192,0.008023546714315821,0.0013249689909792303,0.008528076845269602,0.0013583332336504707,0.7250000000000001,1
break_even,noise10,1002,30,low_yaw,always_probe,27,0.7250000000000001,0.774,0.7349436326207324,0.010204789059618991,0.007870168505719546,0.0013208322878613444,0.007878755844624599,0.001321347545930252,0.00837559361605924,0.0013552001135605316,0.7250000000000001,1
break_even,noise10,1002,30,low_yaw,always_probe,28,0.7250000000000001,0.774,0.7352546477902699,0.010185277047015365,0.007733192994614904,0.0013172168677599556,0.007741459690249549,0.001317820820329744,0.00823100765017501,0.0013520885744186533,0.7250000000000001,1
break_even,noise10,1002,30,low_yaw,always_probe,29,0.7250000000000001,0.774,0.735131202429283,0.010172535796761578,0.007603354200983763,0.001314034743480711,0.007611157833361649,0.0013142488957246777,0.008093659989105141,0.001348998369607609,0.7250000000000001,1
break_even,noise10,1002,30,low_yaw,always_probe,30,0.7250000000000001,0.774,0.7348286786883454,0.010169461275318729,0.00747960782319499,0.0013105956477531438,0.007487049445408858,0.0013109535256085275,0.007962966169456104,0.0013459292564377446,0.7250000000000001,1
break_even,noise10,1002,30,low_yaw,batch_aware,1,0.75,0.798,0.7469809423768302,0.010355846680602434,0.02942150306616324,0.001428956791325565,0.02941948932047987,0.001429610376524821,0.029885253319280495,0.0014444876785420667,0.7250000000000001,1
break_even,noise10,1002,30,low_yaw,batch_aware,2,0.7250000000000001,0.774,0.7468334911291489,0.010318032667589398,0.02403754836510686,0.0014240010018139431,0.02428313719389819,0.0014250871866938783,0.024807960096538066,0.0014407214806440361,0.7250000000000001,1
break_even,noise10,1002,30,low_yaw,batch_aware,3,0.7250000000000001,0.774,0.7462811157262166,0.010351482779154531,0.020819667533296407,0.0014191930825053244,0.02098185551581244,0.0014202697153074678,0.021667189775513247,0.0014369845886683455,0.7250000000000001,1
break_even,noise10,1002,30,low_yaw,batch_aware,4,0.7250000000000001,0.774,0.7399550120189218,0.010379309818916537,0.018620284991366746,0.0014147571405697713,0.01873674312085263,0.0014155042432293192,0.01947988767262342,0.0014332766245122846,0.7250000000000001,1
break_even,noise10,1002,30,low_yaw,batch_aware,5,0.7250000000000001,0.774,0.7399895985076202,0.010325750409253114,0.016997665180826533,0.0014093978747759175,0.017084197739945177,0.0014109859802711074,0.017844374596167643,0.0014295972168676392,0.7250000000000001,1
break_even,noise10,1002,30,low_yaw,batch_aware,6,0.7250000000000001,0.774,0.7390443461947886,0.010305613454212215,0.015735403133947626,0.0014048937940672303,0.015805449429517546,0.0014057810831740838,0.01656188348414939,0.0014259460010645096,0.7250000000000001,1
break_even,noise10,1002,30,low_yaw,batch_aware,7,0.7250000000000001,0.774,0.7373918529098417,0.010330234995723019,0.014720272318156395,0.0014003104413110206,0.014777080636240513,0.0014012394642658958,0.015521319691259191,0.0014223226189194953,0.7250000000000001,1
break_even,noise10,1002,30,low_yaw,batch_aware,8,0.7250000000000001,0.774,0.7356597463484406,0.010297657160605874,0.01387893134037154,0.001396152685055906,0.013925443579094313,0.0013967581610595712,0.01465508390628524,0.001418726718588105,0.7250000000000001,1
break_even,noise10,1002,30,low_yaw,batch_aware,9,0.7250000000000001,0.774,0.7332105791766832,0.010313891398868453,0.013166261487686461,0.0013922897402249424,0.013206585899018023,0.0013925965303514826,0.013919372248680097,0.0014151579544212456,0.7250000000000001,1
break_even,noise10,1002,30,low_yaw,batch_aware,10,0.7250000000000001,0.774,0.7338447354169702,0.010312930833491997,0.012553986645502297,0.001388066099986575,0.01258902926306924,0.001388749315900787,0.013284387720887764,0.001411615986825666,0.7250000000000001,1
break_even,noise10,1002,30,low_yaw,batch_aware,11,0.7250000000000001,0.774,0.7336660132643337,0.010337887105708566,0.012019538572943458,0.001383491227953296,0.01205037650096482,0.0013846006294874116,0.01272906218693296,0.001408100482128222,0.7250000000000001,1
break_even,noise10,1002,30,low_yaw,batch_aware,12,0.7250000000000001,0.774,0.7333413225811632,0.010318832005935832,0.011548348433637804,0.0013792495872923692,0.011575777378116334,0.0013799930732711434,0.012238021885811044,0.0014046111124438418,0.7250000000000001,1
break_even,noise10,1002,30,low_yaw,batch_aware,13,0.7250000000000001,0.774,0.7343521924795726,0.010331836029071811,0.011128602870171504,0.0013750002307235383,0.011152984156036695,0.0013758258385154908,0.011799750062293196,0.001401147555547074,0.7250000000000001,1
break_even,noise10,1002,30,low_yaw,batch_aware,14,0.7250000000000001,0.774,0.7354458400964298,0.010349551307325644,0.010750917968165973,0.0013706963812074454,0.010773501481794838,0.0013716195810256173,0.011405425839984999,0.0013977094947471007,0.7250000000000001,1
break_even,noise10,1002,30,low_yaw,batch_aware,15,0.7250000000000001,0.774,0.7356883017865345,0.010349301756820424,0.010409839194303456,0.0013665205213238846,0.010429647080352291,0.001367344879322532,0.011048163597972555,0.0013942966187661084,0.7250000000000001,1
break_even,noise10,1002,30,low_yaw,batch_aware,16,0.7250000000000001,0.774,0.736224277783026,0.010334983252624741,0.010098978138000193,0.0013624637541714457,0.010117203065715313,0.0013632281648782918,0.010722499202159088,0.0013909086216209105,0.7250000000000001,1
break_even,noise10,1002,30,low_yaw,batch_aware,17,0.7250000000000001,0.774,0.7362260348653668,0.010301913854530153,0.009814780472466561,0.0013590593687900754,0.009831453670740412,0.0013592018784101625,0.010424033674298382,0.0013875452025077196,0.7250000000000001,1
break_even,noise10,1002,30,low_yaw,batch_aware,18,0.7250000000000001,0.774,0.7360795334097207,0.010326213977875134,0.009553128442771678,0.0013549165520241003,0.009568438328781835,0.0013557687628456935,0.010149180285103903,0.0013842060656899659,0.7250000000000001,1
break_even,noise10,1002,30,low_yaw,batch_aware,19,0.7250000000000001,0.774,0.7363846111064744,0.010348213508464741,0.0093115282483994,0.0013511594895842113,0.009325751584220438,0.0013517067772325535,0.009894981369798207,0.0013808909203890767,0.7250000000000001,1
break_even,noise10,1002,30,low_yaw,batch_aware,20,0.7250000000000001,0.774,0.7350595942428003,0.010350947523688465,0.009087479048419332,0.0013475238576281052,0.00910067285081763,0.0013479372873349137,0.009658973232180613,0.0013775994806781145,0.7250000000000001,1
break_even,noise10,1002,30,low_yaw,batch_aware,21,0.7250000000000001,0.774,0.7347610411490567,0.010342848955296456,0.008878528859093113,0.0013438487851691128,0.008890960627480543,0.0013443687789706923,0.00943908489646594,0.001374331465378194,0.7250000000000001,1
break_even,noise10,1002,30,low_yaw,batch_aware,22,0.7250000000000001,0.774,0.7343100663152834,0.010320213764768094,0.008683429498278017,0.001339136229390609,0.008695056664586403,0.0013406902121283737,0.009233561120479128,0.0013710865979575874,0.7250000000000001,1
break_even,noise10,1002,30,low_yaw,batch_aware,23,0.7250000000000001,0.774,0.7345553409940484,0.010327867932595857,0.008500641611166085,0.0013352068937439211,0.008511609190478291,0.0013360374291693912,0.009040903085985735,0.0013678646064334394,0.7250000000000001,1
break_even,noise10,1002,30,low_yaw,batch_aware,24,0.7250000000000001,0.774,0.7347967384152421,0.010280912101026336,0.008328789710423501,0.0013316261329779395,0.008339144766969802,0.0013320828644835885,0.00885982216121288,0.0013646652232760102,0.7250000000000001,1
break_even,noise10,1002,30,low_yaw,batch_aware,25,0.7250000000000001,0.774,0.7350708291192598,0.010280990328286289,0.008167196624786804,0.001328008594616138,0.008176756940142088,0.00132856605978922,0.008689203461516946,0.0013614881853153695,0.7250000000000001,1
break_even,noise10,1002,30,low_yaw,batch_aware,26,0.7250000000000001,0.774,0.7342601057791416,0.010245199714594927,0.008014473012871275,0.0013243943284836192,0.008023546714315821,0.0013249689909792303,0.008528076845269602,0.0013583332336504707,0.7250000000000001,1
break_even,noise10,1002,30,low_yaw,batch_aware,27,0.7250000000000001,0.774,0.7349436326207324,0.010204789059618991,0.007870168505719546,0.0013208322878613444,0.007878755844624599,0.001321347545930252,0.00837559361605924,0.0013552001135605316,0.7250000000000001,1
break_even,noise10,1002,30,low_yaw,batch_aware,28,0.7250000000000001,0.774,0.7352546477902699,0.010185277047015365,0.007733192994614904,0.0013172168677599556,0.007741459690249549,0.001317820820329744,0.00823100765017501,0.0013520885744186533,0.7250000000000001,1
break_even,noise10,1002,30,low_yaw,batch_aware,29,0.7250000000000001,0.774,0.735131202429283,0.010172535796761578,0.007603354200983763,0.001314034743480711,0.007611157833361649,0.0013142488957246777,0.008093659989105141,0.001348998369607609,0.7250000000000001,1
break_even,noise10,1002,30,low_yaw,batch_aware,30,0.7250000000000001,0.774,0.7348286786883454,0.010169461275318729,0.00747960782319499,0.0013105956477531438,0.007487049445408858,0.0013109535256085275,0.007962966169456104,0.0013459292564377446,0.7250000000000001,1
break_even,noise10,1002,30,low_yaw,ignore_passive,1,0.75,0.798,0.7469809423768302,0.010355846680602434,0.02942150306616324,0.001428956791325565,0.02941948932047987,0.001429610376524821,0.029885253319280495,0.0014444876785420667,0.7250000000000001,1
break_even,noise10,1002,30,low_yaw,ignore_passive,2,0.7250000000000001,0.774,0.7468334911291489,0.010318032667589398,0.02403754836510686,0.0014240010018139431,0.02428313719389819,0.0014250871866938783,0.024807960096538066,0.0014407214806440361,0.7250000000000001,1
break_even,noise10,1002,30,low_yaw,ignore_passive,3,0.7250000000000001,0.774,0.7462811157262166,0.010351482779154531,0.020819667533296407,0.0014191930825053244,0.02098185551581244,0.0014202697153074678,0.021667189775513247,0.0014369845886683455,0.7250000000000001,1
break_even,noise10,1002,30,low_yaw,ignore_passive,4,0.7250000000000001,0.774,0.7399550120189218,0.010379309818916537,0.018620284991366746,0.0014147571405697713,0.01873674312085263,0.0014155042432293192,0.01947988767262342,0.0014332766245122846,0.7250000000000001,1
break_even,noise10,1002,30,low_yaw,ignore_passive,5,0.7250000000000001,0.774,0.7399895985076202,0.010325750409253114,0.016997665180826533,0.0014093978747759175,0.017084197739945177,0.0014109859802711074,0.017844374596167643,0.0014295972168676392,0.7250000000000001,1
break_even,noise10,1002,30,low_yaw,ignore_passive,6,0.7250000000000001,0.774,0.7390443461947886,0.010305613454212215,0.015735403133947626,0.0014048937940672303,0.015805449429517546,0.0014057810831740838,0.01656188348414939,0.0014259460010645096,0.7250000000000001,1
break_even,noise10,1002,30,low_yaw,ignore_passive,7,0.7250000000000001,0.774,0.7373918529098417,0.010330234995723019,0.014720272318156395,0.0014003104413110206,0.014777080636240513,0.0014012394642658958,0.015521319691259191,0.0014223226189194953,0.7250000000000001,1
break_even,noise10,1002,30,low_yaw,ignore_passive,8,0.7250000000000001,0.774,0.7356597463484406,0.010297657160605874,0.01387893134037154,0.001396152685055906,0.013925443579094313,0.0013967581610595712,0.01465508390628524,0.001418726718588105,0.7250000000000001,1
break_even,noise10,1002,30,low_yaw,ignore_passive,9,0.7250000000000001,0.774,0.7332105791766832,0.010313891398868453,0.013166261487686461,0.0013922897402249424,0.013206585899018023,0.0013925965303514826,0.013919372248680097,0.0014151579544212456,0.7250000000000001,1
break_even,noise10,1002,30,low_yaw,ignore_passive,10,0.7250000000000001,0.774,0.7338447354169702,0.010312930833491997,0.012553986645502297,0.001388066099986575,0.01258902926306924,0.001388749315900787,0.013284387720887764,0.001411615986825666,0.7250000000000001,1
break_even,noise10,1002,30,low_yaw,ignore_passive,11,0.7250000000000001,0.774,0.7336660132643337,0.010337887105708566,0.012019538572943458,0.001383491227953296,0.01205037650096482,0.0013846006294874116,0.01272906218693296,0.001408100482128222,0.7250000000000001,1
break_even,noise10,1002,30,low_yaw,ignore_passive,12,0.7250000000000001,0.774,0.7333413225811632,0.010318832005935832,0.011548348433637804,0.0013792495872923692,0.011575777378116334,0.0013799930732711434,0.012238021885811044,0.0014046111124438418,0.7250000000000001,1
break_even,noise10,1002,30,low_yaw,ignore_passive,13,0.7250000000000001,0.774,0.7343521924795726,0.010331836029071811,0.011128602870171504,0.0013750002307235383,0.011152984156036695,0.0013758258385154908,0.011799750062293196,0.001401147555547074,0.7250000000000001,1
break_even,noise10,1002,30,low_yaw,ignore_passive,14,0.7250000000000001,0.774,0.7354458400964298,0.010349551307325644,0.010750917968165973,0.0013706963812074454,0.010773501481794838,0.0013716195810256173,0.011405425839984999,0.0013977094947471007,0.7250000000000001,1
break_even,noise10,1002,30,low_yaw,ignore_passive,15,0.7250000000000001,0.774,0.7356883017865345,0.010349301756820424,0.010409839194303456,0.0013665205213238846,0.010429647080352291,0.001367344879322532,0.011048163597972555,0.0013942966187661084,0.7250000000000001,1
break_even,noise10,1002,30,low_yaw,ignore_passive,16,0.7250000000000001,0.774,0.736224277783026,0.010334983252624741,0.010098978138000193,0.0013624637541714457,0.010117203065715313,0.0013632281648782918,0.010722499202159088,0.0013909086216209105,0.7250000000000001,1
break_even,noise10,1002,30,low_yaw,ignore_passive,17,0.7250000000000001,0.774,0.7362260348653668,0.010301913854530153,0.009814780472466561,0.0013590593687900754,0.009831453670740412,0.0013592018784101625,0.010424033674298382,0.0013875452025077196,0.7250000000000001,1
break_even,noise10,1002,30,low_yaw,ignore_passive,18,0.7250000000000001,0.774,0.7360795334097207,0.010326213977875134,0.009553128442771678,0.0013549165520241003,0.009568438328781835,0.0013557687628456935,0.010149180285103903,0.0013842060656899659,0.7250000000000001,1
break_even,noise10,1002,30,low_yaw,ignore_passive,19,0.7250000000000001,0.774,0.7363846111064744,0.010348213508464741,0.0093115282483994,0.0013511594895842113,0.009325751584220438,0.0013517067772325535,0.009894981369798207,0.0013808909203890767,0.7250000000000001,1
break_even,noise10,1002,30,low_yaw,ignore_passive,20,0.7250000000000001,0.774,0.7350595942428003,0.010350947523688465,0.009087479048419332,0.0013475238576281052,0.00910067285081763,0.0013479372873349137,0.009658973232180613,0.0013775994806781145,0.7250000000000001,1
break_even,noise10,1002,30,low_yaw,ignore_passive,21,0.7250000000000001,0.774,0.7347610411490567,0.010342848955296456,0.008878528859093113,0.0013438487851691128,0.008890960627480543,0.0013443687789706923,0.00943908489646594,0.001374331465378194,0.7250000000000001,1
break_even,noise10,1002,30,low_yaw,ignore_passive,22,0.7250000000000001,0.774,0.7343100663152834,0.010320213764768094,0.008683429498278017,0.001339136229390609,0.008695056664586403,0.0013406902121283737,0.009233561120479128,0.0013710865979575874,0.7250000000000001,1
break_even,noise10,1002,30,low_yaw,ignore_passive,23,0.7250000000000001,0.774,0.7345553409940484,0.010327867932595857,0.008500641611166085,0.0013352068937439211,0.008511609190478291,0.0013360374291693912,0.009040903085985735,0.0013678646064334394,0.7250000000000001,1
break_even,noise10,1002,30,low_yaw,ignore_passive,24,0.7250000000000001,0.774,0.7347967384152421,0.010280912101026336,0.008328789710423501,0.0013316261329779395,0.008339144766969802,0.0013320828644835885,0.00885982216121288,0.0013646652232760102,0.7250000000000001,1
break_even,noise10,1002,30,low_yaw,ignore_passive,25,0.7250000000000001,0.774,0.7350708291192598,0.010280990328286289,0.008167196624786804,0.001328008594616138,0.008176756940142088,0.00132856605978922,0.008689203461516946,0.0013614881853153695,0.7250000000000001,1
break_even,noise10,1002,30,low_yaw,ignore_passive,26,0.7250000000000001,0.774,0.7342601057791416,0.010245199714594927,0.008014473012871275,0.0013243943284836192,0.008023546714315821,0.0013249689909792303,0.008528076845269602,0.0013583332336504707,0.7250000000000001,1
break_even,noise10,1002,30,low_yaw,ignore_passive,27,0.7250000000000001,0.774,0.7349436326207324,0.010204789059618991,0.007870168505719546,0.0013208322878613444,0.007878755844624599,0.001321347545930252,0.00837559361605924,0.0013552001135605316,0.7250000000000001,1
break_even,noise10,1002,30,low_yaw,ignore_passive,28,0.7250000000000001,0.774,0.7352546477902699,0.010185277047015365,0.007733192994614904,0.0013172168677599556,0.007741459690249549,0.001317820820329744,0.00823100765017501,0.0013520885744186533,0.7250000000000001,1
break_even,noise10,1002,30,low_yaw,ignore_passive,29,0.7250000000000001,0.774,0.735131202429283,0.010172535796761578,0.007603354200983763,0.001314034743480711,0.007611157833361649,0.0013142488957246777,0.008093659989105141,0.001348998369607609,0.7250000000000001,1
break_even,noise10,1002,30,low_yaw,ignore_passive,30,0.7250000000000001,0.774,0.7348286786883454,0.010169461275318729,0.00747960782319499,0.0013105956477531438,0.007487049445408858,0.0013109535256085275,0.007962966169456104,0.0013459292564377446,0.7250000000000001,1
break_even,noise10,1002,30,low_yaw,uncertainty_trigger,1,0.75,0.798,0.7469809423768302,0.010355846680602434,0.02942150306616324,0.001428956791325565,0.02941948932047987,0.001429610376524821,0.029885253319280495,0.0014444876785420667,0.7250000000000001,1
break_even,noise10,1002,30,low_yaw,uncertainty_trigger,2,0.7250000000000001,0.774,0.7468334911291489,0.010318032667589398,0.02403754836510686,0.0014240010018139431,0.02428313719389819,0.0014250871866938783,0.024807960096538066,0.0014407214806440361,0.7250000000000001,1
break_even,noise10,1002,30,low_yaw,uncertainty_trigger,3,0.7250000000000001,0.774,0.7462811157262166,0.010351482779154531,0.020819667533296407,0.0014191930825053244,0.02098185551581244,0.0014202697153074678,0.021667189775513247,0.0014369845886683455,0.7250000000000001,1
break_even,noise10,1002,30,low_yaw,uncertainty_trigger,4,0.7250000000000001,0.774,0.7399550120189218,0.010379309818916537,0.018620284991366746,0.0014147571405697713,0.01873674312085263,0.0014155042432293192,0.01947988767262342,0.0014332766245122846,0.7250000000000001,1
break_even,noise10,1002,30,low_yaw,uncertainty_trigger,5,0.7250000000000001,0.774,0.7399895985076202,0.010325750409253114,0.016997665180826533,0.0014093978747759175,0.017084197739945177,0.0014109859802711074,0.017844374596167643,0.0014295972168676392,0.7250000000000001,1
break_even,noise10,1002,30,low_yaw,uncertainty_trigger,6,0.7250000000000001,0.774,0.7390443461947886,0.010305613454212215,0.015735403133947626,0.0014048937940672303,0.015805449429517546,0.0014057810831740838,0.01656188348414939,0.0014259460010645096,0.7250000000000001,1
break_even,noise10,1002,30,low_yaw,uncertainty_trigger,7,0.7250000000000001,0.774,0.7373918529098417,0.010330234995723019,0.014720272318156395,0.0014003104413110206,0.014777080636240513,0.0014012394642658958,0.015521319691259191,0.0014223226189194953,0.7250000000000001,1
break_even,noise10,1002,30,low_yaw,uncertainty_trigger,8,0.7250000000000001,0.774,0.7356597463484406,0.010297657160605874,0.01387893134037154,0.001396152685055906,0.013925443579094313,0.0013967581610595712,0.01465508390628524,0.001418726718588105,0.7250000000000001,1
break_even,noise10,1002,30,low_yaw,uncertainty_trigger,9,0.7250000000000001,0.774,0.7332105791766832,0.010313891398868453,0.013166261487686461,0.0013922897402249424,0.013206585899018023,0.0013925965303514826,0.013919372248680097,0.0014151579544212456,0.7250000000000001,1
break_even,noise10,1002,30,low_yaw,uncertainty_trigger,10,0.7250000000000001,0.774,0.7338447354169702,0.010312930833491997,0.012553986645502297,0.001388066099986575,0.01258902926306924,0.001388749315900787,0.013284387720887764,0.001411615986825666,0.7250000000000001,1
break_even,noise10,1002,30,low_yaw,uncertainty_trigger,11,0.7250000000000001,0.774,0.7336660132643337,0.010337887105708566,0.012019538572943458,0.001383491227953296,0.01205037650096482,0.0013846006294874116,0.01272906218693296,0.001408100482128222,0.7250000000000001,1
break_even,noise10,1002,30,low_yaw,uncertainty_trigger,12,0.7250000000000001,0.774,0.7333413225811632,0.010318832005935832,0.011548348433637804,0.0013792495872923692,0.011575777378116334,0.0013799930732711434,0.012238021885811044,0.0014046111124438418,0.7250000000000001,1
break_even,noise10,1002,30,low_yaw,uncertainty_trigger,13,0.7250000000000001,0.774,0.7343521924795726,0.010331836029071811,0.011128602870171504,0.0013750002307235383,0.011152984156036695,0.0013758258385154908,0.011799750062293196,0.001401147555547074,0.7250000000000001,1
break_even,noise10,1002,30,low_yaw,uncertainty_trigger,14,0.7250000000000001,0.774,0.7354458400964298,0.010349551307325644,0.010750917968165973,0.0013706963812074454,0.010773501481794838,0.0013716195810256173,0.011405425839984999,0.0013977094947471007,0.7250000000000001,1
break_even,noise10,1002,30,low_yaw,uncertainty_trigger,15,0.7250000000000001,0.774,0.7356883017865345,0.010349301756820424,0.010409839194303456,0.0013665205213238846,0.010429647080352291,0.001367344879322532,0.011048163597972555,0.0013942966187661084,0.7250000000000001,1
break_even,noise10,1002,30,low_yaw,uncertainty_trigger,16,0.7250000000000001,0.774,0.736224277783026,0.010334983252624741,0.010098978138000193,0.0013624637541714457,0.010117203065715313,0.0013632281648782918,0.010722499202159088,0.0013909086216209105,0.7250000000000001,1
break_even,noise10,1002,30,low_yaw,uncertainty_trigger,17,0.7250000000000001,0.774,0.7362260348653668,0.010301913854530153,0.009814780472466561,0.0013590593687900754,0.009831453670740412,0.0013592018784101625,0.010424033674298382,0.0013875452025077196,0.7250000000000001,1
break_even,noise10,1002,30,low_yaw,uncertainty_trigger,18,0.7250000000000001,0.774,0.7360795334097207,0.010326213977875134,0.009553128442771678,0.0013549165520241003,0.009568438328781835,0.0013557687628456935,0.010149180285103903,0.0013842060656899659,0.7250000000000001,1
break_even,noise10,1002,30,low_yaw,uncertainty_trigger,19,0.7250000000000001,0.774,0.7363846111064744,0.010348213508464741,0.0093115282483994,0.0013511594895842113,0.009325751584220438,0.0013517067772325535,0.009894981369798207,0.0013808909203890767,0.7250000000000001,1
break_even,noise10,1002,30,low_yaw,uncertainty_trigger,20,0.7250000000000001,0.774,0.7350595942428003,0.010350947523688465,0.009087479048419332,0.0013475238576281052,0.00910067285081763,0.0013479372873349137,0.009658973232180613,0.0013775994806781145,0.7250000000000001,1
break_even,noise10,1002,30,low_yaw,uncertainty_trigger,21,0.7250000000000001,0.774,0.7347610411490567,0.010342848955296456,0.008878528859093113,0.0013438487851691128,0.008890960627480543,0.0013443687789706923,0.00943908489646594,0.001374331465378194,0.7250000000000001,1
break_even,noise10,1002,30,low_yaw,uncertainty_trigger,22,0.7250000000000001,0.774,0.7343100663152834,0.010320213764768094,0.008683429498278017,0.001339136229390609,0.008695056664586403,0.0013406902121283737,0.009233561120479128,0.0013710865979575874,0.7250000000000001,1
break_even,noise10,1002,30,low_yaw,uncertainty_trigger,23,0.7250000000000001,0.774,0.7345553409940484,0.010327867932595857,0.008500641611166085,0.0013352068937439211,0.008511609190478291,0.0013360374291693912,0.009040903085985735,0.0013678646064334394,0.7250000000000001,1
break_even,noise10,1002,30,low_yaw,uncertainty_trigger,24,0.7250000000000001,0.774,0.7347967384152421,0.010280912101026336,0.008328789710423501,0.0013316261329779395,0.008339144766969802,0.0013320828644835885,0.00885982216121288,0.0013646652232760102,0.7250000000000001,1
break_even,noise10,1002,30,low_yaw,uncertainty_trigger,25,0.7250000000000001,0.774,0.7350708291192598,0.010280990328286289,0.008167196624786804,0.001328008594616138,0.008176756940142088,0.00132856605978922,0.008689203461516946,0.0013614881853153695,0.7250000000000001,1
break_even,noise10,1002,30,low_yaw,uncertainty_trigger,26,0.7250000000000001,0.774,0.7342601057791416,0.010245199714594927,0.008014473012871275,0.0013243943284836192,0.008023546714315821,0.0013249689909792303,0.008528076845269602,0.0013583332336504707,0.7250000000000001,1
break_even,noise10,1002,30,low_yaw,uncertainty_trigger,27,0.7250000000000001,0.774,0.7349436326207324,0.010204789059618991,0.007870168505719546,0.0013208322878613444,0.007878755844624599,0.001321347545930252,0.00837559361605924,0.0013552001135605316,0.7250000000000001,1
break_even,noise10,1002,30,low_yaw,uncertainty_trigger,28,0.7250000000000001,0.774,0.7352546477902699,0.010185277047015365,0.007733192994614904,0.0013172168677599556,0.007741459690249549,0.001317820820329744,0.00823100765017501,0.0013520885744186533,0.7250000000000001,1
break_even,noise10,1002,30,low_yaw,uncertainty_trigger,29,0.7250000000000001,0.774,0.735131202429283,0.010172535796761578,0.007603354200983763,0.001314034743480711,0.007611157833361649,0.0013142488957246777,0.008093659989105141,0.001348998369607609,0.7250000000000001,1
break_even,noise10,1002,30,low_yaw,uncertainty_trigger,30,0.7250000000000001,0.774,0.7348286786883454,0.010169461275318729,0.00747960782319499,0.0013105956477531438,0.007487049445408858,0.0013109535256085275,0.007962966169456104,0.0013459292564377446,0.7250000000000001,1
break_even,noise10,1003,30,low_yaw,passive,1,0.775,0.8240000000000001,0.4721848112943538,0.010977529732420567,0.03891836838723746,0.007467655166185968,0.04008455432359244,0.007512153708711548,0.04008455432359244,0.007512153708711548,0.775,1
break_even,noise10,1003,30,low_yaw,passive,2,0.775,0.8240000000000001,0.4637045147623119,0.010322270458585256,0.0279316850997509,0.0069569606072634104,0.028337128407665512,0.007065215607634966,0.029224266013528812,0.007109885498279504,0.775,1
break_even,noise10,1003,30,low_yaw,passive,3,0.775,0.8240000000000001,0.46251161694680293,0.009891287690607915,0.02292506643277027,0.006614494823255968,0.023144379933462945,0.006622613498840231,0.024116375467648117,0.006766011658897696,0.775,1
break_even,noise10,1003,30,low_yaw,passive,4,0.775,0.8240000000000001,0.4625542070239249,0.008665790630405294,0.01990582227421988,0.0062785811926238605,0.020048576123196295,0.006324408100902693,0.020999679059124438,0.0064392630402723946,0.75,1
break_even,noise10,1003,30,low_yaw,passive,5,0.775,0.8240000000000001,0.46412279987928934,0.008574287577942449,0.017834655607385428,0.0059679838535296485,0.017935668620022396,0.006020882500454763,0.018844827240309073,0.0061556975048847285,0.75,1
break_even,noise10,1003,30,low_yaw,passive,6,0.75,0.798,0.46269130077276566,0.008312860555567347,0.016375597257686482,0.005642139189926187,0.01637565414558534,0.005724136550685051,0.017241028471699314,0.005906571077987915,0.75,1
break_even,noise10,1003,30,low_yaw,passive,7,0.75,0.798,0.46207762497826516,0.008067201407505782,0.01522356257109304,0.005408114253487819,0.015224179813876684,0.005431453448426627,0.015987452628222962,0.005685433341809519,0.75,1
break_even,noise10,1003,30,low_yaw,passive,8,0.75,0.798,0.463823402284872,0.007990643253083022,0.014284784359553278,0.005169030348162604,0.014285873131024378,0.005223073289064823,0.014972759887632131,0.005487407727891692,0.75,1
break_even,noise10,1003,30,low_yaw,passive,9,0.75,0.798,0.46365006511461915,0.007629953313130034,0.013502242450507341,0.00498197281133026,0.013501621628740874,0.005006783371983467,0.014129597265738111,0.005308729888991972,0.75,1
break_even,noise10,1003,30,low_yaw,passive,10,0.75,0.798,0.4628342332530335,0.007959077083748692,0.012835681605538513,0.004800271225708481,0.01283558953097778,0.004834076498531464,0.013414513544425553,0.005146441458212224,0.75,1
break_even,noise10,1003,30,low_yaw,passive,11,0.75,0.798,0.46234028639835645,0.00764937915216001,0.012258302887459209,0.004640205644150315,0.01225795870186502,0.004670361865269542,0.012798054245175033,0.004998180938021111,0.75,1
break_even,noise10,1003,30,low_yaw,passive,12,0.75,0.798,0.46116982267341794,0.007187241196602555,0.011752806318619434,0.004467171998873744,0.011752968152183385,0.004522232709379,0.012259451736358224,0.00486203729230257,0.75,1
break_even,noise10,1003,30,low_yaw,passive,13,0.75,0.798,0.4617193919780999,0.007110065677574096,0.011305381128777773,0.00434434337147786,0.011305421767320844,0.004360917813387954,0.011783586516959915,0.004736445167565178,0.75,1
break_even,noise10,1003,30,low_yaw,passive,14,0.75,0.798,0.46163251040666303,0.0068767395870568465,0.010905899878051,0.0042170725081826415,0.010905248340079795,0.0042463058477928,0.011359154226970066,0.004620108440798245,0.75,1
break_even,noise10,1003,30,low_yaw,passive,15,0.75,0.798,0.4612371145614137,0.006452194498717524,0.01054539625650752,0.004111841481009039,0.010545543356482782,0.0041263139958302,0.010977510929293858,0.0045119434668169115,0.75,1
break_even,noise10,1003,30,low_yaw,passive,16,0.75,0.798,0.46017543523065907,0.006352395596627318,0.010217994044775785,0.004009604801789177,0.010218177723937223,0.004027530220462576,0.01063191869802905,0.004411036294197567,0.75,1
break_even,noise10,1003,30,low_yaw,passive,17,0.75,0.798,0.46023327319141516,0.006329913029569811,0.009920223645872174,0.003926057949352186,0.009919996712359972,0.003930573480571999,0.010317037209389793,0.004316609960339428,0.75,1
break_even,noise10,1003,30,low_yaw,passive,18,0.75,0.798,0.46100233662703305,0.006238289149227395,0.009646970680659837,0.0038356444497336752,0.009646695495262531,0.0038522446508194633,0.010028571826926494,0.004227999174551458,0.75,1
break_even,noise10,1003,30,low_yaw,passive,19,0.75,0.798,0.46208914494051323,0.006245351324498402,0.009394795454883512,0.003757803712753498,0.009394812009567623,0.0037659997667386404,0.00976302426291695,0.004144630494461983,0.75,1
break_even,noise10,1003,30,low_yaw,passive,20,0.75,0.798,0.4619132187714959,0.006059892627376599,0.009161025766542581,0.003676006453367236,0.009161019144318074,0.003691079281583891,0.009532925954675761,0.00405795523740133,0.7250000000000001,1
break_even,noise10,1003,30,low_yaw,passive,21,0.75,0.798,0.46109596417709026,0.005939165874872543,0.008943838409556,0.0036069437809854673,0.008944008394880318,0.0036140725048427126,0.009318365714074336,0.00397649985355835,0.7250000000000001,1
break_even,noise10,1003,30,low_yaw,passive,22,0.75,0.798,0.4623795545767463,0.005614928424606366,0.008741688935476073,0.003543093462734054,0.00874192584534934,0.003549228654868274,0.009117669990520676,0.003899760604664632,0.7250000000000001,1
break_even,noise10,1003,30,low_yaw,passive,23,0.75,0.798,0.46258953226535576,0.00561500409009248,0.008552490597985447,0.003470895580230517,0.00855254929419891,0.00348692662202918,0.00892940718075108,0.0038272992845317846,0.7250000000000001,1
break_even,noise10,1003,30,low_yaw,passive,24,0.75,0.798,0.46289350233324383,0.0056421253798750355,0.008375130300950735,0.0034036162119168447,0.008375365507569617,0.003419140392566697,0.008752344437430832,0.003758732650363231,0.7250000000000001,1
break_even,noise10,1003,30,low_yaw,passive,25,0.75,0.798,0.4628152504969498,0.005759006895462928,0.008208575963789504,0.003335333351617141,0.00820853226725594,0.0033542569711821264,0.008585413542478335,0.0036937238653239396,0.7250000000000001,1
break_even,noise10,1003,30,low_yaw,passive,26,0.75,0.798,0.46267070694616175,0.0056384205584635045,0.008051328217297043,0.0032701246886654846,0.008051350020616414,0.0032869048455174046,0.008427683679289255,0.003631975515135503,0.7250000000000001,1
break_even,noise10,1003,30,low_yaw,passive,27,0.75,0.798,0.46214652010842816,0.005665639751374258,0.007902905216240185,0.0032108861476512723,0.007902854083627358,0.0032256637461610975,0.008278339513986913,0.003573223867593585,0.7250000000000001,1
break_even,noise10,1003,30,low_yaw,passive,28,0.75,0.798,0.4621620891233336,0.00589330958758656,0.0077623505706739294,0.003158105169086326,0.007762441959354433,0.00316957233217466,0.008136663404128995,0.0035172341217528584,0.7250000000000001,1
break_even,noise10,1003,30,low_yaw,passive,29,0.75,0.798,0.4621102624117138,0.005860617429705325,0.007629159949767837,0.0031110217759174903,0.007629062173943333,0.0031174657340848223,0.008002020846694127,0.0034637964512584927,0.7250000000000001,1
break_even,noise10,1003,30,low_yaw,passive,30,0.75,0.798,0.4617143958545551,0.005762293621915171,0.00750222587739246,0.003069883416251922,0.00750236879996699,0.0030734600340395508,0.007873848490642212,0.0034127226895603636,0.7250000000000001,1
break_even,noise10,1003,30,low_yaw,always_probe,1,0.7250000000000001,0.774,0.4651454898168075,0.008349142224839033,0.028783132495424725,0.001408238644099672,0.029217748376340575,0.0014087361190707832,0.029249683820493515,0.0014427901416402043,0.7000000000000001,1
break_even,noise10,1003,30,low_yaw,always_probe,2,0.7250000000000001,0.774,0.4604042627525459,0.008332130584803619,0.023616191792843168,0.0014036781689275586,0.023861704012613213,0.0014045070584100385,0.02438941907426957,0.001438619253790668,0.7000000000000001,1
break_even,noise10,1003,30,low_yaw,always_probe,3,0.7250000000000001,0.774,0.4609042502178853,0.008326237702416158,0.020507151272010082,0.0013999362398967766,0.020662786370110285,0.001399965029292263,0.021352219023796675,0.0014344843302718684,0.7000000000000001,1
break_even,noise10,1003,30,low_yaw,always_probe,4,0.7250000000000001,0.774,0.4609040429041764,0.008268481475033921,0.018371817280179465,0.0013958672242549144,0.018483355838679803,0.001396267325618855,0.019224914474537527,0.0014303848571875955,0.7000000000000001,1
break_even,noise10,1003,30,low_yaw,always_probe,5,0.7000000000000001,0.748,0.4623772894977758,0.008268408164577424,0.016876614380117828,0.0013909887980822716,0.01687560467396361,0.0013917869893292304,0.017628395539234173,0.0014263203308635553,0.7000000000000001,1
break_even,noise10,1003,30,low_yaw,always_probe,6,0.7000000000000001,0.748,0.4615047913941951,0.00825226149054662,0.015693121774715803,0.0013856423896974853,0.01569373556129218,0.0013869645503465826,0.016373256459094855,0.0014222902575874298,0.7000000000000001,1
break_even,noise10,1003,30,low_yaw,always_probe,7,0.7000000000000001,0.748,0.4611554947552476,0.008231681519803519,0.014727306273060042,0.0013813262743899092,0.014728284438588512,0.0013816208045209716,0.015352947468261345,0.0014182941533569687,0.7000000000000001,1
break_even,noise10,1003,30,low_yaw,always_probe,8,0.7000000000000001,0.748,0.4625302907601616,0.008220547726771152,0.013921052579032868,0.0013764950914106114,0.013921687426929532,0.001377377137477125,0.01450233026272685,0.0014143315436358265,0.7000000000000001,1
break_even,noise10,1003,30,low_yaw,always_probe,9,0.7000000000000001,0.748,0.46289775306473874,0.008189741956366523,0.013234569156177708,0.0013723054718804716,0.013234744742695311,0.0013725917353198391,0.013779045236114054,0.0014104019631168614,0.7000000000000001,1
break_even,noise10,1003,30,low_yaw,always_probe,10,0.7000000000000001,0.748,0.46243817386348113,0.008210656074654637,0.012641756489511572,0.0013677543124166922,0.012641163345858304,0.0013684009312401944,0.013154197109701176,0.0014065049554926256,0.7000000000000001,1
break_even,noise10,1003,30,low_yaw,always_probe,11,0.7000000000000001,0.748,0.46208977398909407,0.008179947777681983,0.01212003296218638,0.001363087950572107,0.012120633076039078,0.0013639458058716126,0.012607309091347106,0.0014026400732327965,0.7000000000000001,1
break_even,noise10,1003,30,low_yaw,always_probe,12,0.7000000000000001,0.748,0.4612094543438243,0.008145379637541776,0.011659411511598827,0.0013578747891874162,0.011659351841724694,0.00135932295965504,0.012123411046796767,0.0013988068773682963,0.7000000000000001,1
break_even,noise10,1003,30,low_yaw,always_probe,13,0.7000000000000001,0.748,0.46175583307505774,0.008134328450450257,0.011248074026626314,0.0013537085273531081,0.011247738958865572,0.0013541521156783295,0.011691271017280938,0.0013950049372818663,0.7000000000000001,1
break_even,noise10,1003,30,low_yaw,always_probe,14,0.7000000000000001,0.748,0.4616305833166345,0.00810510622374404,0.010876812668244046,0.0013490867765217343,0.010876869673974322,0.0013500192953659566,0.011302274780746484,0.0013912338305048697,0.7000000000000001,1
break_even,noise10,1003,30,low_yaw,always_probe,15,0.7000000000000001,0.748,0.4613962083103416,0.008048556867852174,0.010539940286674933,0.0013450117532493374,0.010540248310209858,0.0013454152990217759,0.010949690299211553,0.0013874931425201047,0.7000000000000001,1
break_even,noise10,1003,30,low_yaw,always_probe,16,0.7000000000000001,0.748,0.4603941847305947,0.008027783326712414,0.010232186899754633,0.001340975415868256,0.010232441473160296,0.0013413856975081004,0.010628169964248452,0.0013837824665704152,0.7000000000000001,1
break_even,noise10,1003,30,low_yaw,always_probe,17,0.7000000000000001,0.748,0.46041432048240455,0.008014342324646415,0.009950598983768615,0.0013373279644696963,0.009950668579404819,0.00133735599667273,0.010333404817744248,0.0013801014034729065,0.7000000000000001,1
break_even,noise10,1003,30,low_yaw,always_probe,18,0.7000000000000001,0.748,0.4610509131891473,0.00800513067133381,0.009691220422487008,0.0013332432229965858,0.009690959337444323,0.0013337580759025089,0.010061878788169953,0.0013764495614385654,0.7000000000000001,1
break_even,noise10,1003,30,low_yaw,always_probe,19,0.7000000000000001,0.748,0.4620263004101052,0.008004550104778565,0.009451099749183801,0.001329391226001043,0.009450822343180638,0.0013296776774223205,0.009810690458187466,0.0013728265558971037,0.7000000000000001,1
break_even,noise10,1003,30,low_yaw,always_probe,20,0.7000000000000001,0.748,0.4620757242467025,0.007976140811104615,0.009227286020363481,0.0013252832130939997,0.009227306254080364,0.001325801977734855,0.009577421474899338,0.0013692320093268472,0.7000000000000001,1
break_even,noise10,1003,30,low_yaw,always_probe,21,0.7000000000000001,0.748,0.46120246733232967,0.00795138744222678,0.009018532780297026,0.0013214745146774122,0.009018812235563538,0.0013217641663505557,0.00936003783128941,0.001365665551089498,0.7000000000000001,1
break_even,noise10,1003,30,low_yaw,always_probe,22,0.7000000000000001,0.748,0.4623881927024957,0.007885534205365025,0.008823819912355767,0.001317856529923942,0.008823974698313293,0.0013180310777280448,0.009156814735534933,0.0013621268172696076,0.7000000000000001,1
break_even,noise10,1003,30,low_yaw,always_probe,23,0.7000000000000001,0.748,0.4624645320560568,0.007877010301707257,0.00864090778728173,0.001313496663588997,0.008641004434742616,0.0013143769376480036,0.008966278684210639,0.0013586154505186004,0.7000000000000001,1
break_even,noise10,1003,30,low_yaw,always_probe,24,0.7000000000000001,0.748,0.46291523093958226,0.007877450643383707,0.008469118363444668,0.0013092048614955366,0.008469259382575547,0.001310111554638372,0.008787162269458505,0.0013551310999031989,0.7000000000000001,1
break_even,noise10,1003,30,low_yaw,always_probe,25,0.7000000000000001,0.748,0.4628451201216172,0.00788273904629803,0.008307365042436713,0.001304790547087089,0.00830726065260614,0.0013058240659335545,0.008618368538822136,0.0013516734207581031,0.7000000000000001,1
break_even,noise10,1003,30,low_yaw,always_probe,26,0.7000000000000001,0.748,0.46280100722036877,0.007849515856683534,0.008154262925410114,0.0013003965911856721,0.008154245775720695,0.001301319912827708,0.008458942609604064,0.0013482420745427827,0.7000000000000001,1
break_even,noise10,1003,30,low_yaw,always_probe,27,0.7000000000000001,0.748,0.46230891109908534,0.007832486827302258,0.008009430418005163,0.001296451053485845,0.008009360446095732,0.0012970427822126202,0.008308048854804071,0.001344836728702249,0.7000000000000001,1
break_even,noise10,1003,30,low_yaw,always_probe,28,0.7000000000000001,0.748,0.46239718995398527,0.007863168850511524,0.007871910015454432,0.001292462536171928,0.007872079995103889,0.0012931781161178823,0.008164952412676256,0.0013414570565316764,0.7000000000000001,1
break_even,noise10,1003,30,low_yaw,always_probe,29,0.7000000000000001,0.748,0.46225057727033775,0.007848953168312753,0.0077413223964926175,0.0012886948114407314,0.007741334780365971,0.001289120213358401,0.008029004083744483,0.0013381027370447443,0.7000000000000001,1
break_even,noise10,1003,30,low_yaw,always_probe,30,0.7000000000000001,0.748,0.4619914820422365,0.007818139571651072,0.007616733907497992,0.001285264825004487,0.007616894076324202,0.0012854769592169446,0.007899627905470141,0.0013347734548455874,0.7000000000000001,1
break_even,noise10,1003,30,low_yaw,batch_aware,1,0.7250000000000001,0.774,0.4651454898168075,0.008349142224839033,0.028783132495424725,0.001408238644099672,0.029217748376340575,0.0014087361190707832,0.029249683820493515,0.0014427901416402043,0.7000000000000001,1
break_even,noise10,1003,30,low_yaw,batch_aware,2,0.7250000000000001,0.774,0.4604042627525459,0.008332130584803619,0.023616191792843168,0.0014036781689275586,0.023861704012613213,0.0014045070584100385,0.02438941907426957,0.001438619253790668,0.7000000000000001,1
break_even,noise10,1003,30,low_yaw,batch_aware,3,0.7250000000000001,0.774,0.4609042502178853,0.008326237702416158,0.020507151272010082,0.0013999362398967766,0.020662786370110285,0.001399965029292263,0.021352219023796675,0.0014344843302718684,0.7000000000000001,1
break_even,noise10,1003,30,low_yaw,batch_aware,4,0.7250000000000001,0.774,0.4609040429041764,0.008268481475033921,0.018371817280179465,0.0013958672242549144,0.018483355838679803,0.001396267325618855,0.019224914474537527,0.0014303848571875955,0.7000000000000001,1
break_even,noise10,1003,30,low_yaw,batch_aware,5,0.7000000000000001,0.748,0.4623772894977758,0.008268408164577424,0.016876614380117828,0.0013909887980822716,0.01687560467396361,0.0013917869893292304,0.017628395539234173,0.0014263203308635553,0.7000000000000001,1
break_even,noise10,1003,30,low_yaw,batch_aware,6,0.7000000000000001,0.748,0.4615047913941951,0.00825226149054662,0.015693121774715803,0.0013856423896974853,0.01569373556129218,0.0013869645503465826,0.016373256459094855,0.0014222902575874298,0.7000000000000001,1
break_even,noise10,1003,30,low_yaw,batch_aware,7,0.7000000000000001,0.748,0.4611554947552476,0.008231681519803519,0.014727306273060042,0.0013813262743899092,0.014728284438588512,0.0013816208045209716,0.015352947468261345,0.0014182941533569687,0.7000000000000001,1
break_even,noise10,1003,30,low_yaw,batch_aware,8,0.7000000000000001,0.748,0.4625302907601616,0.008220547726771152,0.013921052579032868,0.0013764950914106114,0.013921687426929532,0.001377377137477125,0.01450233026272685,0.0014143315436358265,0.7000000000000001,1
break_even,noise10,1003,30,low_yaw,batch_aware,9,0.7000000000000001,0.748,0.46289775306473874,0.008189741956366523,0.013234569156177708,0.0013723054718804716,0.013234744742695311,0.0013725917353198391,0.013779045236114054,0.0014104019631168614,0.7000000000000001,1
break_even,noise10,1003,30,low_yaw,batch_aware,10,0.7000000000000001,0.748,0.46243817386348113,0.008210656074654637,0.012641756489511572,0.0013677543124166922,0.012641163345858304,0.0013684009312401944,0.013154197109701176,0.0014065049554926256,0.7000000000000001,1
break_even,noise10,1003,30,low_yaw,batch_aware,11,0.7000000000000001,0.748,0.46208977398909407,0.008179947777681983,0.01212003296218638,0.001363087950572107,0.012120633076039078,0.0013639458058716126,0.012607309091347106,0.0014026400732327965,0.7000000000000001,1
break_even,noise10,1003,30,low_yaw,batch_aware,12,0.7000000000000001,0.748,0.4612094543438243,0.008145379637541776,0.011659411511598827,0.0013578747891874162,0.011659351841724694,0.00135932295965504,0.012123411046796767,0.0013988068773682963,0.7000000000000001,1
break_even,noise10,1003,30,low_yaw,batch_aware,13,0.7000000000000001,0.748,0.46175583307505774,0.008134328450450257,0.011248074026626314,0.0013537085273531081,0.011247738958865572,0.0013541521156783295,0.011691271017280938,0.0013950049372818663,0.7000000000000001,1
break_even,noise10,1003,30,low_yaw,batch_aware,14,0.7000000000000001,0.748,0.4616305833166345,0.00810510622374404,0.010876812668244046,0.0013490867765217343,0.010876869673974322,0.0013500192953659566,0.011302274780746484,0.0013912338305048697,0.7000000000000001,1
break_even,noise10,1003,30,low_yaw,batch_aware,15,0.7000000000000001,0.748,0.4613962083103416,0.008048556867852174,0.010539940286674933,0.0013450117532493374,0.010540248310209858,0.0013454152990217759,0.010949690299211553,0.0013874931425201047,0.7000000000000001,1
break_even,noise10,1003,30,low_yaw,batch_aware,16,0.7000000000000001,0.748,0.4603941847305947,0.008027783326712414,0.010232186899754633,0.001340975415868256,0.010232441473160296,0.0013413856975081004,0.010628169964248452,0.0013837824665704152,0.7000000000000001,1
break_even,noise10,1003,30,low_yaw,batch_aware,17,0.7000000000000001,0.748,0.46041432048240455,0.008014342324646415,0.009950598983768615,0.0013373279644696963,0.009950668579404819,0.00133735599667273,0.010333404817744248,0.0013801014034729065,0.7000000000000001,1
break_even,noise10,1003,30,low_yaw,batch_aware,18,0.7000000000000001,0.748,0.4610509131891473,0.00800513067133381,0.009691220422487008,0.0013332432229965858,0.009690959337444323,0.0013337580759025089,0.010061878788169953,0.0013764495614385654,0.7000000000000001,1
break_even,noise10,1003,30,low_yaw,batch_aware,19,0.7000000000000001,0.748,0.4620263004101052,0.008004550104778565,0.009451099749183801,0.001329391226001043,0.009450822343180638,0.0013296776774223205,0.009810690458187466,0.0013728265558971037,0.7000000000000001,1
break_even,noise10,1003,30,low_yaw,batch_aware,20,0.7000000000000001,0.748,0.4620757242467025,0.007976140811104615,0.009227286020363481,0.0013252832130939997,0.009227306254080364,0.001325801977734855,0.009577421474899338,0.0013692320093268472,0.7000000000000001,1
break_even,noise10,1003,30,low_yaw,batch_aware,21,0.7000000000000001,0.748,0.46120246733232967,0.00795138744222678,0.009018532780297026,0.0013214745146774122,0.009018812235563538,0.0013217641663505557,0.00936003783128941,0.001365665551089498,0.7000000000000001,1
break_even,noise10,1003,30,low_yaw,batch_aware,22,0.7000000000000001,0.748,0.4623881927024957,0.007885534205365025,0.008823819912355767,0.001317856529923942,0.008823974698313293,0.0013180310777280448,0.009156814735534933,0.0013621268172696076,0.7000000000000001,1
break_even,noise10,1003,30,low_yaw,batch_aware,23,0.7000000000000001,0.748,0.4624645320560568,0.007877010301707257,0.00864090778728173,0.001313496663588997,0.008641004434742616,0.0013143769376480036,0.008966278684210639,0.0013586154505186004,0.7000000000000001,1
break_even,noise10,1003,30,low_yaw,batch_aware,24,0.7000000000000001,0.748,0.46291523093958226,0.007877450643383707,0.008469118363444668,0.0013092048614955366,0.008469259382575547,0.001310111554638372,0.008787162269458505,0.0013551310999031989,0.7000000000000001,1
break_even,noise10,1003,30,low_yaw,batch_aware,25,0.7000000000000001,0.748,0.4628451201216172,0.00788273904629803,0.008307365042436713,0.001304790547087089,0.00830726065260614,0.0013058240659335545,0.008618368538822136,0.0013516734207581031,0.7000000000000001,1
break_even,noise10,1003,30,low_yaw,batch_aware,26,0.7000000000000001,0.748,0.46280100722036877,0.007849515856683534,0.008154262925410114,0.0013003965911856721,0.008154245775720695,0.001301319912827708,0.008458942609604064,0.0013482420745427827,0.7000000000000001,1
break_even,noise10,1003,30,low_yaw,batch_aware,27,0.7000000000000001,0.748,0.46230891109908534,0.007832486827302258,0.008009430418005163,0.001296451053485845,0.008009360446095732,0.0012970427822126202,0.008308048854804071,0.001344836728702249,0.7000000000000001,1
break_even,noise10,1003,30,low_yaw,batch_aware,28,0.7000000000000001,0.748,0.46239718995398527,0.007863168850511524,0.007871910015454432,0.001292462536171928,0.007872079995103889,0.0012931781161178823,0.008164952412676256,0.0013414570565316764,0.7000000000000001,1
break_even,noise10,1003,30,low_yaw,batch_aware,29,0.7000000000000001,0.748,0.46225057727033775,0.007848953168312753,0.0077413223964926175,0.0012886948114407314,0.007741334780365971,0.001289120213358401,0.008029004083744483,0.0013381027370447443,0.7000000000000001,1
break_even,noise10,1003,30,low_yaw,batch_aware,30,0.7000000000000001,0.748,0.4619914820422365,0.007818139571651072,0.007616733907497992,0.001285264825004487,0.007616894076324202,0.0012854769592169446,0.007899627905470141,0.0013347734548455874,0.7000000000000001,1
break_even,noise10,1003,30,low_yaw,ignore_passive,1,0.7250000000000001,0.774,0.4651454898168075,0.008349142224839033,0.028783132495424725,0.001408238644099672,0.029217748376340575,0.0014087361190707832,0.029249683820493515,0.0014427901416402043,0.7000000000000001,1
break_even,noise10,1003,30,low_yaw,ignore_passive,2,0.7250000000000001,0.774,0.4604042627525459,0.008332130584803619,0.023616191792843168,0.0014036781689275586,0.023861704012613213,0.0014045070584100385,0.02438941907426957,0.001438619253790668,0.7000000000000001,1
break_even,noise10,1003,30,low_yaw,ignore_passive,3,0.7250000000000001,0.774,0.4609042502178853,0.008326237702416158,0.020507151272010082,0.0013999362398967766,0.020662786370110285,0.001399965029292263,0.021352219023796675,0.0014344843302718684,0.7000000000000001,1
break_even,noise10,1003,30,low_yaw,ignore_passive,4,0.7250000000000001,0.774,0.4609040429041764,0.008268481475033921,0.018371817280179465,0.0013958672242549144,0.018483355838679803,0.001396267325618855,0.019224914474537527,0.0014303848571875955,0.7000000000000001,1
break_even,noise10,1003,30,low_yaw,ignore_passive,5,0.7000000000000001,0.748,0.4623772894977758,0.008268408164577424,0.016876614380117828,0.0013909887980822716,0.01687560467396361,0.0013917869893292304,0.017628395539234173,0.0014263203308635553,0.7000000000000001,1
break_even,noise10,1003,30,low_yaw,ignore_passive,6,0.7000000000000001,0.748,0.4615047913941951,0.00825226149054662,0.015693121774715803,0.0013856423896974853,0.01569373556129218,0.0013869645503465826,0.016373256459094855,0.0014222902575874298,0.7000000000000001,1
break_even,noise10,1003,30,low_yaw,ignore_passive,7,0.7000000000000001,0.748,0.4611554947552476,0.008231681519803519,0.014727306273060042,0.0013813262743899092,0.014728284438588512,0.0013816208045209716,0.015352947468261345,0.0014182941533569687,0.7000000000000001,1
break_even,noise10,1003,30,low_yaw,ignore_passive,8,0.7000000000000001,0.748,0.4625302907601616,0.008220547726771152,0.013921052579032868,0.0013764950914106114,0.013921687426929532,0.001377377137477125,0.01450233026272685,0.0014143315436358265,0.7000000000000001,1
break_even,noise10,1003,30,low_yaw,ignore_passive,9,0.7000000000000001,0.748,0.46289775306473874,0.008189741956366523,0.013234569156177708,0.0013723054718804716,0.013234744742695311,0.0013725917353198391,0.013779045236114054,0.0014104019631168614,0.7000000000000001,1
break_even,noise10,1003,30,low_yaw,ignore_passive,10,0.7000000000000001,0.748,0.46243817386348113,0.008210656074654637,0.012641756489511572,0.0013677543124166922,0.012641163345858304,0.0013684009312401944,0.013154197109701176,0.0014065049554926256,0.7000000000000001,1
break_even,noise10,1003,30,low_yaw,ignore_passive,11,0.7000000000000001,0.748,0.46208977398909407,0.008179947777681983,0.01212003296218638,0.001363087950572107,0.012120633076039078,0.0013639458058716126,0.012607309091347106,0.0014026400732327965,0.7000000000000001,1
break_even,noise10,1003,30,low_yaw,ignore_passive,12,0.7000000000000001,0.748,0.4612094543438243,0.008145379637541776,0.011659411511598827,0.0013578747891874162,0.011659351841724694,0.00135932295965504,0.012123411046796767,0.0013988068773682963,0.7000000000000001,1
break_even,noise10,1003,30,low_yaw,ignore_passive,13,0.7000000000000001,0.748,0.46175583307505774,0.008134328450450257,0.011248074026626314,0.0013537085273531081,0.011247738958865572,0.0013541521156783295,0.011691271017280938,0.0013950049372818663,0.7000000000000001,1
break_even,noise10,1003,30,low_yaw,ignore_passive,14,0.7000000000000001,0.748,0.4616305833166345,0.00810510622374404,0.010876812668244046,0.0013490867765217343,0.010876869673974322,0.0013500192953659566,0.011302274780746484,0.0013912338305048697,0.7000000000000001,1
break_even,noise10,1003,30,low_yaw,ignore_passive,15,0.7000000000000001,0.748,0.4613962083103416,0.008048556867852174,0.010539940286674933,0.0013450117532493374,0.010540248310209858,0.0013454152990217759,0.010949690299211553,0.0013874931425201047,0.7000000000000001,1
break_even,noise10,1003,30,low_yaw,ignore_passive,16,0.7000000000000001,0.748,0.4603941847305947,0.008027783326712414,0.010232186899754633,0.001340975415868256,0.010232441473160296,0.0013413856975081004,0.010628169964248452,0.0013837824665704152,0.7000000000000001,1
break_even,noise10,1003,30,low_yaw,ignore_passive,17,0.7000000000000001,0.748,0.46041432048240455,0.008014342324646415,0.009950598983768615,0.0013373279644696963,0.009950668579404819,0.00133735599667273,0.010333404817744248,0.0013801014034729065,0.7000000000000001,1
break_even,noise10,1003,30,low_yaw,ignore_passive,18,0.7000000000000001,0.748,0.4610509131891473,0.00800513067133381,0.009691220422487008,0.0013332432229965858,0.009690959337444323,0.0013337580759025089,0.010061878788169953,0.0013764495614385654,0.7000000000000001,1
break_even,noise10,1003,30,low_yaw,ignore_passive,19,0.7000000000000001,0.748,0.4620263004101052,0.008004550104778565,0.009451099749183801,0.001329391226001043,0.009450822343180638,0.0013296776774223205,0.009810690458187466,0.0013728265558971037,0.7000000000000001,1
break_even,noise10,1003,30,low_yaw,ignore_passive,20,0.7000000000000001,0.748,0.4620757242467025,0.007976140811104615,0.009227286020363481,0.0013252832130939997,0.009227306254080364,0.001325801977734855,0.009577421474899338,0.0013692320093268472,0.7000000000000001,1
break_even,noise10,1003,30,low_yaw,ignore_passive,21,0.7000000000000001,0.748,0.46120246733232967,0.00795138744222678,0.009018532780297026,0.0013214745146774122,0.009018812235563538,0.0013217641663505557,0.00936003783128941,0.001365665551089498,0.7000000000000001,1
break_even,noise10,1003,30,low_yaw,ignore_passive,22,0.7000000000000001,0.748,0.4623881927024957,0.007885534205365025,0.008823819912355767,0.001317856529923942,0.008823974698313293,0.0013180310777280448,0.009156814735534933,0.0013621268172696076,0.7000000000000001,1
break_even,noise10,1003,30,low_yaw,ignore_passive,23,0.7000000000000001,0.748,0.4624645320560568,0.007877010301707257,0.00864090778728173,0.001313496663588997,0.008641004434742616,0.0013143769376480036,0.008966278684210639,0.0013586154505186004,0.7000000000000001,1
break_even,noise10,1003,30,low_yaw,ignore_passive,24,0.7000000000000001,0.748,0.46291523093958226,0.007877450643383707,0.008469118363444668,0.0013092048614955366,0.008469259382575547,0.001310111554638372,0.008787162269458505,0.0013551310999031989,0.7000000000000001,1
break_even,noise10,1003,30,low_yaw,ignore_passive,25,0.7000000000000001,0.748,0.4628451201216172,0.00788273904629803,0.008307365042436713,0.001304790547087089,0.00830726065260614,0.0013058240659335545,0.008618368538822136,0.0013516734207581031,0.7000000000000001,1
break_even,noise10,1003,30,low_yaw,ignore_passive,26,0.7000000000000001,0.748,0.46280100722036877,0.007849515856683534,0.008154262925410114,0.0013003965911856721,0.008154245775720695,0.001301319912827708,0.008458942609604064,0.0013482420745427827,0.7000000000000001,1
break_even,noise10,1003,30,low_yaw,ignore_passive,27,0.7000000000000001,0.748,0.46230891109908534,0.007832486827302258,0.008009430418005163,0.001296451053485845,0.008009360446095732,0.0012970427822126202,0.008308048854804071,0.001344836728702249,0.7000000000000001,1
break_even,noise10,1003,30,low_yaw,ignore_passive,28,0.7000000000000001,0.748,0.46239718995398527,0.007863168850511524,0.007871910015454432,0.001292462536171928,0.007872079995103889,0.0012931781161178823,0.008164952412676256,0.0013414570565316764,0.7000000000000001,1
break_even,noise10,1003,30,low_yaw,ignore_passive,29,0.7000000000000001,0.748,0.46225057727033775,0.007848953168312753,0.0077413223964926175,0.0012886948114407314,0.007741334780365971,0.001289120213358401,0.008029004083744483,0.0013381027370447443,0.7000000000000001,1
break_even,noise10,1003,30,low_yaw,ignore_passive,30,0.7000000000000001,0.748,0.4619914820422365,0.007818139571651072,0.007616733907497992,0.001285264825004487,0.007616894076324202,0.0012854769592169446,0.007899627905470141,0.0013347734548455874,0.7000000000000001,1
break_even,noise10,1003,30,low_yaw,uncertainty_trigger,1,0.7250000000000001,0.774,0.4651454898168075,0.008349142224839033,0.028783132495424725,0.001408238644099672,0.029217748376340575,0.0014087361190707832,0.029249683820493515,0.0014427901416402043,0.7000000000000001,1
break_even,noise10,1003,30,low_yaw,uncertainty_trigger,2,0.7250000000000001,0.774,0.4604042627525459,0.008332130584803619,0.023616191792843168,0.0014036781689275586,0.023861704012613213,0.0014045070584100385,0.02438941907426957,0.001438619253790668,0.7000000000000001,1
break_even,noise10,1003,30,low_yaw,uncertainty_trigger,3,0.7250000000000001,0.774,0.4609042502178853,0.008326237702416158,0.020507151272010082,0.0013999362398967766,0.020662786370110285,0.001399965029292263,0.021352219023796675,0.0014344843302718684,0.7000000000000001,1
break_even,noise10,1003,30,low_yaw,uncertainty_trigger,4,0.7250000000000001,0.774,0.4609040429041764,0.008268481475033921,0.018371817280179465,0.0013958672242549144,0.018483355838679803,0.001396267325618855,0.019224914474537527,0.0014303848571875955,0.7000000000000001,1
break_even,noise10,1003,30,low_yaw,uncertainty_trigger,5,0.7000000000000001,0.748,0.4623772894977758,0.008268408164577424,0.016876614380117828,0.0013909887980822716,0.01687560467396361,0.0013917869893292304,0.017628395539234173,0.0014263203308635553,0.7000000000000001,1
break_even,noise10,1003,30,low_yaw,uncertainty_trigger,6,0.7000000000000001,0.748,0.4615047913941951,0.00825226149054662,0.015693121774715803,0.0013856423896974853,0.01569373556129218,0.0013869645503465826,0.016373256459094855,0.0014222902575874298,0.7000000000000001,1
break_even,noise10,1003,30,low_yaw,uncertainty_trigger,7,0.7000000000000001,0.748,0.4611554947552476,0.008231681519803519,0.014727306273060042,0.0013813262743899092,0.014728284438588512,0.0013816208045209716,0.015352947468261345,0.0014182941533569687,0.7000000000000001,1
break_even,noise10,1003,30,low_yaw,uncertainty_trigger,8,0.7000000000000001,0.748,0.4625302907601616,0.008220547726771152,0.013921052579032868,0.0013764950914106114,0.013921687426929532,0.001377377137477125,0.01450233026272685,0.0014143315436358265,0.7000000000000001,1
break_even,noise10,1003,30,low_yaw,uncertainty_trigger,9,0.7000000000000001,0.748,0.46289775306473874,0.008189741956366523,0.013234569156177708,0.0013723054718804716,0.013234744742695311,0.0013725917353198391,0.013779045236114054,0.0014104019631168614,0.7000000000000001,1
break_even,noise10,1003,30,low_yaw,uncertainty_trigger,10,0.7000000000000001,0.748,0.46243817386348113,0.008210656074654637,0.012641756489511572,0.0013677543124166922,0.012641163345858304,0.0013684009312401944,0.013154197109701176,0.0014065049554926256,0.7000000000000001,1
break_even,noise10,1003,30,low_yaw,uncertainty_trigger,11,0.7000000000000001,0.748,0.46208977398909407,0.008179947777681983,0.01212003296218638,0.001363087950572107,0.012120633076039078,0.0013639458058716126,0.012607309091347106,0.0014026400732327965,0.7000000000000001,1
break_even,noise10,1003,30,low_yaw,uncertainty_trigger,12,0.7000000000000001,0.748,0.4612094543438243,0.008145379637541776,0.011659411511598827,0.0013578747891874162,0.011659351841724694,0.00135932295965504,0.012123411046796767,0.0013988068773682963,0.7000000000000001,1
break_even,noise10,1003,30,low_yaw,uncertainty_trigger,13,0.7000000000000001,0.748,0.46175583307505774,0.008134328450450257,0.011248074026626314,0.0013537085273531081,0.011247738958865572,0.0013541521156783295,0.011691271017280938,0.0013950049372818663,0.7000000000000001,1
break_even,noise10,1003,30,low_yaw,uncertainty_trigger,14,0.7000000000000001,0.748,0.4616305833166345,0.00810510622374404,0.010876812668244046,0.0013490867765217343,0.010876869673974322,0.0013500192953659566,0.011302274780746484,0.0013912338305048697,0.7000000000000001,1
break_even,noise10,1003,30,low_yaw,uncertainty_trigger,15,0.7000000000000001,0.748,0.4613962083103416,0.008048556867852174,0.010539940286674933,0.0013450117532493374,0.010540248310209858,0.0013454152990217759,0.010949690299211553,0.0013874931425201047,0.7000000000000001,1
break_even,noise10,1003,30,low_yaw,uncertainty_trigger,16,0.7000000000000001,0.748,0.4603941847305947,0.008027783326712414,0.010232186899754633,0.001340975415868256,0.010232441473160296,0.0013413856975081004,0.010628169964248452,0.0013837824665704152,0.7000000000000001,1
break_even,noise10,1003,30,low_yaw,uncertainty_trigger,17,0.7000000000000001,0.748,0.46041432048240455,0.008014342324646415,0.009950598983768615,0.0013373279644696963,0.009950668579404819,0.00133735599667273,0.010333404817744248,0.0013801014034729065,0.7000000000000001,1
break_even,noise10,1003,30,low_yaw,uncertainty_trigger,18,0.7000000000000001,0.748,0.4610509131891473,0.00800513067133381,0.009691220422487008,0.0013332432229965858,0.009690959337444323,0.0013337580759025089,0.010061878788169953,0.0013764495614385654,0.7000000000000001,1
break_even,noise10,1003,30,low_yaw,uncertainty_trigger,19,0.7000000000000001,0.748,0.4620263004101052,0.008004550104778565,0.009451099749183801,0.001329391226001043,0.009450822343180638,0.0013296776774223205,0.009810690458187466,0.0013728265558971037,0.7000000000000001,1
break_even,noise10,1003,30,low_yaw,uncertainty_trigger,20,0.7000000000000001,0.748,0.4620757242467025,0.007976140811104615,0.009227286020363481,0.0013252832130939997,0.009227306254080364,0.001325801977734855,0.009577421474899338,0.0013692320093268472,0.7000000000000001,1
break_even,noise10,1003,30,low_yaw,uncertainty_trigger,21,0.7000000000000001,0.748,0.46120246733232967,0.00795138744222678,0.009018532780297026,0.0013214745146774122,0.009018812235563538,0.0013217641663505557,0.00936003783128941,0.001365665551089498,0.7000000000000001,1
break_even,noise10,1003,30,low_yaw,uncertainty_trigger,22,0.7000000000000001,0.748,0.4623881927024957,0.007885534205365025,0.008823819912355767,0.001317856529923942,0.008823974698313293,0.0013180310777280448,0.009156814735534933,0.0013621268172696076,0.7000000000000001,1
break_even,noise10,1003,30,low_yaw,uncertainty_trigger,23,0.7000000000000001,0.748,0.4624645320560568,0.007877010301707257,0.00864090778728173,0.001313496663588997,0.008641004434742616,0.0013143769376480036,0.008966278684210639,0.0013586154505186004,0.7000000000000001,1
break_even,noise10,1003,30,low_yaw,uncertainty_trigger,24,0.7000000000000001,0.748,0.46291523093958226,0.007877450643383707,0.008469118363444668,0.0013092048614955366,0.008469259382575547,0.001310111554638372,0.008787162269458505,0.0013551310999031989,0.7000000000000001,1
break_even,noise10,1003,30,low_yaw,uncertainty_trigger,25,0.7000000000000001,0.748,0.4628451201216172,0.00788273904629803,0.008307365042436713,0.001304790547087089,0.00830726065260614,0.0013058240659335545,0.008618368538822136,0.0013516734207581031,0.7000000000000001,1
break_even,noise10,1003,30,low_yaw,uncertainty_trigger,26,0.7000000000000001,0.748,0.46280100722036877,0.007849515856683534,0.008154262925410114,0.0013003965911856721,0.008154245775720695,0.001301319912827708,0.008458942609604064,0.0013482420745427827,0.7000000000000001,1
break_even,noise10,1003,30,low_yaw,uncertainty_trigger,27,0.7000000000000001,0.748,0.46230891109908534,0.007832486827302258,0.008009430418005163,0.001296451053485845,0.008009360446095732,0.0012970427822126202,0.008308048854804071,0.001344836728702249,0.7000000000000001,1
break_even,noise10,1003,30,low_yaw,uncertainty_trigger,28,0.7000000000000001,0.748,0.46239718995398527,0.007863168850511524,0.007871910015454432,0.001292462536171928,0.007872079995103889,0.0012931781161178823,0.008164952412676256,0.0013414570565316764,0.7000000000000001,1
break_even,noise10,1003,30,low_yaw,uncertainty_trigger,29,0.7000000000000001,0.748,0.46225057727033775,0.007848953168312753,0.0077413223964926175,0.0012886948114407314,0.007741334780365971,0.001289120213358401,0.008029004083744483,0.0013381027370447443,0.7000000000000001,1
break_even,noise10,1003,30,low_yaw,uncertainty_trigger,30,0.7000000000000001,0.748,0.4619914820422365,0.007818139571651072,0.007616733907497992,0.001285264825004487,0.007616894076324202,0.0012854769592169446,0.007899627905470141,0.0013347734548455874,0.7000000000000001,1
break_even,noise10,1005,30,low_yaw,passive,1,0.775,0.8240000000000001,0.3130732299915642,0.011477457372802839,0.03773119275810482,0.007353259621501285,0.038812796362480875,0.007513925397296245,0.038812796362480875,0.007513925397296245,0.775,1
break_even,noise10,1005,30,low_yaw,passive,2,0.775,0.8240000000000001,0.3070745635605143,0.012548537089602184,0.027449637339839662,0.006873536793165123,0.027829433839435244,0.006960577553459855,0.028671862586365844,0.007111846143150309,0.775,1
break_even,noise10,1005,30,low_yaw,passive,3,0.75,0.798,0.3123048106385526,0.014938238383683232,0.022846320347987708,0.006516002836880323,0.022848333025072963,0.00653463136650997,0.023775540786453636,0.0067680966099535455,0.775,1
break_even,noise10,1005,30,low_yaw,passive,4,0.75,0.798,0.31476822902592444,0.015312786191029418,0.019982448207962817,0.006179718177050673,0.01998428207453359,0.006238136553519632,0.02075515556069827,0.006441435908966959,0.75,1
break_even,noise10,1005,30,low_yaw,passive,5,0.75,0.798,0.3185986191755769,0.015281154209211866,0.017979625131315746,0.005897969564541092,0.017979228045328328,0.0059348834364534395,0.018654207951425687,0.00615792393874742,0.75,1
break_even,noise10,1005,30,low_yaw,passive,6,0.75,0.798,0.3192467131460866,0.01568852786703359,0.016480601363999946,0.00561888588662764,0.01647879313748232,0.005691501000182726,0.01708446988074803,0.005908827911127146,0.75,1
break_even,noise10,1005,30,low_yaw,passive,7,0.75,0.798,0.31814642595655795,0.015715472656146895,0.015302145388661986,0.005374363738029096,0.015301942732904389,0.005439809522248333,0.015854214544175443,0.005687704634077906,0.75,1
break_even,noise10,1005,30,low_yaw,passive,8,0.75,0.798,0.316037207130809,0.015833302300717247,0.014343943017511908,0.005154598675257151,0.014344100045424676,0.005215879524688297,0.014856426433798774,0.005489682346613618,0.75,1
break_even,noise10,1005,30,low_yaw,passive,9,0.75,0.798,0.3143587979729159,0.01585740411415045,0.013547202819654198,0.004979500139575781,0.013547658171743969,0.005016101064893891,0.014026051638569619,0.005310999979657852,0.75,1
break_even,noise10,1005,30,low_yaw,passive,10,0.75,0.798,0.3140171937614729,0.015975555306328378,0.012868854451814803,0.004820863176276522,0.012868697024042757,0.004852374570269004,0.01332096675587911,0.005148701448136541,0.75,1
break_even,noise10,1005,30,low_yaw,passive,11,0.7250000000000001,0.774,0.3123619535710137,0.01641499341734953,0.012283400272000066,0.004677201149662677,0.012317009346505772,0.004694232924044935,0.012712534502936365,0.005000426870488088,0.75,1
break_even,noise10,1005,30,low_yaw,passive,12,0.7250000000000001,0.774,0.3122529298166987,0.016836229598867228,0.011771526067647203,0.004527575246913785,0.011800778733123891,0.004563881683778396,0.01218051618882435,0.004864266371693582,0.75,1
break_even,noise10,1005,30,low_yaw,passive,13,0.7250000000000001,0.774,0.3123375548586676,0.016680426656515507,0.011318843503270401,0.00438069764009222,0.011344994038905985,0.004410507435447184,0.01171014900230883,0.004738655442630316,0.75,1
break_even,noise10,1005,30,low_yaw,passive,14,0.7250000000000001,0.774,0.3113281349712176,0.016488972009301845,0.010915155040213427,0.004243299525510043,0.010938233039282133,0.004287012963122299,0.01129037743641123,0.004622298580412804,0.75,1
break_even,noise10,1005,30,low_yaw,passive,15,0.7250000000000001,0.774,0.31153694558862827,0.016541331686607052,0.010551073446479507,0.004137352863159962,0.010572605437751558,0.004155080922517254,0.01091273622263188,0.004514112598882316,0.75,1
break_even,noise10,1005,30,low_yaw,passive,16,0.7250000000000001,0.774,0.31360760665119164,0.01659242823883712,0.010221074258879642,0.004039521515057128,0.010240686472169056,0.004058438850967921,0.010570618896353967,0.004413183888412846,0.75,1
break_even,noise10,1005,30,low_yaw,passive,17,0.7250000000000001,0.774,0.31331205252288985,0.01668940308065193,0.009920171418937375,0.00395600236987085,0.009937912914479926,0.003966253392508501,0.01025878393255245,0.004318735741930622,0.75,1
break_even,noise10,1005,30,low_yaw,passive,18,0.7250000000000001,0.774,0.31400273732377043,0.016782975454400436,0.009644737841871734,0.0038780341031772153,0.009661134764358417,0.003887281686003856,0.009973012333275556,0.004230103060153815,0.75,1
break_even,noise10,1005,30,low_yaw,passive,19,0.7250000000000001,0.774,0.3129884642853431,0.016629114532101485,0.009391240328155945,0.003801875832071391,0.009406111594415702,0.0038133770793269068,0.009709864670002193,0.0041467125440542065,0.75,1
break_even,noise10,1005,30,low_yaw,passive,20,0.7250000000000001,0.774,0.3124659275003678,0.016984781752783264,0.009156444364480569,0.003730485663145823,0.009170124998241696,0.0037400991674107265,0.009481785556591809,0.00406001334087281,0.7250000000000001,1
break_even,noise10,1005,30,low_yaw,passive,21,0.7250000000000001,0.774,0.31234343705703077,0.017053540188835238,0.00893824724784509,0.0036617201442464666,0.008951265461013262,0.003673061932903507,0.009269058890485847,0.003978534320412886,0.7250000000000001,1
break_even,noise10,1005,30,low_yaw,passive,22,0.7250000000000001,0.774,0.31260315415935525,0.017430559579271403,0.008735060768121281,0.0035972050275381697,0.008747174997884632,0.003607251358301722,0.009070036176745396,0.0039017718196112977,0.7250000000000001,1
break_even,noise10,1005,30,low_yaw,passive,23,0.7250000000000001,0.774,0.31304429070883955,0.017556882204305055,0.00854522700232701,0.0035352765968010673,0.008556405047775564,0.0035457588413802333,0.008883306545642683,0.0038292876845413566,0.7250000000000001,1
break_even,noise10,1005,30,low_yaw,passive,24,0.7250000000000001,0.774,0.31334508493777485,0.01771769554279346,0.008367373591173887,0.0034771381263551107,0.008377891710295307,0.003486383260442363,0.00870765445247283,0.00376069870747097,0.7250000000000001,1
break_even,noise10,1005,30,low_yaw,passive,25,0.7250000000000001,0.774,0.3139661171215453,0.017793079069673624,0.00820002116369184,0.003425850822301308,0.008209904516236379,0.003431007373681917,0.008542026230958016,0.0036956680737093156,0.7250000000000001,1
break_even,noise10,1005,30,low_yaw,passive,26,0.7250000000000001,0.774,0.31408157241675483,0.017747305369427337,0.008042239750829775,0.0033764161823505124,0.008051711156074776,0.003381974863511512,0.008385503390396143,0.003633898381407831,0.7250000000000001,1
break_even,noise10,1005,30,low_yaw,passive,27,0.7250000000000001,0.774,0.3141462859845429,0.017626477409528545,0.007893339019914597,0.003318688083009228,0.00790218817276857,0.003334133912044937,0.008237281106355398,0.003575125903495724,0.7250000000000001,1
break_even,noise10,1005,30,low_yaw,passive,28,0.7250000000000001,0.774,0.3142009740360212,0.01756341993006731,0.007752192872097322,0.0032700516444262974,0.007760601584723949,0.0032786357582161993,0.008096650751860918,0.0035191158386985227,0.7250000000000001,1
break_even,noise10,1005,30,low_yaw,passive,29,0.7250000000000001,0.774,0.3141068610422006,0.017487810600883447,0.007618501806046162,0.0032184566718191578,0.0076264702519653945,0.0032316406559243682,0.007962985601658196,0.0034656583562662933,0.7250000000000001,1
break_even,noise10,1005,30,low_yaw,passive,30,0.7250000000000001,0.774,0.3139846068901341,0.017579690275298078,0.007491656587758768,0.00317598759654966,0.007499166508053708,0.0031817404936037145,0.007835729050143066,0.0034145652822557175,0.7250000000000001,1
break_even,noise10,1005,30,low_yaw,always_probe,1,0.7000000000000001,0.748,0.3159999954710621,0.02346661153454207,0.028664351376739283,0.001553977441340316,0.028661476627753635,0.0015548736755679861,0.02869604449733461,0.0014436628810356492,0.7000000000000001,1
break_even,noise10,1005,30,low_yaw,always_probe,2,0.7000000000000001,0.748,0.31108885216987403,0.023465020429824162,0.02377480923066435,0.0015494506220247806,0.023773848133266842,0.0015498412165992881,0.02403903187405433,0.0014394895876923503,0.7000000000000001,1
break_even,noise10,1005,30,low_yaw,always_probe,3,0.7000000000000001,0.748,0.3142201016878806,0.023538346851936787,0.020753017403006814,0.0015455049414902665,0.020755792907655227,0.001545422077280962,0.021097928757391877,0.0014353522784146407,0.7000000000000001,1
break_even,noise10,1005,30,low_yaw,always_probe,4,0.7000000000000001,0.748,0.3163544875228301,0.023509529979820053,0.01865229903121718,0.001540959869064772,0.018654410046787053,0.0015415189924141376,0.019025487208604492,0.0014312504390386258,0.7000000000000001,1
break_even,noise10,1005,30,low_yaw,always_probe,5,0.7000000000000001,0.748,0.31932441571885606,0.023484241457231787,0.017082832980023863,0.0015367692862741304,0.017081587064234162,0.0015368934029732536,0.01746405759431051,0.0014271835656273677,0.7000000000000001,1
break_even,noise10,1005,30,low_yaw,always_probe,6,0.7000000000000001,0.748,0.3196298628298737,0.023473956037812257,0.015851769114508505,0.001531893553699134,0.01585180473799518,0.0015328555005022487,0.01623313596402857,0.0014231511642108239,0.7000000000000001,1
break_even,noise10,1005,30,low_yaw,always_probe,7,0.7000000000000001,0.748,0.31911678722059716,0.02342729820565644,0.014854677065151084,0.001526999121357543,0.014853674478475052,0.0015279933250662958,0.015230479090352156,0.0014191527505338236,0.7000000000000001,1
break_even,noise10,1005,30,low_yaw,always_probe,8,0.7000000000000001,0.748,0.3169129447234569,0.023387881364884816,0.014022921325363097,0.001521910819232106,0.01402328227908333,0.0015231152605183706,0.014393268065644607,0.0014151878498117898,0.7000000000000001,1
break_even,noise10,1005,30,low_yaw,always_probe,9,0.7000000000000001,0.748,0.31544863197092426,0.023365092778401823,0.013319160402106702,0.0015176300655021105,0.013318821177402382,0.0015180888664752198,0.013680495738692572,0.0014112559964939266,0.7000000000000001,1
break_even,noise10,1005,30,low_yaw,always_probe,10,0.7000000000000001,0.748,0.31481149065164155,0.0233405578661386,0.012709275100801175,0.0015132334889903431,0.012709798902664046,0.0015137886095727855,0.013064105338004544,0.0014073567340336034,0.7000000000000001,1
break_even,noise10,1005,30,low_yaw,always_probe,11,0.7000000000000001,0.748,0.31357503475257453,0.023350302211944004,0.012177478338356723,0.0015092298543533042,0.012177162095259845,0.0015094243584633888,0.012524165960103972,0.0014034896146656796,0.7000000000000001,1
break_even,noise10,1005,30,low_yaw,always_probe,12,0.7000000000000001,0.748,0.3131458620721328,0.023349960330615874,0.01170726707286628,0.0015044588175466855,0.011707023904699755,0.0015054990453541633,0.01204607730634041,0.0013996541991905243,0.7000000000000001,1
break_even,noise10,1005,30,low_yaw,always_probe,13,0.7000000000000001,0.748,0.3136067473896985,0.02329868256474606,0.01128760582068439,0.001499628106817262,0.011287666982220867,0.0015002721834074147,0.011618866423839512,0.0013958500567644906,0.7000000000000001,1
break_even,noise10,1005,30,low_yaw,always_probe,14,0.7000000000000001,0.748,0.312674965988263,0.023237784389866834,0.010910303093343746,0.0014945704870413096,0.010910244520925441,0.0014959422388628213,0.011234105632666703,0.0013920767646966234,0.7000000000000001,1
break_even,noise10,1005,30,low_yaw,always_probe,15,0.7000000000000001,0.748,0.3127292376222324,0.023204097291369238,0.010568356823700047,0.001490289892979601,0.010568387588122341,0.0014908116725063153,0.010885200509051297,0.0013883339082513776,0.7000000000000001,1
break_even,noise10,1005,30,low_yaw,always_probe,16,0.7000000000000001,0.748,0.3143842911478662,0.02317526366979647,0.010256507128962112,0.001486021952490675,0.010256661157925947,0.0014866815198044312,0.010566907095605836,0.00138462108045714,0.7000000000000001,1
break_even,noise10,1005,30,low_yaw,always_probe,17,0.7000000000000001,0.748,0.3143785893967805,0.023152995698399112,0.009970593301454899,0.00148221219916597,0.009970630701206124,0.0014824532485821999,0.010274995935830363,0.001380937881920356,0.7000000000000001,1
break_even,noise10,1005,30,low_yaw,always_probe,18,0.7000000000000001,0.748,0.3150398124654852,0.023136296863185885,0.009707802405217063,0.0014784589023081965,0.009707838039460065,0.00147867030296161,0.01000601292207095,0.0013772839206450636,0.7000000000000001,1
break_even,noise10,1005,30,low_yaw,always_probe,19,0.7000000000000001,0.748,0.314187099234402,0.023090530149645284,0.009464814941769241,0.0014745867036700699,0.009464718472980473,0.0014749428373275024,0.009757105624536107,0.001373658811857654,0.7000000000000001,1
break_even,noise10,1005,30,low_yaw,always_probe,20,0.7000000000000001,0.748,0.3137126969617304,0.023106803833094793,0.009239052168540861,0.001470673696063527,0.009238714007394086,0.0014710607404392808,0.009525894915437476,0.0013700621778366788,0.7000000000000001,1
break_even,noise10,1005,30,low_yaw,always_probe,21,0.7000000000000001,0.748,0.3135806148953933,0.023078834383185868,0.009028685380097708,0.0014666358920930416,0.009028516270369371,0.0014672092916177101,0.00931037855788362,0.0013664936477475343,0.7000000000000001,1
break_even,noise10,1005,30,low_yaw,always_probe,22,0.7000000000000001,0.748,0.3136895120926344,0.023105362759242208,0.008831886755496543,0.0014627834940531314,0.008831993263475002,0.0014631850944480996,0.009108857760105631,0.0013629528574818563,0.7000000000000001,1
break_even,noise10,1005,30,low_yaw,always_probe,23,0.7000000000000001,0.748,0.31427603484163813,0.023105024443062047,0.008647473120463996,0.0014589406377440107,0.008647453395822378,0.001459351320149542,0.008919880497937845,0.0013594394495014706,0.7000000000000001,1
break_even,noise10,1005,30,low_yaw,always_probe,24,0.7000000000000001,0.748,0.3145611207488907,0.023095489371354708,0.008474288375613363,0.0014549765576960007,0.008474279280210065,0.0014555262008539142,0.008742197261206704,0.0013559530726867444,0.7000000000000001,1
break_even,noise10,1005,30,low_yaw,always_probe,25,0.7000000000000001,0.748,0.31507295197656077,0.023086997488082055,0.008310871389395002,0.0014514719698560483,0.008310916468045826,0.0014516077830338506,0.008574726128676952,0.0013524933821891952,0.7000000000000001,1
break_even,noise10,1005,30,low_yaw,always_probe,26,0.7000000000000001,0.748,0.3151064664720692,0.023054176551753926,0.008156656422852855,0.0014479130630805,0.008156665776032879,0.0014481394863316182,0.008416524933239319,0.0013490600392882133,0.7000000000000001,1
break_even,noise10,1005,30,low_yaw,always_probe,27,0.7000000000000001,0.748,0.3151840740970923,0.02300902296742724,0.008010839374852056,0.001443635896607844,0.008010733199858995,0.0014445876408759864,0.008266768876686491,0.0013456527112517681,0.7000000000000001,1
break_even,noise10,1005,30,low_yaw,always_probe,28,0.7000000000000001,0.748,0.315173211082278,0.022970107164283275,0.007872347592044379,0.0014398181968596651,0.007872268245731577,0.0014403528433995134,0.00812473237643353,0.0013422710712009621,0.7000000000000001,1
break_even,noise10,1005,30,low_yaw,always_probe,29,0.7000000000000001,0.748,0.3149950550641303,0.02292965132508422,0.007741088255044308,0.0014356577811831177,0.0077408619142186105,0.0014365571096495832,0.007989774230044365,0.0013389147979783122,0.7000000000000001,1
break_even,noise10,1005,30,low_yaw,always_probe,30,0.7000000000000001,0.748,0.314784731064011,0.02292682795093872,0.00761617526462521,0.0014320388810997995,0.007616064856977226,0.00143242015516619,0.007861325403948391,0.0013355835760196343,0.7000000000000001,1
break_even,noise10,1005,30,low_yaw,batch_aware,1,0.7000000000000001,0.748,0.3159999954710621,0.02346661153454207,0.028664351376739283,0.001553977441340316,0.028661476627753635,0.0015548736755679861,0.02869604449733461,0.0014436628810356492,0.7000000000000001,1
break_even,noise10,1005,30,low_yaw,batch_aware,2,0.7000000000000001,0.748,0.31108885216987403,0.023465020429824162,0.02377480923066435,0.0015494506220247806,0.023773848133266842,0.0015498412165992881,0.02403903187405433,0.0014394895876923503,0.7000000000000001,1
break_even,noise10,1005,30,low_yaw,batch_aware,3,0.7000000000000001,0.748,0.3142201016878806,0.023538346851936787,0.020753017403006814,0.0015455049414902665,0.020755792907655227,0.001545422077280962,0.021097928757391877,0.0014353522784146407,0.7000000000000001,1
break_even,noise10,1005,30,low_yaw,batch_aware,4,0.7000000000000001,0.748,0.3163544875228301,0.023509529979820053,0.01865229903121718,0.001540959869064772,0.018654410046787053,0.0015415189924141376,0.019025487208604492,0.0014312504390386258,0.7000000000000001,1
break_even,noise10,1005,30,low_yaw,batch_aware,5,0.7000000000000001,0.748,0.31932441571885606,0.023484241457231787,0.017082832980023863,0.0015367692862741304,0.017081587064234162,0.0015368934029732536,0.01746405759431051,0.0014271835656273677,0.7000000000000001,1
break_even,noise10,1005,30,low_yaw,batch_aware,6,0.7000000000000001,0.748,0.3196298628298737,0.023473956037812257,0.015851769114508505,0.001531893553699134,0.01585180473799518,0.0015328555005022487,0.01623313596402857,0.0014231511642108239,0.7000000000000001,1
break_even,noise10,1005,30,low_yaw,batch_aware,7,0.7000000000000001,0.748,0.31911678722059716,0.02342729820565644,0.014854677065151084,0.001526999121357543,0.014853674478475052,0.0015279933250662958,0.015230479090352156,0.0014191527505338236,0.7000000000000001,1
break_even,noise10,1005,30,low_yaw,batch_aware,8,0.7000000000000001,0.748,0.3169129447234569,0.023387881364884816,0.014022921325363097,0.001521910819232106,0.01402328227908333,0.0015231152605183706,0.014393268065644607,0.0014151878498117898,0.7000000000000001,1
break_even,noise10,1005,30,low_yaw,batch_aware,9,0.7000000000000001,0.748,0.31544863197092426,0.023365092778401823,0.013319160402106702,0.0015176300655021105,0.013318821177402382,0.0015180888664752198,0.013680495738692572,0.0014112559964939266,0.7000000000000001,1
break_even,noise10,1005,30,low_yaw,batch_aware,10,0.7000000000000001,0.748,0.31481149065164155,0.0233405578661386,0.012709275100801175,0.0015132334889903431,0.012709798902664046,0.0015137886095727855,0.013064105338004544,0.0014073567340336034,0.7000000000000001,1
break_even,noise10,1005,30,low_yaw,batch_aware,11,0.7000000000000001,0.748,0.31357503475257453,0.023350302211944004,0.012177478338356723,0.0015092298543533042,0.012177162095259845,0.0015094243584633888,0.012524165960103972,0.0014034896146656796,0.7000000000000001,1
break_even,noise10,1005,30,low_yaw,batch_aware,12,0.7000000000000001,0.748,0.3131458620721328,0.023349960330615874,0.01170726707286628,0.0015044588175466855,0.011707023904699755,0.0015054990453541633,0.01204607730634041,0.0013996541991905243,0.7000000000000001,1
break_even,noise10,1005,30,low_yaw,batch_aware,13,0.7000000000000001,0.748,0.3136067473896985,0.02329868256474606,0.01128760582068439,0.001499628106817262,0.011287666982220867,0.0015002721834074147,0.011618866423839512,0.0013958500567644906,0.7000000000000001,1
break_even,noise10,1005,30,low_yaw,batch_aware,14,0.7000000000000001,0.748,0.312674965988263,0.023237784389866834,0.010910303093343746,0.0014945704870413096,0.010910244520925441,0.0014959422388628213,0.011234105632666703,0.0013920767646966234,0.7000000000000001,1
break_even,noise10,1005,30,low_yaw,batch_aware,15,0.7000000000000001,0.748,0.3127292376222324,0.023204097291369238,0.010568356823700047,0.001490289892979601,0.010568387588122341,0.0014908116725063153,0.010885200509051297,0.0013883339082513776,0.7000000000000001,1
break_even,noise10,1005,30,low_yaw,batch_aware,16,0.7000000000000001,0.748,0.3143842911478662,0.02317526366979647,0.010256507128962112,0.001486021952490675,0.010256661157925947,0.0014866815198044312,0.010566907095605836,0.00138462108045714,0.7000000000000001,1
break_even,noise10,1005,30,low_yaw,batch_aware,17,0.7000000000000001,0.748,0.3143785893967805,0.023152995698399112,0.009970593301454899,0.00148221219916597,0.009970630701206124,0.0014824532485821999,0.010274995935830363,0.001380937881920356,0.7000000000000001,1
break_even,noise10,1005,30,low_yaw,batch_aware,18,0.7000000000000001,0.748,0.3150398124654852,0.023136296863185885,0.009707802405217063,0.0014784589023081965,0.009707838039460065,0.00147867030296161,0.01000601292207095,0.0013772839206450636,0.7000000000000001,1
break_even,noise10,1005,30,low_yaw,batch_aware,19,0.7000000000000001,0.748,0.314187099234402,0.023090530149645284,0.009464814941769241,0.0014745867036700699,0.009464718472980473,0.0014749428373275024,0.009757105624536107,0.001373658811857654,0.7000000000000001,1
break_even,noise10,1005,30,low_yaw,batch_aware,20,0.7000000000000001,0.748,0.3137126969617304,0.023106803833094793,0.009239052168540861,0.001470673696063527,0.009238714007394086,0.0014710607404392808,0.009525894915437476,0.0013700621778366788,0.7000000000000001,1
break_even,noise10,1005,30,low_yaw,batch_aware,21,0.7000000000000001,0.748,0.3135806148953933,0.023078834383185868,0.009028685380097708,0.0014666358920930416,0.009028516270369371,0.0014672092916177101,0.00931037855788362,0.0013664936477475343,0.7000000000000001,1
break_even,noise10,1005,30,low_yaw,batch_aware,22,0.7000000000000001,0.748,0.3136895120926344,0.023105362759242208,0.008831886755496543,0.0014627834940531314,0.008831993263475002,0.0014631850944480996,0.009108857760105631,0.0013629528574818563,0.7000000000000001,1
break_even,noise10,1005,30,low_yaw,batch_aware,23,0.7000000000000001,0.748,0.31427603484163813,0.023105024443062047,0.008647473120463996,0.0014589406377440107,0.008647453395822378,0.001459351320149542,0.008919880497937845,0.0013594394495014706,0.7000000000000001,1
break_even,noise10,1005,30,low_yaw,batch_aware,24,0.7000000000000001,0.748,0.3145611207488907,0.023095489371354708,0.008474288375613363,0.0014549765576960007,0.008474279280210065,0.0014555262008539142,0.008742197261206704,0.0013559530726867444,0.7000000000000001,1
break_even,noise10,1005,30,low_yaw,batch_aware,25,0.7000000000000001,0.748,0.31507295197656077,0.023086997488082055,0.008310871389395002,0.0014514719698560483,0.008310916468045826,0.0014516077830338506,0.008574726128676952,0.0013524933821891952,0.7000000000000001,1
break_even,noise10,1005,30,low_yaw,batch_aware,26,0.7000000000000001,0.748,0.3151064664720692,0.023054176551753926,0.008156656422852855,0.0014479130630805,0.008156665776032879,0.0014481394863316182,0.008416524933239319,0.0013490600392882133,0.7000000000000001,1
break_even,noise10,1005,30,low_yaw,batch_aware,27,0.7000000000000001,0.748,0.3151840740970923,0.02300902296742724,0.008010839374852056,0.001443635896607844,0.008010733199858995,0.0014445876408759864,0.008266768876686491,0.0013456527112517681,0.7000000000000001,1
break_even,noise10,1005,30,low_yaw,batch_aware,28,0.7000000000000001,0.748,0.315173211082278,0.022970107164283275,0.007872347592044379,0.0014398181968596651,0.007872268245731577,0.0014403528433995134,0.00812473237643353,0.0013422710712009621,0.7000000000000001,1
break_even,noise10,1005,30,low_yaw,batch_aware,29,0.7000000000000001,0.748,0.3149950550641303,0.02292965132508422,0.007741088255044308,0.0014356577811831177,0.0077408619142186105,0.0014365571096495832,0.007989774230044365,0.0013389147979783122,0.7000000000000001,1
break_even,noise10,1005,30,low_yaw,batch_aware,30,0.7000000000000001,0.748,0.314784731064011,0.02292682795093872,0.00761617526462521,0.0014320388810997995,0.007616064856977226,0.00143242015516619,0.007861325403948391,0.0013355835760196343,0.7000000000000001,1
break_even,noise10,1005,30,low_yaw,ignore_passive,1,0.7000000000000001,0.748,0.3159999954710621,0.02346661153454207,0.028664351376739283,0.001553977441340316,0.028661476627753635,0.0015548736755679861,0.02869604449733461,0.0014436628810356492,0.7000000000000001,1
break_even,noise10,1005,30,low_yaw,ignore_passive,2,0.7000000000000001,0.748,0.31108885216987403,0.023465020429824162,0.02377480923066435,0.0015494506220247806,0.023773848133266842,0.0015498412165992881,0.02403903187405433,0.0014394895876923503,0.7000000000000001,1
break_even,noise10,1005,30,low_yaw,ignore_passive,3,0.7000000000000001,0.748,0.3142201016878806,0.023538346851936787,0.020753017403006814,0.0015455049414902665,0.020755792907655227,0.001545422077280962,0.021097928757391877,0.0014353522784146407,0.7000000000000001,1
break_even,noise10,1005,30,low_yaw,ignore_passive,4,0.7000000000000001,0.748,0.3163544875228301,0.023509529979820053,0.01865229903121718,0.001540959869064772,0.018654410046787053,0.0015415189924141376,0.019025487208604492,0.0014312504390386258,0.7000000000000001,1
break_even,noise10,1005,30,low_yaw,ignore_passive,5,0.7000000000000001,0.748,0.31932441571885606,0.023484241457231787,0.017082832980023863,0.0015367692862741304,0.017081587064234162,0.0015368934029732536,0.01746405759431051,0.0014271835656273677,0.7000000000000001,1
break_even,noise10,1005,30,low_yaw,ignore_passive,6,0.7000000000000001,0.748,0.3196298628298737,0.023473956037812257,0.015851769114508505,0.001531893553699134,0.01585180473799518,0.0015328555005022487,0.01623313596402857,0.0014231511642108239,0.7000000000000001,1
break_even,noise10,1005,30,low_yaw,ignore_passive,7,0.7000000000000001,0.748,0.31911678722059716,0.02342729820565644,0.014854677065151084,0.001526999121357543,0.014853674478475052,0.0015279933250662958,0.015230479090352156,0.0014191527505338236,0.7000000000000001,1
break_even,noise10,1005,30,low_yaw,ignore_passive,8,0.7000000000000001,0.748,0.3169129447234569,0.023387881364884816,0.014022921325363097,0.001521910819232106,0.01402328227908333,0.0015231152605183706,0.014393268065644607,0.0014151878498117898,0.7000000000000001,1
break_even,noise10,1005,30,low_yaw,ignore_passive,9,0.7000000000000001,0.748,0.31544863197092426,0.023365092778401823,0.013319160402106702,0.0015176300655021105,0.013318821177402382,0.0015180888664752198,0.013680495738692572,0.0014112559964939266,0.7000000000000001,1
break_even,noise10,1005,30,low_yaw,ignore_passive,10,0.7000000000000001,0.748,0.31481149065164155,0.0233405578661386,0.012709275100801175,0.0015132334889903431,0.012709798902664046,0.0015137886095727855,0.013064105338004544,0.0014073567340336034,0.7000000000000001,1
break_even,noise10,1005,30,low_yaw,ignore_passive,11,0.7000000000000001,0.748,0.31357503475257453,0.023350302211944004,0.012177478338356723,0.0015092298543533042,0.012177162095259845,0.0015094243584633888,0.012524165960103972,0.0014034896146656796,0.7000000000000001,1
break_even,noise10,1005,30,low_yaw,ignore_passive,12,0.7000000000000001,0.748,0.3131458620721328,0.023349960330615874,0.01170726707286628,0.0015044588175466855,0.011707023904699755,0.0015054990453541633,0.01204607730634041,0.0013996541991905243,0.7000000000000001,1
break_even,noise10,1005,30,low_yaw,ignore_passive,13,0.7000000000000001,0.748,0.3136067473896985,0.02329868256474606,0.01128760582068439,0.001499628106817262,0.011287666982220867,0.0015002721834074147,0.011618866423839512,0.0013958500567644906,0.7000000000000001,1
break_even,noise10,1005,30,low_yaw,ignore_passive,14,0.7000000000000001,0.748,0.312674965988263,0.023237784389866834,0.010910303093343746,0.0014945704870413096,0.010910244520925441,0.0014959422388628213,0.011234105632666703,0.0013920767646966234,0.7000000000000001,1
break_even,noise10,1005,30,low_yaw,ignore_passive,15,0.7000000000000001,0.748,0.3127292376222324,0.023204097291369238,0.010568356823700047,0.001490289892979601,0.010568387588122341,0.0014908116725063153,0.010885200509051297,0.0013883339082513776,0.7000000000000001,1
break_even,noise10,1005,30,low_yaw,ignore_passive,16,0.7000000000000001,0.748,0.3143842911478662,0.02317526366979647,0.010256507128962112,0.001486021952490675,0.010256661157925947,0.0014866815198044312,0.010566907095605836,0.00138462108045714,0.7000000000000001,1
break_even,noise10,1005,30,low_yaw,ignore_passive,17,0.7000000000000001,0.748,0.3143785893967805,0.023152995698399112,0.009970593301454899,0.00148221219916597,0.009970630701206124,0.0014824532485821999,0.010274995935830363,0.001380937881920356,0.7000000000000001,1
break_even,noise10,1005,30,low_yaw,ignore_passive,18,0.7000000000000001,0.748,0.3150398124654852,0.023136296863185885,0.009707802405217063,0.0014784589023081965,0.009707838039460065,0.00147867030296161,0.01000601292207095,0.0013772839206450636,0.7000000000000001,1
break_even,noise10,1005,30,low_yaw,ignore_passive,19,0.7000000000000001,0.748,0.314187099234402,0.023090530149645284,0.009464814941769241,0.0014745867036700699,0.009464718472980473,0.0014749428373275024,0.009757105624536107,0.001373658811857654,0.7000000000000001,1
break_even,noise10,1005,30,low_yaw,ignore_passive,20,0.7000000000000001,0.748,0.3137126969617304,0.023106803833094793,0.009239052168540861,0.001470673696063527,0.009238714007394086,0.0014710607404392808,0.009525894915437476,0.0013700621778366788,0.7000000000000001,1
break_even,noise10,1005,30,low_yaw,ignore_passive,21,0.7000000000000001,0.748,0.3135806148953933,0.023078834383185868,0.009028685380097708,0.0014666358920930416,0.009028516270369371,0.0014672092916177101,0.00931037855788362,0.0013664936477475343,0.7000000000000001,1
break_even,noise10,1005,30,low_yaw,ignore_passive,22,0.7000000000000001,0.748,0.3136895120926344,0.023105362759242208,0.008831886755496543,0.0014627834940531314,0.008831993263475002,0.0014631850944480996,0.009108857760105631,0.0013629528574818563,0.7000000000000001,1
break_even,noise10,1005,30,low_yaw,ignore_passive,23,0.7000000000000001,0.748,0.31427603484163813,0.023105024443062047,0.008647473120463996,0.0014589406377440107,0.008647453395822378,0.001459351320149542,0.008919880497937845,0.0013594394495014706,0.7000000000000001,1
break_even,noise10,1005,30,low_yaw,ignore_passive,24,0.7000000000000001,0.748,0.3145611207488907,0.023095489371354708,0.008474288375613363,0.0014549765576960007,0.008474279280210065,0.0014555262008539142,0.008742197261206704,0.0013559530726867444,0.7000000000000001,1
break_even,noise10,1005,30,low_yaw,ignore_passive,25,0.7000000000000001,0.748,0.31507295197656077,0.023086997488082055,0.008310871389395002,0.0014514719698560483,0.008310916468045826,0.0014516077830338506,0.008574726128676952,0.0013524933821891952,0.7000000000000001,1
break_even,noise10,1005,30,low_yaw,ignore_passive,26,0.7000000000000001,0.748,0.3151064664720692,0.023054176551753926,0.008156656422852855,0.0014479130630805,0.008156665776032879,0.0014481394863316182,0.008416524933239319,0.0013490600392882133,0.7000000000000001,1
break_even,noise10,1005,30,low_yaw,ignore_passive,27,0.7000000000000001,0.748,0.3151840740970923,0.02300902296742724,0.008010839374852056,0.001443635896607844,0.008010733199858995,0.0014445876408759864,0.008266768876686491,0.0013456527112517681,0.7000000000000001,1
break_even,noise10,1005,30,low_yaw,ignore_passive,28,0.7000000000000001,0.748,0.315173211082278,0.022970107164283275,0.007872347592044379,0.0014398181968596651,0.007872268245731577,0.0014403528433995134,0.00812473237643353,0.0013422710712009621,0.7000000000000001,1
break_even,noise10,1005,30,low_yaw,ignore_passive,29,0.7000000000000001,0.748,0.3149950550641303,0.02292965132508422,0.007741088255044308,0.0014356577811831177,0.0077408619142186105,0.0014365571096495832,0.007989774230044365,0.0013389147979783122,0.7000000000000001,1
break_even,noise10,1005,30,low_yaw,ignore_passive,30,0.7000000000000001,0.748,0.314784731064011,0.02292682795093872,0.00761617526462521,0.0014320388810997995,0.007616064856977226,0.00143242015516619,0.007861325403948391,0.0013355835760196343,0.7000000000000001,1
break_even,noise10,1005,30,low_yaw,uncertainty_trigger,1,0.7000000000000001,0.748,0.3159999954710621,0.02346661153454207,0.028664351376739283,0.001553977441340316,0.028661476627753635,0.0015548736755679861,0.02869604449733461,0.0014436628810356492,0.7000000000000001,1
break_even,noise10,1005,30,low_yaw,uncertainty_trigger,2,0.7000000000000001,0.748,0.31108885216987403,0.023465020429824162,0.02377480923066435,0.0015494506220247806,0.023773848133266842,0.0015498412165992881,0.02403903187405433,0.0014394895876923503,0.7000000000000001,1
break_even,noise10,1005,30,low_yaw,uncertainty_trigger,3,0.7000000000000001,0.748,0.3142201016878806,0.023538346851936787,0.020753017403006814,0.0015455049414902665,0.020755792907655227,0.001545422077280962,0.021097928757391877,0.0014353522784146407,0.7000000000000001,1
break_even,noise10,1005,30,low_yaw,uncertainty_trigger,4,0.7000000000000001,0.748,0.3163544875228301,0.023509529979820053,0.01865229903121718,0.001540959869064772,0.018654410046787053,0.0015415189924141376,0.019025487208604492,0.0014312504390386258,0.7000000000000001,1
break_even,noise10,1005,30,low_yaw,uncertainty_trigger,5,0.7000000000000001,0.748,0.31932441571885606,0.023484241457231787,0.017082832980023863,0.0015367692862741304,0.017081587064234162,0.0015368934029732536,0.01746405759431051,0.0014271835656273677,0.7000000000000001,1
break_even,noise10,1005,30,low_yaw,uncertainty_trigger,6,0.7000000000000001,0.748,0.3196298628298737,0.023473956037812257,0.015851769114508505,0.001531893553699134,0.01585180473799518,0.0015328555005022487,0.01623313596402857,0.0014231511642108239,0.7000000000000001,1
break_even,noise10,1005,30,low_yaw,uncertainty_trigger,7,0.7000000000000001,0.748,0.31911678722059716,0.02342729820565644,0.014854677065151084,0.001526999121357543,0.014853674478475052,0.0015279933250662958,0.015230479090352156,0.0014191527505338236,0.7000000000000001,1
break_even,noise10,1005,30,low_yaw,uncertainty_trigger,8,0.7000000000000001,0.748,0.3169129447234569,0.023387881364884816,0.014022921325363097,0.001521910819232106,0.01402328227908333,0.0015231152605183706,0.014393268065644607,0.0014151878498117898,0.7000000000000001,1
break_even,noise10,1005,30,low_yaw,uncertainty_trigger,9,0.7000000000000001,0.748,0.31544863197092426,0.023365092778401823,0.013319160402106702,0.0015176300655021105,0.013318821177402382,0.0015180888664752198,0.013680495738692572,0.0014112559964939266,0.7000000000000001,1
break_even,noise10,1005,30,low_yaw,uncertainty_trigger,10,0.7000000000000001,0.748,0.31481149065164155,0.0233405578661386,0.012709275100801175,0.0015132334889903431,0.012709798902664046,0.0015137886095727855,0.013064105338004544,0.0014073567340336034,0.7000000000000001,1
break_even,noise10,1005,30,low_yaw,uncertainty_trigger,11,0.7000000000000001,0.748,0.31357503475257453,0.023350302211944004,0.012177478338356723,0.0015092298543533042,0.012177162095259845,0.0015094243584633888,0.012524165960103972,0.0014034896146656796,0.7000000000000001,1
break_even,noise10,1005,30,low_yaw,uncertainty_trigger,12,0.7000000000000001,0.748,0.3131458620721328,0.023349960330615874,0.01170726707286628,0.0015044588175466855,0.011707023904699755,0.0015054990453541633,0.01204607730634041,0.0013996541991905243,0.7000000000000001,1
break_even,noise10,1005,30,low_yaw,uncertainty_trigger,13,0.7000000000000001,0.748,0.3136067473896985,0.02329868256474606,0.01128760582068439,0.001499628106817262,0.011287666982220867,0.0015002721834074147,0.011618866423839512,0.0013958500567644906,0.7000000000000001,1
break_even,noise10,1005,30,low_yaw,uncertainty_trigger,14,0.7000000000000001,0.748,0.312674965988263,0.023237784389866834,0.010910303093343746,0.0014945704870413096,0.010910244520925441,0.0014959422388628213,0.011234105632666703,0.0013920767646966234,0.7000000000000001,1
break_even,noise10,1005,30,low_yaw,uncertainty_trigger,15,0.7000000000000001,0.748,0.3127292376222324,0.023204097291369238,0.010568356823700047,0.001490289892979601,0.010568387588122341,0.0014908116725063153,0.010885200509051297,0.0013883339082513776,0.7000000000000001,1
break_even,noise10,1005,30,low_yaw,uncertainty_trigger,16,0.7000000000000001,0.748,0.3143842911478662,0.02317526366979647,0.010256507128962112,0.001486021952490675,0.010256661157925947,0.0014866815198044312,0.010566907095605836,0.00138462108045714,0.7000000000000001,1
break_even,noise10,1005,30,low_yaw,uncertainty_trigger,17,0.7000000000000001,0.748,0.3143785893967805,0.023152995698399112,0.009970593301454899,0.00148221219916597,0.009970630701206124,0.0014824532485821999,0.010274995935830363,0.001380937881920356,0.7000000000000001,1
break_even,noise10,1005,30,low_yaw,uncertainty_trigger,18,0.7000000000000001,0.748,0.3150398124654852,0.023136296863185885,0.009707802405217063,0.0014784589023081965,0.009707838039460065,0.00147867030296161,0.01000601292207095,0.0013772839206450636,0.7000000000000001,1
break_even,noise10,1005,30,low_yaw,uncertainty_trigger,19,0.7000000000000001,0.748,0.314187099234402,0.023090530149645284,0.009464814941769241,0.0014745867036700699,0.009464718472980473,0.0014749428373275024,0.009757105624536107,0.001373658811857654,0.7000000000000001,1
break_even,noise10,1005,30,low_yaw,uncertainty_trigger,20,0.7000000000000001,0.748,0.3137126969617304,0.023106803833094793,0.009239052168540861,0.001470673696063527,0.009238714007394086,0.0014710607404392808,0.009525894915437476,0.0013700621778366788,0.7000000000000001,1
break_even,noise10,1005,30,low_yaw,uncertainty_trigger,21,0.7000000000000001,0.748,0.3135806148953933,0.023078834383185868,0.009028685380097708,0.0014666358920930416,0.009028516270369371,0.0014672092916177101,0.00931037855788362,0.0013664936477475343,0.7000000000000001,1
break_even,noise10,1005,30,low_yaw,uncertainty_trigger,22,0.7000000000000001,0.748,0.3136895120926344,0.023105362759242208,0.008831886755496543,0.0014627834940531314,0.008831993263475002,0.0014631850944480996,0.009108857760105631,0.0013629528574818563,0.7000000000000001,1
break_even,noise10,1005,30,low_yaw,uncertainty_trigger,23,0.7000000000000001,0.748,0.31427603484163813,0.023105024443062047,0.008647473120463996,0.0014589406377440107,0.008647453395822378,0.001459351320149542,0.008919880497937845,0.0013594394495014706,0.7000000000000001,1
break_even,noise10,1005,30,low_yaw,uncertainty_trigger,24,0.7000000000000001,0.748,0.3145611207488907,0.023095489371354708,0.008474288375613363,0.0014549765576960007,0.008474279280210065,0.0014555262008539142,0.008742197261206704,0.0013559530726867444,0.7000000000000001,1
break_even,noise10,1005,30,low_yaw,uncertainty_trigger,25,0.7000000000000001,0.748,0.31507295197656077,0.023086997488082055,0.008310871389395002,0.0014514719698560483,0.008310916468045826,0.0014516077830338506,0.008574726128676952,0.0013524933821891952,0.7000000000000001,1
break_even,noise10,1005,30,low_yaw,uncertainty_trigger,26,0.7000000000000001,0.748,0.3151064664720692,0.023054176551753926,0.008156656422852855,0.0014479130630805,0.008156665776032879,0.0014481394863316182,0.008416524933239319,0.0013490600392882133,0.7000000000000001,1
break_even,noise10,1005,30,low_yaw,uncertainty_trigger,27,0.7000000000000001,0.748,0.3151840740970923,0.02300902296742724,0.008010839374852056,0.001443635896607844,0.008010733199858995,0.0014445876408759864,0.008266768876686491,0.0013456527112517681,0.7000000000000001,1
break_even,noise10,1005,30,low_yaw,uncertainty_trigger,28,0.7000000000000001,0.748,0.315173211082278,0.022970107164283275,0.007872347592044379,0.0014398181968596651,0.007872268245731577,0.0014403528433995134,0.00812473237643353,0.0013422710712009621,0.7000000000000001,1
break_even,noise10,1005,30,low_yaw,uncertainty_trigger,29,0.7000000000000001,0.748,0.3149950550641303,0.02292965132508422,0.007741088255044308,0.0014356577811831177,0.0077408619142186105,0.0014365571096495832,0.007989774230044365,0.0013389147979783122,0.7000000000000001,1
break_even,noise10,1005,30,low_yaw,uncertainty_trigger,30,0.7000000000000001,0.748,0.314784731064011,0.02292682795093872,0.00761617526462521,0.0014320388810997995,0.007616064856977226,0.00143242015516619,0.007861325403948391,0.0013355835760196343,0.7000000000000001,1
break_even,noise10,1006,30,low_yaw,passive,1,0.8,0.848,0.6737490910041473,0.012075929935979496,0.04017296637754573,0.007378192748770772,0.04022124078763978,0.007549333809777776,0.04022124078763978,0.007549333809777776,0.8,1
break_even,noise10,1006,30,low_yaw,passive,2,0.775,0.8240000000000001,0.6749735514191911,0.012230972261492471,0.02846753803977301,0.00690034191502882,0.028890469420051842,0.006996603195756102,0.02936743579858267,0.0071413772002305404,0.775,1
break_even,noise10,1006,30,low_yaw,passive,3,0.75,0.798,0.6801898681339559,0.012519296628285236,0.02348395195511366,0.0065125002581558145,0.023484854040632493,0.0065532713945593395,0.024247559583617007,0.006793129899621966,0.775,1
break_even,noise10,1006,30,low_yaw,passive,4,0.75,0.798,0.6812075912271504,0.011753932961588949,0.020450602560485236,0.006109996433209513,0.020449300623258396,0.006222273480905255,0.02111977582333679,0.0064626215804560365,0.75,1
break_even,noise10,1006,30,low_yaw,passive,5,0.75,0.798,0.678702674732959,0.011044885465499336,0.01835196291475149,0.0058316827492940196,0.01835371275694908,0.005864883683973307,0.01895581704667114,0.006176090712871402,0.75,1
break_even,noise10,1006,30,low_yaw,passive,6,0.75,0.798,0.6758845901634627,0.011456486671706654,0.016788577670115542,0.00554810230460384,0.016789178603894284,0.005611903086464248,0.017344556946410187,0.005924576737492905,0.75,1
break_even,noise10,1006,30,low_yaw,passive,7,0.75,0.798,0.6748416952117657,0.011284167879413096,0.0155662749576423,0.005317001730521335,0.015567126558338034,0.005362093004775686,0.016084778531372357,0.005701483071217714,0.75,1
break_even,noise10,1006,30,low_yaw,passive,8,0.75,0.798,0.6752251093126784,0.011539072739158268,0.014577872478278594,0.0051384020535907415,0.014577408324216362,0.005150966311007445,0.015064844683805291,0.005501831306652838,0.75,1
break_even,noise10,1006,30,low_yaw,passive,9,0.75,0.798,0.672447660435702,0.012318593723260959,0.013755960425254465,0.0049796038652444195,0.013756195634591462,0.0049897949854086346,0.0142171865104966,0.005321784194357914,0.75,1
break_even,noise10,1006,30,low_yaw,passive,10,0.75,0.798,0.6727566181513804,0.012111895974621763,0.013059162450051778,0.004812649997808337,0.013059291109963025,0.004840780876194968,0.013498195907184695,0.0051583299510768186,0.75,1
break_even,noise10,1006,30,low_yaw,passive,11,0.75,0.798,0.6715599844457227,0.012432432960388453,0.012459662596451386,0.004657622212659168,0.012459736776593094,0.0046910079934682,0.012878302693837837,0.005009067140842771,0.75,1
break_even,noise10,1006,30,low_yaw,passive,12,0.75,0.798,0.6709571713885325,0.012605597109665688,0.01193569943728508,0.004524505716728664,0.011935435449216268,0.00454501934752322,0.012336652346703898,0.004872054331811022,0.75,1
break_even,noise10,1006,30,low_yaw,passive,13,0.75,0.798,0.6711618136054305,0.012927879033923246,0.01147200979641628,0.004394246728234842,0.011471935373447477,0.004423942026082525,0.011858058918540897,0.00474570267154212,0.75,1
break_even,noise10,1006,30,low_yaw,passive,14,0.75,0.798,0.6711859680509333,0.012818163913303928,0.011059251590648123,0.0042729182961427584,0.011058872443772585,0.004302526154925396,0.011431166372996326,0.004628697614262071,0.75,1
break_even,noise10,1006,30,low_yaw,passive,15,0.7250000000000001,0.774,0.6727314078120867,0.013328400482788482,0.010687506627323515,0.004160914613985919,0.01070907881315401,0.004179122974573574,0.011047289959774734,0.00451994088952288,0.75,1
break_even,noise10,1006,30,low_yaw,passive,16,0.7250000000000001,0.774,0.6732069389980105,0.013246115007407237,0.01035127854356191,0.0040588948835243365,0.01037088655377276,0.0040755773602197546,0.010699659067472693,0.004418506803410912,0.75,1
break_even,noise10,1006,30,low_yaw,passive,17,0.7250000000000001,0.774,0.6720677309766774,0.013129798353663673,0.0100445349852341,0.00396519700953359,0.010062508323149874,0.003978929122406988,0.010382906865232466,0.004323608868330462,0.75,1
break_even,noise10,1006,30,low_yaw,passive,18,0.7250000000000001,0.774,0.6716882172252341,0.013010887322827888,0.009763850765215673,0.003870346099259174,0.00978040744274813,0.003889300942733315,0.010092716975154894,0.00423457399493687,0.75,1
break_even,noise10,1006,30,low_yaw,passive,19,0.7250000000000001,0.774,0.671640431466889,0.012991213196588547,0.009504864245148188,0.003783880982960522,0.009520287921686776,0.0037989981263448114,0.009825573093245258,0.004150822300970438,0.75,1
break_even,noise10,1006,30,low_yaw,passive,20,0.7250000000000001,0.774,0.671262473434653,0.012693875763669248,0.00926633021850809,0.0037071383166248236,0.00928028555661417,0.003718934376760797,0.009594084909372046,0.0040637649310592125,0.7250000000000001,1
break_even,noise10,1006,30,low_yaw,passive,21,0.7250000000000001,0.774,0.6706483116536822,0.012641901171447388,0.009044430967238047,0.003628482883451658,0.009057587819658864,0.0036446561201024606,0.009378223213427602,0.0039819650924176895,0.7250000000000001,1
break_even,noise10,1006,30,low_yaw,passive,22,0.7250000000000001,0.774,0.6702267752479074,0.012557349598383831,0.008837989463926237,0.0035563513608918504,0.008850152638793674,0.00356973351920493,0.009176305491465643,0.003904914049973915,0.7250000000000001,1
break_even,noise10,1006,30,low_yaw,passive,23,0.7250000000000001,0.774,0.6699110468123367,0.012756753437458511,0.00864455409199651,0.0034979339196261026,0.008656041749148647,0.003501808594282736,0.008986892395097807,0.0038321694219199164,0.7250000000000001,1
break_even,noise10,1006,30,low_yaw,passive,24,0.7250000000000001,0.774,0.6699465873951505,0.012545886616226336,0.008463253162650052,0.0034384967151497997,0.008474219754099465,0.0034450164703692995,0.008808744345924551,0.003763344451905999,0.7250000000000001,1
break_even,noise10,1006,30,low_yaw,passive,25,0.7250000000000001,0.774,0.6702865076795913,0.012480229137300894,0.0082932979195312,0.003381371710086486,0.008303399938513936,0.003388356845032229,0.008640787244854297,0.0036980993276877067,0.7250000000000001,1
break_even,noise10,1006,30,low_yaw,passive,26,0.7250000000000001,0.774,0.6699712425964228,0.012721515433992667,0.008133103712042242,0.0033240990639322784,0.008142715475336976,0.0033342885815578344,0.008482085111508645,0.003636134100306703,0.7250000000000001,1
break_even,noise10,1006,30,low_yaw,passive,27,0.7250000000000001,0.774,0.6704724119589388,0.012506558805718465,0.007981826511669886,0.003268649531422545,0.007990948044338633,0.0032781098151806513,0.008331818057090518,0.0035771828663685398,0.7250000000000001,1
break_even,noise10,1006,30,low_yaw,passive,28,0.7250000000000001,0.774,0.6707235280797249,0.012582490436813028,0.007838475381488819,0.0032197550349382584,0.00784716123963118,0.0032259449868712923,0.008189264404020654,0.0035210089554906033,0.7250000000000001,1
break_even,noise10,1006,30,low_yaw,passive,29,0.7250000000000001,0.774,0.670264325931117,0.0125740437669413,0.007702586299016901,0.0031698045532067808,0.007710776389583236,0.003177787355624444,0.008053786060238547,0.0034674009239168166,0.7250000000000001,1
break_even,noise10,1006,30,low_yaw,passive,30,0.7250000000000001,0.774,0.6700497805181633,0.012371950538472442,0.007573656475419681,0.0031249646333569073,0.007581369693058219,0.003131010302430637,0.007924816470425096,0.0034161691994135414,0.7250000000000001,1
break_even,noise10,1006,30,low_yaw,always_probe,1,0.7000000000000001,0.748,0.6650794038435458,0.0157360814723177,0.029797988828155538,0.0014910274321691932,0.029804240141940094,0.0014921373632340465,0.029852228192824702,0.0014427634024755435,0.7000000000000001,1
break_even,noise10,1006,30,low_yaw,always_probe,2,0.7000000000000001,0.748,0.6681707413303457,0.01572330173118912,0.024470245871747155,0.0014860626391980472,0.024477877664818518,0.0014867653462310503,0.024786263260384755,0.0014385926877813055,0.7000000000000001,1
break_even,noise10,1006,30,low_yaw,always_probe,3,0.7000000000000001,0.748,0.6733609790970679,0.015726492608651065,0.02125551627827715,0.0014813779023946409,0.0212539824517228,0.0014818085157634723,0.021650866119816613,0.0014344579351029626,0.7000000000000001,1
break_even,noise10,1006,30,low_yaw,always_probe,4,0.7000000000000001,0.748,0.6751052084791113,0.015661071601701965,0.01904997765947515,0.0014758022423141384,0.019048321739731505,0.0014771954926969828,0.01946666816945037,0.0014303586305890582,0.7000000000000001,1
break_even,noise10,1006,30,low_yaw,always_probe,5,0.7000000000000001,0.748,0.6742263535321421,0.015604705796769959,0.017412819098659247,0.0014713703925370557,0.017413895645325222,0.0014716600671517946,0.0178331699702225,0.0014262942706089294,0.7000000000000001,1
break_even,noise10,1006,30,low_yaw,always_probe,6,0.7000000000000001,0.748,0.6733440333922652,0.015605597890960476,0.016135907222646288,0.0014662480225396568,0.016135176035122042,0.0014672094469688648,0.01655209137150357,0.0014222643614928009,0.7000000000000001,1
break_even,noise10,1006,30,low_yaw,always_probe,7,0.7000000000000001,0.748,0.6729443678673394,0.01557526032967701,0.01510251586629183,0.0014616852603627337,0.015103415132428981,0.0014621861047287674,0.01551257339813886,0.0014182684192799138,0.7000000000000001,1
break_even,noise10,1006,30,low_yaw,always_probe,8,0.7000000000000001,0.748,0.673506876023224,0.01558637214604598,0.01424470405675275,0.0014575708808542214,0.014245564995814227,0.0014576322957737795,0.014647144096525073,0.0014143059694743916,0.7000000000000001,1
break_even,noise10,1006,30,low_yaw,always_probe,9,0.7000000000000001,0.748,0.6709507373622305,0.015635120258032226,0.013518928479856447,0.0014533688640231495,0.013518912729798676,0.001453578511041331,0.013912074226596566,0.00141037654680857,0.7000000000000001,1
break_even,noise10,1006,30,low_yaw,always_probe,10,0.7000000000000001,0.748,0.6718080539105448,0.015596198574747104,0.012894256976888608,0.0014486654536540547,0.012893913044947882,0.001449289199875007,0.013277613348753974,0.0014064796950135179,0.7000000000000001,1
break_even,noise10,1006,30,low_yaw,always_probe,11,0.7000000000000001,0.748,0.6711530100909799,0.015618710289889374,0.012349915654942105,0.0014439669377436033,0.012349637155942162,0.0014447418104049847,0.012722723840218558,0.0014026149665964966,0.7000000000000001,1
break_even,noise10,1006,30,low_yaw,always_probe,12,0.7000000000000001,0.748,0.6709007159504614,0.015618015374753231,0.01186855167118598,0.001439514065142795,0.011868498120053505,0.0014400038591207264,0.012232052758146659,0.0013987819226251076,0.7000000000000001,1
break_even,noise10,1006,30,low_yaw,always_probe,13,0.7000000000000001,0.748,0.6711034508158795,0.015646598709560314,0.01143870972932791,0.001435027057519921,0.01143882195663197,0.0014356650304550964,0.011794098032419006,0.0013949801325178926,0.7000000000000001,1
break_even,noise10,1006,30,low_yaw,always_probe,14,0.7000000000000001,0.748,0.6707505567138452,0.015621566631404253,0.011052788610594558,0.0014300906881200386,0.011052987443053308,0.0014312177862357803,0.011400049440718157,0.0013912091738411635,0.7000000000000001,1
break_even,noise10,1006,30,low_yaw,always_probe,15,0.7000000000000001,0.748,0.6719609108478917,0.015664002888626558,0.010703502732399332,0.0014257020068944234,0.010703392546275423,0.0014262986646764767,0.011043029279473615,0.0013874686321118383,0.7000000000000001,1
break_even,noise10,1006,30,low_yaw,always_probe,16,0.7000000000000001,0.748,0.672774129333189,0.015643447536031713,0.01038624154985324,0.0014213196266948695,0.01038566358194271,0.0014219713721360416,0.010717579421499784,0.0013837581006060783,0.7000000000000001,1
break_even,noise10,1006,30,low_yaw,always_probe,17,0.7000000000000001,0.748,0.6719147945833113,0.015612037437426564,0.010094889801587783,0.0014170298538812988,0.010094770128446534,0.0014176005343160324,0.010419305529253074,0.0013800771801735243,0.7000000000000001,1
break_even,noise10,1006,30,low_yaw,always_probe,18,0.7000000000000001,0.748,0.6714889715493702,0.015582390561812053,0.009826954714208863,0.0014124917145818508,0.009827019060750489,0.0014132891187529717,0.010144624516244018,0.0013764254790569412,0.7000000000000001,1
break_even,noise10,1006,30,low_yaw,always_probe,19,0.7000000000000001,0.748,0.6714648175349144,0.015574044503828044,0.009578978038893442,0.0014081664371082383,0.009578891034578738,0.0014087653835345444,0.00989058161785391,0.0013728026127170824,0.7000000000000001,1
break_even,noise10,1006,30,low_yaw,always_probe,20,0.7000000000000001,0.748,0.6710356490161733,0.01551284961130365,0.009349322390705043,0.0014040603878728395,0.009349354984653889,0.0014045649724448688,0.009654715476105632,0.0013692082036625996,0.7000000000000001,1
break_even,noise10,1006,30,low_yaw,always_probe,21,0.7000000000000001,0.748,0.6705938364043628,0.01549168198660549,0.009135098962266051,0.0013997630032157955,0.009135165169587347,0.0014004339826406882,0.00943495702185737,0.0013656418812848252,0.7000000000000001,1
break_even,noise10,1006,30,low_yaw,always_probe,22,0.7000000000000001,0.748,0.6701508201757803,0.01546882033204165,0.008935374964751957,0.0013955196012379848,0.008935156850131314,0.0013961654989750113,0.00922955258363813,0.0013621032816972648,0.7000000000000001,1
break_even,noise10,1006,30,low_yaw,always_probe,23,0.7000000000000001,0.748,0.6697726471280713,0.015481917473699584,0.008747268783051133,0.0013918377372661146,0.008747575758897412,0.001392006079750588,0.009037004649230474,0.0013585920475796404,0.7000000000000001,1
break_even,noise10,1006,30,low_yaw,always_probe,24,0.7000000000000001,0.748,0.6698500009090749,0.015438617291335941,0.008570966432089626,0.0013879497721649365,0.008571009576669404,0.001388282278879045,0.008856025682015635,0.001355107828026333,0.7000000000000001,1
break_even,noise10,1006,30,low_yaw,always_probe,25,0.7000000000000001,0.748,0.6702723374321662,0.015413814373684751,0.00840512398191207,0.001384070836998228,0.008405141749746256,0.0013844413489960013,0.00868550172281737,0.0013516502783990796,0.7000000000000001,1
break_even,noise10,1006,30,low_yaw,always_probe,26,0.7000000000000001,0.748,0.6699595247198201,0.015439057825990988,0.0082485277665078,0.0013800639914742256,0.008248568663392812,0.001380636819367547,0.008524463417654775,0.0013482190601837836,0.7000000000000001,1
break_even,noise10,1006,30,low_yaw,always_probe,27,0.7000000000000001,0.748,0.6704373612837354,0.01538784096330693,0.008100473026318014,0.0013760812353157809,0.008100425133088904,0.0013765599957335172,0.008372062744869376,0.0013448138408513023,0.7000000000000001,1
break_even,noise10,1006,30,low_yaw,always_probe,28,0.7000000000000001,0.748,0.6707193242772047,0.015391810687657754,0.007959745885516135,0.0013723218124860885,0.007959895812315623,0.001372694327315252,0.008227554162297432,0.0013414342937220832,0.7000000000000001,1
break_even,noise10,1006,30,low_yaw,always_probe,29,0.7000000000000001,0.748,0.6703274038796023,0.015380386949600571,0.007826251422845707,0.0013684060067331225,0.007826202346933632,0.001368873635596937,0.008090279215461188,0.0013380800978345254,0.7000000000000001,1
break_even,noise10,1006,30,low_yaw,always_probe,30,0.7000000000000001,0.748,0.6701564583700063,0.015341373783234816,0.007699387899117281,0.0013648863249003504,0.007699268860345575,0.0013650860150317488,0.00795965388010181,0.0013347509378169393,0.7000000000000001,1
break_even,noise10,1006,30,low_yaw,batch_aware,1,0.7000000000000001,0.748,0.6650794038435458,0.0157360814723177,0.029797988828155538,0.0014910274321691932,0.029804240141940094,0.0014921373632340465,0.029852228192824702,0.0014427634024755435,0.7000000000000001,1
break_even,noise10,1006,30,low_yaw,batch_aware,2,0.7000000000000001,0.748,0.6681707413303457,0.01572330173118912,0.024470245871747155,0.0014860626391980472,0.024477877664818518,0.0014867653462310503,0.024786263260384755,0.0014385926877813055,0.7000000000000001,1
break_even,noise10,1006,30,low_yaw,batch_aware,3,0.7000000000000001,0.748,0.6733609790970679,0.015726492608651065,0.02125551627827715,0.0014813779023946409,0.0212539824517228,0.0014818085157634723,0.021650866119816613,0.0014344579351029626,0.7000000000000001,1
break_even,noise10,1006,30,low_yaw,batch_aware,4,0.7000000000000001,0.748,0.6751052084791113,0.015661071601701965,0.01904997765947515,0.0014758022423141384,0.019048321739731505,0.0014771954926969828,0.01946666816945037,0.0014303586305890582,0.7000000000000001,1
break_even,noise10,1006,30,low_yaw,batch_aware,5,0.7000000000000001,0.748,0.6742263535321421,0.015604705796769959,0.017412819098659247,0.0014713703925370557,0.017413895645325222,0.0014716600671517946,0.0178331699702225,0.0014262942706089294,0.7000000000000001,1
break_even,noise10,1006,30,low_yaw,batch_aware,6,0.7000000000000001,0.748,0.6733440333922652,0.015605597890960476,0.016135907222646288,0.0014662480225396568,0.016135176035122042,0.0014672094469688648,0.01655209137150357,0.0014222643614928009,0.7000000000000001,1
break_even,noise10,1006,30,low_yaw,batch_aware,7,0.7000000000000001,0.748,0.6729443678673394,0.01557526032967701,0.01510251586629183,0.0014616852603627337,0.015103415132428981,0.0014621861047287674,0.01551257339813886,0.0014182684192799138,0.7000000000000001,1
break_even,noise10,1006,30,low_yaw,batch_aware,8,0.7000000000000001,0.748,0.673506876023224,0.01558637214604598,0.01424470405675275,0.0014575708808542214,0.014245564995814227,0.0014576322957737795,0.014647144096525073,0.0014143059694743916,0.7000000000000001,1
break_even,noise10,1006,30,low_yaw,batch_aware,9,0.7000000000000001,0.748,0.6709507373622305,0.015635120258032226,0.013518928479856447,0.0014533688640231495,0.013518912729798676,0.001453578511041331,0.013912074226596566,0.00141037654680857,0.7000000000000001,1
break_even,noise10,1006,30,low_yaw,batch_aware,10,0.7000000000000001,0.748,0.6718080539105448,0.015596198574747104,0.012894256976888608,0.0014486654536540547,0.012893913044947882,0.001449289199875007,0.013277613348753974,0.0014064796950135179,0.7000000000000001,1
break_even,noise10,1006,30,low_yaw,batch_aware,11,0.7000000000000001,0.748,0.6711530100909799,0.015618710289889374,0.012349915654942105,0.0014439669377436033,0.012349637155942162,0.0014447418104049847,0.012722723840218558,0.0014026149665964966,0.7000000000000001,1
break_even,noise10,1006,30,low_yaw,batch_aware,12,0.7000000000000001,0.748,0.6709007159504614,0.015618015374753231,0.01186855167118598,0.001439514065142795,0.011868498120053505,0.0014400038591207264,0.012232052758146659,0.0013987819226251076,0.7000000000000001,1
break_even,noise10,1006,30,low_yaw,batch_aware,13,0.7000000000000001,0.748,0.6711034508158795,0.015646598709560314,0.01143870972932791,0.001435027057519921,0.01143882195663197,0.0014356650304550964,0.011794098032419006,0.0013949801325178926,0.7000000000000001,1
break_even,noise10,1006,30,low_yaw,batch_aware,14,0.7000000000000001,0.748,0.6707505567138452,0.015621566631404253,0.011052788610594558,0.0014300906881200386,0.011052987443053308,0.0014312177862357803,0.011400049440718157,0.0013912091738411635,0.7000000000000001,1
break_even,noise10,1006,30,low_yaw,batch_aware,15,0.7000000000000001,0.748,0.6719609108478917,0.015664002888626558,0.010703502732399332,0.0014257020068944234,0.010703392546275423,0.0014262986646764767,0.011043029279473615,0.0013874686321118383,0.7000000000000001,1
break_even,noise10,1006,30,low_yaw,batch_aware,16,0.7000000000000001,0.748,0.672774129333189,0.015643447536031713,0.01038624154985324,0.0014213196266948695,0.01038566358194271,0.0014219713721360416,0.010717579421499784,0.0013837581006060783,0.7000000000000001,1
break_even,noise10,1006,30,low_yaw,batch_aware,17,0.7000000000000001,0.748,0.6719147945833113,0.015612037437426564,0.010094889801587783,0.0014170298538812988,0.010094770128446534,0.0014176005343160324,0.010419305529253074,0.0013800771801735243,0.7000000000000001,1
break_even,noise10,1006,30,low_yaw,batch_aware,18,0.7000000000000001,0.748,0.6714889715493702,0.015582390561812053,0.009826954714208863,0.0014124917145818508,0.009827019060750489,0.0014132891187529717,0.010144624516244018,0.0013764254790569412,0.7000000000000001,1
break_even,noise10,1006,30,low_yaw,batch_aware,19,0.7000000000000001,0.748,0.6714648175349144,0.015574044503828044,0.009578978038893442,0.0014081664371082383,0.009578891034578738,0.0014087653835345444,0.00989058161785391,0.0013728026127170824,0.7000000000000001,1
break_even,noise10,1006,30,low_yaw,batch_aware,20,0.7000000000000001,0.748,0.6710356490161733,0.01551284961130365,0.009349322390705043,0.0014040603878728395,0.009349354984653889,0.0014045649724448688,0.009654715476105632,0.0013692082036625996,0.7000000000000001,1
break_even,noise10,1006,30,low_yaw,batch_aware,21,0.7000000000000001,0.748,0.6705938364043628,0.01549168198660549,0.009135098962266051,0.0013997630032157955,0.009135165169587347,0.0014004339826406882,0.00943495702185737,0.0013656418812848252,0.7000000000000001,1
break_even,noise10,1006,30,low_yaw,batch_aware,22,0.7000000000000001,0.748,0.6701508201757803,0.01546882033204165,0.008935374964751957,0.0013955196012379848,0.008935156850131314,0.0013961654989750113,0.00922955258363813,0.0013621032816972648,0.7000000000000001,1
break_even,noise10,1006,30,low_yaw,batch_aware,23,0.7000000000000001,0.748,0.6697726471280713,0.015481917473699584,0.008747268783051133,0.0013918377372661146,0.008747575758897412,0.001392006079750588,0.009037004649230474,0.0013585920475796404,0.7000000000000001,1
break_even,noise10,1006,30,low_yaw,batch_aware,24,0.7000000000000001,0.748,0.6698500009090749,0.015438617291335941,0.008570966432089626,0.0013879497721649365,0.008571009576669404,0.001388282278879045,0.008856025682015635,0.001355107828026333,0.7000000000000001,1
break_even,noise10,1006,30,low_yaw,batch_aware,25,0.7000000000000001,0.748,0.6702723374321662,0.015413814373684751,0.00840512398191207,0.001384070836998228,0.008405141749746256,0.0013844413489960013,0.00868550172281737,0.0013516502783990796,0.7000000000000001,1
break_even,noise10,1006,30,low_yaw,batch_aware,26,0.7000000000000001,0.748,0.6699595247198201,0.015439057825990988,0.0082485277665078,0.0013800639914742256,0.008248568663392812,0.001380636819367547,0.008524463417654775,0.0013482190601837836,0.7000000000000001,1
break_even,noise10,1006,30,low_yaw,batch_aware,27,0.7000000000000001,0.748,0.6704373612837354,0.01538784096330693,0.008100473026318014,0.0013760812353157809,0.008100425133088904,0.0013765599957335172,0.008372062744869376,0.0013448138408513023,0.7000000000000001,1
break_even,noise10,1006,30,low_yaw,batch_aware,28,0.7000000000000001,0.748,0.6707193242772047,0.015391810687657754,0.007959745885516135,0.0013723218124860885,0.007959895812315623,0.001372694327315252,0.008227554162297432,0.0013414342937220832,0.7000000000000001,1
break_even,noise10,1006,30,low_yaw,batch_aware,29,0.7000000000000001,0.748,0.6703274038796023,0.015380386949600571,0.007826251422845707,0.0013684060067331225,0.007826202346933632,0.001368873635596937,0.008090279215461188,0.0013380800978345254,0.7000000000000001,1
break_even,noise10,1006,30,low_yaw,batch_aware,30,0.7000000000000001,0.748,0.6701564583700063,0.015341373783234816,0.007699387899117281,0.0013648863249003504,0.007699268860345575,0.0013650860150317488,0.00795965388010181,0.0013347509378169393,0.7000000000000001,1
break_even,noise10,1006,30,low_yaw,ignore_passive,1,0.7000000000000001,0.748,0.6650794038435458,0.0157360814723177,0.029797988828155538,0.0014910274321691932,0.029804240141940094,0.0014921373632340465,0.029852228192824702,0.0014427634024755435,0.7000000000000001,1
break_even,noise10,1006,30,low_yaw,ignore_passive,2,0.7000000000000001,0.748,0.6681707413303457,0.01572330173118912,0.024470245871747155,0.0014860626391980472,0.024477877664818518,0.0014867653462310503,0.024786263260384755,0.0014385926877813055,0.7000000000000001,1
break_even,noise10,1006,30,low_yaw,ignore_passive,3,0.7000000000000001,0.748,0.6733609790970679,0.015726492608651065,0.02125551627827715,0.0014813779023946409,0.0212539824517228,0.0014818085157634723,0.021650866119816613,0.0014344579351029626,0.7000000000000001,1
break_even,noise10,1006,30,low_yaw,ignore_passive,4,0.7000000000000001,0.748,0.6751052084791113,0.015661071601701965,0.01904997765947515,0.0014758022423141384,0.019048321739731505,0.0014771954926969828,0.01946666816945037,0.0014303586305890582,0.7000000000000001,1
break_even,noise10,1006,30,low_yaw,ignore_passive,5,0.7000000000000001,0.748,0.6742263535321421,0.015604705796769959,0.017412819098659247,0.0014713703925370557,0.017413895645325222,0.0014716600671517946,0.0178331699702225,0.0014262942706089294,0.7000000000000001,1
break_even,noise10,1006,30,low_yaw,ignore_passive,6,0.7000000000000001,0.748,0.6733440333922652,0.015605597890960476,0.016135907222646288,0.0014662480225396568,0.016135176035122042,0.0014672094469688648,0.01655209137150357,0.0014222643614928009,0.7000000000000001,1
break_even,noise10,1006,30,low_yaw,ignore_passive,7,0.7000000000000001,0.748,0.6729443678673394,0.01557526032967701,0.01510251586629183,0.0014616852603627337,0.015103415132428981,0.0014621861047287674,0.01551257339813886,0.0014182684192799138,0.7000000000000001,1
break_even,noise10,1006,30,low_yaw,ignore_passive,8,0.7000000000000001,0.748,0.673506876023224,0.01558637214604598,0.01424470405675275,0.0014575708808542214,0.014245564995814227,0.0014576322957737795,0.014647144096525073,0.0014143059694743916,0.7000000000000001,1
break_even,noise10,1006,30,low_yaw,ignore_passive,9,0.7000000000000001,0.748,0.6709507373622305,0.015635120258032226,0.013518928479856447,0.0014533688640231495,0.013518912729798676,0.001453578511041331,0.013912074226596566,0.00141037654680857,0.7000000000000001,1
break_even,noise10,1006,30,low_yaw,ignore_passive,10,0.7000000000000001,0.748,0.6718080539105448,0.015596198574747104,0.012894256976888608,0.0014486654536540547,0.012893913044947882,0.001449289199875007,0.013277613348753974,0.0014064796950135179,0.7000000000000001,1
break_even,noise10,1006,30,low_yaw,ignore_passive,11,0.7000000000000001,0.748,0.6711530100909799,0.015618710289889374,0.012349915654942105,0.0014439669377436033,0.012349637155942162,0.0014447418104049847,0.012722723840218558,0.0014026149665964966,0.7000000000000001,1
break_even,noise10,1006,30,low_yaw,ignore_passive,12,0.7000000000000001,0.748,0.6709007159504614,0.015618015374753231,0.01186855167118598,0.001439514065142795,0.011868498120053505,0.0014400038591207264,0.012232052758146659,0.0013987819226251076,0.7000000000000001,1
break_even,noise10,1006,30,low_yaw,ignore_passive,13,0.7000000000000001,0.748,0.6711034508158795,0.015646598709560314,0.01143870972932791,0.001435027057519921,0.01143882195663197,0.0014356650304550964,0.011794098032419006,0.0013949801325178926,0.7000000000000001,1
break_even,noise10,1006,30,low_yaw,ignore_passive,14,0.7000000000000001,0.748,0.6707505567138452,0.015621566631404253,0.011052788610594558,0.0014300906881200386,0.011052987443053308,0.0014312177862357803,0.011400049440718157,0.0013912091738411635,0.7000000000000001,1
break_even,noise10,1006,30,low_yaw,ignore_passive,15,0.7000000000000001,0.748,0.6719609108478917,0.015664002888626558,0.010703502732399332,0.0014257020068944234,0.010703392546275423,0.0014262986646764767,0.011043029279473615,0.0013874686321118383,0.7000000000000001,1
break_even,noise10,1006,30,low_yaw,ignore_passive,16,0.7000000000000001,0.748,0.672774129333189,0.015643447536031713,0.01038624154985324,0.0014213196266948695,0.01038566358194271,0.0014219713721360416,0.010717579421499784,0.0013837581006060783,0.7000000000000001,1
break_even,noise10,1006,30,low_yaw,ignore_passive,17,0.7000000000000001,0.748,0.6719147945833113,0.015612037437426564,0.010094889801587783,0.0014170298538812988,0.010094770128446534,0.0014176005343160324,0.010419305529253074,0.0013800771801735243,0.7000000000000001,1
break_even,noise10,1006,30,low_yaw,ignore_passive,18,0.7000000000000001,0.748,0.6714889715493702,0.015582390561812053,0.009826954714208863,0.0014124917145818508,0.009827019060750489,0.0014132891187529717,0.010144624516244018,0.0013764254790569412,0.7000000000000001,1
break_even,noise10,1006,30,low_yaw,ignore_passive,19,0.7000000000000001,0.748,0.6714648175349144,0.015574044503828044,0.009578978038893442,0.0014081664371082383,0.009578891034578738,0.0014087653835345444,0.00989058161785391,0.0013728026127170824,0.7000000000000001,1
break_even,noise10,1006,30,low_yaw,ignore_passive,20,0.7000000000000001,0.748,0.6710356490161733,0.01551284961130365,0.009349322390705043,0.0014040603878728395,0.009349354984653889,0.0014045649724448688,0.009654715476105632,0.0013692082036625996,0.7000000000000001,1
break_even,noise10,1006,30,low_yaw,ignore_passive,21,0.7000000000000001,0.748,0.6705938364043628,0.01549168198660549,0.009135098962266051,0.0013997630032157955,0.009135165169587347,0.0014004339826406882,0.00943495702185737,0.0013656418812848252,0.7000000000000001,1
break_even,noise10,1006,30,low_yaw,ignore_passive,22,0.7000000000000001,0.748,0.6701508201757803,0.01546882033204165,0.008935374964751957,0.0013955196012379848,0.008935156850131314,0.0013961654989750113,0.00922955258363813,0.0013621032816972648,0.7000000000000001,1
break_even,noise10,1006,30,low_yaw,ignore_passive,23,0.7000000000000001,0.748,0.6697726471280713,0.015481917473699584,0.008747268783051133,0.0013918377372661146,0.008747575758897412,0.001392006079750588,0.009037004649230474,0.0013585920475796404,0.7000000000000001,1
break_even,noise10,1006,30,low_yaw,ignore_passive,24,0.7000000000000001,0.748,0.6698500009090749,0.015438617291335941,0.008570966432089626,0.0013879497721649365,0.008571009576669404,0.001388282278879045,0.008856025682015635,0.001355107828026333,0.7000000000000001,1
break_even,noise10,1006,30,low_yaw,ignore_passive,25,0.7000000000000001,0.748,0.6702723374321662,0.015413814373684751,0.00840512398191207,0.001384070836998228,0.008405141749746256,0.0013844413489960013,0.00868550172281737,0.0013516502783990796,0.7000000000000001,1
break_even,noise10,1006,30,low_yaw,ignore_passive,26,0.7000000000000001,0.748,0.6699595247198201,0.015439057825990988,0.0082485277665078,0.0013800639914742256,0.008248568663392812,0.001380636819367547,0.008524463417654775,0.0013482190601837836,0.7000000000000001,1
break_even,noise10,1006,30,low_yaw,ignore_passive,27,0.7000000000000001,0.748,0.6704373612837354,0.01538784096330693,0.008100473026318014,0.0013760812353157809,0.008100425133088904,0.0013765599957335172,0.008372062744869376,0.0013448138408513023,0.7000000000000001,1
break_even,noise10,1006,30,low_yaw,ignore_passive,28,0.7000000000000001,0.748,0.6707193242772047,0.015391810687657754,0.007959745885516135,0.0013723218124860885,0.007959895812315623,0.001372694327315252,0.008227554162297432,0.0013414342937220832,0.7000000000000001,1
break_even,noise10,1006,30,low_yaw,ignore_passive,29,0.7000000000000001,0.748,0.6703274038796023,0.015380386949600571,0.007826251422845707,0.0013684060067331225,0.007826202346933632,0.001368873635596937,0.008090279215461188,0.0013380800978345254,0.7000000000000001,1
break_even,noise10,1006,30,low_yaw,ignore_passive,30,0.7000000000000001,0.748,0.6701564583700063,0.015341373783234816,0.007699387899117281,0.0013648863249003504,0.007699268860345575,0.0013650860150317488,0.00795965388010181,0.0013347509378169393,0.7000000000000001,1
break_even,noise10,1006,30,low_yaw,uncertainty_trigger,1,0.7000000000000001,0.748,0.6650794038435458,0.0157360814723177,0.029797988828155538,0.0014910274321691932,0.029804240141940094,0.0014921373632340465,0.029852228192824702,0.0014427634024755435,0.7000000000000001,1
break_even,noise10,1006,30,low_yaw,uncertainty_trigger,2,0.7000000000000001,0.748,0.6681707413303457,0.01572330173118912,0.024470245871747155,0.0014860626391980472,0.024477877664818518,0.0014867653462310503,0.024786263260384755,0.0014385926877813055,0.7000000000000001,1
break_even,noise10,1006,30,low_yaw,uncertainty_trigger,3,0.7000000000000001,0.748,0.6733609790970679,0.015726492608651065,0.02125551627827715,0.0014813779023946409,0.0212539824517228,0.0014818085157634723,0.021650866119816613,0.0014344579351029626,0.7000000000000001,1
break_even,noise10,1006,30,low_yaw,uncertainty_trigger,4,0.7000000000000001,0.748,0.6751052084791113,0.015661071601701965,0.01904997765947515,0.0014758022423141384,0.019048321739731505,0.0014771954926969828,0.01946666816945037,0.0014303586305890582,0.7000000000000001,1
break_even,noise10,1006,30,low_yaw,uncertainty_trigger,5,0.7000000000000001,0.748,0.6742263535321421,0.015604705796769959,0.017412819098659247,0.0014713703925370557,0.017413895645325222,0.0014716600671517946,0.0178331699702225,0.0014262942706089294,0.7000000000000001,1
break_even,noise10,1006,30,low_yaw,uncertainty_trigger,6,0.7000000000000001,0.748,0.6733440333922652,0.015605597890960476,0.016135907222646288,0.0014662480225396568,0.016135176035122042,0.0014672094469688648,0.01655209137150357,0.0014222643614928009,0.7000000000000001,1
break_even,noise10,1006,30,low_yaw,uncertainty_trigger,7,0.7000000000000001,0.748,0.6729443678673394,0.01557526032967701,0.01510251586629183,0.0014616852603627337,0.015103415132428981,0.0014621861047287674,0.01551257339813886,0.0014182684192799138,0.7000000000000001,1
break_even,noise10,1006,30,low_yaw,uncertainty_trigger,8,0.7000000000000001,0.748,0.673506876023224,0.01558637214604598,0.01424470405675275,0.0014575708808542214,0.014245564995814227,0.0014576322957737795,0.014647144096525073,0.0014143059694743916,0.7000000000000001,1
break_even,noise10,1006,30,low_yaw,uncertainty_trigger,9,0.7000000000000001,0.748,0.6709507373622305,0.015635120258032226,0.013518928479856447,0.0014533688640231495,0.013518912729798676,0.001453578511041331,0.013912074226596566,0.00141037654680857,0.7000000000000001,1
break_even,noise10,1006,30,low_yaw,uncertainty_trigger,10,0.7000000000000001,0.748,0.6718080539105448,0.015596198574747104,0.012894256976888608,0.0014486654536540547,0.012893913044947882,0.001449289199875007,0.013277613348753974,0.0014064796950135179,0.7000000000000001,1
break_even,noise10,1006,30,low_yaw,uncertainty_trigger,11,0.7000000000000001,0.748,0.6711530100909799,0.015618710289889374,0.012349915654942105,0.0014439669377436033,0.012349637155942162,0.0014447418104049847,0.012722723840218558,0.0014026149665964966,0.7000000000000001,1
break_even,noise10,1006,30,low_yaw,uncertainty_trigger,12,0.7000000000000001,0.748,0.6709007159504614,0.015618015374753231,0.01186855167118598,0.001439514065142795,0.011868498120053505,0.0014400038591207264,0.012232052758146659,0.0013987819226251076,0.7000000000000001,1
break_even,noise10,1006,30,low_yaw,uncertainty_trigger,13,0.7000000000000001,0.748,0.6711034508158795,0.015646598709560314,0.01143870972932791,0.001435027057519921,0.01143882195663197,0.0014356650304550964,0.011794098032419006,0.0013949801325178926,0.7000000000000001,1
break_even,noise10,1006,30,low_yaw,uncertainty_trigger,14,0.7000000000000001,0.748,0.6707505567138452,0.015621566631404253,0.011052788610594558,0.0014300906881200386,0.011052987443053308,0.0014312177862357803,0.011400049440718157,0.0013912091738411635,0.7000000000000001,1
break_even,noise10,1006,30,low_yaw,uncertainty_trigger,15,0.7000000000000001,0.748,0.6719609108478917,0.015664002888626558,0.010703502732399332,0.0014257020068944234,0.010703392546275423,0.0014262986646764767,0.011043029279473615,0.0013874686321118383,0.7000000000000001,1
break_even,noise10,1006,30,low_yaw,uncertainty_trigger,16,0.7000000000000001,0.748,0.672774129333189,0.015643447536031713,0.01038624154985324,0.0014213196266948695,0.01038566358194271,0.0014219713721360416,0.010717579421499784,0.0013837581006060783,0.7000000000000001,1
break_even,noise10,1006,30,low_yaw,uncertainty_trigger,17,0.7000000000000001,0.748,0.6719147945833113,0.015612037437426564,0.010094889801587783,0.0014170298538812988,0.010094770128446534,0.0014176005343160324,0.010419305529253074,0.0013800771801735243,0.7000000000000001,1
break_even,noise10,1006,30,low_yaw,uncertainty_trigger,18,0.7000000000000001,0.748,0.6714889715493702,0.015582390561812053,0.009826954714208863,0.0014124917145818508,0.009827019060750489,0.0014132891187529717,0.010144624516244018,0.0013764254790569412,0.7000000000000001,1
break_even,noise10,1006,30,low_yaw,uncertainty_trigger,19,0.7000000000000001,0.748,0.6714648175349144,0.015574044503828044,0.009578978038893442,0.0014081664371082383,0.009578891034578738,0.0014087653835345444,0.00989058161785391,0.0013728026127170824,0.7000000000000001,1
break_even,noise10,1006,30,low_yaw,uncertainty_trigger,20,0.7000000000000001,0.748,0.6710356490161733,0.01551284961130365,0.009349322390705043,0.0014040603878728395,0.009349354984653889,0.0014045649724448688,0.009654715476105632,0.0013692082036625996,0.7000000000000001,1
break_even,noise10,1006,30,low_yaw,uncertainty_trigger,21,0.7000000000000001,0.748,0.6705938364043628,0.01549168198660549,0.009135098962266051,0.0013997630032157955,0.009135165169587347,0.0014004339826406882,0.00943495702185737,0.0013656418812848252,0.7000000000000001,1
break_even,noise10,1006,30,low_yaw,uncertainty_trigger,22,0.7000000000000001,0.748,0.6701508201757803,0.01546882033204165,0.008935374964751957,0.0013955196012379848,0.008935156850131314,0.0013961654989750113,0.00922955258363813,0.0013621032816972648,0.7000000000000001,1
break_even,noise10,1006,30,low_yaw,uncertainty_trigger,23,0.7000000000000001,0.748,0.6697726471280713,0.015481917473699584,0.008747268783051133,0.0013918377372661146,0.008747575758897412,0.001392006079750588,0.009037004649230474,0.0013585920475796404,0.7000000000000001,1
break_even,noise10,1006,30,low_yaw,uncertainty_trigger,24,0.7000000000000001,0.748,0.6698500009090749,0.015438617291335941,0.008570966432089626,0.0013879497721649365,0.008571009576669404,0.001388282278879045,0.008856025682015635,0.001355107828026333,0.7000000000000001,1
break_even,noise10,1006,30,low_yaw,uncertainty_trigger,25,0.7000000000000001,0.748,0.6702723374321662,0.015413814373684751,0.00840512398191207,0.001384070836998228,0.008405141749746256,0.0013844413489960013,0.00868550172281737,0.0013516502783990796,0.7000000000000001,1
break_even,noise10,1006,30,low_yaw,uncertainty_trigger,26,0.7000000000000001,0.748,0.6699595247198201,0.015439057825990988,0.0082485277665078,0.0013800639914742256,0.008248568663392812,0.001380636819367547,0.008524463417654775,0.0013482190601837836,0.7000000000000001,1
break_even,noise10,1006,30,low_yaw,uncertainty_trigger,27,0.7000000000000001,0.748,0.6704373612837354,0.01538784096330693,0.008100473026318014,0.0013760812353157809,0.008100425133088904,0.0013765599957335172,0.008372062744869376,0.0013448138408513023,0.7000000000000001,1
break_even,noise10,1006,30,low_yaw,uncertainty_trigger,28,0.7000000000000001,0.748,0.6707193242772047,0.015391810687657754,0.007959745885516135,0.0013723218124860885,0.007959895812315623,0.001372694327315252,0.008227554162297432,0.0013414342937220832,0.7000000000000001,1
break_even,noise10,1006,30,low_yaw,uncertainty_trigger,29,0.7000000000000001,0.748,0.6703274038796023,0.015380386949600571,0.007826251422845707,0.0013684060067331225,0.007826202346933632,0.001368873635596937,0.008090279215461188,0.0013380800978345254,0.7000000000000001,1
break_even,noise10,1006,30,low_yaw,uncertainty_trigger,30,0.7000000000000001,0.748,0.6701564583700063,0.015341373783234816,0.007699387899117281,0.0013648863249003504,0.007699268860345575,0.0013650860150317488,0.00795965388010181,0.0013347509378169393,0.7000000000000001,1
break_even,noise10,1007,30,low_yaw,passive,1,0.8,0.848,0.30072017737117007,0.0120304995376881,0.03775301404211927,0.007402819806392136,0.03783089135499489,0.007548404303672327,0.03783089135499489,0.007548404303672327,0.8,1
break_even,noise10,1007,30,low_yaw,passive,2,0.8,0.848,0.2970313904977161,0.01207908247970408,0.02744474994651502,0.0068689393291863805,0.027454392197165254,0.00703240232661875,0.027882008925996092,0.0071746335618751165,0.8,1
break_even,noise10,1007,30,low_yaw,passive,3,0.775,0.8240000000000001,0.2949989182059095,0.012425697725959684,0.02262607730967806,0.006462428014725523,0.022838182680291617,0.006557784636834984,0.023100596977368066,0.0068514001741532314,0.8,1
break_even,noise10,1007,30,low_yaw,passive,4,0.775,0.8240000000000001,0.29714792447286453,0.01300514076058515,0.019692184011619727,0.006163142226035238,0.019830535130441983,0.006202975909058372,0.020304752120757563,0.006542138795601209,0.775,1
break_even,noise10,1007,30,low_yaw,passive,5,0.775,0.8240000000000001,0.2953821236691309,0.012976010215207506,0.017664842325691613,0.005870602683290993,0.017766674450770795,0.005938740802864607,0.018327483209312403,0.00627129944682359,0.775,1
break_even,noise10,1007,30,low_yaw,passive,6,0.775,0.8240000000000001,0.29641946558592264,0.013216877670458885,0.0161586375534318,0.005620078030833131,0.016235742633215047,0.005676412103117266,0.016834220242688262,0.006031533086793912,0.775,1
break_even,noise10,1007,30,low_yaw,passive,7,0.775,0.8240000000000001,0.2951174245217532,0.013555833765719954,0.01497987758589285,0.005405204176554558,0.015042050433443564,0.005448010587200504,0.01565506707636295,0.005817319121398122,0.775,1
break_even,noise10,1007,30,low_yaw,passive,8,0.775,0.8240000000000001,0.2956864210805308,0.01436476890404643,0.014026048849343798,0.005225354930735326,0.01407650516905365,0.005253868459700353,0.014693384905924773,0.005624419226755298,0.775,1
break_even,noise10,1007,30,low_yaw,passive,9,0.775,0.8240000000000001,0.2972992335597619,0.013906344648223087,0.013234464940087419,0.005045377118466746,0.013277185841113332,0.005088396039742813,0.013889616517084381,0.0054495181939476925,0.775,1
break_even,noise10,1007,30,low_yaw,passive,10,0.775,0.8240000000000001,0.29826896687408844,0.013666795681106732,0.012563618202897699,0.004891724453290323,0.012600359808416901,0.004921186109613181,0.013204793174516116,0.005289980537535484,0.775,1
break_even,noise10,1007,30,low_yaw,passive,11,0.775,0.8240000000000001,0.2974642056035611,0.01414427717848405,0.011985430202686418,0.004746362361502675,0.012017230050256903,0.004777815080962709,0.01261220365514084,0.005143681206345079,0.775,1
break_even,noise10,1007,30,low_yaw,passive,12,0.775,0.8240000000000001,0.2984750305696057,0.01450917972410915,0.011480930984995233,0.004630010581666485,0.011508418783502278,0.004644224006758547,0.012092844588237863,0.005008885129242352,0.775,1
break_even,noise10,1007,30,low_yaw,passive,13,0.75,0.798,0.29865013669630797,0.013803998656604963,0.011059320092340482,0.00449709061346945,0.011059421850271449,0.004526487391928384,0.01163277795737999,0.004884159775149515,0.775,1
break_even,noise10,1007,30,low_yaw,passive,14,0.75,0.798,0.2995043546984757,0.01376541993016009,0.010680638290713623,0.004374154957952333,0.010681329897421158,0.004394842582251357,0.011221517680622135,0.004768310540183136,0.775,1
break_even,noise10,1007,30,low_yaw,passive,15,0.75,0.798,0.29893166547791583,0.013791923986560576,0.01033858817542512,0.004266819903243754,0.010338764476354834,0.004282932959167807,0.010851002884968075,0.0046603322377229035,0.775,1
break_even,noise10,1007,30,low_yaw,passive,16,0.75,0.798,0.2982340767447483,0.01396969511532785,0.010027601420669862,0.004149670840343646,0.01002791093234292,0.004184222411476666,0.010514921342420132,0.004559372153782769,0.775,1
break_even,noise10,1007,30,low_yaw,passive,17,0.75,0.798,0.29718607271748454,0.013897507526647302,0.009742766398505713,0.004047193780929681,0.009742993943121085,0.004072470839659231,0.010208250155044793,0.004464701544223688,0.775,1
break_even,noise10,1007,30,low_yaw,passive,18,0.75,0.798,0.2976534877545702,0.014094093444816167,0.009480839745993595,0.003962831943105544,0.009480922674047357,0.003976336811987893,0.009926935783407108,0.0043756933849168405,0.775,1
break_even,noise10,1007,30,low_yaw,passive,19,0.75,0.798,0.2975806146117941,0.0142405193964514,0.009239240376528346,0.003876630657839044,0.009239406412955436,0.0038962617778432705,0.009667666065770651,0.004291804815758995,0.775,1
break_even,noise10,1007,30,low_yaw,passive,20,0.75,0.798,0.2976179085259144,0.014194964714661338,0.009014843159889827,0.0038000348432174094,0.00901521800168434,0.003814034700514555,0.009427704522083224,0.004212563151444582,0.775,1
break_even,noise10,1007,30,low_yaw,passive,21,0.75,0.798,0.2970428088262695,0.014258751928021727,0.008806874437889687,0.003730945698962758,0.008806473666705823,0.0037415075439070594,0.009204767782442108,0.004137554633066667,0.775,1
break_even,noise10,1007,30,low_yaw,passive,22,0.75,0.798,0.2976644935929999,0.013962443996197867,0.008612194630649135,0.003655706420139116,0.008612030686498282,0.003672599821705248,0.008997031630883343,0.00405933340097595,0.75,1
break_even,noise10,1007,30,low_yaw,passive,23,0.75,0.798,0.29855440373329095,0.013788569650872084,0.0084299147559775,0.0035839233563236283,0.008429915353749533,0.0036035341343724184,0.00880275387338163,0.00398538713644011,0.75,1
break_even,noise10,1007,30,low_yaw,passive,24,0.75,0.798,0.29862618414984227,0.013774350414889227,0.008258749621520524,0.003519390664502987,0.008258775192655363,0.0035345533737219494,0.008620541383801517,0.003915340114467859,0.75,1
break_even,noise10,1007,30,low_yaw,passive,25,0.75,0.798,0.29883215300937255,0.01375353240319615,0.008097565500966578,0.0034715711654811497,0.008097539259153904,0.0034724588751185964,0.008449194912161076,0.0038488612733356357,0.75,1
break_even,noise10,1007,30,low_yaw,passive,26,0.75,0.798,0.2993759974390143,0.013987006992971753,0.007945626661570135,0.003422769889978622,0.007945533207969778,0.003426191931066863,0.008287675719306942,0.0037856576123726855,0.75,1
break_even,noise10,1007,30,low_yaw,passive,27,0.75,0.798,0.29923424739504456,0.014189820347232065,0.007801976090388871,0.0033669243359842017,0.007802023419869854,0.0033785960397271844,0.008135078971511778,0.0037254687446884177,0.75,1
break_even,noise10,1007,30,low_yaw,passive,28,0.75,0.798,0.2994900070571931,0.014176147848753231,0.007665548991571425,0.0033143093186205966,0.007665586233600324,0.0033261681661708536,0.007990612333821276,0.003668062373422138,0.75,1
break_even,noise10,1007,30,low_yaw,passive,29,0.75,0.798,0.2996603278587874,0.01423653474072701,0.007536148170701729,0.0032698034589835868,0.00753621433566715,0.0032751487678788376,0.007853578602737762,0.003613230512001499,0.75,1
break_even,noise10,1007,30,low_yaw,passive,30,0.75,0.798,0.2996424195780873,0.01427049500550244,0.007413222990232205,0.003223067998211084,0.007413208026972147,0.0032320174624349434,0.007723361507293213,0.0035607863079903258,0.75,1
break_even,noise10,1007,30,low_yaw,always_probe,1,0.7250000000000001,0.774,0.30184731766034606,0.020157080942211893,0.0282747904819994,0.0015167258723054993,0.028695184870709413,0.0015178558553081097,0.028717564350147242,0.00144325619815817,0.7250000000000001,1
break_even,noise10,1007,30,low_yaw,always_probe,2,0.7250000000000001,0.774,0.2975561910232917,0.020108977515513993,0.023313007340626857,0.001511759177585736,0.023546745230115473,0.0015129254575488348,0.02405617880708162,0.0014394933870912796,0.7250000000000001,1
break_even,noise10,1007,30,low_yaw,always_probe,3,0.7250000000000001,0.774,0.2957641736947079,0.020084980156988782,0.02028758436167876,0.0015073689573968179,0.020440893999277485,0.0015081193889523465,0.021112560121011953,0.0014357598542303908,0.7250000000000001,1
break_even,noise10,1007,30,low_yaw,always_probe,4,0.7250000000000001,0.774,0.29760467302321436,0.02008641049775621,0.0181999011791815,0.0015036744194042635,0.01830953862430034,0.0015037608893079609,0.01903844541570334,0.0014320552218478743,0.7250000000000001,1
break_even,noise10,1007,30,low_yaw,always_probe,5,0.7250000000000001,0.774,0.2959517795941676,0.02004970449032758,0.016646689579004788,0.0014992837084088666,0.016731821091699427,0.0015000817231637742,0.01747580393539047,0.0014283791190035423,0.7250000000000001,1
break_even,noise10,1007,30,low_yaw,always_probe,6,0.7250000000000001,0.774,0.29669812807198753,0.02002943348197183,0.015434238822448362,0.001495172815623809,0.015501725252430886,0.0014957350573560771,0.016243953980457814,0.0014247311813886379,0.7250000000000001,1
break_even,noise10,1007,30,low_yaw,always_probe,7,0.7250000000000001,0.774,0.29557579790509936,0.020016483647932234,0.014452285898045304,0.001490864134320391,0.014507462502344366,0.001491620591051826,0.01524055727335517,0.0014211110511741865,0.7250000000000001,1
break_even,noise10,1007,30,low_yaw,always_probe,8,0.7250000000000001,0.774,0.2962121436643189,0.020050260856116216,0.013635915484632074,0.0014870123717216717,0.013682197042185758,0.0014873663067672524,0.014402739026878395,0.0014175183768635612,0.7250000000000001,1
break_even,noise10,1007,30,low_yaw,always_probe,9,0.7250000000000001,0.774,0.2978301369193946,0.020006317202219952,0.01294422306767432,0.0014830232700959074,0.012984308838600897,0.0014835037279531875,0.013689456866760076,0.0014139528131491288,0.7250000000000001,1
break_even,noise10,1007,30,low_yaw,always_probe,10,0.7250000000000001,0.774,0.2985893801146525,0.019957817323005604,0.012348445939814942,0.0014788265202737366,0.012383358053824846,0.0014795519100817844,0.01307263059904727,0.0014104140207728442,0.7250000000000001,1
break_even,noise10,1007,30,low_yaw,always_probe,11,0.7250000000000001,0.774,0.2981694493020665,0.01996121966560567,0.011828077828628254,0.0014746508153835576,0.011858607520284233,0.0014753824029714838,0.012532313070791798,0.0014069016663906617,0.7250000000000001,1
break_even,noise10,1007,30,low_yaw,always_probe,12,0.7250000000000001,0.774,0.2997059165001374,0.019980414452435848,0.011369167191376593,0.0014709268944071807,0.01139561531252223,0.0014712640258734465,0.012053892315630562,0.0014034154224406425,0.7250000000000001,1
break_even,noise10,1007,30,low_yaw,always_probe,13,0.7250000000000001,0.774,0.29978720258761804,0.019878073259010545,0.010959179949804287,0.0014668411991620204,0.010983162477213156,0.0014675692730018789,0.01162638676073372,0.0013999549670146393,0.7250000000000001,1
break_even,noise10,1007,30,low_yaw,always_probe,14,0.7250000000000001,0.774,0.30055242054217923,0.019840456138480615,0.010590221974424064,0.0014626870068104026,0.010612454022766232,0.0014633142112830003,0.011241362203275852,0.0013965199837334458,0.7250000000000001,1
break_even,noise10,1007,30,low_yaw,always_probe,15,0.7250000000000001,0.774,0.29992218713403335,0.019809346413033647,0.010256401280347188,0.0014589049366684683,0.010276145184581323,0.0014592937383334488,0.01089221918141336,0.0013931101616252966,0.7250000000000001,1
break_even,noise10,1007,30,low_yaw,always_probe,16,0.7250000000000001,0.774,0.29917508627258516,0.01978882688274985,0.009952441879058832,0.0014543452367585992,0.009970633936128915,0.0014556166577160356,0.010573709777129398,0.0013897251950076184,0.7250000000000001,1
break_even,noise10,1007,30,low_yaw,always_probe,17,0.7250000000000001,0.774,0.2980857743382963,0.01974739064094478,0.009673689819998634,0.0014501847714290393,0.00969033017730335,0.0014510324035651948,0.010281601371950673,0.001386364783371921,0.7250000000000001,1
break_even,noise10,1007,30,low_yaw,always_probe,18,0.7250000000000001,0.774,0.2984958882603489,0.019733692748544085,0.009417057780605807,0.0014464399453130651,0.00943228420363701,0.001446937009469351,0.010012437299389764,0.0013830286312717422,0.7250000000000001,1
break_even,noise10,1007,30,low_yaw,always_probe,19,0.7250000000000001,0.774,0.2983804683320799,0.019724258454171122,0.009180095554282394,0.001442446653427606,0.009194287115565865,0.0014432057035570465,0.009763363033864379,0.0013797164482135373,0.7250000000000001,1
break_even,noise10,1007,30,low_yaw,always_probe,20,0.7250000000000001,0.774,0.2983828194488509,0.0196908455239854,0.008959794821449,0.0014386365758737249,0.00897320907043179,0.0014392215824092511,0.009531997712521965,0.0013764279485504363,0.7250000000000001,1
break_even,noise10,1007,30,low_yaw,always_probe,21,0.7250000000000001,0.774,0.2977805516468638,0.019673276186825798,0.008755455178586821,0.001435021886597291,0.008767224692611798,0.0014354598833043384,0.009316337648130349,0.0013731628513787674,0.7250000000000001,1
break_even,noise10,1007,30,low_yaw,always_probe,22,0.7250000000000001,0.774,0.2983642032894167,0.019606548190695603,0.008564023312442624,0.0014310185965816216,0.008575246077361234,0.001431709981780239,0.009114682825979499,0.0013699208804372725,0.7250000000000001,1
break_even,noise10,1007,30,low_yaw,always_probe,23,0.7250000000000001,0.774,0.29921473333581716,0.019550814197574984,0.008384657422964018,0.0014268232782989226,0.008395341161035174,0.0014279006768135474,0.008925580182528384,0.0013667017640089244,0.7250000000000001,1
break_even,noise10,1007,30,low_yaw,always_probe,24,0.7250000000000001,0.774,0.29926246108353904,0.019518197688132136,0.008216117015428834,0.0014228848556576098,0.008226194672546084,0.0014237285975012052,0.008747779317854807,0.001363505234825272,0.7250000000000001,1
break_even,noise10,1007,30,low_yaw,always_probe,25,0.7250000000000001,0.774,0.29944434913255824,0.019488328833617095,0.008057311423523792,0.0014199109220168929,0.00806676349844005,0.0014198043766667531,0.008580197544023586,0.0013603310299732344,0.7250000000000001,1
break_even,noise10,1007,30,low_yaw,always_probe,26,0.7250000000000001,0.774,0.29996288952905453,0.01950081901115783,0.007907532400293425,0.0014167947789965902,0.007916397560886624,0.0014168279286592687,0.008421892029243181,0.0013571788908042703,0.7250000000000001,1
break_even,noise10,1007,30,low_yaw,always_probe,27,0.7250000000000001,0.774,0.2998039385834518,0.01950224742143289,0.007765848579603508,0.0014130153542142804,0.007774381979875411,0.0014136792541958436,0.008272037395840318,0.0013540485628458535,0.7250000000000001,1
break_even,noise10,1007,30,low_yaw,always_probe,28,0.7250000000000001,0.774,0.3000372568237419,0.019473985870887934,0.007631224798781186,0.0014091986681024672,0.007639314387200295,0.0014100025178177835,0.00812990755343945,0.001350939795715182,0.7250000000000001,1
break_even,noise10,1007,30,low_yaw,always_probe,29,0.7250000000000001,0.774,0.30018853805285634,0.019463073900486964,0.007503478238725788,0.0014058533859111293,0.007511197541747799,0.0014061880120577262,0.00799486085248685,0.001347852343035057,0.7250000000000001,1
break_even,noise10,1007,30,low_yaw,always_probe,30,0.7250000000000001,0.774,0.3001537284129403,0.01944193436827622,0.0073820736945750115,0.0014022034800027748,0.007389347093094407,0.0014028504117042887,0.007866327863959792,0.001344785962351869,0.7250000000000001,1
break_even,noise10,1007,30,low_yaw,batch_aware,1,0.7250000000000001,0.774,0.30184731766034606,0.020157080942211893,0.0282747904819994,0.0015167258723054993,0.028695184870709413,0.0015178558553081097,0.028717564350147242,0.00144325619815817,0.7250000000000001,1
break_even,noise10,1007,30,low_yaw,batch_aware,2,0.7250000000000001,0.774,0.2975561910232917,0.020108977515513993,0.023313007340626857,0.001511759177585736,0.023546745230115473,0.0015129254575488348,0.02405617880708162,0.0014394933870912796,0.7250000000000001,1
break_even,noise10,1007,30,low_yaw,batch_aware,3,0.7250000000000001,0.774,0.2957641736947079,0.020084980156988782,0.02028758436167876,0.0015073689573968179,0.020440893999277485,0.0015081193889523465,0.021112560121011953,0.0014357598542303908,0.7250000000000001,1
break_even,noise10,1007,30,low_yaw,batch_aware,4,0.7250000000000001,0.774,0.29760467302321436,0.02008641049775621,0.0181999011791815,0.0015036744194042635,0.01830953862430034,0.0015037608893079609,0.01903844541570334,0.0014320552218478743,0.7250000000000001,1
break_even,noise10,1007,30,low_yaw,batch_aware,5,0.7250000000000001,0.774,0.2959517795941676,0.02004970449032758,0.016646689579004788,0.0014992837084088666,0.016731821091699427,0.0015000817231637742,0.01747580393539047,0.0014283791190035423,0.7250000000000001,1
break_even,noise10,1007,30,low_yaw,batch_aware,6,0.7250000000000001,0.774,0.29669812807198753,0.02002943348197183,0.015434238822448362,0.001495172815623809,0.015501725252430886,0.0014957350573560771,0.016243953980457814,0.0014247311813886379,0.7250000000000001,1
break_even,noise10,1007,30,low_yaw,batch_aware,7,0.7250000000000001,0.774,0.29557579790509936,0.020016483647932234,0.014452285898045304,0.001490864134320391,0.014507462502344366,0.001491620591051826,0.01524055727335517,0.0014211110511741865,0.7250000000000001,1
break_even,noise10,1007,30,low_yaw,batch_aware,8,0.7250000000000001,0.774,0.2962121436643189,0.020050260856116216,0.013635915484632074,0.0014870123717216717,0.013682197042185758,0.0014873663067672524,0.014402739026878395,0.0014175183768635612,0.7250000000000001,1
break_even,noise10,1007,30,low_yaw,batch_aware,9,0.7250000000000001,0.774,0.2978301369193946,0.020006317202219952,0.01294422306767432,0.0014830232700959074,0.012984308838600897,0.0014835037279531875,0.013689456866760076,0.0014139528131491288,0.7250000000000001,1
break_even,noise10,1007,30,low_yaw,batch_aware,10,0.7250000000000001,0.774,0.2985893801146525,0.019957817323005604,0.012348445939814942,0.0014788265202737366,0.012383358053824846,0.0014795519100817844,0.01307263059904727,0.0014104140207728442,0.7250000000000001,1
break_even,noise10,1007,30,low_yaw,batch_aware,11,0.7250000000000001,0.774,0.2981694493020665,0.01996121966560567,0.011828077828628254,0.0014746508153835576,0.011858607520284233,0.0014753824029714838,0.012532313070791798,0.0014069016663906617,0.7250000000000001,1
break_even,noise10,1007,30,low_yaw,batch_aware,12,0.7250000000000001,0.774,0.2997059165001374,0.019980414452435848,0.011369167191376593,0.0014709268944071807,0.01139561531252223,0.0014712640258734465,0.012053892315630562,0.0014034154224406425,0.7250000000000001,1
break_even,noise10,1007,30,low_yaw,batch_aware,13,0.7250000000000001,0.774,0.29978720258761804,0.019878073259010545,0.010959179949804287,0.0014668411991620204,0.010983162477213156,0.0014675692730018789,0.01162638676073372,0.0013999549670146393,0.7250000000000001,1
break_even,noise10,1007,30,low_yaw,batch_aware,14,0.7250000000000001,0.774,0.30055242054217923,0.019840456138480615,0.010590221974424064,0.0014626870068104026,0.010612454022766232,0.0014633142112830003,0.011241362203275852,0.0013965199837334458,0.7250000000000001,1
break_even,noise10,1007,30,low_yaw,batch_aware,15,0.7250000000000001,0.774,0.29992218713403335,0.019809346413033647,0.010256401280347188,0.0014589049366684683,0.010276145184581323,0.0014592937383334488,0.01089221918141336,0.0013931101616252966,0.7250000000000001,1
break_even,noise10,1007,30,low_yaw,batch_aware,16,0.7250000000000001,0.774,0.29917508627258516,0.01978882688274985,0.009952441879058832,0.0014543452367585992,0.009970633936128915,0.0014556166577160356,0.010573709777129398,0.0013897251950076184,0.7250000000000001,1
break_even,noise10,1007,30,low_yaw,batch_aware,17,0.7250000000000001,0.774,0.2980857743382963,0.01974739064094478,0.009673689819998634,0.0014501847714290393,0.00969033017730335,0.0014510324035651948,0.010281601371950673,0.001386364783371921,0.7250000000000001,1
break_even,noise10,1007,30,low_yaw,batch_aware,18,0.7250000000000001,0.774,0.2984958882603489,0.019733692748544085,0.009417057780605807,0.0014464399453130651,0.00943228420363701,0.001446937009469351,0.010012437299389764,0.0013830286312717422,0.7250000000000001,1
break_even,noise10,1007,30,low_yaw,batch_aware,19,0.7250000000000001,0.774,0.2983804683320799,0.019724258454171122,0.009180095554282394,0.001442446653427606,0.009194287115565865,0.0014432057035570465,0.009763363033864379,0.0013797164482135373,0.7250000000000001,1
break_even,noise10,1007,30,low_yaw,batch_aware,20,0.7250000000000001,0.774,0.2983828194488509,0.0196908455239854,0.008959794821449,0.0014386365758737249,0.00897320907043179,0.0014392215824092511,0.009531997712521965,0.0013764279485504363,0.7250000000000001,1
break_even,noise10,1007,30,low_yaw,batch_aware,21,0.7250000000000001,0.774,0.2977805516468638,0.019673276186825798,0.008755455178586821,0.001435021886597291,0.008767224692611798,0.0014354598833043384,0.009316337648130349,0.0013731628513787674,0.7250000000000001,1
break_even,noise10,1007,30,low_yaw,batch_aware,22,0.7250000000000001,0.774,0.2983642032894167,0.019606548190695603,0.008564023312442624,0.0014310185965816216,0.008575246077361234,0.001431709981780239,0.009114682825979499,0.0013699208804372725,0.7250000000000001,1
break_even,noise10,1007,30,low_yaw,batch_aware,23,0.7250000000000001,0.774,0.29921473333581716,0.019550814197574984,0.008384657422964018,0.0014268232782989226,0.008395341161035174,0.0014279006768135474,0.008925580182528384,0.0013667017640089244,0.7250000000000001,1
break_even,noise10,1007,30,low_yaw,batch_aware,24,0.7250000000000001,0.774,0.29926246108353904,0.019518197688132136,0.008216117015428834,0.0014228848556576098,0.008226194672546084,0.0014237285975012052,0.008747779317854807,0.001363505234825272,0.7250000000000001,1
break_even,noise10,1007,30,low_yaw,batch_aware,25,0.7250000000000001,0.774,0.29944434913255824,0.019488328833617095,0.008057311423523792,0.0014199109220168929,0.00806676349844005,0.0014198043766667531,0.008580197544023586,0.0013603310299732344,0.7250000000000001,1
break_even,noise10,1007,30,low_yaw,batch_aware,26,0.7250000000000001,0.774,0.29996288952905453,0.01950081901115783,0.007907532400293425,0.0014167947789965902,0.007916397560886624,0.0014168279286592687,0.008421892029243181,0.0013571788908042703,0.7250000000000001,1
break_even,noise10,1007,30,low_yaw,batch_aware,27,0.7250000000000001,0.774,0.2998039385834518,0.01950224742143289,0.007765848579603508,0.0014130153542142804,0.007774381979875411,0.0014136792541958436,0.008272037395840318,0.0013540485628458535,0.7250000000000001,1
break_even,noise10,1007,30,low_yaw,batch_aware,28,0.7250000000000001,0.774,0.3000372568237419,0.019473985870887934,0.007631224798781186,0.0014091986681024672,0.007639314387200295,0.0014100025178177835,0.00812990755343945,0.001350939795715182,0.7250000000000001,1
break_even,noise10,1007,30,low_yaw,batch_aware,29,0.7250000000000001,0.774,0.30018853805285634,0.019463073900486964,0.007503478238725788,0.0014058533859111293,0.007511197541747799,0.0014061880120577262,0.00799486085248685,0.001347852343035057,0.7250000000000001,1
break_even,noise10,1007,30,low_yaw,batch_aware,30,0.7250000000000001,0.774,0.3001537284129403,0.01944193436827622,0.0073820736945750115,0.0014022034800027748,0.007389347093094407,0.0014028504117042887,0.007866327863959792,0.001344785962351869,0.7250000000000001,1
break_even,noise10,1007,30,low_yaw,ignore_passive,1,0.7250000000000001,0.774,0.30184731766034606,0.020157080942211893,0.0282747904819994,0.0015167258723054993,0.028695184870709413,0.0015178558553081097,0.028717564350147242,0.00144325619815817,0.7250000000000001,1
break_even,noise10,1007,30,low_yaw,ignore_passive,2,0.7250000000000001,0.774,0.2975561910232917,0.020108977515513993,0.023313007340626857,0.001511759177585736,0.023546745230115473,0.0015129254575488348,0.02405617880708162,0.0014394933870912796,0.7250000000000001,1
break_even,noise10,1007,30,low_yaw,ignore_passive,3,0.7250000000000001,0.774,0.2957641736947079,0.020084980156988782,0.02028758436167876,0.0015073689573968179,0.020440893999277485,0.0015081193889523465,0.021112560121011953,0.0014357598542303908,0.7250000000000001,1
break_even,noise10,1007,30,low_yaw,ignore_passive,4,0.7250000000000001,0.774,0.29760467302321436,0.02008641049775621,0.0181999011791815,0.0015036744194042635,0.01830953862430034,0.0015037608893079609,0.01903844541570334,0.0014320552218478743,0.7250000000000001,1
break_even,noise10,1007,30,low_yaw,ignore_passive,5,0.7250000000000001,0.774,0.2959517795941676,0.02004970449032758,0.016646689579004788,0.0014992837084088666,0.016731821091699427,0.0015000817231637742,0.01747580393539047,0.0014283791190035423,0.7250000000000001,1
break_even,noise10,1007,30,low_yaw,ignore_passive,6,0.7250000000000001,0.774,0.29669812807198753,0.02002943348197183,0.015434238822448362,0.001495172815623809,0.015501725252430886,0.0014957350573560771,0.016243953980457814,0.0014247311813886379,0.7250000000000001,1
break_even,noise10,1007,30,low_yaw,ignore_passive,7,0.7250000000000001,0.774,0.29557579790509936,0.020016483647932234,0.014452285898045304,0.001490864134320391,0.014507462502344366,0.001491620591051826,0.01524055727335517,0.0014211110511741865,0.7250000000000001,1
break_even,noise10,1007,30,low_yaw,ignore_passive,8,0.7250000000000001,0.774,0.2962121436643189,0.020050260856116216,0.013635915484632074,0.0014870123717216717,0.013682197042185758,0.0014873663067672524,0.014402739026878395,0.0014175183768635612,0.7250000000000001,1
break_even,noise10,1007,30,low_yaw,ignore_passive,9,0.7250000000000001,0.774,0.2978301369193946,0.020006317202219952,0.01294422306767432,0.0014830232700959074,0.012984308838600897,0.0014835037279531875,0.013689456866760076,0.0014139528131491288,0.7250000000000001,1
break_even,noise10,1007,30,low_yaw,ignore_passive,10,0.7250000000000001,0.774,0.2985893801146525,0.019957817323005604,0.012348445939814942,0.0014788265202737366,0.012383358053824846,0.0014795519100817844,0.01307263059904727,0.0014104140207728442,0.7250000000000001,1
break_even,noise10,1007,30,low_yaw,ignore_passive,11,0.7250000000000001,0.774,0.2981694493020665,0.01996121966560567,0.011828077828628254,0.0014746508153835576,0.011858607520284233,0.0014753824029714838,0.012532313070791798,0.0014069016663906617,0.7250000000000001,1
break_even,noise10,1007,30,low_yaw,ignore_passive,12,0.7250000000000001,0.774,0.2997059165001374,0.019980414452435848,0.011369167191376593,0.0014709268944071807,0.01139561531252223,0.0014712640258734465,0.012053892315630562,0.0014034154224406425,0.7250000000000001,1
break_even,noise10,1007,30,low_yaw,ignore_passive,13,0.7250000000000001,0.774,0.29978720258761804,0.019878073259010545,0.010959179949804287,0.0014668411991620204,0.010983162477213156,0.0014675692730018789,0.01162638676073372,0.0013999549670146393,0.7250000000000001,1
break_even,noise10,1007,30,low_yaw,ignore_passive,14,0.7250000000000001,0.774,0.30055242054217923,0.019840456138480615,0.010590221974424064,0.0014626870068104026,0.010612454022766232,0.0014633142112830003,0.011241362203275852,0.0013965199837334458,0.7250000000000001,1
break_even,noise10,1007,30,low_yaw,ignore_passive,15,0.7250000000000001,0.774,0.29992218713403335,0.019809346413033647,0.010256401280347188,0.0014589049366684683,0.010276145184581323,0.0014592937383334488,0.01089221918141336,0.0013931101616252966,0.7250000000000001,1
break_even,noise10,1007,30,low_yaw,ignore_passive,16,0.7250000000000001,0.774,0.29917508627258516,0.01978882688274985,0.009952441879058832,0.0014543452367585992,0.009970633936128915,0.0014556166577160356,0.010573709777129398,0.0013897251950076184,0.7250000000000001,1
break_even,noise10,1007,30,low_yaw,ignore_passive,17,0.7250000000000001,0.774,0.2980857743382963,0.01974739064094478,0.009673689819998634,0.0014501847714290393,0.00969033017730335,0.0014510324035651948,0.010281601371950673,0.001386364783371921,0.7250000000000001,1
break_even,noise10,1007,30,low_yaw,ignore_passive,18,0.7250000000000001,0.774,0.2984958882603489,0.019733692748544085,0.009417057780605807,0.0014464399453130651,0.00943228420363701,0.001446937009469351,0.010012437299389764,0.0013830286312717422,0.7250000000000001,1
break_even,noise10,1007,30,low_yaw,ignore_passive,19,0.7250000000000001,0.774,0.2983804683320799,0.019724258454171122,0.009180095554282394,0.001442446653427606,0.009194287115565865,0.0014432057035570465,0.009763363033864379,0.0013797164482135373,0.7250000000000001,1
break_even,noise10,1007,30,low_yaw,ignore_passive,20,0.7250000000000001,0.774,0.2983828194488509,0.0196908455239854,0.008959794821449,0.0014386365758737249,0.00897320907043179,0.0014392215824092511,0.009531997712521965,0.0013764279485504363,0.7250000000000001,1
break_even,noise10,1007,30,low_yaw,ignore_passive,21,0.7250000000000001,0.774,0.2977805516468638,0.019673276186825798,0.008755455178586821,0.001435021886597291,0.008767224692611798,0.0014354598833043384,0.009316337648130349,0.0013731628513787674,0.7250000000000001,1
break_even,noise10,1007,30,low_yaw,ignore_passive,22,0.7250000000000001,0.774,0.2983642032894167,0.019606548190695603,0.008564023312442624,0.0014310185965816216,0.008575246077361234,0.001431709981780239,0.009114682825979499,0.0013699208804372725,0.7250000000000001,1
break_even,noise10,1007,30,low_yaw,ignore_passive,23,0.7250000000000001,0.774,0.29921473333581716,0.019550814197574984,0.008384657422964018,0.0014268232782989226,0.008395341161035174,0.0014279006768135474,0.008925580182528384,0.0013667017640089244,0.7250000000000001,1
break_even,noise10,1007,30,low_yaw,ignore_passive,24,0.7250000000000001,0.774,0.29926246108353904,0.019518197688132136,0.008216117015428834,0.0014228848556576098,0.008226194672546084,0.0014237285975012052,0.008747779317854807,0.001363505234825272,0.7250000000000001,1
break_even,noise10,1007,30,low_yaw,ignore_passive,25,0.7250000000000001,0.774,0.29944434913255824,0.019488328833617095,0.008057311423523792,0.0014199109220168929,0.00806676349844005,0.0014198043766667531,0.008580197544023586,0.0013603310299732344,0.7250000000000001,1
break_even,noise10,1007,30,low_yaw,ignore_passive,26,0.7250000000000001,0.774,0.29996288952905453,0.01950081901115783,0.007907532400293425,0.0014167947789965902,0.007916397560886624,0.0014168279286592687,0.008421892029243181,0.0013571788908042703,0.7250000000000001,1
break_even,noise10,1007,30,low_yaw,ignore_passive,27,0.7250000000000001,0.774,0.2998039385834518,0.01950224742143289,0.007765848579603508,0.0014130153542142804,0.007774381979875411,0.0014136792541958436,0.008272037395840318,0.0013540485628458535,0.7250000000000001,1
break_even,noise10,1007,30,low_yaw,ignore_passive,28,0.7250000000000001,0.774,0.3000372568237419,0.019473985870887934,0.007631224798781186,0.0014091986681024672,0.007639314387200295,0.0014100025178177835,0.00812990755343945,0.001350939795715182,0.7250000000000001,1
break_even,noise10,1007,30,low_yaw,ignore_passive,29,0.7250000000000001,0.774,0.30018853805285634,0.019463073900486964,0.007503478238725788,0.0014058533859111293,0.007511197541747799,0.0014061880120577262,0.00799486085248685,0.001347852343035057,0.7250000000000001,1
break_even,noise10,1007,30,low_yaw,ignore_passive,30,0.7250000000000001,0.774,0.3001537284129403,0.01944193436827622,0.0073820736945750115,0.0014022034800027748,0.007389347093094407,0.0014028504117042887,0.007866327863959792,0.001344785962351869,0.7250000000000001,1
break_even,noise10,1007,30,low_yaw,uncertainty_trigger,1,0.7250000000000001,0.774,0.30184731766034606,0.020157080942211893,0.0282747904819994,0.0015167258723054993,0.028695184870709413,0.0015178558553081097,0.028717564350147242,0.00144325619815817,0.7250000000000001,1
break_even,noise10,1007,30,low_yaw,uncertainty_trigger,2,0.7250000000000001,0.774,0.2975561910232917,0.020108977515513993,0.023313007340626857,0.001511759177585736,0.023546745230115473,0.0015129254575488348,0.02405617880708162,0.0014394933870912796,0.7250000000000001,1
break_even,noise10,1007,30,low_yaw,uncertainty_trigger,3,0.7250000000000001,0.774,0.2957641736947079,0.020084980156988782,0.02028758436167876,0.0015073689573968179,0.020440893999277485,0.0015081193889523465,0.021112560121011953,0.0014357598542303908,0.7250000000000001,1
break_even,noise10,1007,30,low_yaw,uncertainty_trigger,4,0.7250000000000001,0.774,0.29760467302321436,0.02008641049775621,0.0181999011791815,0.0015036744194042635,0.01830953862430034,0.0015037608893079609,0.01903844541570334,0.0014320552218478743,0.7250000000000001,1
break_even,noise10,1007,30,low_yaw,uncertainty_trigger,5,0.7250000000000001,0.774,0.2959517795941676,0.02004970449032758,0.016646689579004788,0.0014992837084088666,0.016731821091699427,0.0015000817231637742,0.01747580393539047,0.0014283791190035423,0.7250000000000001,1
break_even,noise10,1007,30,low_yaw,uncertainty_trigger,6,0.7250000000000001,0.774,0.29669812807198753,0.02002943348197183,0.015434238822448362,0.001495172815623809,0.015501725252430886,0.0014957350573560771,0.016243953980457814,0.0014247311813886379,0.7250000000000001,1
break_even,noise10,1007,30,low_yaw,uncertainty_trigger,7,0.7250000000000001,0.774,0.29557579790509936,0.020016483647932234,0.014452285898045304,0.001490864134320391,0.014507462502344366,0.001491620591051826,0.01524055727335517,0.0014211110511741865,0.7250000000000001,1
break_even,noise10,1007,30,low_yaw,uncertainty_trigger,8,0.7250000000000001,0.774,0.2962121436643189,0.020050260856116216,0.013635915484632074,0.0014870123717216717,0.013682197042185758,0.0014873663067672524,0.014402739026878395,0.0014175183768635612,0.7250000000000001,1
break_even,noise10,1007,30,low_yaw,uncertainty_trigger,9,0.7250000000000001,0.774,0.2978301369193946,0.020006317202219952,0.01294422306767432,0.0014830232700959074,0.012984308838600897,0.0014835037279531875,0.013689456866760076,0.0014139528131491288,0.7250000000000001,1
break_even,noise10,1007,30,low_yaw,uncertainty_trigger,10,0.7250000000000001,0.774,0.2985893801146525,0.019957817323005604,0.012348445939814942,0.0014788265202737366,0.012383358053824846,0.0014795519100817844,0.01307263059904727,0.0014104140207728442,0.7250000000000001,1
break_even,noise10,1007,30,low_yaw,uncertainty_trigger,11,0.7250000000000001,0.774,0.2981694493020665,0.01996121966560567,0.011828077828628254,0.0014746508153835576,0.011858607520284233,0.0014753824029714838,0.012532313070791798,0.0014069016663906617,0.7250000000000001,1
break_even,noise10,1007,30,low_yaw,uncertainty_trigger,12,0.7250000000000001,0.774,0.2997059165001374,0.019980414452435848,0.011369167191376593,0.0014709268944071807,0.01139561531252223,0.0014712640258734465,0.012053892315630562,0.0014034154224406425,0.7250000000000001,1
break_even,noise10,1007,30,low_yaw,uncertainty_trigger,13,0.7250000000000001,0.774,0.29978720258761804,0.019878073259010545,0.010959179949804287,0.0014668411991620204,0.010983162477213156,0.0014675692730018789,0.01162638676073372,0.0013999549670146393,0.7250000000000001,1
break_even,noise10,1007,30,low_yaw,uncertainty_trigger,14,0.7250000000000001,0.774,0.30055242054217923,0.019840456138480615,0.010590221974424064,0.0014626870068104026,0.010612454022766232,0.0014633142112830003,0.011241362203275852,0.0013965199837334458,0.7250000000000001,1
break_even,noise10,1007,30,low_yaw,uncertainty_trigger,15,0.7250000000000001,0.774,0.29992218713403335,0.019809346413033647,0.010256401280347188,0.0014589049366684683,0.010276145184581323,0.0014592937383334488,0.01089221918141336,0.0013931101616252966,0.7250000000000001,1
break_even,noise10,1007,30,low_yaw,uncertainty_trigger,16,0.7250000000000001,0.774,0.29917508627258516,0.01978882688274985,0.009952441879058832,0.0014543452367585992,0.009970633936128915,0.0014556166577160356,0.010573709777129398,0.0013897251950076184,0.7250000000000001,1
break_even,noise10,1007,30,low_yaw,uncertainty_trigger,17,0.7250000000000001,0.774,0.2980857743382963,0.01974739064094478,0.009673689819998634,0.0014501847714290393,0.00969033017730335,0.0014510324035651948,0.010281601371950673,0.001386364783371921,0.7250000000000001,1
break_even,noise10,1007,30,low_yaw,uncertainty_trigger,18,0.7250000000000001,0.774,0.2984958882603489,0.019733692748544085,0.009417057780605807,0.0014464399453130651,0.00943228420363701,0.001446937009469351,0.010012437299389764,0.0013830286312717422,0.7250000000000001,1
break_even,noise10,1007,30,low_yaw,uncertainty_trigger,19,0.7250000000000001,0.774,0.2983804683320799,0.019724258454171122,0.009180095554282394,0.001442446653427606,0.009194287115565865,0.0014432057035570465,0.009763363033864379,0.0013797164482135373,0.7250000000000001,1
break_even,noise10,1007,30,low_yaw,uncertainty_trigger,20,0.7250000000000001,0.774,0.2983828194488509,0.0196908455239854,0.008959794821449,0.0014386365758737249,0.00897320907043179,0.0014392215824092511,0.009531997712521965,0.0013764279485504363,0.7250000000000001,1
break_even,noise10,1007,30,low_yaw,uncertainty_trigger,21,0.7250000000000001,0.774,0.2977805516468638,0.019673276186825798,0.008755455178586821,0.001435021886597291,0.008767224692611798,0.0014354598833043384,0.009316337648130349,0.0013731628513787674,0.7250000000000001,1
break_even,noise10,1007,30,low_yaw,uncertainty_trigger,22,0.7250000000000001,0.774,0.2983642032894167,0.019606548190695603,0.008564023312442624,0.0014310185965816216,0.008575246077361234,0.001431709981780239,0.009114682825979499,0.0013699208804372725,0.7250000000000001,1
break_even,noise10,1007,30,low_yaw,uncertainty_trigger,23,0.7250000000000001,0.774,0.29921473333581716,0.019550814197574984,0.008384657422964018,0.0014268232782989226,0.008395341161035174,0.0014279006768135474,0.008925580182528384,0.0013667017640089244,0.7250000000000001,1
break_even,noise10,1007,30,low_yaw,uncertainty_trigger,24,0.7250000000000001,0.774,0.29926246108353904,0.019518197688132136,0.008216117015428834,0.0014228848556576098,0.008226194672546084,0.0014237285975012052,0.008747779317854807,0.001363505234825272,0.7250000000000001,1
break_even,noise10,1007,30,low_yaw,uncertainty_trigger,25,0.7250000000000001,0.774,0.29944434913255824,0.019488328833617095,0.008057311423523792,0.0014199109220168929,0.00806676349844005,0.0014198043766667531,0.008580197544023586,0.0013603310299732344,0.7250000000000001,1
break_even,noise10,1007,30,low_yaw,uncertainty_trigger,26,0.7250000000000001,0.774,0.29996288952905453,0.01950081901115783,0.007907532400293425,0.0014167947789965902,0.007916397560886624,0.0014168279286592687,0.008421892029243181,0.0013571788908042703,0.7250000000000001,1
break_even,noise10,1007,30,low_yaw,uncertainty_trigger,27,0.7250000000000001,0.774,0.2998039385834518,0.01950224742143289,0.007765848579603508,0.0014130153542142804,0.007774381979875411,0.0014136792541958436,0.008272037395840318,0.0013540485628458535,0.7250000000000001,1
break_even,noise10,1007,30,low_yaw,uncertainty_trigger,28,0.7250000000000001,0.774,0.3000372568237419,0.019473985870887934,0.007631224798781186,0.0014091986681024672,0.007639314387200295,0.0014100025178177835,0.00812990755343945,0.001350939795715182,0.7250000000000001,1
break_even,noise10,1007,30,low_yaw,uncertainty_trigger,29,0.7250000000000001,0.774,0.30018853805285634,0.019463073900486964,0.007503478238725788,0.0014058533859111293,0.007511197541747799,0.0014061880120577262,0.00799486085248685,0.001347852343035057,0.7250000000000001,1
break_even,noise10,1007,30,low_yaw,uncertainty_trigger,30,0.7250000000000001,0.774,0.3001537284129403,0.01944193436827622,0.0073820736945750115,0.0014022034800027748,0.007389347093094407,0.0014028504117042887,0.007866327863959792,0.001344785962351869,0.7250000000000001,1
break_even,noise10,1008,30,low_yaw,passive,1,0.75,0.798,0.45240436358082475,0.012440019795193281,0.04003777826514909,0.0073592369968512,0.040097475077019364,0.007461666461376143,0.040097475077019364,0.007461666461376143,0.75,1
break_even,noise10,1008,30,low_yaw,passive,2,0.75,0.798,0.4424463520264737,0.012352676238623439,0.02875435553792855,0.006740658800798926,0.028755121951258657,0.006941333985306811,0.029235517493136295,0.007029957931118399,0.75,1
break_even,noise10,1008,30,low_yaw,passive,3,0.7250000000000001,0.774,0.44431817362953774,0.012043883197407639,0.023599316800490114,0.006234666674896655,0.023844407406714892,0.006375359519615331,0.024380533727288607,0.006630138528322204,0.7250000000000001,1
break_even,noise10,1008,30,low_yaw,passive,4,0.7250000000000001,0.774,0.4417414361135621,0.01280126261876342,0.02048933565333926,0.0058708230729515335,0.02064756129296705,0.0059501868505798415,0.02134580610927713,0.006291596153109085,0.7250000000000001,1
break_even,noise10,1008,30,low_yaw,passive,5,0.7250000000000001,0.774,0.44136802649827606,0.012813799664679236,0.018354286387318983,0.005538769350095832,0.018468395961885525,0.005635636461305797,0.019219904746121407,0.006000124394136738,0.7250000000000001,1
break_even,noise10,1008,30,low_yaw,passive,6,0.7250000000000001,0.774,0.441066014021436,0.01245916935608207,0.016775389790864084,0.005299580129241513,0.016859971923960063,0.005334304907904716,0.017624279566984605,0.005745737817279272,0.7250000000000001,1
break_even,noise10,1008,30,low_yaw,passive,7,0.7250000000000001,0.774,0.44073576293283984,0.012865715674960976,0.015540939744989577,0.005073893793174082,0.015610120324953142,0.005122338534446292,0.016369755408458902,0.005521185313643817,0.7250000000000001,1
break_even,noise10,1008,30,low_yaw,passive,8,0.7250000000000001,0.774,0.440515132744055,0.013541796559546241,0.014545664908144972,0.004857236286359128,0.014601317868489188,0.0049197576059100264,0.015349893521976892,0.005321057086995263,0.7250000000000001,1
break_even,noise10,1008,30,low_yaw,passive,9,0.7250000000000001,0.774,0.43849192093750183,0.01374414934983643,0.01372056801647549,0.004693849351385386,0.013767041309960742,0.004723088130265247,0.014499615177901767,0.005141224046948348,0.7250000000000001,1
break_even,noise10,1008,30,low_yaw,passive,10,0.7250000000000001,0.774,0.43792581121285185,0.013864104313778294,0.013021395039686863,0.004524528608201065,0.013061191376051978,0.004572337135959176,0.013776595408949252,0.004978472626656016,0.7250000000000001,1
break_even,noise10,1008,30,low_yaw,passive,11,0.7000000000000001,0.748,0.4377276475823539,0.014152497471286328,0.012455055934835063,0.004370010044853078,0.01245432712518972,0.004405034348336715,0.01315196036224515,0.0048302593025315605,0.7250000000000001,1
break_even,noise10,1008,30,low_yaw,passive,12,0.7000000000000001,0.748,0.43796346414124954,0.014399032947723798,0.011954393043973107,0.00424473609714489,0.01195528154188644,0.004255060059777089,0.012605247167137472,0.0046945410477262995,0.7250000000000001,1
break_even,noise10,1008,30,low_yaw,passive,13,0.7000000000000001,0.748,0.43813788216457106,0.014393749114022782,0.01151059245213091,0.0041148352504971125,0.011510938221002668,0.004146028591079496,0.0121214951052637,0.004569655435369372,0.7250000000000001,1
break_even,noise10,1008,30,low_yaw,passive,14,0.7000000000000001,0.748,0.4381116086360092,0.014276790180028923,0.011113103781310321,0.00399720991430592,0.011112912714239285,0.004022724053141438,0.011689478802402413,0.004454234075590528,0.7250000000000001,1
break_even,noise10,1008,30,low_yaw,passive,15,0.7000000000000001,0.748,0.4383749739076333,0.014287869647020432,0.010754304474552093,0.0038928635215101704,0.010754322206851644,0.003913626437465776,0.01130058877269193,0.004347138959850481,0.7250000000000001,1
break_even,noise10,1008,30,low_yaw,passive,16,0.7000000000000001,0.748,0.4379225363458882,0.014519770302767838,0.010428221351548604,0.0037950277718834845,0.010428109782572385,0.003815657359880637,0.010948096468025127,0.004247414876681772,0.7250000000000001,1
break_even,noise10,1008,30,low_yaw,passive,17,0.7000000000000001,0.748,0.43788380025846835,0.014703557405156675,0.010129306250858824,0.0037096100830033706,0.010129369000593722,0.0037239899814698286,0.010626656905776173,0.0041542533135779545,0.7250000000000001,1
break_even,noise10,1008,30,low_yaw,passive,18,0.7000000000000001,0.748,0.4373744123170328,0.014918424780352116,0.0098548684249602,0.0036375876799067883,0.00985528127848472,0.003643742523159124,0.010332133710743272,0.0040577054139144635,0.7000000000000001,1
break_even,noise10,1008,30,low_yaw,passive,19,0.7000000000000001,0.748,0.43697124216557404,0.01492874753910845,0.009601845195919742,0.003553869055010839,0.009601923506862923,0.0035752434144171084,0.010060815625183638,0.00396759058129337,0.7000000000000001,1
break_even,noise10,1008,30,low_yaw,passive,20,0.7000000000000001,0.748,0.43565945449550475,0.014854148921718399,0.00936705794348801,0.003479556342049905,0.009367169012241702,0.0034959259123298445,0.00980980724808722,0.0038832247475842924,0.7000000000000001,1
break_even,noise10,1008,30,low_yaw,passive,21,0.7000000000000001,0.748,0.43576980915737756,0.014924035314680438,0.009149480952453664,0.0034167130080108043,0.009149156652851957,0.003424962203270516,0.00957669496057097,0.0038040215342506605,0.7000000000000001,1
break_even,noise10,1008,30,low_yaw,passive,22,0.7000000000000001,0.748,0.4354054644865046,0.01501335999488569,0.008945783801539611,0.003351803248015432,0.008945812568327398,0.0033655337392966326,0.009359448524097676,0.0037294750177439043,0.7000000000000001,1
break_even,noise10,1008,30,low_yaw,passive,23,0.7000000000000001,0.748,0.43551325757759896,0.015011950619122737,0.00875500074278209,0.003291344238770243,0.00875519504674157,0.0033020483037120496,0.009156346178371586,0.0036591460711573164,0.7000000000000001,1
break_even,noise10,1008,30,low_yaw,passive,24,0.7000000000000001,0.748,0.4342572368516979,0.014832263855238031,0.008576151298217222,0.0032330750974166006,0.00857596918800979,0.003244982221706055,0.008965916882042894,0.0035926514369626745,0.7000000000000001,1
break_even,noise10,1008,30,low_yaw,passive,25,0.7000000000000001,0.748,0.4340025318426892,0.014746690294534076,0.008408191168012932,0.003169031616675361,0.008408118282970422,0.0031893042993058267,0.008786895244344893,0.003529654908048335,0.7000000000000001,1
break_even,noise10,1008,30,low_yaw,passive,26,0.7000000000000001,0.748,0.43386595628995006,0.014923657621290545,0.008249851332399057,0.0031148643178880346,0.008249640614325308,0.003127546284893949,0.008618185978605261,0.003469860152595415,0.7000000000000001,1
break_even,noise10,1008,30,low_yaw,passive,27,0.7000000000000001,0.748,0.4334215949222526,0.014904117757617245,0.008099726510987455,0.0030686928014789024,0.00809971876708966,0.0030755587515478495,0.008458835587935025,0.003413004832527591,0.7000000000000001,1
break_even,noise10,1008,30,low_yaw,passive,28,0.7000000000000001,0.748,0.4337792160803593,0.015022265299047747,0.007957368966315976,0.0030254405604757287,0.007957503582497135,0.0030312599429488853,0.008308009606070005,0.00335885574865563,0.7000000000000001,1
break_even,noise10,1008,30,low_yaw,passive,29,0.7000000000000001,0.748,0.4337605561720466,0.0150419847062324,0.007822422489766655,0.0029769491316166624,0.007822437380328394,0.002989782115931829,0.008164974149607037,0.003307204807216653,0.7000000000000001,1
break_even,noise10,1008,30,low_yaw,passive,30,0.7000000000000001,0.748,0.43362623548667556,0.01532154882416591,0.007693942260498168,0.0029343231746895315,0.007694055667840679,0.002941966400875681,0.00802908084850204,0.003257865648464062,0.7000000000000001,1
break_even,noise10,1008,30,low_yaw,always_probe,1,0.675,0.724,0.44384487920619026,0.020253784411025395,0.02920902874544906,0.0015174831758127383,0.029661596911714435,0.0015176207608734538,0.029708548058457133,0.0014420991758990944,0.675,1
break_even,noise10,1008,30,low_yaw,always_probe,2,0.675,0.724,0.4394409970044822,0.02018607076731462,0.024090490336733984,0.001511351084749213,0.024352312208817718,0.0015129141406245675,0.024925296229904262,0.0014374623748517053,0.675,1
break_even,noise10,1008,30,low_yaw,always_probe,3,0.675,0.724,0.44120188671863975,0.020126360228958685,0.02097578629925427,0.0015055819568184814,0.02114454547786317,0.0015067179148232604,0.02189388990593774,0.0014328700144074166,0.675,1
break_even,noise10,1008,30,low_yaw,always_probe,4,0.675,0.724,0.4388702493634865,0.020116871034572246,0.018819403169734905,0.001500344997079941,0.01894194006812001,0.0015011362497794314,0.01975352205211325,0.0014283213891835567,0.675,1
break_even,noise10,1008,30,low_yaw,always_probe,5,0.675,0.724,0.43886454299266825,0.020070837249107312,0.017216600820198307,0.0014946512956969852,0.017309604921818773,0.0014959571609141802,0.01813880429956713,0.0014238158093732311,0.675,1
break_even,noise10,1008,30,low_yaw,always_probe,6,0.675,0.724,0.4394190065342373,0.02001433525552529,0.01596526020067328,0.001489872208584557,0.016038769771449017,0.0014901977452907726,0.016864701210908547,0.0014193526003058972,0.675,1
break_even,noise10,1008,30,low_yaw,always_probe,7,0.675,0.724,0.43948709089496474,0.020002890416940155,0.014950974190532422,0.0014850525199222387,0.015011262620444695,0.0014855412298853791,0.01582616042253654,0.0014149311020229885,0.675,1
break_even,noise10,1008,30,low_yaw,always_probe,8,0.675,0.724,0.43962371583638243,0.020010186120048592,0.014108980248042722,0.001479666359882696,0.014159341945846777,0.0014807834174582577,0.014958528357870543,0.0014105506688680018,0.675,1
break_even,noise10,1008,30,low_yaw,always_probe,9,0.675,0.724,0.43774010830699417,0.01999907104579354,0.013395156359653385,0.0014748771034411496,0.013438330292272795,0.0014754384823751558,0.014219546003628146,0.001406210669090445,0.675,1
break_even,noise10,1008,30,low_yaw,always_probe,10,0.675,0.724,0.43738976257844936,0.01997300279879891,0.012779295267962825,0.001469191177294548,0.012817101046251257,0.0014706722520008194,0.013580270767142485,0.0014019104844631188,0.675,1
break_even,noise10,1008,30,low_yaw,always_probe,11,0.675,0.724,0.4372236188700343,0.019965877064525437,0.012242414707985327,0.001464181874881352,0.012274717090570916,0.0014650539876857448,0.013020125600086465,0.0013976495099121886,0.675,1
break_even,noise10,1008,30,low_yaw,always_probe,12,0.675,0.724,0.43749062451733145,0.019952090222492617,0.011765734505751791,0.001459629697638389,0.011795893106767671,0.001459824304096385,0.012524026642230377,0.001393427153159549,0.675,1
break_even,noise10,1008,30,low_yaw,always_probe,13,0.675,0.724,0.4376930582155016,0.019913941988808956,0.011341649715136086,0.0014544454023795045,0.011368223527389823,0.0014555478581761154,0.012080631045997913,0.001389242834377005,0.675,1
break_even,noise10,1008,30,low_yaw,always_probe,14,0.675,0.724,0.43769278990944765,0.01986272409705799,0.010960629456084574,0.0014494299871307093,0.010984120413491782,0.0014503240763725073,0.011681222795769506,0.0013850959858518045,0.675,1
break_even,noise10,1008,30,low_yaw,always_probe,15,0.675,0.724,0.43797709396073164,0.01982652859705436,0.010615767787897355,0.001444701645334556,0.010637279364713646,0.0014453997778852243,0.01131897898711101,0.0013809860516630925,0.675,1
break_even,noise10,1008,30,low_yaw,always_probe,16,0.675,0.724,0.43756204528939674,0.01981676644696687,0.010301598466977981,0.0014398384187223783,0.010321129994154075,0.0014407084910542085,0.010988471983916412,0.0013769124873688583,0.675,1
break_even,noise10,1008,30,low_yaw,always_probe,17,0.675,0.724,0.43753749399035413,0.019809523728608204,0.010012989973894704,0.0014353034290617826,0.010031086137789105,0.0014358996820642152,0.010685322774018619,0.0013728747597029853,0.675,1
break_even,noise10,1008,30,low_yaw,always_probe,18,0.675,0.724,0.437064093140434,0.019814790407654513,0.009747505823932703,0.00143116155509666,0.009764550151288437,0.0014314170922358142,0.010405954088197236,0.0013688723462820134,0.675,1
break_even,noise10,1008,30,low_yaw,always_probe,19,0.675,0.724,0.43667951400094385,0.019783377294352644,0.009502326150158266,0.0014262585102830293,0.009517815149585261,0.0014272805839047659,0.01014741103459739,0.0013649047353212517,0.675,1
break_even,noise10,1008,30,low_yaw,always_probe,20,0.675,0.724,0.43540561327570754,0.019745076035872926,0.009274470721201215,0.001421641194477224,0.009288906310687614,0.0014224351413834044,0.009907228459512125,0.0013609714253598904,0.675,1
break_even,noise10,1008,30,low_yaw,always_probe,21,0.675,0.724,0.4355193212674454,0.01972303148441252,0.009063026499305703,0.001417407180694627,0.009076076434692137,0.00141784417135056,0.009683331298092703,0.0013570719249947766,0.675,1
break_even,noise10,1008,30,low_yaw,always_probe,22,0.675,0.724,0.43517076312825725,0.01970390659555297,0.008864817962694085,0.0014128601611063732,0.008877356761376054,0.0014136753218719363,0.009473958636724067,0.0013532057526225321,0.675,1
break_even,noise10,1008,30,low_yaw,always_probe,23,0.675,0.724,0.4352851102860927,0.01967836752440167,0.00867896184277298,0.0014084365540292484,0.008690890330275047,0.001409060178681079,0.009277605095057345,0.0013493724361897084,0.675,1
break_even,noise10,1008,30,low_yaw,always_probe,24,0.675,0.724,0.4340530732931959,0.019622378320912008,0.008504546450738434,0.001403997559266514,0.008515411724588152,0.0014047263736852791,0.009092975044845665,0.0013455715129506828,0.675,1
break_even,noise10,1008,30,low_yaw,always_probe,25,0.675,0.724,0.4338075982544482,0.019571915709345675,0.008340591940228874,0.0013989110609398962,0.008350935857864205,0.0014003439997525824,0.008918946470344245,0.0013418025292330127,0.675,1
break_even,noise10,1008,30,low_yaw,always_probe,26,0.675,0.724,0.4336724944083485,0.019576210893449287,0.008185892141675073,0.0013944634527230672,0.008195528190090498,0.0013952808976436459,0.008754542158932907,0.0013380650402099819,0.675,1
break_even,noise10,1008,30,low_yaw,always_probe,27,0.675,0.724,0.4332378084328495,0.019552556418206284,0.00803909227304348,0.0013904508873929563,0.008048410284685026,0.001390867686751295,0.00859890652724618,0.0013343586096800748,0.675,1
break_even,noise10,1008,30,low_yaw,always_probe,28,0.675,0.724,0.43359885021428923,0.019551651046128115,0.007899776175128196,0.0013864898624517384,0.007908760063060655,0.001386896520270047,0.008451286824678758,0.001330682809853135,0.675,1
break_even,noise10,1008,30,low_yaw,always_probe,29,0.675,0.724,0.43358228053667885,0.019526314515007588,0.007767617937811248,0.0013818877190654828,0.007776045941640311,0.0013829803774969552,0.008311017769478051,0.0013270372211429675,0.675,1
break_even,noise10,1008,30,low_yaw,always_probe,30,0.675,0.724,0.4334548728831367,0.019555100911720545,0.007641708686195788,0.001377773803490895,0.0076498290808238835,0.0013783175985019893,0.008177508900373309,0.0013234214319661573,0.675,1
break_even,noise10,1008,30,low_yaw,batch_aware,1,0.675,0.724,0.44384487920619026,0.020253784411025395,0.02920902874544906,0.0015174831758127383,0.029661596911714435,0.0015176207608734538,0.029708548058457133,0.0014420991758990944,0.675,1
break_even,noise10,1008,30,low_yaw,batch_aware,2,0.675,0.724,0.4394409970044822,0.02018607076731462,0.024090490336733984,0.001511351084749213,0.024352312208817718,0.0015129141406245675,0.024925296229904262,0.0014374623748517053,0.675,1
break_even,noise10,1008,30,low_yaw,batch_aware,3,0.675,0.724,0.44120188671863975,0.020126360228958685,0.02097578629925427,0.0015055819568184814,0.02114454547786317,0.0015067179148232604,0.02189388990593774,0.0014328700144074166,0.675,1
break_even,noise10,1008,30,low_yaw,batch_aware,4,0.675,0.724,0.4388702493634865,0.020116871034572246,0.018819403169734905,0.001500344997079941,0.01894194006812001,0.0015011362497794314,0.01975352205211325,0.0014283213891835567,0.675,1
break_even,noise10,1008,30,low_yaw,batch_aware,5,0.675,0.724,0.43886454299266825,0.020070837249107312,0.017216600820198307,0.0014946512956969852,0.017309604921818773,0.0014959571609141802,0.01813880429956713,0.0014238158093732311,0.675,1
break_even,noise10,1008,30,low_yaw,batch_aware,6,0.675,0.724,0.4394190065342373,0.02001433525552529,0.01596526020067328,0.001489872208584557,0.016038769771449017,0.0014901977452907726,0.016864701210908547,0.0014193526003058972,0.675,1
break_even,noise10,1008,30,low_yaw,batch_aware,7,0.675,0.724,0.43948709089496474,0.020002890416940155,0.014950974190532422,0.0014850525199222387,0.015011262620444695,0.0014855412298853791,0.01582616042253654,0.0014149311020229885,0.675,1
break_even,noise10,1008,30,low_yaw,batch_aware,8,0.675,0.724,0.43962371583638243,0.020010186120048592,0.014108980248042722,0.001479666359882696,0.014159341945846777,0.0014807834174582577,0.014958528357870543,0.0014105506688680018,0.675,1
break_even,noise10,1008,30,low_yaw,batch_aware,9,0.675,0.724,0.43774010830699417,0.01999907104579354,0.013395156359653385,0.0014748771034411496,0.013438330292272795,0.0014754384823751558,0.014219546003628146,0.001406210669090445,0.675,1
break_even,noise10,1008,30,low_yaw,batch_aware,10,0.675,0.724,0.43738976257844936,0.01997300279879891,0.012779295267962825,0.001469191177294548,0.012817101046251257,0.0014706722520008194,0.013580270767142485,0.0014019104844631188,0.675,1
break_even,noise10,1008,30,low_yaw,batch_aware,11,0.675,0.724,0.4372236188700343,0.019965877064525437,0.012242414707985327,0.001464181874881352,0.012274717090570916,0.0014650539876857448,0.013020125600086465,0.0013976495099121886,0.675,1
break_even,noise10,1008,30,low_yaw,batch_aware,12,0.675,0.724,0.43749062451733145,0.019952090222492617,0.011765734505751791,0.001459629697638389,0.011795893106767671,0.001459824304096385,0.012524026642230377,0.001393427153159549,0.675,1
break_even,noise10,1008,30,low_yaw,batch_aware,13,0.675,0.724,0.4376930582155016,0.019913941988808956,0.011341649715136086,0.0014544454023795045,0.011368223527389823,0.0014555478581761154,0.012080631045997913,0.001389242834377005,0.675,1
break_even,noise10,1008,30,low_yaw,batch_aware,14,0.675,0.724,0.43769278990944765,0.01986272409705799,0.010960629456084574,0.0014494299871307093,0.010984120413491782,0.0014503240763725073,0.011681222795769506,0.0013850959858518045,0.675,1
break_even,noise10,1008,30,low_yaw,batch_aware,15,0.675,0.724,0.43797709396073164,0.01982652859705436,0.010615767787897355,0.001444701645334556,0.010637279364713646,0.0014453997778852243,0.01131897898711101,0.0013809860516630925,0.675,1
break_even,noise10,1008,30,low_yaw,batch_aware,16,0.675,0.724,0.43756204528939674,0.01981676644696687,0.010301598466977981,0.0014398384187223783,0.010321129994154075,0.0014407084910542085,0.010988471983916412,0.0013769124873688583,0.675,1
break_even,noise10,1008,30,low_yaw,batch_aware,17,0.675,0.724,0.43753749399035413,0.019809523728608204,0.010012989973894704,0.0014353034290617826,0.010031086137789105,0.0014358996820642152,0.010685322774018619,0.0013728747597029853,0.675,1
break_even,noise10,1008,30,low_yaw,batch_aware,18,0.675,0.724,0.437064093140434,0.019814790407654513,0.009747505823932703,0.00143116155509666,0.009764550151288437,0.0014314170922358142,0.010405954088197236,0.0013688723462820134,0.675,1
break_even,noise10,1008,30,low_yaw,batch_aware,19,0.675,0.724,0.43667951400094385,0.019783377294352644,0.009502326150158266,0.0014262585102830293,0.009517815149585261,0.0014272805839047659,0.01014741103459739,0.0013649047353212517,0.675,1
break_even,noise10,1008,30,low_yaw,batch_aware,20,0.675,0.724,0.43540561327570754,0.019745076035872926,0.009274470721201215,0.001421641194477224,0.009288906310687614,0.0014224351413834044,0.009907228459512125,0.0013609714253598904,0.675,1
break_even,noise10,1008,30,low_yaw,batch_aware,21,0.675,0.724,0.4355193212674454,0.01972303148441252,0.009063026499305703,0.001417407180694627,0.009076076434692137,0.00141784417135056,0.009683331298092703,0.0013570719249947766,0.675,1
break_even,noise10,1008,30,low_yaw,batch_aware,22,0.675,0.724,0.43517076312825725,0.01970390659555297,0.008864817962694085,0.0014128601611063732,0.008877356761376054,0.0014136753218719363,0.009473958636724067,0.0013532057526225321,0.675,1
break_even,noise10,1008,30,low_yaw,batch_aware,23,0.675,0.724,0.4352851102860927,0.01967836752440167,0.00867896184277298,0.0014084365540292484,0.008690890330275047,0.001409060178681079,0.009277605095057345,0.0013493724361897084,0.675,1
break_even,noise10,1008,30,low_yaw,batch_aware,24,0.675,0.724,0.4340530732931959,0.019622378320912008,0.008504546450738434,0.001403997559266514,0.008515411724588152,0.0014047263736852791,0.009092975044845665,0.0013455715129506828,0.675,1
break_even,noise10,1008,30,low_yaw,batch_aware,25,0.675,0.724,0.4338075982544482,0.019571915709345675,0.008340591940228874,0.0013989110609398962,0.008350935857864205,0.0014003439997525824,0.008918946470344245,0.0013418025292330127,0.675,1
break_even,noise10,1008,30,low_yaw,batch_aware,26,0.675,0.724,0.4336724944083485,0.019576210893449287,0.008185892141675073,0.0013944634527230672,0.008195528190090498,0.0013952808976436459,0.008754542158932907,0.0013380650402099819,0.675,1
break_even,noise10,1008,30,low_yaw,batch_aware,27,0.675,0.724,0.4332378084328495,0.019552556418206284,0.00803909227304348,0.0013904508873929563,0.008048410284685026,0.001390867686751295,0.00859890652724618,0.0013343586096800748,0.675,1
break_even,noise10,1008,30,low_yaw,batch_aware,28,0.675,0.724,0.43359885021428923,0.019551651046128115,0.007899776175128196,0.0013864898624517384,0.007908760063060655,0.001386896520270047,0.008451286824678758,0.001330682809853135,0.675,1
break_even,noise10,1008,30,low_yaw,batch_aware,29,0.675,0.724,0.43358228053667885,0.019526314515007588,0.007767617937811248,0.0013818877190654828,0.007776045941640311,0.0013829803774969552,0.008311017769478051,0.0013270372211429675,0.675,1
break_even,noise10,1008,30,low_yaw,batch_aware,30,0.675,0.724,0.4334548728831367,0.019555100911720545,0.007641708686195788,0.001377773803490895,0.0076498290808238835,0.0013783175985019893,0.008177508900373309,0.0013234214319661573,0.675,1
break_even,noise10,1008,30,low_yaw,ignore_passive,1,0.675,0.724,0.44384487920619026,0.020253784411025395,0.02920902874544906,0.0015174831758127383,0.029661596911714435,0.0015176207608734538,0.029708548058457133,0.0014420991758990944,0.675,1
break_even,noise10,1008,30,low_yaw,ignore_passive,2,0.675,0.724,0.4394409970044822,0.02018607076731462,0.024090490336733984,0.001511351084749213,0.024352312208817718,0.0015129141406245675,0.024925296229904262,0.0014374623748517053,0.675,1
break_even,noise10,1008,30,low_yaw,ignore_passive,3,0.675,0.724,0.44120188671863975,0.020126360228958685,0.02097578629925427,0.0015055819568184814,0.02114454547786317,0.0015067179148232604,0.02189388990593774,0.0014328700144074166,0.675,1
break_even,noise10,1008,30,low_yaw,ignore_passive,4,0.675,0.724,0.4388702493634865,0.020116871034572246,0.018819403169734905,0.001500344997079941,0.01894194006812001,0.0015011362497794314,0.01975352205211325,0.0014283213891835567,0.675,1
break_even,noise10,1008,30,low_yaw,ignore_passive,5,0.675,0.724,0.43886454299266825,0.020070837249107312,0.017216600820198307,0.0014946512956969852,0.017309604921818773,0.0014959571609141802,0.01813880429956713,0.0014238158093732311,0.675,1
break_even,noise10,1008,30,low_yaw,ignore_passive,6,0.675,0.724,0.4394190065342373,0.02001433525552529,0.01596526020067328,0.001489872208584557,0.016038769771449017,0.0014901977452907726,0.016864701210908547,0.0014193526003058972,0.675,1
break_even,noise10,1008,30,low_yaw,ignore_passive,7,0.675,0.724,0.43948709089496474,0.020002890416940155,0.014950974190532422,0.0014850525199222387,0.015011262620444695,0.0014855412298853791,0.01582616042253654,0.0014149311020229885,0.675,1
break_even,noise10,1008,30,low_yaw,ignore_passive,8,0.675,0.724,0.43962371583638243,0.020010186120048592,0.014108980248042722,0.001479666359882696,0.014159341945846777,0.0014807834174582577,0.014958528357870543,0.0014105506688680018,0.675,1
break_even,noise10,1008,30,low_yaw,ignore_passive,9,0.675,0.724,0.43774010830699417,0.01999907104579354,0.013395156359653385,0.0014748771034411496,0.013438330292272795,0.0014754384823751558,0.014219546003628146,0.001406210669090445,0.675,1
break_even,noise10,1008,30,low_yaw,ignore_passive,10,0.675,0.724,0.43738976257844936,0.01997300279879891,0.012779295267962825,0.001469191177294548,0.012817101046251257,0.0014706722520008194,0.013580270767142485,0.0014019104844631188,0.675,1
break_even,noise10,1008,30,low_yaw,ignore_passive,11,0.675,0.724,0.4372236188700343,0.019965877064525437,0.012242414707985327,0.001464181874881352,0.012274717090570916,0.0014650539876857448,0.013020125600086465,0.0013976495099121886,0.675,1
break_even,noise10,1008,30,low_yaw,ignore_passive,12,0.675,0.724,0.43749062451733145,0.019952090222492617,0.011765734505751791,0.001459629697638389,0.011795893106767671,0.001459824304096385,0.012524026642230377,0.001393427153159549,0.675,1
break_even,noise10,1008,30,low_yaw,ignore_passive,13,0.675,0.724,0.4376930582155016,0.019913941988808956,0.011341649715136086,0.0014544454023795045,0.011368223527389823,0.0014555478581761154,0.012080631045997913,0.001389242834377005,0.675,1
break_even,noise10,1008,30,low_yaw,ignore_passive,14,0.675,0.724,0.43769278990944765,0.01986272409705799,0.010960629456084574,0.0014494299871307093,0.010984120413491782,0.0014503240763725073,0.011681222795769506,0.0013850959858518045,0.675,1
break_even,noise10,1008,30,low_yaw,ignore_passive,15,0.675,0.724,0.43797709396073164,0.01982652859705436,0.010615767787897355,0.001444701645334556,0.010637279364713646,0.0014453997778852243,0.01131897898711101,0.0013809860516630925,0.675,1
break_even,noise10,1008,30,low_yaw,ignore_passive,16,0.675,0.724,0.43756204528939674,0.01981676644696687,0.010301598466977981,0.0014398384187223783,0.010321129994154075,0.0014407084910542085,0.010988471983916412,0.0013769124873688583,0.675,1
break_even,noise10,1008,30,low_yaw,ignore_passive,17,0.675,0.724,0.43753749399035413,0.019809523728608204,0.010012989973894704,0.0014353034290617826,0.010031086137789105,0.0014358996820642152,0.010685322774018619,0.0013728747597029853,0.675,1
break_even,noise10,1008,30,low_yaw,ignore_passive,18,0.675,0.724,0.437064093140434,0.019814790407654513,0.009747505823932703,0.00143116155509666,0.009764550151288437,0.0014314170922358142,0.010405954088197236,0.0013688723462820134,0.675,1
break_even,noise10,1008,30,low_yaw,ignore_passive,19,0.675,0.724,0.43667951400094385,0.019783377294352644,0.009502326150158266,0.0014262585102830293,0.009517815149585261,0.0014272805839047659,0.01014741103459739,0.0013649047353212517,0.675,1
break_even,noise10,1008,30,low_yaw,ignore_passive,20,0.675,0.724,0.43540561327570754,0.019745076035872926,0.009274470721201215,0.001421641194477224,0.009288906310687614,0.0014224351413834044,0.009907228459512125,0.0013609714253598904,0.675,1
break_even,noise10,1008,30,low_yaw,ignore_passive,21,0.675,0.724,0.4355193212674454,0.01972303148441252,0.009063026499305703,0.001417407180694627,0.009076076434692137,0.00141784417135056,0.009683331298092703,0.0013570719249947766,0.675,1
break_even,noise10,1008,30,low_yaw,ignore_passive,22,0.675,0.724,0.43517076312825725,0.01970390659555297,0.008864817962694085,0.0014128601611063732,0.008877356761376054,0.0014136753218719363,0.009473958636724067,0.0013532057526225321,0.675,1
break_even,noise10,1008,30,low_yaw,ignore_passive,23,0.675,0.724,0.4352851102860927,0.01967836752440167,0.00867896184277298,0.0014084365540292484,0.008690890330275047,0.001409060178681079,0.009277605095057345,0.0013493724361897084,0.675,1
break_even,noise10,1008,30,low_yaw,ignore_passive,24,0.675,0.724,0.4340530732931959,0.019622378320912008,0.008504546450738434,0.001403997559266514,0.008515411724588152,0.0014047263736852791,0.009092975044845665,0.0013455715129506828,0.675,1
break_even,noise10,1008,30,low_yaw,ignore_passive,25,0.675,0.724,0.4338075982544482,0.019571915709345675,0.008340591940228874,0.0013989110609398962,0.008350935857864205,0.0014003439997525824,0.008918946470344245,0.0013418025292330127,0.675,1
break_even,noise10,1008,30,low_yaw,ignore_passive,26,0.675,0.724,0.4336724944083485,0.019576210893449287,0.008185892141675073,0.0013944634527230672,0.008195528190090498,0.0013952808976436459,0.008754542158932907,0.0013380650402099819,0.675,1
break_even,noise10,1008,30,low_yaw,ignore_passive,27,0.675,0.724,0.4332378084328495,0.019552556418206284,0.00803909227304348,0.0013904508873929563,0.008048410284685026,0.001390867686751295,0.00859890652724618,0.0013343586096800748,0.675,1
break_even,noise10,1008,30,low_yaw,ignore_passive,28,0.675,0.724,0.43359885021428923,0.019551651046128115,0.007899776175128196,0.0013864898624517384,0.007908760063060655,0.001386896520270047,0.008451286824678758,0.001330682809853135,0.675,1
break_even,noise10,1008,30,low_yaw,ignore_passive,29,0.675,0.724,0.43358228053667885,0.019526314515007588,0.007767617937811248,0.0013818877190654828,0.007776045941640311,0.0013829803774969552,0.008311017769478051,0.0013270372211429675,0.675,1
break_even,noise10,1008,30,low_yaw,ignore_passive,30,0.675,0.724,0.4334548728831367,0.019555100911720545,0.007641708686195788,0.001377773803490895,0.0076498290808238835,0.0013783175985019893,0.008177508900373309,0.0013234214319661573,0.675,1
break_even,noise10,1008,30,low_yaw,uncertainty_trigger,1,0.675,0.724,0.44384487920619026,0.020253784411025395,0.02920902874544906,0.0015174831758127383,0.029661596911714435,0.0015176207608734538,0.029708548058457133,0.0014420991758990944,0.675,1
break_even,noise10,1008,30,low_yaw,uncertainty_trigger,2,0.675,0.724,0.4394409970044822,0.02018607076731462,0.024090490336733984,0.001511351084749213,0.024352312208817718,0.0015129141406245675,0.024925296229904262,0.0014374623748517053,0.675,1
break_even,noise10,1008,30,low_yaw,uncertainty_trigger,3,0.675,0.724,0.44120188671863975,0.020126360228958685,0.02097578629925427,0.0015055819568184814,0.02114454547786317,0.0015067179148232604,0.02189388990593774,0.0014328700144074166,0.675,1
break_even,noise10,1008,30,low_yaw,uncertainty_trigger,4,0.675,0.724,0.4388702493634865,0.020116871034572246,0.018819403169734905,0.001500344997079941,0.01894194006812001,0.0015011362497794314,0.01975352205211325,0.0014283213891835567,0.675,1
break_even,noise10,1008,30,low_yaw,uncertainty_trigger,5,0.675,0.724,0.43886454299266825,0.020070837249107312,0.017216600820198307,0.0014946512956969852,0.017309604921818773,0.0014959571609141802,0.01813880429956713,0.0014238158093732311,0.675,1
break_even,noise10,1008,30,low_yaw,uncertainty_trigger,6,0.675,0.724,0.4394190065342373,0.02001433525552529,0.01596526020067328,0.001489872208584557,0.016038769771449017,0.0014901977452907726,0.016864701210908547,0.0014193526003058972,0.675,1
break_even,noise10,1008,30,low_yaw,uncertainty_trigger,7,0.675,0.724,0.43948709089496474,0.020002890416940155,0.014950974190532422,0.0014850525199222387,0.015011262620444695,0.0014855412298853791,0.01582616042253654,0.0014149311020229885,0.675,1
break_even,noise10,1008,30,low_yaw,uncertainty_trigger,8,0.675,0.724,0.43962371583638243,0.020010186120048592,0.014108980248042722,0.001479666359882696,0.014159341945846777,0.0014807834174582577,0.014958528357870543,0.0014105506688680018,0.675,1
break_even,noise10,1008,30,low_yaw,uncertainty_trigger,9,0.675,0.724,0.43774010830699417,0.01999907104579354,0.013395156359653385,0.0014748771034411496,0.013438330292272795,0.0014754384823751558,0.014219546003628146,0.001406210669090445,0.675,1
break_even,noise10,1008,30,low_yaw,uncertainty_trigger,10,0.675,0.724,0.43738976257844936,0.01997300279879891,0.012779295267962825,0.001469191177294548,0.012817101046251257,0.0014706722520008194,0.013580270767142485,0.0014019104844631188,0.675,1
break_even,noise10,1008,30,low_yaw,uncertainty_trigger,11,0.675,0.724,0.4372236188700343,0.019965877064525437,0.012242414707985327,0.001464181874881352,0.012274717090570916,0.0014650539876857448,0.013020125600086465,0.0013976495099121886,0.675,1
break_even,noise10,1008,30,low_yaw,uncertainty_trigger,12,0.675,0.724,0.43749062451733145,0.019952090222492617,0.011765734505751791,0.001459629697638389,0.011795893106767671,0.001459824304096385,0.012524026642230377,0.001393427153159549,0.675,1
break_even,noise10,1008,30,low_yaw,uncertainty_trigger,13,0.675,0.724,0.4376930582155016,0.019913941988808956,0.011341649715136086,0.0014544454023795045,0.011368223527389823,0.0014555478581761154,0.012080631045997913,0.001389242834377005,0.675,1
break_even,noise10,1008,30,low_yaw,uncertainty_trigger,14,0.675,0.724,0.43769278990944765,0.01986272409705799,0.010960629456084574,0.0014494299871307093,0.010984120413491782,0.0014503240763725073,0.011681222795769506,0.0013850959858518045,0.675,1
break_even,noise10,1008,30,low_yaw,uncertainty_trigger,15,0.675,0.724,0.43797709396073164,0.01982652859705436,0.010615767787897355,0.001444701645334556,0.010637279364713646,0.0014453997778852243,0.01131897898711101,0.0013809860516630925,0.675,1
break_even,noise10,1008,30,low_yaw,uncertainty_trigger,16,0.675,0.724,0.43756204528939674,0.01981676644696687,0.010301598466977981,0.0014398384187223783,0.010321129994154075,0.0014407084910542085,0.010988471983916412,0.0013769124873688583,0.675,1
break_even,noise10,1008,30,low_yaw,uncertainty_trigger,17,0.675,0.724,0.43753749399035413,0.019809523728608204,0.010012989973894704,0.0014353034290617826,0.010031086137789105,0.0014358996820642152,0.010685322774018619,0.0013728747597029853,0.675,1
break_even,noise10,1008,30,low_yaw,uncertainty_trigger,18,0.675,0.724,0.437064093140434,0.019814790407654513,0.009747505823932703,0.00143116155509666,0.009764550151288437,0.0014314170922358142,0.010405954088197236,0.0013688723462820134,0.675,1
break_even,noise10,1008,30,low_yaw,uncertainty_trigger,19,0.675,0.724,0.43667951400094385,0.019783377294352644,0.009502326150158266,0.0014262585102830293,0.009517815149585261,0.0014272805839047659,0.01014741103459739,0.0013649047353212517,0.675,1
break_even,noise10,1008,30,low_yaw,uncertainty_trigger,20,0.675,0.724,0.43540561327570754,0.019745076035872926,0.009274470721201215,0.001421641194477224,0.009288906310687614,0.0014224351413834044,0.009907228459512125,0.0013609714253598904,0.675,1
break_even,noise10,1008,30,low_yaw,uncertainty_trigger,21,0.675,0.724,0.4355193212674454,0.01972303148441252,0.009063026499305703,0.001417407180694627,0.009076076434692137,0.00141784417135056,0.009683331298092703,0.0013570719249947766,0.675,1
break_even,noise10,1008,30,low_yaw,uncertainty_trigger,22,0.675,0.724,0.43517076312825725,0.01970390659555297,0.008864817962694085,0.0014128601611063732,0.008877356761376054,0.0014136753218719363,0.009473958636724067,0.0013532057526225321,0.675,1
break_even,noise10,1008,30,low_yaw,uncertainty_trigger,23,0.675,0.724,0.4352851102860927,0.01967836752440167,0.00867896184277298,0.0014084365540292484,0.008690890330275047,0.001409060178681079,0.009277605095057345,0.0013493724361897084,0.675,1
break_even,noise10,1008,30,low_yaw,uncertainty_trigger,24,0.675,0.724,0.4340530732931959,0.019622378320912008,0.008504546450738434,0.001403997559266514,0.008515411724588152,0.0014047263736852791,0.009092975044845665,0.0013455715129506828,0.675,1
break_even,noise10,1008,30,low_yaw,uncertainty_trigger,25,0.675,0.724,0.4338075982544482,0.019571915709345675,0.008340591940228874,0.0013989110609398962,0.008350935857864205,0.0014003439997525824,0.008918946470344245,0.0013418025292330127,0.675,1
break_even,noise10,1008,30,low_yaw,uncertainty_trigger,26,0.675,0.724,0.4336724944083485,0.019576210893449287,0.008185892141675073,0.0013944634527230672,0.008195528190090498,0.0013952808976436459,0.008754542158932907,0.0013380650402099819,0.675,1
break_even,noise10,1008,30,low_yaw,uncertainty_trigger,27,0.675,0.724,0.4332378084328495,0.019552556418206284,0.00803909227304348,0.0013904508873929563,0.008048410284685026,0.001390867686751295,0.00859890652724618,0.0013343586096800748,0.675,1
break_even,noise10,1008,30,low_yaw,uncertainty_trigger,28,0.675,0.724,0.43359885021428923,0.019551651046128115,0.007899776175128196,0.0013864898624517384,0.007908760063060655,0.001386896520270047,0.008451286824678758,0.001330682809853135,0.675,1
break_even,noise10,1008,30,low_yaw,uncertainty_trigger,29,0.675,0.724,0.43358228053667885,0.019526314515007588,0.007767617937811248,0.0013818877190654828,0.007776045941640311,0.0013829803774969552,0.008311017769478051,0.0013270372211429675,0.675,1
break_even,noise10,1008,30,low_yaw,uncertainty_trigger,30,0.675,0.724,0.4334548728831367,0.019555100911720545,0.007641708686195788,0.001377773803490895,0.0076498290808238835,0.0013783175985019893,0.008177508900373309,0.0013234214319661573,0.675,1
break_even,noise10,1009,30,low_yaw,passive,1,0.75,0.798,0.2719624781478152,0.011388959937028544,0.038711660384818374,0.007433894680265438,0.03880685264863509,0.007471369858583857,0.03880685264863509,0.007471369858583857,0.75,1
break_even,noise10,1009,30,low_yaw,passive,2,0.75,0.798,0.2718106785461495,0.00969096378899317,0.028209435813766223,0.006809933907768144,0.028208703490062225,0.007002942046456892,0.02867006601017769,0.007038944494126232,0.75,1
break_even,noise10,1009,30,low_yaw,passive,3,0.75,0.798,0.2708446174728448,0.009745505964674833,0.023269471264690797,0.006448495450157822,0.023272749354899383,0.00645309234966519,0.024020172740302215,0.0066384860318118395,0.7250000000000001,1
break_even,noise10,1009,30,low_yaw,passive,4,0.75,0.798,0.27213217667190803,0.009311988028202173,0.020260139616399553,0.006144551247982859,0.020258056177558083,0.006152616725659658,0.021082754767379797,0.006299420169304703,0.7250000000000001,1
break_even,noise10,1009,30,low_yaw,passive,5,0.7250000000000001,0.774,0.27417363743674905,0.009357079775679627,0.018173817392983023,0.005772052941836524,0.018284695730951078,0.005855276964629705,0.019012582120969193,0.0060075099893429525,0.7250000000000001,1
break_even,noise10,1009,30,low_yaw,passive,6,0.7250000000000001,0.774,0.2762098476464628,0.008232914520625205,0.016626326630809974,0.005471327340564348,0.016710965778778605,0.005531258046138606,0.01745270124162007,0.005752749625802264,0.7250000000000001,1
break_even,noise10,1009,30,low_yaw,passive,7,0.7250000000000001,0.774,0.2734418829158993,0.007769469955448078,0.01541719442069293,0.00523104593023494,0.015484068549278618,0.005262048477598004,0.016222911380993802,0.005527873735470853,0.7250000000000001,1
break_even,noise10,1009,30,low_yaw,passive,8,0.7250000000000001,0.774,0.2750856425510534,0.007633908662349262,0.01444020880981859,0.0049587549322981,0.014494201627774336,0.0050473850593366005,0.01522112249152283,0.005327462278665198,0.7250000000000001,1
break_even,noise10,1009,30,low_yaw,passive,9,0.7250000000000001,0.774,0.2752262024049157,0.007613126040893702,0.013625694791559055,0.004761355553675801,0.013672732431847736,0.004797858838963194,0.014384601473293356,0.005147378590488757,0.7250000000000001,1
break_even,noise10,1009,30,low_yaw,passive,10,0.7250000000000001,0.774,0.27462290414137025,0.00783442263006848,0.0129354633969897,0.004597593403382999,0.012975096112759887,0.004621263934501325,0.013672393053509953,0.00498440337231723,0.7250000000000001,1
break_even,noise10,1009,30,low_yaw,passive,11,0.7250000000000001,0.774,0.2736145345850103,0.007926600861524703,0.012341195911002608,0.004438464092135928,0.012375227834755606,0.004470211752707209,0.013056473723308095,0.004835988676237034,0.7250000000000001,1
break_even,noise10,1009,30,low_yaw,passive,12,0.7250000000000001,0.774,0.2737242638585351,0.007984821166119881,0.01182050023163137,0.004293942982373326,0.01185147305338658,0.004323950446482069,0.012516934924188703,0.004700088000846719,0.7250000000000001,1
break_even,noise10,1009,30,low_yaw,passive,13,0.7250000000000001,0.774,0.2740737869103649,0.007697472637923132,0.011361809938164996,0.004177346619984013,0.011387850339091829,0.0041908025946121715,0.012039191948535968,0.004575036149006505,0.7250000000000001,1
break_even,noise10,1009,30,low_yaw,passive,14,0.7250000000000001,0.774,0.2754461507653688,0.007713345581877397,0.010952243835559629,0.004051763754171411,0.010975570002243898,0.004081690167500453,0.011612283069529647,0.004459462492366464,0.7250000000000001,1
break_even,noise10,1009,30,low_yaw,passive,15,0.7250000000000001,0.774,0.27593309521691534,0.00734780470419219,0.010584462857617587,0.003928506793841883,0.010606072215968097,0.003964324568916747,0.011227788907356541,0.004352227191952611,0.7250000000000001,1
break_even,noise10,1009,30,low_yaw,passive,16,0.7250000000000001,0.774,0.2760766397558195,0.007405516292212948,0.010250990996777572,0.0038328306272061366,0.010270921312644133,0.0038483165431276722,0.010879121315419096,0.004252373523482297,0.7250000000000001,1
break_even,noise10,1009,30,low_yaw,passive,17,0.7250000000000001,0.774,0.27572442696061955,0.007209232240533259,0.009947510985553937,0.003754323241679717,0.009965031117122868,0.003757814184745156,0.010561041177221462,0.004159091712074054,0.7250000000000001,1
break_even,noise10,1009,30,low_yaw,passive,18,0.7250000000000001,0.774,0.2748199351440135,0.006628482375704086,0.009668754514373724,0.003636587930585407,0.009685548905728106,0.0036834786264954376,0.01026949171062638,0.004062419999465119,0.7000000000000001,1
break_even,noise10,1009,30,low_yaw,passive,19,0.7250000000000001,0.774,0.27413800113827824,0.006931972318831096,0.009412508799829175,0.003558441057720025,0.009427646001160691,0.0035719494370463185,0.010000827126896804,0.003972190327483392,0.7000000000000001,1
break_even,noise10,1009,30,low_yaw,passive,20,0.7250000000000001,0.774,0.2735342330306208,0.006823821706866388,0.009175579325310825,0.003472631278540433,0.009189783901527644,0.00349775846745814,0.009752202133767596,0.0038877176000670093,0.7000000000000001,1
break_even,noise10,1009,30,low_yaw,passive,21,0.7250000000000001,0.774,0.27409600796131933,0.006721255039356941,0.008955637432126476,0.0033953762776838367,0.008968739640214858,0.0034151136906867695,0.009521243279317663,0.003808414567643385,0.7000000000000001,1
break_even,noise10,1009,30,low_yaw,passive,22,0.7250000000000001,0.774,0.2746841786977327,0.006971520379562832,0.008750958023950551,0.003334874620823957,0.008763291387643223,0.003342535260001313,0.00930595289251653,0.003733774563131209,0.7000000000000001,1
break_even,noise10,1009,30,low_yaw,passive,23,0.7250000000000001,0.774,0.27546877677288933,0.006750989493624208,0.008559564518064297,0.003262179843303741,0.008571175196448618,0.003285058769187383,0.009104635893056628,0.003663357820643106,0.7000000000000001,1
break_even,noise10,1009,30,low_yaw,passive,24,0.7250000000000001,0.774,0.2748960462443673,0.006897777707311832,0.008380304974725387,0.00320918742654181,0.008391027847216046,0.003215436641993367,0.008915843302487483,0.003596780530111969,0.7000000000000001,1
break_even,noise10,1009,30,low_yaw,passive,25,0.7250000000000001,0.774,0.2754406605871109,0.006807555311858442,0.008211892228809997,0.0031536620599594764,0.008221901130798674,0.00316421584479838,0.00873832813178879,0.0035337060039004,0.7000000000000001,1
break_even,noise10,1009,30,low_yaw,passive,26,0.7250000000000001,0.774,0.2752672036859095,0.006916282175494113,0.00805306761803766,0.003101228527003906,0.008062710274054714,0.003111411942187937,0.008571010563323066,0.0034738374900788863,0.7000000000000001,1
break_even,noise10,1009,30,low_yaw,passive,27,0.7000000000000001,0.748,0.2750744431147569,0.006940055716316495,0.007912264717533785,0.0030526803213333465,0.007912313802623912,0.003055731973011056,0.008412950198072913,0.00341691228147601,0.7000000000000001,1
break_even,noise10,1009,30,low_yaw,passive,28,0.7000000000000001,0.748,0.2748945953104431,0.006938161267731149,0.007778486261036358,0.003003058651456727,0.007778613196285989,0.0030096167986429865,0.008263323734005944,0.003362696853146764,0.7000000000000001,1
break_even,noise10,1009,30,low_yaw,passive,29,0.7000000000000001,0.748,0.2754459256146085,0.0068362175590485335,0.0076514770004351826,0.0029509411322756795,0.0076514791924217965,0.00296223739119414,0.008121406862565187,0.0033109828225983745,0.7000000000000001,1
break_even,noise10,1009,30,low_yaw,passive,30,0.7000000000000001,0.748,0.27576085718508386,0.00694862845179327,0.0075304417412832975,0.0029047764602289626,0.007530437191183841,0.002912459843585839,0.00798655947250695,0.00326158357315313,0.7000000000000001,1
break_even,noise10,1009,30,low_yaw,always_probe,1,0.7000000000000001,0.748,0.27300869835867625,0.009699611934126022,0.028659573804083176,0.0014344404538832155,0.028656453017562703,0.0014347881794306546,0.029119546215784102,0.001443701449763439,0.675,1
break_even,noise10,1009,30,low_yaw,always_probe,2,0.7000000000000001,0.748,0.2726327117239209,0.009640448734132275,0.02376088667691351,0.0014283474013217997,0.023765315153096395,0.0014301702820831495,0.02454508027896609,0.0014390594291120013,0.675,1
break_even,noise10,1009,30,low_yaw,always_probe,3,0.675,0.724,0.2720558720685889,0.009650815514508197,0.020737816658297208,0.0014232921494987407,0.020902400026684954,0.0014235446721108619,0.0216148675462303,0.0014344618997356327,0.675,1
break_even,noise10,1009,30,low_yaw,always_probe,4,0.675,0.724,0.27291057339713237,0.009622411859251091,0.018636880416619726,0.0014187348064696689,0.01875461589965435,0.0014186418118799676,0.019533111251523003,0.0014299081554371882,0.675,1
break_even,noise10,1009,30,low_yaw,always_probe,5,0.675,0.724,0.27423316982933715,0.009607008489706654,0.017064419065701896,0.0014128052538998443,0.017155395861951264,0.0014140618911640773,0.017956240386985175,0.001425397505613511,0.675,1
break_even,noise10,1009,30,low_yaw,always_probe,6,0.675,0.724,0.275718970913405,0.009527811003987386,0.01583534649214136,0.001407190012012691,0.015908529771178872,0.0014082082456556562,0.016708438188799513,0.0014209292748154805,0.675,1
break_even,noise10,1009,30,low_yaw,always_probe,7,0.675,0.724,0.2733226960406322,0.009486166373644129,0.014838525586841964,0.0014019478120382801,0.014898486775682068,0.0014026599755725968,0.01568916867323407,0.001416502802323142,0.675,1
break_even,noise10,1009,30,low_yaw,always_probe,8,0.675,0.724,0.27468242308733715,0.009465226552686857,0.014010098741593004,0.0013958214103749187,0.014060150324854038,0.0013974917141579596,0.014836233220307214,0.0014121174417353025,0.675,1
break_even,noise10,1009,30,low_yaw,always_probe,9,0.675,0.724,0.2747376808828489,0.00945400133813929,0.013305540603004495,0.0013904505697716325,0.013348670345306724,0.0013913438984421106,0.014108814505581446,0.0014077725605730158,0.675,1
break_even,noise10,1009,30,low_yaw,always_probe,10,0.675,0.724,0.2747210991798152,0.009455523013830633,0.012697853509871461,0.0013852662099913362,0.012734859572021043,0.0013861008097190836,0.01347886883058381,0.0014034675398964095,0.675,1
break_even,noise10,1009,30,low_yaw,always_probe,11,0.675,0.724,0.27395463835759376,0.009458560860721874,0.012166936414936635,0.0013799422633021376,0.012199333182099018,0.0013809288994293377,0.01292640706109183,0.0013992017739343197,0.675,1
break_even,noise10,1009,30,low_yaw,always_probe,12,0.675,0.724,0.27422415555590823,0.00945401191409473,0.011696589633466198,0.0013748015871830705,0.011725893406675335,0.0013756629163987745,0.0124367451879806,0.0013949746697262343,0.675,1
break_even,noise10,1009,30,low_yaw,always_probe,13,0.675,0.724,0.27475360399449295,0.00940519444057729,0.011277529025048479,0.0013701214323349332,0.011302910951286509,0.00137059147031805,0.011998821313949852,0.0013907856467760661,0.675,1
break_even,noise10,1009,30,low_yaw,always_probe,14,0.675,0.724,0.27633949576355127,0.00940421354199739,0.010899993265098502,0.0013648561764346616,0.010922993969851849,0.0013659467865724101,0.011604122346949393,0.0013866341367172925,0.675,1
break_even,noise10,1009,30,low_yaw,always_probe,15,0.675,0.724,0.27661429461298676,0.009346454749931479,0.010558509692736787,0.0013593410858072361,0.010579917765604897,0.0013607297286443423,0.011245975454639703,0.0013825195829890236,0.675,1
break_even,noise10,1009,30,low_yaw,always_probe,16,0.675,0.724,0.27674616761536486,0.009319573205964918,0.010247128998976826,0.0013545188861743597,0.010266683832242102,0.001355264964277084,0.01091906628427927,0.0013784414405225854,0.675,1
break_even,noise10,1009,30,low_yaw,always_probe,17,0.675,0.724,0.27609918736367606,0.009298198570496035,0.009961504533590338,0.0013503882349448152,0.009979377633655574,0.0013504637790694956,0.010619102884223013,0.0013743991754382105,0.675,1
break_even,noise10,1009,30,low_yaw,always_probe,18,0.675,0.724,0.2752729865022462,0.00921288930469742,0.009698425735513848,0.0013445326387949766,0.009714975338364112,0.0013463663397158766,0.010342575960528106,0.0013703922647514547,0.675,1
break_even,noise10,1009,30,low_yaw,always_probe,19,0.675,0.724,0.2748023735500356,0.009238857781431556,0.00945522528807274,0.0013401035279191024,0.00947044419765157,0.0013405778391439723,0.010086584447442709,0.0013664201960889766,0.675,1
break_even,noise10,1009,30,low_yaw,always_probe,20,0.675,0.724,0.2739817414623466,0.009202133680083052,0.00922950079397261,0.0013348323159166006,0.009243754733515972,0.0013361724064651886,0.00984870635357338,0.0013624824674133254,0.675,1
break_even,noise10,1009,30,low_yaw,always_probe,21,0.675,0.724,0.2742838592666162,0.009173136434876562,0.009018992074900322,0.0013300697972946519,0.009032351611129303,0.0013308904027021877,0.009626901619864296,0.0013585785867564041,0.675,1
break_even,noise10,1009,30,low_yaw,always_probe,22,0.675,0.724,0.27482979178378475,0.009212590645360239,0.008822312460862257,0.0013257811645308933,0.008835048598306647,0.0013262301998758473,0.009419438016051988,0.0013547080719612835,0.675,1
break_even,noise10,1009,30,low_yaw,always_probe,23,0.675,0.724,0.2756548940221966,0.009155114607740954,0.008637948791399657,0.0013205726334705847,0.008649848233090967,0.0013219877756394352,0.009224833884788923,0.0013508704504320642,0.675,1
break_even,noise10,1009,30,low_yaw,always_probe,24,0.675,0.724,0.27524239499232556,0.009170565521864269,0.008464886862680984,0.001316556290569119,0.008475803825344285,0.001316825586521329,0.009041813386047978,0.0013470652588914865,0.675,1
break_even,noise10,1009,30,low_yaw,always_probe,25,0.675,0.724,0.27568801304392887,0.00915079277769356,0.008301570658616936,0.00131222495688986,0.008312080111703516,0.0013128077279344584,0.008869271139460821,0.0013432920431460118,0.675,1
break_even,noise10,1009,30,low_yaw,always_probe,26,0.675,0.724,0.27540937466686005,0.009166871380260216,0.008147422523773568,0.0013079365840478084,0.00815732089107695,0.0013085482700809167,0.008706244018018424,0.0013395503578580994,0.675,1
break_even,noise10,1009,30,low_yaw,always_probe,27,0.675,0.724,0.27521087334974004,0.009154172293971318,0.00800162468538446,0.0013040971197576738,0.008010937482710262,0.0013042157676629424,0.00855188844427602,0.001335839766325423,0.675,1
break_even,noise10,1009,30,low_yaw,always_probe,28,0.675,0.724,0.2750251124821062,0.00914682463458053,0.007863262235062908,0.001300039105641586,0.007872189084775568,0.0013004375484546053,0.008405461963855962,0.001332159840266778,0.675,1
break_even,noise10,1009,30,low_yaw,always_probe,29,0.675,0.724,0.2755855159684303,0.009111004384706058,0.007732053140143666,0.0012955263034896817,0.0077404136276650925,0.0012964292832368016,0.008266308175409125,0.0013285101596144408,0.675,1
break_even,noise10,1009,30,low_yaw,always_probe,30,0.675,0.724,0.2759047429653853,0.00911741019444901,0.007607148949691345,0.0012914405466976553,0.007615102196578683,0.0012919803958201918,0.008133844317613848,0.0013248903123127503,0.675,1
break_even,noise10,1009,30,low_yaw,batch_aware,1,0.7000000000000001,0.748,0.27300869835867625,0.009699611934126022,0.028659573804083176,0.0014344404538832155,0.028656453017562703,0.0014347881794306546,0.029119546215784102,0.001443701449763439,0.675,1
break_even,noise10,1009,30,low_yaw,batch_aware,2,0.7000000000000001,0.748,0.2726327117239209,0.009640448734132275,0.02376088667691351,0.0014283474013217997,0.023765315153096395,0.0014301702820831495,0.02454508027896609,0.0014390594291120013,0.675,1
break_even,noise10,1009,30,low_yaw,batch_aware,3,0.675,0.724,0.2720558720685889,0.009650815514508197,0.020737816658297208,0.0014232921494987407,0.020902400026684954,0.0014235446721108619,0.0216148675462303,0.0014344618997356327,0.675,1
break_even,noise10,1009,30,low_yaw,batch_aware,4,0.675,0.724,0.27291057339713237,0.009622411859251091,0.018636880416619726,0.0014187348064696689,0.01875461589965435,0.0014186418118799676,0.019533111251523003,0.0014299081554371882,0.675,1
break_even,noise10,1009,30,low_yaw,batch_aware,5,0.675,0.724,0.27423316982933715,0.009607008489706654,0.017064419065701896,0.0014128052538998443,0.017155395861951264,0.0014140618911640773,0.017956240386985175,0.001425397505613511,0.675,1
break_even,noise10,1009,30,low_yaw,batch_aware,6,0.675,0.724,0.275718970913405,0.009527811003987386,0.01583534649214136,0.001407190012012691,0.015908529771178872,0.0014082082456556562,0.016708438188799513,0.0014209292748154805,0.675,1
break_even,noise10,1009,30,low_yaw,batch_aware,7,0.675,0.724,0.2733226960406322,0.009486166373644129,0.014838525586841964,0.0014019478120382801,0.014898486775682068,0.0014026599755725968,0.01568916867323407,0.001416502802323142,0.675,1
break_even,noise10,1009,30,low_yaw,batch_aware,8,0.675,0.724,0.27468242308733715,0.009465226552686857,0.014010098741593004,0.0013958214103749187,0.014060150324854038,0.0013974917141579596,0.014836233220307214,0.0014121174417353025,0.675,1
break_even,noise10,1009,30,low_yaw,batch_aware,9,0.675,0.724,0.2747376808828489,0.00945400133813929,0.013305540603004495,0.0013904505697716325,0.013348670345306724,0.0013913438984421106,0.014108814505581446,0.0014077725605730158,0.675,1
break_even,noise10,1009,30,low_yaw,batch_aware,10,0.675,0.724,0.2747210991798152,0.009455523013830633,0.012697853509871461,0.0013852662099913362,0.012734859572021043,0.0013861008097190836,0.01347886883058381,0.0014034675398964095,0.675,1
break_even,noise10,1009,30,low_yaw,batch_aware,11,0.675,0.724,0.27395463835759376,0.009458560860721874,0.012166936414936635,0.0013799422633021376,0.012199333182099018,0.0013809288994293377,0.01292640706109183,0.0013992017739343197,0.675,1
break_even,noise10,1009,30,low_yaw,batch_aware,12,0.675,0.724,0.27422415555590823,0.00945401191409473,0.011696589633466198,0.0013748015871830705,0.011725893406675335,0.0013756629163987745,0.0124367451879806,0.0013949746697262343,0.675,1
break_even,noise10,1009,30,low_yaw,batch_aware,13,0.675,0.724,0.27475360399449295,0.00940519444057729,0.011277529025048479,0.0013701214323349332,0.011302910951286509,0.00137059147031805,0.011998821313949852,0.0013907856467760661,0.675,1
break_even,noise10,1009,30,low_yaw,batch_aware,14,0.675,0.724,0.27633949576355127,0.00940421354199739,0.010899993265098502,0.0013648561764346616,0.010922993969851849,0.0013659467865724101,0.011604122346949393,0.0013866341367172925,0.675,1
break_even,noise10,1009,30,low_yaw,batch_aware,15,0.675,0.724,0.27661429461298676,0.009346454749931479,0.010558509692736787,0.0013593410858072361,0.010579917765604897,0.0013607297286443423,0.011245975454639703,0.0013825195829890236,0.675,1
break_even,noise10,1009,30,low_yaw,batch_aware,16,0.675,0.724,0.27674616761536486,0.009319573205964918,0.010247128998976826,0.0013545188861743597,0.010266683832242102,0.001355264964277084,0.01091906628427927,0.0013784414405225854,0.675,1
break_even,noise10,1009,30,low_yaw,batch_aware,17,0.675,0.724,0.27609918736367606,0.009298198570496035,0.009961504533590338,0.0013503882349448152,0.009979377633655574,0.0013504637790694956,0.010619102884223013,0.0013743991754382105,0.675,1
break_even,noise10,1009,30,low_yaw,batch_aware,18,0.675,0.724,0.2752729865022462,0.00921288930469742,0.009698425735513848,0.0013445326387949766,0.009714975338364112,0.0013463663397158766,0.010342575960528106,0.0013703922647514547,0.675,1
break_even,noise10,1009,30,low_yaw,batch_aware,19,0.675,0.724,0.2748023735500356,0.009238857781431556,0.00945522528807274,0.0013401035279191024,0.00947044419765157,0.0013405778391439723,0.010086584447442709,0.0013664201960889766,0.675,1
break_even,noise10,1009,30,low_yaw,batch_aware,20,0.675,0.724,0.2739817414623466,0.009202133680083052,0.00922950079397261,0.0013348323159166006,0.009243754733515972,0.0013361724064651886,0.00984870635357338,0.0013624824674133254,0.675,1
break_even,noise10,1009,30,low_yaw,batch_aware,21,0.675,0.724,0.2742838592666162,0.009173136434876562,0.009018992074900322,0.0013300697972946519,0.009032351611129303,0.0013308904027021877,0.009626901619864296,0.0013585785867564041,0.675,1
break_even,noise10,1009,30,low_yaw,batch_aware,22,0.675,0.724,0.27482979178378475,0.009212590645360239,0.008822312460862257,0.0013257811645308933,0.008835048598306647,0.0013262301998758473,0.009419438016051988,0.0013547080719612835,0.675,1
break_even,noise10,1009,30,low_yaw,batch_aware,23,0.675,0.724,0.2756548940221966,0.009155114607740954,0.008637948791399657,0.0013205726334705847,0.008649848233090967,0.0013219877756394352,0.009224833884788923,0.0013508704504320642,0.675,1
break_even,noise10,1009,30,low_yaw,batch_aware,24,0.675,0.724,0.27524239499232556,0.009170565521864269,0.008464886862680984,0.001316556290569119,0.008475803825344285,0.001316825586521329,0.009041813386047978,0.0013470652588914865,0.675,1
break_even,noise10,1009,30,low_yaw,batch_aware,25,0.675,0.724,0.27568801304392887,0.00915079277769356,0.008301570658616936,0.00131222495688986,0.008312080111703516,0.0013128077279344584,0.008869271139460821,0.0013432920431460118,0.675,1
break_even,noise10,1009,30,low_yaw,batch_aware,26,0.675,0.724,0.27540937466686005,0.009166871380260216,0.008147422523773568,0.0013079365840478084,0.00815732089107695,0.0013085482700809167,0.008706244018018424,0.0013395503578580994,0.675,1
break_even,noise10,1009,30,low_yaw,batch_aware,27,0.675,0.724,0.27521087334974004,0.009154172293971318,0.00800162468538446,0.0013040971197576738,0.008010937482710262,0.0013042157676629424,0.00855188844427602,0.001335839766325423,0.675,1
break_even,noise10,1009,30,low_yaw,batch_aware,28,0.675,0.724,0.2750251124821062,0.00914682463458053,0.007863262235062908,0.001300039105641586,0.007872189084775568,0.0013004375484546053,0.008405461963855962,0.001332159840266778,0.675,1
break_even,noise10,1009,30,low_yaw,batch_aware,29,0.675,0.724,0.2755855159684303,0.009111004384706058,0.007732053140143666,0.0012955263034896817,0.0077404136276650925,0.0012964292832368016,0.008266308175409125,0.0013285101596144408,0.675,1
break_even,noise10,1009,30,low_yaw,batch_aware,30,0.675,0.724,0.2759047429653853,0.00911741019444901,0.007607148949691345,0.0012914405466976553,0.007615102196578683,0.0012919803958201918,0.008133844317613848,0.0013248903123127503,0.675,1
break_even,noise10,1009,30,low_yaw,ignore_passive,1,0.7000000000000001,0.748,0.27300869835867625,0.009699611934126022,0.028659573804083176,0.0014344404538832155,0.028656453017562703,0.0014347881794306546,0.029119546215784102,0.001443701449763439,0.675,1
break_even,noise10,1009,30,low_yaw,ignore_passive,2,0.7000000000000001,0.748,0.2726327117239209,0.009640448734132275,0.02376088667691351,0.0014283474013217997,0.023765315153096395,0.0014301702820831495,0.02454508027896609,0.0014390594291120013,0.675,1
break_even,noise10,1009,30,low_yaw,ignore_passive,3,0.675,0.724,0.2720558720685889,0.009650815514508197,0.020737816658297208,0.0014232921494987407,0.020902400026684954,0.0014235446721108619,0.0216148675462303,0.0014344618997356327,0.675,1
break_even,noise10,1009,30,low_yaw,ignore_passive,4,0.675,0.724,0.27291057339713237,0.009622411859251091,0.018636880416619726,0.0014187348064696689,0.01875461589965435,0.0014186418118799676,0.019533111251523003,0.0014299081554371882,0.675,1
break_even,noise10,1009,30,low_yaw,ignore_passive,5,0.675,0.724,0.27423316982933715,0.009607008489706654,0.017064419065701896,0.0014128052538998443,0.017155395861951264,0.0014140618911640773,0.017956240386985175,0.001425397505613511,0.675,1
break_even,noise10,1009,30,low_yaw,ignore_passive,6,0.675,0.724,0.275718970913405,0.009527811003987386,0.01583534649214136,0.001407190012012691,0.015908529771178872,0.0014082082456556562,0.016708438188799513,0.0014209292748154805,0.675,1
break_even,noise10,1009,30,low_yaw,ignore_passive,7,0.675,0.724,0.2733226960406322,0.009486166373644129,0.014838525586841964,0.0014019478120382801,0.014898486775682068,0.0014026599755725968,0.01568916867323407,0.001416502802323142,0.675,1
break_even,noise10,1009,30,low_yaw,ignore_passive,8,0.675,0.724,0.27468242308733715,0.009465226552686857,0.014010098741593004,0.0013958214103749187,0.014060150324854038,0.0013974917141579596,0.014836233220307214,0.0014121174417353025,0.675,1
break_even,noise10,1009,30,low_yaw,ignore_passive,9,0.675,0.724,0.2747376808828489,0.00945400133813929,0.013305540603004495,0.0013904505697716325,0.013348670345306724,0.0013913438984421106,0.014108814505581446,0.0014077725605730158,0.675,1
break_even,noise10,1009,30,low_yaw,ignore_passive,10,0.675,0.724,0.2747210991798152,0.009455523013830633,0.012697853509871461,0.0013852662099913362,0.012734859572021043,0.0013861008097190836,0.01347886883058381,0.0014034675398964095,0.675,1
break_even,noise10,1009,30,low_yaw,ignore_passive,11,0.675,0.724,0.27395463835759376,0.009458560860721874,0.012166936414936635,0.0013799422633021376,0.012199333182099018,0.0013809288994293377,0.01292640706109183,0.0013992017739343197,0.675,1
break_even,noise10,1009,30,low_yaw,ignore_passive,12,0.675,0.724,0.27422415555590823,0.00945401191409473,0.011696589633466198,0.0013748015871830705,0.011725893406675335,0.0013756629163987745,0.0124367451879806,0.0013949746697262343,0.675,1
break_even,noise10,1009,30,low_yaw,ignore_passive,13,0.675,0.724,0.27475360399449295,0.00940519444057729,0.011277529025048479,0.0013701214323349332,0.011302910951286509,0.00137059147031805,0.011998821313949852,0.0013907856467760661,0.675,1
break_even,noise10,1009,30,low_yaw,ignore_passive,14,0.675,0.724,0.27633949576355127,0.00940421354199739,0.010899993265098502,0.0013648561764346616,0.010922993969851849,0.0013659467865724101,0.011604122346949393,0.0013866341367172925,0.675,1
break_even,noise10,1009,30,low_yaw,ignore_passive,15,0.675,0.724,0.27661429461298676,0.009346454749931479,0.010558509692736787,0.0013593410858072361,0.010579917765604897,0.0013607297286443423,0.011245975454639703,0.0013825195829890236,0.675,1
break_even,noise10,1009,30,low_yaw,ignore_passive,16,0.675,0.724,0.27674616761536486,0.009319573205964918,0.010247128998976826,0.0013545188861743597,0.010266683832242102,0.001355264964277084,0.01091906628427927,0.0013784414405225854,0.675,1
break_even,noise10,1009,30,low_yaw,ignore_passive,17,0.675,0.724,0.27609918736367606,0.009298198570496035,0.009961504533590338,0.0013503882349448152,0.009979377633655574,0.0013504637790694956,0.010619102884223013,0.0013743991754382105,0.675,1
break_even,noise10,1009,30,low_yaw,ignore_passive,18,0.675,0.724,0.2752729865022462,0.00921288930469742,0.009698425735513848,0.0013445326387949766,0.009714975338364112,0.0013463663397158766,0.010342575960528106,0.0013703922647514547,0.675,1
break_even,noise10,1009,30,low_yaw,ignore_passive,19,0.675,0.724,0.2748023735500356,0.009238857781431556,0.00945522528807274,0.0013401035279191024,0.00947044419765157,0.0013405778391439723,0.010086584447442709,0.0013664201960889766,0.675,1
break_even,noise10,1009,30,low_yaw,ignore_passive,20,0.675,0.724,0.2739817414623466,0.009202133680083052,0.00922950079397261,0.0013348323159166006,0.009243754733515972,0.0013361724064651886,0.00984870635357338,0.0013624824674133254,0.675,1
break_even,noise10,1009,30,low_yaw,ignore_passive,21,0.675,0.724,0.2742838592666162,0.009173136434876562,0.009018992074900322,0.0013300697972946519,0.009032351611129303,0.0013308904027021877,0.009626901619864296,0.0013585785867564041,0.675,1
break_even,noise10,1009,30,low_yaw,ignore_passive,22,0.675,0.724,0.27482979178378475,0.009212590645360239,0.008822312460862257,0.0013257811645308933,0.008835048598306647,0.0013262301998758473,0.009419438016051988,0.0013547080719612835,0.675,1
break_even,noise10,1009,30,low_yaw,ignore_passive,23,0.675,0.724,0.2756548940221966,0.009155114607740954,0.008637948791399657,0.0013205726334705847,0.008649848233090967,0.0013219877756394352,0.009224833884788923,0.0013508704504320642,0.675,1
break_even,noise10,1009,30,low_yaw,ignore_passive,24,0.675,0.724,0.27524239499232556,0.009170565521864269,0.008464886862680984,0.001316556290569119,0.008475803825344285,0.001316825586521329,0.009041813386047978,0.0013470652588914865,0.675,1
break_even,noise10,1009,30,low_yaw,ignore_passive,25,0.675,0.724,0.27568801304392887,0.00915079277769356,0.008301570658616936,0.00131222495688986,0.008312080111703516,0.0013128077279344584,0.008869271139460821,0.0013432920431460118,0.675,1
break_even,noise10,1009,30,low_yaw,ignore_passive,26,0.675,0.724,0.27540937466686005,0.009166871380260216,0.008147422523773568,0.0013079365840478084,0.00815732089107695,0.0013085482700809167,0.008706244018018424,0.0013395503578580994,0.675,1
break_even,noise10,1009,30,low_yaw,ignore_passive,27,0.675,0.724,0.27521087334974004,0.009154172293971318,0.00800162468538446,0.0013040971197576738,0.008010937482710262,0.0013042157676629424,0.00855188844427602,0.001335839766325423,0.675,1
break_even,noise10,1009,30,low_yaw,ignore_passive,28,0.675,0.724,0.2750251124821062,0.00914682463458053,0.007863262235062908,0.001300039105641586,0.007872189084775568,0.0013004375484546053,0.008405461963855962,0.001332159840266778,0.675,1
break_even,noise10,1009,30,low_yaw,ignore_passive,29,0.675,0.724,0.2755855159684303,0.009111004384706058,0.007732053140143666,0.0012955263034896817,0.0077404136276650925,0.0012964292832368016,0.008266308175409125,0.0013285101596144408,0.675,1
break_even,noise10,1009,30,low_yaw,ignore_passive,30,0.675,0.724,0.2759047429653853,0.00911741019444901,0.007607148949691345,0.0012914405466976553,0.007615102196578683,0.0012919803958201918,0.008133844317613848,0.0013248903123127503,0.675,1
break_even,noise10,1009,30,low_yaw,uncertainty_trigger,1,0.7000000000000001,0.748,0.27300869835867625,0.009699611934126022,0.028659573804083176,0.0014344404538832155,0.028656453017562703,0.0014347881794306546,0.029119546215784102,0.001443701449763439,0.675,1
break_even,noise10,1009,30,low_yaw,uncertainty_trigger,2,0.7000000000000001,0.748,0.2726327117239209,0.009640448734132275,0.02376088667691351,0.0014283474013217997,0.023765315153096395,0.0014301702820831495,0.02454508027896609,0.0014390594291120013,0.675,1
break_even,noise10,1009,30,low_yaw,uncertainty_trigger,3,0.675,0.724,0.2720558720685889,0.009650815514508197,0.020737816658297208,0.0014232921494987407,0.020902400026684954,0.0014235446721108619,0.0216148675462303,0.0014344618997356327,0.675,1
break_even,noise10,1009,30,low_yaw,uncertainty_trigger,4,0.675,0.724,0.27291057339713237,0.009622411859251091,0.018636880416619726,0.0014187348064696689,0.01875461589965435,0.0014186418118799676,0.019533111251523003,0.0014299081554371882,0.675,1
break_even,noise10,1009,30,low_yaw,uncertainty_trigger,5,0.675,0.724,0.27423316982933715,0.009607008489706654,0.017064419065701896,0.0014128052538998443,0.017155395861951264,0.0014140618911640773,0.017956240386985175,0.001425397505613511,0.675,1
break_even,noise10,1009,30,low_yaw,uncertainty_trigger,6,0.675,0.724,0.275718970913405,0.009527811003987386,0.01583534649214136,0.001407190012012691,0.015908529771178872,0.0014082082456556562,0.016708438188799513,0.0014209292748154805,0.675,1
break_even,noise10,1009,30,low_yaw,uncertainty_trigger,7,0.675,0.724,0.2733226960406322,0.009486166373644129,0.014838525586841964,0.0014019478120382801,0.014898486775682068,0.0014026599755725968,0.01568916867323407,0.001416502802323142,0.675,1
break_even,noise10,1009,30,low_yaw,uncertainty_trigger,8,0.675,0.724,0.27468242308733715,0.009465226552686857,0.014010098741593004,0.0013958214103749187,0.014060150324854038,0.0013974917141579596,0.014836233220307214,0.0014121174417353025,0.675,1
break_even,noise10,1009,30,low_yaw,uncertainty_trigger,9,0.675,0.724,0.2747376808828489,0.00945400133813929,0.013305540603004495,0.0013904505697716325,0.013348670345306724,0.0013913438984421106,0.014108814505581446,0.0014077725605730158,0.675,1
break_even,noise10,1009,30,low_yaw,uncertainty_trigger,10,0.675,0.724,0.2747210991798152,0.009455523013830633,0.012697853509871461,0.0013852662099913362,0.012734859572021043,0.0013861008097190836,0.01347886883058381,0.0014034675398964095,0.675,1
break_even,noise10,1009,30,low_yaw,uncertainty_trigger,11,0.675,0.724,0.27395463835759376,0.009458560860721874,0.012166936414936635,0.0013799422633021376,0.012199333182099018,0.0013809288994293377,0.01292640706109183,0.0013992017739343197,0.675,1
break_even,noise10,1009,30,low_yaw,uncertainty_trigger,12,0.675,0.724,0.27422415555590823,0.00945401191409473,0.011696589633466198,0.0013748015871830705,0.011725893406675335,0.0013756629163987745,0.0124367451879806,0.0013949746697262343,0.675,1
break_even,noise10,1009,30,low_yaw,uncertainty_trigger,13,0.675,0.724,0.27475360399449295,0.00940519444057729,0.011277529025048479,0.0013701214323349332,0.011302910951286509,0.00137059147031805,0.011998821313949852,0.0013907856467760661,0.675,1
break_even,noise10,1009,30,low_yaw,uncertainty_trigger,14,0.675,0.724,0.27633949576355127,0.00940421354199739,0.010899993265098502,0.0013648561764346616,0.010922993969851849,0.0013659467865724101,0.011604122346949393,0.0013866341367172925,0.675,1
break_even,noise10,1009,30,low_yaw,uncertainty_trigger,15,0.675,0.724,0.27661429461298676,0.009346454749931479,0.010558509692736787,0.0013593410858072361,0.010579917765604897,0.0013607297286443423,0.011245975454639703,0.0013825195829890236,0.675,1
break_even,noise10,1009,30,low_yaw,uncertainty_trigger,16,0.675,0.724,0.27674616761536486,0.009319573205964918,0.010247128998976826,0.0013545188861743597,0.010266683832242102,0.001355264964277084,0.01091906628427927,0.0013784414405225854,0.675,1
break_even,noise10,1009,30,low_yaw,uncertainty_trigger,17,0.675,0.724,0.27609918736367606,0.009298198570496035,0.009961504533590338,0.0013503882349448152,0.009979377633655574,0.0013504637790694956,0.010619102884223013,0.0013743991754382105,0.675,1
break_even,noise10,1009,30,low_yaw,uncertainty_trigger,18,0.675,0.724,0.2752729865022462,0.00921288930469742,0.009698425735513848,0.0013445326387949766,0.009714975338364112,0.0013463663397158766,0.010342575960528106,0.0013703922647514547,0.675,1
break_even,noise10,1009,30,low_yaw,uncertainty_trigger,19,0.675,0.724,0.2748023735500356,0.009238857781431556,0.00945522528807274,0.0013401035279191024,0.00947044419765157,0.0013405778391439723,0.010086584447442709,0.0013664201960889766,0.675,1
break_even,noise10,1009,30,low_yaw,uncertainty_trigger,20,0.675,0.724,0.2739817414623466,0.009202133680083052,0.00922950079397261,0.0013348323159166006,0.009243754733515972,0.0013361724064651886,0.00984870635357338,0.0013624824674133254,0.675,1
break_even,noise10,1009,30,low_yaw,uncertainty_trigger,21,0.675,0.724,0.2742838592666162,0.009173136434876562,0.009018992074900322,0.0013300697972946519,0.009032351611129303,0.0013308904027021877,0.009626901619864296,0.0013585785867564041,0.675,1
break_even,noise10,1009,30,low_yaw,uncertainty_trigger,22,0.675,0.724,0.27482979178378475,0.009212590645360239,0.008822312460862257,0.0013257811645308933,0.008835048598306647,0.0013262301998758473,0.009419438016051988,0.0013547080719612835,0.675,1
break_even,noise10,1009,30,low_yaw,uncertainty_trigger,23,0.675,0.724,0.2756548940221966,0.009155114607740954,0.008637948791399657,0.0013205726334705847,0.008649848233090967,0.0013219877756394352,0.009224833884788923,0.0013508704504320642,0.675,1
break_even,noise10,1009,30,low_yaw,uncertainty_trigger,24,0.675,0.724,0.27524239499232556,0.009170565521864269,0.008464886862680984,0.001316556290569119,0.008475803825344285,0.001316825586521329,0.009041813386047978,0.0013470652588914865,0.675,1
break_even,noise10,1009,30,low_yaw,uncertainty_trigger,25,0.675,0.724,0.27568801304392887,0.00915079277769356,0.008301570658616936,0.00131222495688986,0.008312080111703516,0.0013128077279344584,0.008869271139460821,0.0013432920431460118,0.675,1
break_even,noise10,1009,30,low_yaw,uncertainty_trigger,26,0.675,0.724,0.27540937466686005,0.009166871380260216,0.008147422523773568,0.0013079365840478084,0.00815732089107695,0.0013085482700809167,0.008706244018018424,0.0013395503578580994,0.675,1
break_even,noise10,1009,30,low_yaw,uncertainty_trigger,27,0.675,0.724,0.27521087334974004,0.009154172293971318,0.00800162468538446,0.0013040971197576738,0.008010937482710262,0.0013042157676629424,0.00855188844427602,0.001335839766325423,0.675,1
break_even,noise10,1009,30,low_yaw,uncertainty_trigger,28,0.675,0.724,0.2750251124821062,0.00914682463458053,0.007863262235062908,0.001300039105641586,0.007872189084775568,0.0013004375484546053,0.008405461963855962,0.001332159840266778,0.675,1
break_even,noise10,1009,30,low_yaw,uncertainty_trigger,29,0.675,0.724,0.2755855159684303,0.009111004384706058,0.007732053140143666,0.0012955263034896817,0.0077404136276650925,0.0012964292832368016,0.008266308175409125,0.0013285101596144408,0.675,1
break_even,noise10,1009,30,low_yaw,uncertainty_trigger,30,0.675,0.724,0.2759047429653853,0.00911741019444901,0.007607148949691345,0.0012914405466976553,0.007615102196578683,0.0012919803958201918,0.008133844317613848,0.0013248903123127503,0.675,1
break_even,noise10,1010,30,low_yaw,passive,1,0.8,0.848,0.3457262435948979,0.012725100421245937,0.0377510919959782,0.007432226939276007,0.037846307041331594,0.007537287058852589,0.037846307041331594,0.007537287058852589,0.8,1
break_even,noise10,1010,30,low_yaw,passive,2,0.8,0.848,0.3363766975499172,0.012383821107821422,0.02745996540619767,0.00704026939418184,0.027461673011374893,0.0070735285284813905,0.027893522908163465,0.007163991855471949,0.8,1
break_even,noise10,1010,30,low_yaw,passive,3,0.775,0.8240000000000001,0.33486005965628224,0.013274455284873575,0.02264410921888502,0.0066399801384270565,0.022859042007285685,0.0067069119475124065,0.023110183525381908,0.0068411789374028305,0.8,1
break_even,noise10,1010,30,low_yaw,passive,4,0.775,0.8240000000000001,0.33866988609476734,0.013833257811465334,0.019708758588770445,0.006310822794043492,0.019846488410172343,0.006364335544860599,0.02031319901329142,0.0065323274917596375,0.775,1
break_even,noise10,1010,30,low_yaw,passive,5,0.775,0.8240000000000001,0.33604327755629293,0.01370428828736987,0.017678054884535638,0.006023385050665591,0.017779748639293703,0.006074137841427074,0.018335119248379102,0.006261853012215319,0.775,1
break_even,noise10,1010,30,low_yaw,passive,6,0.775,0.8240000000000001,0.334847267587642,0.013435718199742389,0.01616823488212727,0.00574525257480495,0.01624719832078901,0.0058144893592689895,0.016841241510479533,0.006022414040390784,0.775,1
break_even,noise10,1010,30,low_yaw,passive,7,0.775,0.8240000000000001,0.3362857541766164,0.012869406465465546,0.01498975761025489,0.0054928207603766495,0.015050760923710865,0.005564269843707851,0.01566160155234109,0.005808495917994027,0.775,1
break_even,noise10,1010,30,low_yaw,passive,8,0.775,0.8240000000000001,0.3364648610662084,0.012526820151191932,0.014038835596612504,0.005285478011355358,0.014087832192078714,0.005326274414606726,0.014699521557067973,0.005615865035172049,0.775,1
break_even,noise10,1010,30,low_yaw,passive,9,0.775,0.8240000000000001,0.3360606685547392,0.012621739358382329,0.013247311203416665,0.005103440337690732,0.013289455119478292,0.005136086844811626,0.013895420143833374,0.00544120997622212,0.775,1
break_even,noise10,1010,30,low_yaw,passive,10,0.775,0.8240000000000001,0.3356277088658401,0.012269012539899262,0.012576463894204356,0.004950545395069046,0.012611981763477444,0.004972719373834375,0.013210312703161217,0.00528189834459183,0.775,1
break_even,noise10,1010,30,low_yaw,passive,11,0.775,0.8240000000000001,0.3344855021111039,0.011905983102324977,0.01199800736984341,0.004802847011933125,0.012029240716582996,0.004830186907056878,0.012617477097533965,0.00513580763180866,0.775,1
break_even,noise10,1010,30,low_yaw,passive,12,0.775,0.8240000000000001,0.3358399761727701,0.01139517752159891,0.011491664864975078,0.004646198909011428,0.011519757304236933,0.004690806609736967,0.012097902171993913,0.005001204880499073,0.775,1
break_even,noise10,1010,30,low_yaw,passive,13,0.775,0.8240000000000001,0.3355063794462693,0.011211130795251231,0.011045247967103024,0.004519713342710113,0.011069616780362211,0.004545092735487522,0.011637644189058903,0.004876659332549969,0.775,1
break_even,noise10,1010,30,low_yaw,passive,14,0.775,0.8240000000000001,0.3367236662178114,0.011444374548262816,0.010647937372742396,0.004411720105761271,0.010669383496816199,0.004425825393436577,0.01122621275521184,0.004760977883377825,0.775,1
break_even,noise10,1010,30,low_yaw,passive,15,0.775,0.8240000000000001,0.33681409241238586,0.011150363943060846,0.010289495105771406,0.00428496498378933,0.010309017492843419,0.0043250356886019485,0.010855543678197799,0.0046531566237431625,0.775,1
break_even,noise10,1010,30,low_yaw,passive,16,0.775,0.8240000000000001,0.3352324702451252,0.01108130555141309,0.009965155438282504,0.004169697227314972,0.009983398497984373,0.004204615284224715,0.010519322127519373,0.004552343935454703,0.775,1
break_even,noise10,1010,30,low_yaw,passive,17,0.775,0.8240000000000001,0.33533220153939014,0.011017598969940161,0.00966991759825941,0.004061863261124222,0.009685798805611446,0.004091518338191239,0.010212523132045298,0.004457812020345461,0.775,1
break_even,noise10,1010,30,low_yaw,passive,18,0.775,0.8240000000000001,0.3363940149827393,0.011176944813613686,0.009398862582384326,0.003969828885759606,0.009414160588018045,0.003989462320172422,0.009931091477623893,0.004368934675690691,0.775,1
break_even,noise10,1010,30,low_yaw,passive,19,0.75,0.798,0.3362989093204614,0.010769329613386912,0.009164019691089266,0.0038634003202861027,0.009163901414676141,0.003899087959827913,0.009671713632926746,0.004285169758482019,0.775,1
break_even,noise10,1010,30,low_yaw,passive,20,0.75,0.798,0.3364002243388935,0.010863440541907013,0.008945694038504223,0.003789225405054648,0.008945573907245008,0.0037951820687621538,0.009431651985489418,0.004206045212585161,0.775,1
break_even,noise10,1010,30,low_yaw,passive,21,0.75,0.798,0.33615183566687956,0.010864080281410235,0.008742041484948752,0.003712033947105247,0.008742252056538655,0.0037271040596006375,0.00920862221985334,0.004131147833696133,0.775,1
break_even,noise10,1010,30,low_yaw,passive,22,0.75,0.798,0.335864108100913,0.010576687485378074,0.008551735701637224,0.0036382665784472886,0.008551724669735935,0.003653958939140456,0.009000799364467946,0.004053042783650699,0.75,1
break_even,noise10,1010,30,low_yaw,passive,23,0.75,0.798,0.3352745818395578,0.010644989542285606,0.008373462301945463,0.0035655646963899555,0.008373407021979635,0.003583141736954844,0.008806440502704398,0.003979206611721681,0.75,1
break_even,noise10,1010,30,low_yaw,passive,24,0.75,0.798,0.3351031033548485,0.010793268712186244,0.008205754035653668,0.0035005323605646686,0.008205821054958099,0.0035133420455224756,0.00862415193054597,0.003909264106049571,0.75,1
break_even,noise10,1010,30,low_yaw,passive,25,0.75,0.798,0.33553522608248226,0.010853418452832244,0.008047825411118151,0.0034487435766875317,0.008048003854559336,0.0034512405363486035,0.008452733900317214,0.0038428846595798317,0.75,1
break_even,noise10,1010,30,low_yaw,passive,26,0.75,0.798,0.33561959101155336,0.010626900878273693,0.007898962796041463,0.0033889260735780673,0.007898725497969598,0.0034021193510372456,0.00829114724159769,0.003779775676127685,0.75,1
break_even,noise10,1010,30,low_yaw,passive,27,0.75,0.798,0.3353116175106866,0.010446614591415335,0.007757560159827661,0.0033238599889243406,0.0077576807160175485,0.0033444645011405805,0.008138486744838698,0.003719677129998161,0.75,1
break_even,noise10,1010,30,low_yaw,passive,28,0.75,0.798,0.3351869197787,0.010435986805117698,0.0076234711498143395,0.003268538093551008,0.007623740392608568,0.0032794586509964853,0.007993959745869545,0.0036623570480075213,0.75,1
break_even,noise10,1010,30,low_yaw,passive,29,0.75,0.798,0.3349652871656017,0.01041309150201718,0.007496559430235573,0.0032152819025133735,0.007496435394601808,0.003228035968693017,0.007856868751404464,0.0036076077346013187,0.75,1
break_even,noise10,1010,30,low_yaw,passive,30,0.75,0.798,0.33516193334758576,0.010115230599708494,0.007375611551149247,0.003166455810921397,0.007375621758039355,0.003177101622677898,0.007726597234245008,0.0035552425998150797,0.75,1
break_even,noise10,1010,30,low_yaw,always_probe,1,0.7250000000000001,0.774,0.33880398230959463,0.014125294504394465,0.028265748486959615,0.0014599094958143413,0.028694476190584378,0.0014606883621834377,0.028729412026430992,0.001440980202119687,0.7250000000000001,1
break_even,noise10,1010,30,low_yaw,always_probe,2,0.7250000000000001,0.774,0.3352680950784481,0.014107871548206308,0.023311161085403074,0.0014559179263240677,0.023544997466203567,0.0014561327291468195,0.02406615285250829,0.0014372232953242334,0.7250000000000001,1
break_even,noise10,1010,30,low_yaw,always_probe,3,0.7250000000000001,0.774,0.33430564939575313,0.014146146356208023,0.02029509979625361,0.001451631513668696,0.020448001418938953,0.0014522022856806058,0.02112133716209608,0.0014334956210233735,0.7250000000000001,1
break_even,noise10,1010,30,low_yaw,always_probe,4,0.7250000000000001,0.774,0.33780133390667094,0.014177213492775249,0.018208482795443324,0.0014473558084754916,0.018317828048708677,0.0014479685741239938,0.019046373445533928,0.0014297968020762714,0.7250000000000001,1
break_even,noise10,1010,30,low_yaw,always_probe,5,0.7250000000000001,0.774,0.3362758262006473,0.014158672534567929,0.016655436573768022,0.001442876949093696,0.016739059801158238,0.0014437126625552246,0.017483089581411874,0.0014261264681190418,0.7250000000000001,1
break_even,noise10,1010,30,low_yaw,always_probe,6,0.7250000000000001,0.774,0.33540058586354476,0.014141765559558688,0.015441526010479063,0.0014382748935617459,0.015509710275790498,0.0014392425547836687,0.016250731709211447,0.0014224842554089788,0.7250000000000001,1
break_even,noise10,1010,30,low_yaw,always_probe,7,0.7250000000000001,0.774,0.33640824211113785,0.014117686749463355,0.014459737503212357,0.0014340550663513542,0.014514295164882677,0.0014347090032714252,0.015246920363002169,0.0014188698066731396,0.7250000000000001,1
break_even,noise10,1010,30,low_yaw,always_probe,8,0.7250000000000001,0.774,0.33661091186581343,0.014082992659661862,0.01364612974665104,0.0014297093943801602,0.01369130313839335,0.0014304018593789321,0.014408755308647003,0.001415282770961137,0.7250000000000001,1
break_even,noise10,1010,30,low_yaw,always_probe,9,0.7250000000000001,0.774,0.33643179696271897,0.014086973905182574,0.01295509848817082,0.0014253972119260712,0.012994386053548718,0.0014261002103257434,0.013695177490599501,0.0014117228035020089,0.7250000000000001,1
break_even,noise10,1010,30,low_yaw,always_probe,10,0.7250000000000001,0.774,0.33588870720866904,0.01403930720022795,0.012358650569576165,0.0014215324861999918,0.012393328088828754,0.00142191041305567,0.013078095263962617,0.0014081895655650236,0.7250000000000001,1
break_even,noise10,1010,30,low_yaw,always_probe,11,0.7250000000000001,0.774,0.33487934733438823,0.014012843748116293,0.011837938275421445,0.0014175717092074454,0.011868334843826702,0.0014180676951634143,0.012537553319584768,0.0014046827243243002,0.7250000000000001,1
break_even,noise10,1010,30,low_yaw,always_probe,12,0.7250000000000001,0.774,0.3360518473787886,0.013951364384317311,0.01137738393866708,0.0014128720588728642,0.011404585964952403,0.0014141042400661326,0.012058933703164505,0.001401201952727121,0.7250000000000001,1
break_even,noise10,1010,30,low_yaw,always_probe,13,0.7250000000000001,0.774,0.3357601930010325,0.013913758082584734,0.010967305072844321,0.001408785575608471,0.010991292196817166,0.0014094791601050726,0.011631250333289026,0.0013977469293658135,0.7250000000000001,1
break_even,noise10,1010,30,low_yaw,always_probe,14,0.7250000000000001,0.774,0.3368373553933485,0.01392148716954986,0.010599291447558898,0.001405076727266111,0.01062067681856072,0.0014054094625127612,0.011246065538914128,0.0013943173383530899,0.7250000000000001,1
break_even,noise10,1010,30,low_yaw,always_probe,15,0.7250000000000001,0.774,0.33689499103388854,0.01387228905414945,0.01026466806744636,0.0014007605484197994,0.010284463520405098,0.0014017395827811282,0.010896777140737304,0.001390912869200736,0.7250000000000001,1
break_even,noise10,1010,30,low_yaw,always_probe,16,0.7250000000000001,0.774,0.3353485632532206,0.013844740081144172,0.009960410873643952,0.0013961373344227239,0.009978633803951763,0.0013974370594104482,0.01057813505724081,0.001387533216701543,0.7250000000000001,1
break_even,noise10,1010,30,low_yaw,always_probe,17,0.7250000000000001,0.774,0.3351954170708794,0.013821778100364175,0.009681778352431385,0.0013916751605827593,0.009697892287931768,0.0013926992174005722,0.010285904923195272,0.0013841780808143789,0.7250000000000001,1
break_even,noise10,1010,30,low_yaw,always_probe,18,0.7250000000000001,0.774,0.3360717517270683,0.013834378388884133,0.009424742252280514,0.0013874634212028567,0.0094402786224082,0.00138827073092927,0.01001662864426523,0.0013808471665523016,0.7250000000000001,1
break_even,noise10,1010,30,low_yaw,always_probe,19,0.7250000000000001,0.774,0.33599091367325307,0.013771220745666037,0.00918790964317113,0.0013828207985130993,0.009201832686842151,0.001384219845958244,0.009767450514774682,0.0013775401838736208,0.7250000000000001,1
break_even,noise10,1010,30,low_yaw,always_probe,20,0.7250000000000001,0.774,0.3361078406334913,0.013768948742065143,0.008967828030849612,0.0013793045026585069,0.008980761152690237,0.0013794996147474215,0.00953598868686632,0.0013742568475758152,0.7250000000000001,1
break_even,noise10,1010,30,low_yaw,always_probe,21,0.7250000000000001,0.774,0.335862724401698,0.013753315798081546,0.008762610128445187,0.0013753785623469895,0.008775006012590143,0.0013761087633624646,0.009320238643793454,0.0013709968771922192,0.7250000000000001,1
break_even,noise10,1010,30,low_yaw,always_probe,22,0.7250000000000001,0.774,0.3355850234204452,0.01369470320177456,0.008570913611650483,0.0013714555357379496,0.00858229699739089,0.0013722289456701722,0.009118499666623495,0.0013677599968913896,0.7250000000000001,1
break_even,noise10,1010,30,low_yaw,always_probe,23,0.7250000000000001,0.774,0.3350064440596494,0.01369273986276621,0.008391394750703404,0.0013674590273917472,0.0084020308789233,0.0013683246167980436,0.008929318089558592,0.0013645459353790776,0.7250000000000001,1
break_even,noise10,1010,30,low_yaw,always_probe,24,0.7250000000000001,0.774,0.3348487821919204,0.013696184492399352,0.008222566066840976,0.0013637012270339307,0.008232690682076039,0.001364335143578332,0.008751442994156497,0.00136135442580272,0.7250000000000001,1
break_even,noise10,1010,30,low_yaw,always_probe,25,0.7250000000000001,0.774,0.33528784847578136,0.013692191630885489,0.00806362221638193,0.0013605030713820907,0.008073289261776811,0.001360606012263488,0.008583791243300816,0.0013581852056583769,0.7250000000000001,1
break_even,noise10,1010,30,low_yaw,always_probe,26,0.7250000000000001,0.774,0.33538677395709093,0.013646063744411593,0.007913841867463894,0.0013567275513425851,0.007922567380376076,0.0013574574346385958,0.008425419613874314,0.001355038016700042,0.7250000000000001,1
break_even,noise10,1010,30,low_yaw,always_probe,27,0.7250000000000001,0.774,0.3350876833244142,0.013592791586921962,0.007771597497559363,0.0013524723824745795,0.007780211690207793,0.0013537041732094575,0.008275502385492147,0.0013519126048512533,0.7250000000000001,1
break_even,noise10,1010,30,low_yaw,always_probe,28,0.7250000000000001,0.774,0.3349674825360039,0.013576959723854835,0.007636737822553219,0.0013487006008898435,0.007645068442595046,0.0013493213616552265,0.008133313166182356,0.0013488087201189362,0.7250000000000001,1
break_even,noise10,1010,30,low_yaw,always_probe,29,0.7250000000000001,0.774,0.3347545464988396,0.013553356888360213,0.0075091260488648936,0.0013448807486948087,0.0075166584831554625,0.001345698253763424,0.007998210039778004,0.001345726116509413,0.7250000000000001,1
break_even,noise10,1010,30,low_yaw,always_probe,30,0.7250000000000001,0.774,0.3349619315975413,0.013489196799433402,0.007387531158669832,0.001341131948120598,0.007394835126399966,0.0013419307417625846,0.00786962334057632,0.0013426645519465138,0.7250000000000001,1
break_even,noise10,1010,30,low_yaw,batch_aware,1,0.7250000000000001,0.774,0.33880398230959463,0.014125294504394465,0.028265748486959615,0.0014599094958143413,0.028694476190584378,0.0014606883621834377,0.028729412026430992,0.001440980202119687,0.7250000000000001,1
break_even,noise10,1010,30,low_yaw,batch_aware,2,0.7250000000000001,0.774,0.3352680950784481,0.014107871548206308,0.023311161085403074,0.0014559179263240677,0.023544997466203567,0.0014561327291468195,0.02406615285250829,0.0014372232953242334,0.7250000000000001,1
break_even,noise10,1010,30,low_yaw,batch_aware,3,0.7250000000000001,0.774,0.33430564939575313,0.014146146356208023,0.02029509979625361,0.001451631513668696,0.020448001418938953,0.0014522022856806058,0.02112133716209608,0.0014334956210233735,0.7250000000000001,1
break_even,noise10,1010,30,low_yaw,batch_aware,4,0.7250000000000001,0.774,0.33780133390667094,0.014177213492775249,0.018208482795443324,0.0014473558084754916,0.018317828048708677,0.0014479685741239938,0.019046373445533928,0.0014297968020762714,0.7250000000000001,1
break_even,noise10,1010,30,low_yaw,batch_aware,5,0.7250000000000001,0.774,0.3362758262006473,0.014158672534567929,0.016655436573768022,0.001442876949093696,0.016739059801158238,0.0014437126625552246,0.017483089581411874,0.0014261264681190418,0.7250000000000001,1
break_even,noise10,1010,30,low_yaw,batch_aware,6,0.7250000000000001,0.774,0.33540058586354476,0.014141765559558688,0.015441526010479063,0.0014382748935617459,0.015509710275790498,0.0014392425547836687,0.016250731709211447,0.0014224842554089788,0.7250000000000001,1
break_even,noise10,1010,30,low_yaw,batch_aware,7,0.7250000000000001,0.774,0.33640824211113785,0.014117686749463355,0.014459737503212357,0.0014340550663513542,0.014514295164882677,0.0014347090032714252,0.015246920363002169,0.0014188698066731396,0.7250000000000001,1
break_even,noise10,1010,30,low_yaw,batch_aware,8,0.7250000000000001,0.774,0.33661091186581343,0.014082992659661862,0.01364612974665104,0.0014297093943801602,0.01369130313839335,0.0014304018593789321,0.014408755308647003,0.001415282770961137,0.7250000000000001,1
break_even,noise10,1010,30,low_yaw,batch_aware,9,0.7250000000000001,0.774,0.33643179696271897,0.014086973905182574,0.01295509848817082,0.0014253972119260712,0.012994386053548718,0.0014261002103257434,0.013695177490599501,0.0014117228035020089,0.7250000000000001,1
break_even,noise10,1010,30,low_yaw,batch_aware,10,0.7250000000000001,0.774,0.33588870720866904,0.01403930720022795,0.012358650569576165,0.0014215324861999918,0.012393328088828754,0.00142191041305567,0.013078095263962617,0.0014081895655650236,0.7250000000000001,1
break_even,noise10,1010,30,low_yaw,batch_aware,11,0.7250000000000001,0.774,0.33487934733438823,0.014012843748116293,0.011837938275421445,0.0014175717092074454,0.011868334843826702,0.0014180676951634143,0.012537553319584768,0.0014046827243243002,0.7250000000000001,1
break_even,noise10,1010,30,low_yaw,batch_aware,12,0.7250000000000001,0.774,0.3360518473787886,0.013951364384317311,0.01137738393866708,0.0014128720588728642,0.011404585964952403,0.0014141042400661326,0.012058933703164505,0.001401201952727121,0.7250000000000001,1
break_even,noise10,1010,30,low_yaw,batch_aware,13,0.7250000000000001,0.774,0.3357601930010325,0.013913758082584734,0.010967305072844321,0.001408785575608471,0.010991292196817166,0.0014094791601050726,0.011631250333289026,0.0013977469293658135,0.7250000000000001,1
break_even,noise10,1010,30,low_yaw,batch_aware,14,0.7250000000000001,0.774,0.3368373553933485,0.01392148716954986,0.010599291447558898,0.001405076727266111,0.01062067681856072,0.0014054094625127612,0.011246065538914128,0.0013943173383530899,0.7250000000000001,1
break_even,noise10,1010,30,low_yaw,batch_aware,15,0.7250000000000001,0.774,0.33689499103388854,0.01387228905414945,0.01026466806744636,0.0014007605484197994,0.010284463520405098,0.0014017395827811282,0.010896777140737304,0.001390912869200736,0.7250000000000001,1
break_even,noise10,1010,30,low_yaw,batch_aware,16,0.7250000000000001,0.774,0.3353485632532206,0.013844740081144172,0.009960410873643952,0.0013961373344227239,0.009978633803951763,0.0013974370594104482,0.01057813505724081,0.001387533216701543,0.7250000000000001,1
break_even,noise10,1010,30,low_yaw,batch_aware,17,0.7250000000000001,0.774,0.3351954170708794,0.013821778100364175,0.009681778352431385,0.0013916751605827593,0.009697892287931768,0.0013926992174005722,0.010285904923195272,0.0013841780808143789,0.7250000000000001,1
break_even,noise10,1010,30,low_yaw,batch_aware,18,0.7250000000000001,0.774,0.3360717517270683,0.013834378388884133,0.009424742252280514,0.0013874634212028567,0.0094402786224082,0.00138827073092927,0.01001662864426523,0.0013808471665523016,0.7250000000000001,1
break_even,noise10,1010,30,low_yaw,batch_aware,19,0.7250000000000001,0.774,0.33599091367325307,0.013771220745666037,0.00918790964317113,0.0013828207985130993,0.009201832686842151,0.001384219845958244,0.009767450514774682,0.0013775401838736208,0.7250000000000001,1
break_even,noise10,1010,30,low_yaw,batch_aware,20,0.7250000000000001,0.774,0.3361078406334913,0.013768948742065143,0.008967828030849612,0.0013793045026585069,0.008980761152690237,0.0013794996147474215,0.00953598868686632,0.0013742568475758152,0.7250000000000001,1
break_even,noise10,1010,30,low_yaw,batch_aware,21,0.7250000000000001,0.774,0.335862724401698,0.013753315798081546,0.008762610128445187,0.0013753785623469895,0.008775006012590143,0.0013761087633624646,0.009320238643793454,0.0013709968771922192,0.7250000000000001,1
break_even,noise10,1010,30,low_yaw,batch_aware,22,0.7250000000000001,0.774,0.3355850234204452,0.01369470320177456,0.008570913611650483,0.0013714555357379496,0.00858229699739089,0.0013722289456701722,0.009118499666623495,0.0013677599968913896,0.7250000000000001,1
break_even,noise10,1010,30,low_yaw,batch_aware,23,0.7250000000000001,0.774,0.3350064440596494,0.01369273986276621,0.008391394750703404,0.0013674590273917472,0.0084020308789233,0.0013683246167980436,0.008929318089558592,0.0013645459353790776,0.7250000000000001,1
break_even,noise10,1010,30,low_yaw,batch_aware,24,0.7250000000000001,0.774,0.3348487821919204,0.013696184492399352,0.008222566066840976,0.0013637012270339307,0.008232690682076039,0.001364335143578332,0.008751442994156497,0.00136135442580272,0.7250000000000001,1
break_even,noise10,1010,30,low_yaw,batch_aware,25,0.7250000000000001,0.774,0.33528784847578136,0.013692191630885489,0.00806362221638193,0.0013605030713820907,0.008073289261776811,0.001360606012263488,0.008583791243300816,0.0013581852056583769,0.7250000000000001,1
break_even,noise10,1010,30,low_yaw,batch_aware,26,0.7250000000000001,0.774,0.33538677395709093,0.013646063744411593,0.007913841867463894,0.0013567275513425851,0.007922567380376076,0.0013574574346385958,0.008425419613874314,0.001355038016700042,0.7250000000000001,1
break_even,noise10,1010,30,low_yaw,batch_aware,27,0.7250000000000001,0.774,0.3350876833244142,0.013592791586921962,0.007771597497559363,0.0013524723824745795,0.007780211690207793,0.0013537041732094575,0.008275502385492147,0.0013519126048512533,0.7250000000000001,1
break_even,noise10,1010,30,low_yaw,batch_aware,28,0.7250000000000001,0.774,0.3349674825360039,0.013576959723854835,0.007636737822553219,0.0013487006008898435,0.007645068442595046,0.0013493213616552265,0.008133313166182356,0.0013488087201189362,0.7250000000000001,1
break_even,noise10,1010,30,low_yaw,batch_aware,29,0.7250000000000001,0.774,0.3347545464988396,0.013553356888360213,0.0075091260488648936,0.0013448807486948087,0.0075166584831554625,0.001345698253763424,0.007998210039778004,0.001345726116509413,0.7250000000000001,1
break_even,noise10,1010,30,low_yaw,batch_aware,30,0.7250000000000001,0.774,0.3349619315975413,0.013489196799433402,0.007387531158669832,0.001341131948120598,0.007394835126399966,0.0013419307417625846,0.00786962334057632,0.0013426645519465138,0.7250000000000001,1
break_even,noise10,1010,30,low_yaw,ignore_passive,1,0.7250000000000001,0.774,0.33880398230959463,0.014125294504394465,0.028265748486959615,0.0014599094958143413,0.028694476190584378,0.0014606883621834377,0.028729412026430992,0.001440980202119687,0.7250000000000001,1
break_even,noise10,1010,30,low_yaw,ignore_passive,2,0.7250000000000001,0.774,0.3352680950784481,0.014107871548206308,0.023311161085403074,0.0014559179263240677,0.023544997466203567,0.0014561327291468195,0.02406615285250829,0.0014372232953242334,0.7250000000000001,1
break_even,noise10,1010,30,low_yaw,ignore_passive,3,0.7250000000000001,0.774,0.33430564939575313,0.014146146356208023,0.02029509979625361,0.001451631513668696,0.020448001418938953,0.0014522022856806058,0.02112133716209608,0.0014334956210233735,0.7250000000000001,1
break_even,noise10,1010,30,low_yaw,ignore_passive,4,0.7250000000000001,0.774,0.33780133390667094,0.014177213492775249,0.018208482795443324,0.0014473558084754916,0.018317828048708677,0.0014479685741239938,0.019046373445533928,0.0014297968020762714,0.7250000000000001,1
break_even,noise10,1010,30,low_yaw,ignore_passive,5,0.7250000000000001,0.774,0.3362758262006473,0.014158672534567929,0.016655436573768022,0.001442876949093696,0.016739059801158238,0.0014437126625552246,0.017483089581411874,0.0014261264681190418,0.7250000000000001,1
break_even,noise10,1010,30,low_yaw,ignore_passive,6,0.7250000000000001,0.774,0.33540058586354476,0.014141765559558688,0.015441526010479063,0.0014382748935617459,0.015509710275790498,0.0014392425547836687,0.016250731709211447,0.0014224842554089788,0.7250000000000001,1
break_even,noise10,1010,30,low_yaw,ignore_passive,7,0.7250000000000001,0.774,0.33640824211113785,0.014117686749463355,0.014459737503212357,0.0014340550663513542,0.014514295164882677,0.0014347090032714252,0.015246920363002169,0.0014188698066731396,0.7250000000000001,1
break_even,noise10,1010,30,low_yaw,ignore_passive,8,0.7250000000000001,0.774,0.33661091186581343,0.014082992659661862,0.01364612974665104,0.0014297093943801602,0.01369130313839335,0.0014304018593789321,0.014408755308647003,0.001415282770961137,0.7250000000000001,1
break_even,noise10,1010,30,low_yaw,ignore_passive,9,0.7250000000000001,0.774,0.33643179696271897,0.014086973905182574,0.01295509848817082,0.0014253972119260712,0.012994386053548718,0.0014261002103257434,0.013695177490599501,0.0014117228035020089,0.7250000000000001,1
break_even,noise10,1010,30,low_yaw,ignore_passive,10,0.7250000000000001,0.774,0.33588870720866904,0.01403930720022795,0.012358650569576165,0.0014215324861999918,0.012393328088828754,0.00142191041305567,0.013078095263962617,0.0014081895655650236,0.7250000000000001,1
break_even,noise10,1010,30,low_yaw,ignore_passive,11,0.7250000000000001,0.774,0.33487934733438823,0.014012843748116293,0.011837938275421445,0.0014175717092074454,0.011868334843826702,0.0014180676951634143,0.012537553319584768,0.0014046827243243002,0.7250000000000001,1
break_even,noise10,1010,30,low_yaw,ignore_passive,12,0.7250000000000001,0.774,0.3360518473787886,0.013951364384317311,0.01137738393866708,0.0014128720588728642,0.011404585964952403,0.0014141042400661326,0.012058933703164505,0.001401201952727121,0.7250000000000001,1
break_even,noise10,1010,30,low_yaw,ignore_passive,13,0.7250000000000001,0.774,0.3357601930010325,0.013913758082584734,0.010967305072844321,0.001408785575608471,0.010991292196817166,0.0014094791601050726,0.011631250333289026,0.0013977469293658135,0.7250000000000001,1
break_even,noise10,1010,30,low_yaw,ignore_passive,14,0.7250000000000001,0.774,0.3368373553933485,0.01392148716954986,0.010599291447558898,0.001405076727266111,0.01062067681856072,0.0014054094625127612,0.011246065538914128,0.0013943173383530899,0.7250000000000001,1
break_even,noise10,1010,30,low_yaw,ignore_passive,15,0.7250000000000001,0.774,0.33689499103388854,0.01387228905414945,0.01026466806744636,0.0014007605484197994,0.010284463520405098,0.0014017395827811282,0.010896777140737304,0.001390912869200736,0.7250000000000001,1
break_even,noise10,1010,30,low_yaw,ignore_passive,16,0.7250000000000001,0.774,0.3353485632532206,0.013844740081144172,0.009960410873643952,0.0013961373344227239,0.009978633803951763,0.0013974370594104482,0.01057813505724081,0.001387533216701543,0.7250000000000001,1
break_even,noise10,1010,30,low_yaw,ignore_passive,17,0.7250000000000001,0.774,0.3351954170708794,0.013821778100364175,0.009681778352431385,0.0013916751605827593,0.009697892287931768,0.0013926992174005722,0.010285904923195272,0.0013841780808143789,0.7250000000000001,1
break_even,noise10,1010,30,low_yaw,ignore_passive,18,0.7250000000000001,0.774,0.3360717517270683,0.013834378388884133,0.009424742252280514,0.0013874634212028567,0.0094402786224082,0.00138827073092927,0.01001662864426523,0.0013808471665523016,0.7250000000000001,1
break_even,noise10,1010,30,low_yaw,ignore_passive,19,0.7250000000000001,0.774,0.33599091367325307,0.013771220745666037,0.00918790964317113,0.0013828207985130993,0.009201832686842151,0.001384219845958244,0.009767450514774682,0.0013775401838736208,0.7250000000000001,1
break_even,noise10,1010,30,low_yaw,ignore_passive,20,0.7250000000000001,0.774,0.3361078406334913,0.013768948742065143,0.008967828030849612,0.0013793045026585069,0.008980761152690237,0.0013794996147474215,0.00953598868686632,0.0013742568475758152,0.7250000000000001,1
break_even,noise10,1010,30,low_yaw,ignore_passive,21,0.7250000000000001,0.774,0.335862724401698,0.013753315798081546,0.008762610128445187,0.0013753785623469895,0.008775006012590143,0.0013761087633624646,0.009320238643793454,0.0013709968771922192,0.7250000000000001,1
break_even,noise10,1010,30,low_yaw,ignore_passive,22,0.7250000000000001,0.774,0.3355850234204452,0.01369470320177456,0.008570913611650483,0.0013714555357379496,0.00858229699739089,0.0013722289456701722,0.009118499666623495,0.0013677599968913896,0.7250000000000001,1
break_even,noise10,1010,30,low_yaw,ignore_passive,23,0.7250000000000001,0.774,0.3350064440596494,0.01369273986276621,0.008391394750703404,0.0013674590273917472,0.0084020308789233,0.0013683246167980436,0.008929318089558592,0.0013645459353790776,0.7250000000000001,1
break_even,noise10,1010,30,low_yaw,ignore_passive,24,0.7250000000000001,0.774,0.3348487821919204,0.013696184492399352,0.008222566066840976,0.0013637012270339307,0.008232690682076039,0.001364335143578332,0.008751442994156497,0.00136135442580272,0.7250000000000001,1
break_even,noise10,1010,30,low_yaw,ignore_passive,25,0.7250000000000001,0.774,0.33528784847578136,0.013692191630885489,0.00806362221638193,0.0013605030713820907,0.008073289261776811,0.001360606012263488,0.008583791243300816,0.0013581852056583769,0.7250000000000001,1
break_even,noise10,1010,30,low_yaw,ignore_passive,26,0.7250000000000001,0.774,0.33538677395709093,0.013646063744411593,0.007913841867463894,0.0013567275513425851,0.007922567380376076,0.0013574574346385958,0.008425419613874314,0.001355038016700042,0.7250000000000001,1
break_even,noise10,1010,30,low_yaw,ignore_passive,27,0.7250000000000001,0.774,0.3350876833244142,0.013592791586921962,0.007771597497559363,0.0013524723824745795,0.007780211690207793,0.0013537041732094575,0.008275502385492147,0.0013519126048512533,0.7250000000000001,1
break_even,noise10,1010,30,low_yaw,ignore_passive,28,0.7250000000000001,0.774,0.3349674825360039,0.013576959723854835,0.007636737822553219,0.0013487006008898435,0.007645068442595046,0.0013493213616552265,0.008133313166182356,0.0013488087201189362,0.7250000000000001,1
break_even,noise10,1010,30,low_yaw,ignore_passive,29,0.7250000000000001,0.774,0.3347545464988396,0.013553356888360213,0.0075091260488648936,0.0013448807486948087,0.0075166584831554625,0.001345698253763424,0.007998210039778004,0.001345726116509413,0.7250000000000001,1
break_even,noise10,1010,30,low_yaw,ignore_passive,30,0.7250000000000001,0.774,0.3349619315975413,0.013489196799433402,0.007387531158669832,0.001341131948120598,0.007394835126399966,0.0013419307417625846,0.00786962334057632,0.0013426645519465138,0.7250000000000001,1
break_even,noise10,1010,30,low_yaw,uncertainty_trigger,1,0.7250000000000001,0.774,0.33880398230959463,0.014125294504394465,0.028265748486959615,0.0014599094958143413,0.028694476190584378,0.0014606883621834377,0.028729412026430992,0.001440980202119687,0.7250000000000001,1
break_even,noise10,1010,30,low_yaw,uncertainty_trigger,2,0.7250000000000001,0.774,0.3352680950784481,0.014107871548206308,0.023311161085403074,0.0014559179263240677,0.023544997466203567,0.0014561327291468195,0.02406615285250829,0.0014372232953242334,0.7250000000000001,1
break_even,noise10,1010,30,low_yaw,uncertainty_trigger,3,0.7250000000000001,0.774,0.33430564939575313,0.014146146356208023,0.02029509979625361,0.001451631513668696,0.020448001418938953,0.0014522022856806058,0.02112133716209608,0.0014334956210233735,0.7250000000000001,1
break_even,noise10,1010,30,low_yaw,uncertainty_trigger,4,0.7250000000000001,0.774,0.33780133390667094,0.014177213492775249,0.018208482795443324,0.0014473558084754916,0.018317828048708677,0.0014479685741239938,0.019046373445533928,0.0014297968020762714,0.7250000000000001,1
break_even,noise10,1010,30,low_yaw,uncertainty_trigger,5,0.7250000000000001,0.774,0.3362758262006473,0.014158672534567929,0.016655436573768022,0.001442876949093696,0.016739059801158238,0.0014437126625552246,0.017483089581411874,0.0014261264681190418,0.7250000000000001,1
break_even,noise10,1010,30,low_yaw,uncertainty_trigger,6,0.7250000000000001,0.774,0.33540058586354476,0.014141765559558688,0.015441526010479063,0.0014382748935617459,0.015509710275790498,0.0014392425547836687,0.016250731709211447,0.0014224842554089788,0.7250000000000001,1
break_even,noise10,1010,30,low_yaw,uncertainty_trigger,7,0.7250000000000001,0.774,0.33640824211113785,0.014117686749463355,0.014459737503212357,0.0014340550663513542,0.014514295164882677,0.0014347090032714252,0.015246920363002169,0.0014188698066731396,0.7250000000000001,1
break_even,noise10,1010,30,low_yaw,uncertainty_trigger,8,0.7250000000000001,0.774,0.33661091186581343,0.014082992659661862,0.01364612974665104,0.0014297093943801602,0.01369130313839335,0.0014304018593789321,0.014408755308647003,0.001415282770961137,0.7250000000000001,1
break_even,noise10,1010,30,low_yaw,uncertainty_trigger,9,0.7250000000000001,0.774,0.33643179696271897,0.014086973905182574,0.01295509848817082,0.0014253972119260712,0.012994386053548718,0.0014261002103257434,0.013695177490599501,0.0014117228035020089,0.7250000000000001,1
break_even,noise10,1010,30,low_yaw,uncertainty_trigger,10,0.7250000000000001,0.774,0.33588870720866904,0.01403930720022795,0.012358650569576165,0.0014215324861999918,0.012393328088828754,0.00142191041305567,0.013078095263962617,0.0014081895655650236,0.7250000000000001,1
break_even,noise10,1010,30,low_yaw,uncertainty_trigger,11,0.7250000000000001,0.774,0.33487934733438823,0.014012843748116293,0.011837938275421445,0.0014175717092074454,0.011868334843826702,0.0014180676951634143,0.012537553319584768,0.0014046827243243002,0.7250000000000001,1
break_even,noise10,1010,30,low_yaw,uncertainty_trigger,12,0.7250000000000001,0.774,0.3360518473787886,0.013951364384317311,0.01137738393866708,0.0014128720588728642,0.011404585964952403,0.0014141042400661326,0.012058933703164505,0.001401201952727121,0.7250000000000001,1
break_even,noise10,1010,30,low_yaw,uncertainty_trigger,13,0.7250000000000001,0.774,0.3357601930010325,0.013913758082584734,0.010967305072844321,0.001408785575608471,0.010991292196817166,0.0014094791601050726,0.011631250333289026,0.0013977469293658135,0.7250000000000001,1
break_even,noise10,1010,30,low_yaw,uncertainty_trigger,14,0.7250000000000001,0.774,0.3368373553933485,0.01392148716954986,0.010599291447558898,0.001405076727266111,0.01062067681856072,0.0014054094625127612,0.011246065538914128,0.0013943173383530899,0.7250000000000001,1
break_even,noise10,1010,30,low_yaw,uncertainty_trigger,15,0.7250000000000001,0.774,0.33689499103388854,0.01387228905414945,0.01026466806744636,0.0014007605484197994,0.010284463520405098,0.0014017395827811282,0.010896777140737304,0.001390912869200736,0.7250000000000001,1
break_even,noise10,1010,30,low_yaw,uncertainty_trigger,16,0.7250000000000001,0.774,0.3353485632532206,0.013844740081144172,0.009960410873643952,0.0013961373344227239,0.009978633803951763,0.0013974370594104482,0.01057813505724081,0.001387533216701543,0.7250000000000001,1
break_even,noise10,1010,30,low_yaw,uncertainty_trigger,17,0.7250000000000001,0.774,0.3351954170708794,0.013821778100364175,0.009681778352431385,0.0013916751605827593,0.009697892287931768,0.0013926992174005722,0.010285904923195272,0.0013841780808143789,0.7250000000000001,1
break_even,noise10,1010,30,low_yaw,uncertainty_trigger,18,0.7250000000000001,0.774,0.3360717517270683,0.013834378388884133,0.009424742252280514,0.0013874634212028567,0.0094402786224082,0.00138827073092927,0.01001662864426523,0.0013808471665523016,0.7250000000000001,1
break_even,noise10,1010,30,low_yaw,uncertainty_trigger,19,0.7250000000000001,0.774,0.33599091367325307,0.013771220745666037,0.00918790964317113,0.0013828207985130993,0.009201832686842151,0.001384219845958244,0.009767450514774682,0.0013775401838736208,0.7250000000000001,1
break_even,noise10,1010,30,low_yaw,uncertainty_trigger,20,0.7250000000000001,0.774,0.3361078406334913,0.013768948742065143,0.008967828030849612,0.0013793045026585069,0.008980761152690237,0.0013794996147474215,0.00953598868686632,0.0013742568475758152,0.7250000000000001,1
break_even,noise10,1010,30,low_yaw,uncertainty_trigger,21,0.7250000000000001,0.774,0.335862724401698,0.013753315798081546,0.008762610128445187,0.0013753785623469895,0.008775006012590143,0.0013761087633624646,0.009320238643793454,0.0013709968771922192,0.7250000000000001,1
break_even,noise10,1010,30,low_yaw,uncertainty_trigger,22,0.7250000000000001,0.774,0.3355850234204452,0.01369470320177456,0.008570913611650483,0.0013714555357379496,0.00858229699739089,0.0013722289456701722,0.009118499666623495,0.0013677599968913896,0.7250000000000001,1
break_even,noise10,1010,30,low_yaw,uncertainty_trigger,23,0.7250000000000001,0.774,0.3350064440596494,0.01369273986276621,0.008391394750703404,0.0013674590273917472,0.0084020308789233,0.0013683246167980436,0.008929318089558592,0.0013645459353790776,0.7250000000000001,1
break_even,noise10,1010,30,low_yaw,uncertainty_trigger,24,0.7250000000000001,0.774,0.3348487821919204,0.013696184492399352,0.008222566066840976,0.0013637012270339307,0.008232690682076039,0.001364335143578332,0.008751442994156497,0.00136135442580272,0.7250000000000001,1
break_even,noise10,1010,30,low_yaw,uncertainty_trigger,25,0.7250000000000001,0.774,0.33528784847578136,0.013692191630885489,0.00806362221638193,0.0013605030713820907,0.008073289261776811,0.001360606012263488,0.008583791243300816,0.0013581852056583769,0.7250000000000001,1
break_even,noise10,1010,30,low_yaw,uncertainty_trigger,26,0.7250000000000001,0.774,0.33538677395709093,0.013646063744411593,0.007913841867463894,0.0013567275513425851,0.007922567380376076,0.0013574574346385958,0.008425419613874314,0.001355038016700042,0.7250000000000001,1
break_even,noise10,1010,30,low_yaw,uncertainty_trigger,27,0.7250000000000001,0.774,0.3350876833244142,0.013592791586921962,0.007771597497559363,0.0013524723824745795,0.007780211690207793,0.0013537041732094575,0.008275502385492147,0.0013519126048512533,0.7250000000000001,1
break_even,noise10,1010,30,low_yaw,uncertainty_trigger,28,0.7250000000000001,0.774,0.3349674825360039,0.013576959723854835,0.007636737822553219,0.0013487006008898435,0.007645068442595046,0.0013493213616552265,0.008133313166182356,0.0013488087201189362,0.7250000000000001,1
break_even,noise10,1010,30,low_yaw,uncertainty_trigger,29,0.7250000000000001,0.774,0.3347545464988396,0.013553356888360213,0.0075091260488648936,0.0013448807486948087,0.0075166584831554625,0.001345698253763424,0.007998210039778004,0.001345726116509413,0.7250000000000001,1
break_even,noise10,1010,30,low_yaw,uncertainty_trigger,30,0.7250000000000001,0.774,0.3349619315975413,0.013489196799433402,0.007387531158669832,0.001341131948120598,0.007394835126399966,0.0013419307417625846,0.00786962334057632,0.0013426645519465138,0.7250000000000001,1
