group,setting,seed,N,family,method,noise,inflation,margin_scale,probe_T,allowance,fs,structure,physical_payload,true_mass,true_inertia,completed,success,decision_reached,probes,gain_s,robot_time_s,planning_s,J,grasp_s,probe_s,loaded_s,release_s,returning_s,max_acceleration_ratio,max_velocity_ratio,probe_acceleration_ratio,probe_velocity_ratio,mass_covered,inertia_covered,mass_error,inertia_error,cap_count,schedules,max_margin_s,mean_rounding_residual_s
break_even,noise10,1001,5,low_yaw,passive,10.0,16.0,1.0,0.4,0.9,1.0,0,False,1.0576328999979314,0.002361110759867625,5,1,1,0,nan,8.486,0.006598882000162121,8.492598882000163,0.49,0.0,4.016,0.49,3.49,0.6163361300253719,0.7672314112054622,0.0,0.0,1,1,-0.00013254244200866516,0.004361273247158704,0,5,0.1278695035083463,0.01978444940601938
break_even,noise10,1001,5,low_yaw,always_probe,10.0,16.0,1.0,0.4,0.9,1.0,0,False,1.0576328999979314,0.002361110759867625,5,1,1,1,nan,9.106,0.0002754720007942524,9.106275472000794,0.49,0.896,3.74,0.49,3.49,0.6163445294670707,0.7672315342705496,0.5748304512675035,0.4672770751587616,1,1,-0.0026570927562707958,0.00039240805884122217,0,5,0.0637080921803292,0.013600046406356741
break_even,noise10,1001,5,low_yaw,batch_aware,10.0,16.0,1.0,0.4,0.9,1.0,0,False,1.0576328999979314,0.002361110759867625,5,1,1,0,-0.5499999999999999,8.486,0.00894901400033632,8.494949014000337,0.49,0.0,4.016,0.49,3.49,0.6163361300253719,0.7672314112054622,0.0,0.0,1,1,-0.00013254244200866516,0.004361273247158704,0,5,0.1278695035083463,0.01978444940601938
break_even,noise10,1001,5,low_yaw,ignore_passive,10.0,16.0,1.0,0.4,0.9,1.0,0,False,1.0576328999979314,0.002361110759867625,5,1,1,0,-0.40000000000000013,8.486,0.00033707699958540616,8.486337076999586,0.49,0.0,4.016,0.49,3.49,0.6163361300253719,0.7672314112054622,0.0,0.0,1,1,-0.00013254244200866516,0.004361273247158704,0,5,0.1278695035083463,0.01978444940601938
break_even,noise10,1001,5,low_yaw,uncertainty_trigger,10.0,16.0,1.0,0.4,0.9,1.0,0,False,1.0576328999979314,0.002361110759867625,5,1,1,1,nan,9.106,0.00027957900010733283,9.106279579000107,0.49,0.896,3.74,0.49,3.49,0.6163445294670707,0.7672315342705496,0.5748304512675035,0.4672770751587616,1,1,-0.0026570927562707958,0.00039240805884122217,0,5,0.0637080921803292,0.013600046406356741
break_even,noise10,1002,5,low_yaw,passive,10.0,16.0,1.0,0.4,0.9,1.0,0,False,0.7331496232763623,0.01021535476643178,5,1,1,0,nan,8.938,0.0003934900005333475,8.938393490000534,0.49,0.0,4.218,0.49,3.74,0.5763537674795218,0.7582566485899958,0.0,0.0,1,1,0.005903977092834745,0.00015583808598295182,0,5,0.12646812997854895,0.01460093746753197
break_even,noise10,1002,5,low_yaw,always_probe,10.0,16.0,1.0,0.4,0.9,1.0,0,False,0.7331496232763623,0.01021535476643178,5,1,1,1,nan,9.51,0.00036570800011759275,9.510365708000117,0.49,0.896,3.894,0.49,3.74,0.5764423041741205,0.7582734137872899,0.5764423041741205,0.46852208828942793,1,1,0.0068399752312579,0.0001103956428213336,0,5,0.05114754985338618,0.006199842535521034
break_even,noise10,1002,5,low_yaw,batch_aware,10.0,16.0,1.0,0.4,0.9,1.0,0,False,0.7331496232763623,0.01021535476643178,5,1,1,0,-0.5500000000000004,8.938,0.0007363340005213104,8.938736334000522,0.49,0.0,4.218,0.49,3.74,0.5763537674795218,0.7582566485899958,0.0,0.0,1,1,0.005903977092834745,0.00015583808598295182,0,5,0.12646812997854895,0.01460093746753197
break_even,noise10,1002,5,low_yaw,ignore_passive,10.0,16.0,1.0,0.4,0.9,1.0,0,False,0.7331496232763623,0.01021535476643178,5,1,1,0,-0.40000000000000013,8.938,0.0005057079993093794,8.93850570799931,0.49,0.0,4.218,0.49,3.74,0.5763537674795218,0.7582566485899958,0.0,0.0,1,1,0.005903977092834745,0.00015583808598295182,0,5,0.12646812997854895,0.01460093746753197
break_even,noise10,1002,5,low_yaw,uncertainty_trigger,10.0,16.0,1.0,0.4,0.9,1.0,0,False,0.7331496232763623,0.01021535476643178,5,1,1,1,nan,9.51,0.00038113000027806265,9.510381130000278,0.49,0.896,3.894,0.49,3.74,0.5764423041741205,0.7582734137872899,0.5764423041741205,0.46852208828942793,1,1,0.0068399752312579,0.0001103956428213336,0,5,0.05114754985338618,0.006199842535521034
break_even,noise10,1003,5,low_yaw,passive,10.0,16.0,1.0,0.4,0.9,1.0,0,False,0.4628603155760868,0.007904233635032908,5,1,1,0,nan,8.752,0.00031197900034385384,8.752311979000345,0.522,0.0,4.12,0.49,3.62,0.5929128436712704,0.7644333653701016,0.0,0.0,1,1,0.0012624843032025268,0.0006700539429095407,0,5,0.1199992398919244,0.018706541487470564
break_even,noise10,1003,5,low_yaw,always_probe,10.0,16.0,1.0,0.4,0.9,1.0,0,False,0.4628603155760868,0.007904233635032908,5,1,1,1,nan,9.372,0.00032198200142374844,9.372321982001424,0.522,0.896,3.8440000000000003,0.49,3.62,0.5929464741616383,0.7644342054024315,0.5787780723883267,0.4679396618792764,1,1,-0.00048302607831102184,0.00036417452954451597,0,5,0.053233348035699374,0.018946591803672072
break_even,noise10,1003,5,low_yaw,batch_aware,10.0,16.0,1.0,0.4,0.9,1.0,0,False,0.4628603155760868,0.007904233635032908,5,1,1,0,-0.5750000000000003,8.752,0.0007663110009161755,8.752766311000917,0.522,0.0,4.12,0.49,3.62,0.5929128436712704,0.7644333653701016,0.0,0.0,1,1,0.0012624843032025268,0.0006700539429095407,0,5,0.1199992398919244,0.018706541487470564
break_even,noise10,1003,5,low_yaw,ignore_passive,10.0,16.0,1.0,0.4,0.9,1.0,0,False,0.4628603155760868,0.007904233635032908,5,1,1,0,-0.5250000000000002,8.752,0.00043298000082359067,8.752432980000824,0.522,0.0,4.12,0.49,3.62,0.5929128436712704,0.7644333653701016,0.0,0.0,1,1,0.0012624843032025268,0.0006700539429095407,0,5,0.1199992398919244,0.018706541487470564
break_even,noise10,1003,5,low_yaw,uncertainty_trigger,10.0,16.0,1.0,0.4,0.9,1.0,0,False,0.4628603155760868,0.007904233635032908,5,1,1,1,nan,9.372,0.0003635070002019347,9.372363507000202,0.522,0.896,3.8440000000000003,0.49,3.62,0.5929464741616383,0.7644342054024315,0.5787780723883267,0.4679396618792764,1,1,-0.00048302607831102184,0.00036417452954451597,0,5,0.053233348035699374,0.018946591803672072
break_even,noise10,1004,5,low_yaw,passive,10.0,16.0,1.0,0.4,0.9,1.0,0,False,0.20123263383700105,0.0049934801789355224,0,0,0,0,nan,0.166,0.0,50.166,0.166,0.0,0.0,0.0,0.0,1.188687174099909,0.0616289313837562,0.0,0.0,1,1,0.02606400353288546,0.006879733779651627,0,0,0.0,0.0
break_even,noise10,1004,5,low_yaw,always_probe,10.0,16.0,1.0,0.4,0.9,1.0,0,False,0.20123263383700105,0.0049934801789355224,0,0,0,0,nan,0.166,0.0,50.166,0.166,0.0,0.0,0.0,0.0,1.188687174099909,0.0616289313837562,0.0,0.0,1,1,0.02606400353288546,0.006879733779651627,0,0,0.0,0.0
break_even,noise10,1004,5,low_yaw,batch_aware,10.0,16.0,1.0,0.4,0.9,1.0,0,False,0.20123263383700105,0.0049934801789355224,0,0,0,0,nan,0.166,0.0,50.166,0.166,0.0,0.0,0.0,0.0,1.188687174099909,0.0616289313837562,0.0,0.0,1,1,0.02606400353288546,0.006879733779651627,0,0,0.0,0.0
break_even,noise10,1004,5,low_yaw,ignore_passive,10.0,16.0,1.0,0.4,0.9,1.0,0,False,0.20123263383700105,0.0049934801789355224,0,0,0,0,nan,0.166,0.0,50.166,0.166,0.0,0.0,0.0,0.0,1.188687174099909,0.0616289313837562,0.0,0.0,1,1,0.02606400353288546,0.006879733779651627,0,0,0.0,0.0
break_even,noise10,1004,5,low_yaw,uncertainty_trigger,10.0,16.0,1.0,0.4,0.9,1.0,0,False,0.20123263383700105,0.0049934801789355224,0,0,0,0,nan,0.166,0.0,50.166,0.166,0.0,0.0,0.0,0.0,1.188687174099909,0.0616289313837562,0.0,0.0,1,1,0.02606400353288546,0.006879733779651627,0,0,0.0,0.0
break_even,noise10,1005,5,low_yaw,passive,10.0,16.0,1.0,0.4,0.9,1.0,0,False,0.31510684229505126,0.023402926974937885,5,1,1,0,nan,8.704,0.00034227299966005376,8.70434227299966,0.5519999999999999,0.0,4.042,0.49,3.62,0.9160562314455678,0.7474402578357264,0.0,0.0,1,1,0.0034917768805256544,-0.008121772765726018,0,5,0.11639989994377681,0.011605333893114847
break_even,noise10,1005,5,low_yaw,always_probe,10.0,16.0,1.0,0.4,0.9,1.0,0,False,0.31510684229505126,0.023402926974937885,5,1,1,1,nan,9.298,0.00035353700013729394,9.298353537000137,0.5519999999999999,0.896,3.74,0.49,3.62,0.9160562314455678,0.7474527593115599,0.6963491701846656,0.4843828610277301,1,1,0.004217573423804799,8.131448229390173e-05,0,5,0.0416123593998262,0.01039525787917063
break_even,noise10,1005,5,low_yaw,batch_aware,10.0,16.0,1.0,0.4,0.9,1.0,0,False,0.31510684229505126,0.023402926974937885,5,1,1,0,-0.5750000000000003,8.704,0.0006901050010128529,8.704690105001013,0.5519999999999999,0.0,4.042,0.49,3.62,0.9160562314455678,0.7474402578357264,0.0,0.0,1,1,0.0034917768805256544,-0.008121772765726018,0,5,0.11639989994377681,0.011605333893114847
break_even,noise10,1005,5,low_yaw,ignore_passive,10.0,16.0,1.0,0.4,0.9,1.0,0,False,0.31510684229505126,0.023402926974937885,5,1,1,0,-0.5250000000000002,8.704,0.0004282529998818063,8.704428252999882,0.5519999999999999,0.0,4.042,0.49,3.62,0.9160562314455678,0.7474402578357264,0.0,0.0,1,1,0.0034917768805256544,-0.008121772765726018,0,5,0.11639989994377681,0.011605333893114847
break_even,noise10,1005,5,low_yaw,uncertainty_trigger,10.0,16.0,1.0,0.4,0.9,1.0,0,False,0.31510684229505126,0.023402926974937885,5,1,1,1,nan,9.298,0.0003636469996308733,9.298363646999631,0.5519999999999999,0.896,3.74,0.49,3.62,0.9160562314455678,0.7474527593115599,0.6963491701846656,0.4843828610277301,1,1,0.004217573423804799,8.131448229390173e-05,0,5,0.0416123593998262,0.01039525787917063
break_even,noise10,1006,5,low_yaw,passive,10.0,16.0,1.0,0.4,0.9,1.0,0,False,0.6716900070019542,0.015819709707392063,5,1,1,0,nan,8.666,0.00033436999956393265,8.666334369999564,0.49,0.0,4.066000000000001,0.49,3.62,0.5881441447776383,0.7481235306423423,0.0,0.0,1,1,0.007012667731004729,-0.004774824241892727,0,5,0.126216978362112,0.012276283305461355
break_even,noise10,1006,5,low_yaw,always_probe,10.0,16.0,1.0,0.4,0.9,1.0,0,False,0.6716900070019542,0.015819709707392063,5,1,1,1,nan,9.236,0.0003320779997011414,9.236332077999702,0.49,0.896,3.74,0.49,3.62,0.5881368152048225,0.7481480075165228,0.5807063570903647,0.4722771214654613,1,1,0.0025363465301878607,-0.00021500391062210383,0,5,0.046589563392283526,0.005670811631526743
break_even,noise10,1006,5,low_yaw,batch_aware,10.0,16.0,1.0,0.4,0.9,1.0,0,False,0.6716900070019542,0.015819709707392063,5,1,1,0,-0.5499999999999999,8.666,0.0007117949990060879,8.666711794999006,0.49,0.0,4.066000000000001,0.49,3.62,0.5881441447776383,0.7481235306423423,0.0,0.0,1,1,0.007012667731004729,-0.004774824241892727,0,5,0.126216978362112,0.012276283305461355
break_even,noise10,1006,5,low_yaw,ignore_passive,10.0,16.0,1.0,0.4,0.9,1.0,0,False,0.6716900070019542,0.015819709707392063,5,1,1,0,-0.40000000000000013,8.666,0.0004647179989660799,8.666464717998966,0.49,0.0,4.066000000000001,0.49,3.62,0.5881441447776383,0.7481235306423423,0.0,0.0,1,1,0.007012667731004729,-0.004774824241892727,0,5,0.126216978362112,0.012276283305461355
break_even,noise10,1006,5,low_yaw,uncertainty_trigger,10.0,16.0,1.0,0.4,0.9,1.0,0,False,0.6716900070019542,0.015819709707392063,5,1,1,1,nan,9.236,0.0003996159998678195,9.236399615999868,0.49,0.896,3.74,0.49,3.62,0.5881368152048225,0.7481480075165228,0.5807063570903647,0.4722771214654613,1,1,0.0025363465301878607,-0.00021500391062210383,0,5,0.046589563392283526,0.005670811631526743
break_even,noise10,1007,5,low_yaw,passive,10.0,16.0,1.0,0.4,0.9,1.0,0,False,0.29971491244524007,0.020767547939092697,5,1,1,0,nan,8.952,0.0004896049999842944,8.952489604999984,0.5539999999999999,0.0,4.168,0.49,3.74,0.869887080085026,0.7487353997538052,0.0,0.0,1,1,-0.004332788776109153,-0.007791537723885191,0,5,0.11651914118572355,0.00980891105186113
break_even,noise10,1007,5,low_yaw,always_probe,10.0,16.0,1.0,0.4,0.9,1.0,0,False,0.29971491244524007,0.020767547939092697,5,1,1,1,nan,9.55,0.00036670300005425815,9.550366703000055,0.5539999999999999,0.896,3.87,0.49,3.74,0.869887080085026,0.748735372593028,0.6504116256506645,0.4794502988950981,1,1,-0.0037631328510724926,-0.0007178434487651181,0,5,0.0432272609237076,0.008834848745333362
break_even,noise10,1007,5,low_yaw,batch_aware,10.0,16.0,1.0,0.4,0.9,1.0,0,False,0.29971491244524007,0.020767547939092697,5,1,1,0,-0.5750000000000007,8.952,0.0011382550010239356,8.953138255001024,0.5539999999999999,0.0,4.168,0.49,3.74,0.869887080085026,0.7487353997538052,0.0,0.0,1,1,-0.004332788776109153,-0.007791537723885191,0,5,0.11651914118572355,0.00980891105186113
break_even,noise10,1007,5,low_yaw,ignore_passive,10.0,16.0,1.0,0.4,0.9,1.0,0,False,0.29971491244524007,0.020767547939092697,5,1,1,0,-0.5250000000000002,8.952,0.0006878140002299915,8.95268781400023,0.5539999999999999,0.0,4.168,0.49,3.74,0.869887080085026,0.7487353997538052,0.0,0.0,1,1,-0.004332788776109153,-0.007791537723885191,0,5,0.11651914118572355,0.00980891105186113
break_even,noise10,1007,5,low_yaw,uncertainty_trigger,10.0,16.0,1.0,0.4,0.9,1.0,0,False,0.29971491244524007,0.020767547939092697,5,1,1,1,nan,9.55,0.00040391400034422986,9.550403914000345,0.5539999999999999,0.896,3.87,0.49,3.74,0.869887080085026,0.748735372593028,0.6504116256506645,0.4794502988950981,1,1,-0.0037631328510724926,-0.0007178434487651181,0,5,0.0432272609237076,0.008834848745333362
break_even,noise10,1008,5,low_yaw,passive,10.0,16.0,1.0,0.4,0.9,1.0,0,False,0.4341538486764662,0.020700167197761923,5,1,1,0,nan,8.426,0.0002840470006049145,8.426284047000605,0.528,0.0,3.918,0.49,3.49,0.6368997175793336,0.7699222662748876,0.0,0.0,1,1,0.007214177821809831,-0.007886367533082687,0,5,0.11997273661270097,0.009933969688705597
break_even,noise10,1008,5,low_yaw,always_probe,10.0,16.0,1.0,0.4,0.9,1.0,0,False,0.4341538486764662,0.020700167197761923,5,1,1,1,nan,9.024000000000001,0.0008449569995718775,9.024844956999573,0.528,0.896,3.62,0.49,3.49,0.6368997175793336,0.7699358007732172,0.6205516503465909,0.4781751670992347,1,1,0.004710694316202024,-0.0006293299486546111,0,5,0.04335940706752947,0.008758226735909803
break_even,noise10,1008,5,low_yaw,batch_aware,10.0,16.0,1.0,0.4,0.9,1.0,0,False,0.4341538486764662,0.020700167197761923,5,1,1,0,-0.5999999999999998,8.426,0.0006842959992354736,8.426684295999236,0.528,0.0,3.918,0.49,3.49,0.6368997175793336,0.7699222662748876,0.0,0.0,1,1,0.007214177821809831,-0.007886367533082687,0,5,0.11997273661270097,0.009933969688705597
break_even,noise10,1008,5,low_yaw,ignore_passive,10.0,16.0,1.0,0.4,0.9,1.0,0,False,0.4341538486764662,0.020700167197761923,5,1,1,0,-0.5250000000000002,8.426,0.0003337300013299682,8.42633373000133,0.528,0.0,3.918,0.49,3.49,0.6368997175793336,0.7699222662748876,0.0,0.0,1,1,0.007214177821809831,-0.007886367533082687,0,5,0.11997273661270097,0.009933969688705597
break_even,noise10,1008,5,low_yaw,uncertainty_trigger,10.0,16.0,1.0,0.4,0.9,1.0,0,False,0.4341538486764662,0.020700167197761923,5,1,1,1,nan,9.024000000000001,0.0002828430015142658,9.024282843001515,0.528,0.896,3.62,0.49,3.49,0.6368997175793336,0.7699358007732172,0.6205516503465909,0.4781751670992347,1,1,0.004710694316202024,-0.0006293299486546111,0,5,0.04335940706752947,0.008758226735909803
break_even,noise10,1009,5,low_yaw,passive,10.0,16.0,1.0,0.4,0.9,1.0,0,False,0.279100646874815,0.00951905851647582,5,1,1,0,nan,8.492,0.0002957839988084743,8.49229578399881,0.5459999999999999,0.0,3.966,0.49,3.49,0.9662805329486892,0.7552219787535163,0.0,0.0,1,1,-0.004927009438065955,-0.0001619787407961936,0,5,0.11629943734686303,0.015179196317833868
break_even,noise10,1009,5,low_yaw,always_probe,10.0,16.0,1.0,0.4,0.9,1.0,0,False,0.279100646874815,0.00951905851647582,5,1,1,1,nan,9.09,0.00029735699945376837,9.090297356999454,0.5459999999999999,0.896,3.668,0.49,3.49,0.9662805329486892,0.7552263630486616,0.5800073007249347,0.4689594584556933,1,1,-0.004867477045477853,8.794997323083309e-05,0,5,0.05164355018490799,0.0103809748977922
break_even,noise10,1009,5,low_yaw,batch_aware,10.0,16.0,1.0,0.4,0.9,1.0,0,False,0.279100646874815,0.00951905851647582,5,1,1,0,-0.5999999999999998,8.492,0.0005863669998689147,8.49258636699987,0.5459999999999999,0.0,3.966,0.49,3.49,0.9662805329486892,0.7552219787535163,0.0,0.0,1,1,-0.004927009438065955,-0.0001619787407961936,0,5,0.11629943734686303,0.015179196317833868
break_even,noise10,1009,5,low_yaw,ignore_passive,10.0,16.0,1.0,0.4,0.9,1.0,0,False,0.279100646874815,0.00951905851647582,5,1,1,0,-0.5250000000000002,8.492,0.00034928200011563604,8.492349282000117,0.5459999999999999,0.0,3.966,0.49,3.49,0.9662805329486892,0.7552219787535163,0.0,0.0,1,1,-0.004927009438065955,-0.0001619787407961936,0,5,0.11629943734686303,0.015179196317833868
break_even,noise10,1009,5,low_yaw,uncertainty_trigger,10.0,16.0,1.0,0.4,0.9,1.0,0,False,0.279100646874815,0.00951905851647582,5,1,1,1,nan,9.09,0.0002738110006248462,9.090273811000625,0.5459999999999999,0.896,3.668,0.49,3.49,0.9662805329486892,0.7552263630486616,0.5800073007249347,0.4689594584556933,1,1,-0.004867477045477853,8.794997323083309e-05,0,5,0.05164355018490799,0.0103809748977922
break_even,noise10,1010,5,low_yaw,passive,10.0,16.0,1.0,0.4,0.9,1.0,0,False,0.33298919614620115,0.014323531818447402,5,1,1,0,nan,8.942,0.00034820399969248683,8.942348203999693,0.5439999999999999,0.0,4.168,0.49,3.74,0.7542601218460285,0.7713923110599302,0.0,0.0,1,1,0.00305408141009178,-0.0006192435310775329,0,5,0.11687096919025776,0.010155036716462429
break_even,noise10,1010,5,low_yaw,always_probe,10.0,16.0,1.0,0.4,0.9,1.0,0,False,0.33298919614620115,0.014323531818447402,5,1,1,1,nan,9.540000000000001,0.00034608000078151235,9.540346080000782,0.5439999999999999,0.896,3.87,0.49,3.74,0.7542601218460285,0.7713953626494517,0.5793143886203691,0.47198750936879197,1,1,0.003286630054446127,-0.0001648592838794736,0,5,0.047245288653215395,0.004896795320497709
break_even,noise10,1010,5,low_yaw,batch_aware,10.0,16.0,1.0,0.4,0.9,1.0,0,False,0.33298919614620115,0.014323531818447402,5,1,1,0,-0.5750000000000007,8.942,0.0007055369992485794,8.942705536999249,0.5439999999999999,0.0,4.168,0.49,3.74,0.7542601218460285,0.7713923110599302,0.0,0.0,1,1,0.00305408141009178,-0.0006192435310775329,0,5,0.11687096919025776,0.010155036716462429
break_even,noise10,1010,5,low_yaw,ignore_passive,10.0,16.0,1.0,0.4,0.9,1.0,0,False,0.33298919614620115,0.014323531818447402,5,1,1,0,-0.5250000000000002,8.942,0.00048419399945487385,8.942484193999455,0.5439999999999999,0.0,4.168,0.49,3.74,0.7542601218460285,0.7713923110599302,0.0,0.0,1,1,0.00305408141009178,-0.0006192435310775329,0,5,0.11687096919025776,0.010155036716462429
break_even,noise10,1010,5,low_yaw,uncertainty_trigger,10.0,16.0,1.0,0.4,0.9,1.0,0,False,0.33298919614620115,0.014323531818447402,5,1,1,1,nan,9.540000000000001,0.00044710799966196646,9.540447107999663,0.5439999999999999,0.896,3.87,0.49,3.74,0.7542601218460285,0.7713953626494517,0.5793143886203691,0.47198750936879197,1,1,0.003286630054446127,-0.0001648592838794736,0,5,0.047245288653215395,0.004896795320497709
break_even,noise10,1001,10,low_yaw,passive,10.0,16.0,1.0,0.4,0.9,1.0,0,False,1.0576328999979314,0.002361110759867625,10,1,1,0,nan,16.922,0.0006180179998409585,16.92261801799984,0.9799999999999999,0.0,7.982,0.9799999999999999,6.980000000000002,0.6163361300253719,0.7672314112054622,0.0,0.0,1,1,-0.00038350726020297543,0.002077472540926671,0,10,0.1278695035083463,0.018876857527575168
break_even,noise10,1001,10,low_yaw,always_probe,10.0,16.0,1.0,0.4,0.9,1.0,0,False,1.0576328999979314,0.002361110759867625,10,1,1,1,nan,17.316000000000003,0.0005537220008591248,17.31655372200086,0.9799999999999999,0.896,7.480000000000001,0.9799999999999999,6.980000000000002,0.6163445294670707,0.7672315342705496,0.5748304512675035,0.4672770751587616,1,1,-0.0027473273058398195,0.00033435464193557656,0,10,0.0637080921803292,0.01471362353243984
break_even,noise10,1001,10,low_yaw,batch_aware,10.0,16.0,1.0,0.4,0.9,1.0,0,False,1.0576328999979314,0.002361110759867625,10,1,1,0,-0.2999999999999977,16.922,0.0011037940007554425,16.923103794000756,0.9799999999999999,0.0,7.982,0.9799999999999999,6.980000000000002,0.6163361300253719,0.7672314112054622,0.0,0.0,1,1,-0.00038350726020297543,0.002077472540926671,0,10,0.1278695035083463,0.018876857527575168
break_even,noise10,1001,10,low_yaw,ignore_passive,10.0,16.0,1.0,0.4,0.9,1.0,0,False,1.0576328999979314,0.002361110759867625,10,1,1,1,0.09999999999999976,17.316000000000003,0.0005927600000177335,17.31659276000002,0.9799999999999999,0.896,7.480000000000001,0.9799999999999999,6.980000000000002,0.6163445294670707,0.7672315342705496,0.5748304512675035,0.4672770751587616,1,1,-0.0027473273058398195,0.00033435464193557656,0,10,0.0637080921803292,0.01471362353243984
break_even,noise10,1001,10,low_yaw,uncertainty_trigger,10.0,16.0,1.0,0.4,0.9,1.0,0,False,1.0576328999979314,0.002361110759867625,10,1,1,1,nan,17.316000000000003,0.0005849170001965831,17.3165849170002,0.9799999999999999,0.896,7.480000000000001,0.9799999999999999,6.980000000000002,0.6163445294670707,0.7672315342705496,0.5748304512675035,0.4672770751587616,1,1,-0.0027473273058398195,0.00033435464193557656,0,10,0.0637080921803292,0.01471362353243984
break_even,noise10,1002,10,low_yaw,passive,10.0,16.0,1.0,0.4,0.9,1.0,0,False,0.7331496232763623,0.01021535476643178,10,1,1,0,nan,17.778,0.0007283629993253271,17.778728362999324,0.9799999999999999,0.0,8.338,0.9799999999999999,7.480000000000001,0.5763537674795218,0.7582566485899958,0.0,0.0,1,1,0.00016208252233884668,-0.00046061763242200883,0,10,0.12646812997854895,0.01248217040541311
break_even,noise10,1002,10,low_yaw,always_probe,10.0,16.0,1.0,0.4,0.9,1.0,0,False,0.7331496232763623,0.01021535476643178,10,1,1,1,nan,18.1,0.000771578000694717,18.100771578000696,0.9799999999999999,0.896,7.764,0.9799999999999999,7.480000000000001,0.5764423041741205,0.7582734137872899,0.5764423041741205,0.46852208828942793,1,1,0.0006951121406078009,9.757606706021701e-05,0,10,0.05114754985338618,0.004789315122302009
break_even,noise10,1002,10,low_yaw,batch_aware,10.0,16.0,1.0,0.4,0.9,1.0,0,False,0.7331496232763623,0.01021535476643178,10,1,1,0,-0.30000000000000127,17.778,0.0016064539991020865,17.7796064539991,0.9799999999999999,0.0,8.338,0.9799999999999999,7.480000000000001,0.5763537674795218,0.7582566485899958,0.0,0.0,1,1,0.00016208252233884668,-0.00046061763242200883,0,10,0.12646812997854895,0.01248217040541311
break_even,noise10,1002,10,low_yaw,ignore_passive,10.0,16.0,1.0,0.4,0.9,1.0,0,False,0.7331496232763623,0.01021535476643178,10,1,1,1,0.09999999999999976,18.1,0.0009726160014906782,18.100972616001492,0.9799999999999999,0.896,7.764,0.9799999999999999,7.480000000000001,0.5764423041741205,0.7582734137872899,0.5764423041741205,0.46852208828942793,1,1,0.0006951121406078009,9.757606706021701e-05,0,10,0.05114754985338618,0.004789315122302009
break_even,noise10,1002,10,low_yaw,uncertainty_trigger,10.0,16.0,1.0,0.4,0.9,1.0,0,False,0.7331496232763623,0.01021535476643178,10,1,1,1,nan,18.1,0.00082295399852228,18.100822953998524,0.9799999999999999,0.896,7.764,0.9799999999999999,7.480000000000001,0.5764423041741205,0.7582734137872899,0.5764423041741205,0.46852208828942793,1,1,0.0006951121406078009,9.757606706021701e-05,0,10,0.05114754985338618,0.004789315122302009
break_even,noise10,1003,10,low_yaw,passive,10.0,16.0,1.0,0.4,0.9,1.0,0,False,0.4628603155760868,0.007904233635032908,10,1,1,0,nan,17.342,0.000874630999078363,17.342874630999077,1.012,0.0,8.11,0.9799999999999999,7.240000000000001,0.5929128436712704,0.7644333653701016,0.0,0.0,1,1,-2.608232305328917e-05,5.484344871578388e-05,0,10,0.1199992398919244,0.011666545633223186
break_even,noise10,1003,10,low_yaw,always_probe,10.0,16.0,1.0,0.4,0.9,1.0,0,False,0.4628603155760868,0.007904233635032908,10,1,1,1,nan,17.712000000000003,0.0007563840013062872,17.71275638400131,1.012,0.896,7.584000000000001,0.9799999999999999,7.240000000000001,0.5929464741616383,0.7644342054024315,0.5787780723883267,0.4679396618792764,1,1,-0.00042214171260568367,0.00030642243962172855,0,10,0.053233348035699374,0.009949017777876063
break_even,noise10,1003,10,low_yaw,batch_aware,10.0,16.0,1.0,0.4,0.9,1.0,0,False,0.4628603155760868,0.007904233635032908,10,1,1,0,-0.3250000000000016,17.342,0.0015381669991256786,17.343538166999124,1.012,0.0,8.11,0.9799999999999999,7.240000000000001,0.5929128436712704,0.7644333653701016,0.0,0.0,1,1,-2.608232305328917e-05,5.484344871578388e-05,0,10,0.1199992398919244,0.011666545633223186
break_even,noise10,1003,10,low_yaw,ignore_passive,10.0,16.0,1.0,0.4,0.9,1.0,0,False,0.4628603155760868,0.007904233635032908,10,1,1,0,-0.15000000000000047,17.342,0.0007035669991637405,17.342703566999162,1.012,0.0,8.11,0.9799999999999999,7.240000000000001,0.5929128436712704,0.7644333653701016,0.0,0.0,1,1,-2.608232305328917e-05,5.484344871578388e-05,0,10,0.1199992398919244,0.011666545633223186
break_even,noise10,1003,10,low_yaw,uncertainty_trigger,10.0,16.0,1.0,0.4,0.9,1.0,0,False,0.4628603155760868,0.007904233635032908,10,1,1,1,nan,17.712000000000003,0.0006329000002551766,17.71263290000026,1.012,0.896,7.584000000000001,0.9799999999999999,7.240000000000001,0.5929464741616383,0.7644342054024315,0.5787780723883267,0.4679396618792764,1,1,-0.00042214171260568367,0.00030642243962172855,0,10,0.053233348035699374,0.009949017777876063
break_even,noise10,1004,10,low_yaw,passive,10.0,16.0,1.0,0.4,0.9,1.0,0,False,0.20123263383700105,0.0049934801789355224,0,0,0,0,nan,0.166,0.0,100.166,0.166,0.0,0.0,0.0,0.0,1.188687174099909,0.0616289313837562,0.0,0.0,1,1,0.02606400353288546,0.006879733779651627,0,0,0.0,0.0
break_even,noise10,1004,10,low_yaw,always_probe,10.0,16.0,1.0,0.4,0.9,1.0,0,False,0.20123263383700105,0.0049934801789355224,0,0,0,0,nan,0.166,0.0,100.166,0.166,0.0,0.0,0.0,0.0,1.188687174099909,0.0616289313837562,0.0,0.0,1,1,0.02606400353288546,0.006879733779651627,0,0,0.0,0.0
break_even,noise10,1004,10,low_yaw,batch_aware,10.0,16.0,1.0,0.4,0.9,1.0,0,False,0.20123263383700105,0.0049934801789355224,0,0,0,0,nan,0.166,0.0,100.166,0.166,0.0,0.0,0.0,0.0,1.188687174099909,0.0616289313837562,0.0,0.0,1,1,0.02606400353288546,0.006879733779651627,0,0,0.0,0.0
break_even,noise10,1004,10,low_yaw,ignore_passive,10.0,16.0,1.0,0.4,0.9,1.0,0,False,0.20123263383700105,0.0049934801789355224,0,0,0,0,nan,0.166,0.0,100.166,0.166,0.0,0.0,0.0,0.0,1.188687174099909,0.0616289313837562,0.0,0.0,1,1,0.02606400353288546,0.006879733779651627,0,0,0.0,0.0
break_even,noise10,1004,10,low_yaw,uncertainty_trigger,10.0,16.0,1.0,0.4,0.9,1.0,0,False,0.20123263383700105,0.0049934801789355224,0,0,0,0,nan,0.166,0.0,100.166,0.166,0.0,0.0,0.0,0.0,1.188687174099909,0.0616289313837562,0.0,0.0,1,1,0.02606400353288546,0.006879733779651627,0,0,0.0,0.0
break_even,noise10,1005,10,low_yaw,passive,10.0,16.0,1.0,0.4,0.9,1.0,0,False,0.31510684229505126,0.023402926974937885,10,1,1,0,nan,17.294,0.0006936290005796764,17.29469362900058,1.0419999999999998,0.0,8.032,0.9799999999999999,7.240000000000001,0.9160562314455678,0.7475246839429479,0.0,0.0,1,1,-0.0010896485335783468,-0.007427371668609507,0,10,0.11639989994377681,0.016330229413342185
break_even,noise10,1005,10,low_yaw,always_probe,10.0,16.0,1.0,0.4,0.9,1.0,0,False,0.31510684229505126,0.023402926974937885,10,1,1,1,nan,17.638,0.0006886779988235503,17.638688677998825,1.0419999999999998,0.896,7.480000000000001,0.9799999999999999,7.240000000000001,0.9160562314455678,0.7475470245512127,0.6963491701846656,0.4843828610277301,1,1,-0.00029535164340971365,-6.236910879928517e-05,0,10,0.0416123593998262,0.011365806833101228
break_even,noise10,1005,10,low_yaw,batch_aware,10.0,16.0,1.0,0.4,0.9,1.0,0,False,0.31510684229505126,0.023402926974937885,10,1,1,0,-0.3250000000000016,17.294,0.0013731770009144384,17.295373177000915,1.0419999999999998,0.0,8.032,0.9799999999999999,7.240000000000001,0.9160562314455678,0.7475246839429479,0.0,0.0,1,1,-0.0010896485335783468,-0.007427371668609507,0,10,0.11639989994377681,0.016330229413342185
break_even,noise10,1005,10,low_yaw,ignore_passive,10.0,16.0,1.0,0.4,0.9,1.0,0,False,0.31510684229505126,0.023402926974937885,10,1,1,0,-0.15000000000000047,17.294,0.000751796001168259,17.29475179600117,1.0419999999999998,0.0,8.032,0.9799999999999999,7.240000000000001,0.9160562314455678,0.7475246839429479,0.0,0.0,1,1,-0.0010896485335783468,-0.007427371668609507,0,10,0.11639989994377681,0.016330229413342185
break_even,noise10,1005,10,low_yaw,uncertainty_trigger,10.0,16.0,1.0,0.4,0.9,1.0,0,False,0.31510684229505126,0.023402926974937885,10,1,1,1,nan,17.638,0.0007512749984925904,17.638751274998494,1.0419999999999998,0.896,7.480000000000001,0.9799999999999999,7.240000000000001,0.9160562314455678,0.7475470245512127,0.6963491701846656,0.4843828610277301,1,1,-0.00029535164340971365,-6.236910879928517e-05,0,10,0.0416123593998262,0.011365806833101228
break_even,noise10,1006,10,low_yaw,passive,10.0,16.0,1.0,0.4,0.9,1.0,0,False,0.6716900070019542,0.015819709707392063,10,1,1,0,nan,17.256,0.0006614699991587258,17.25666146999916,0.9799999999999999,0.0,8.056000000000001,0.9799999999999999,7.240000000000001,0.5945124197271106,0.7484546549088988,0.0,0.0,1,1,0.0010666111494261887,-0.0037078137327703,0,10,0.126216978362112,0.012976935588464683
break_even,noise10,1006,10,low_yaw,always_probe,10.0,16.0,1.0,0.4,0.9,1.0,0,False,0.6716900070019542,0.015819709707392063,10,1,1,1,nan,17.576,0.0007210809999378398,17.57672108099994,0.9799999999999999,0.896,7.480000000000001,0.9799999999999999,7.240000000000001,0.5945211455925515,0.7484516432916151,0.5807063570903647,0.4722771214654613,1,1,0.00011804690859051892,-0.0002235111326449584,0,10,0.046589563392283526,0.006707069797912366
break_even,noise10,1006,10,low_yaw,batch_aware,10.0,16.0,1.0,0.4,0.9,1.0,0,False,0.6716900070019542,0.015819709707392063,10,1,1,0,-0.30000000000000127,17.256,0.001349484999991546,17.25734948499999,0.9799999999999999,0.0,8.056000000000001,0.9799999999999999,7.240000000000001,0.5945124197271106,0.7484546549088988,0.0,0.0,1,1,0.0010666111494261887,-0.0037078137327703,0,10,0.126216978362112,0.012976935588464683
break_even,noise10,1006,10,low_yaw,ignore_passive,10.0,16.0,1.0,0.4,0.9,1.0,0,False,0.6716900070019542,0.015819709707392063,10,1,1,1,0.09999999999999976,17.576,0.000794239999322599,17.576794239999323,0.9799999999999999,0.896,7.480000000000001,0.9799999999999999,7.240000000000001,0.5945211455925515,0.7484516432916151,0.5807063570903647,0.4722771214654613,1,1,0.00011804690859051892,-0.0002235111326449584,0,10,0.046589563392283526,0.006707069797912366
break_even,noise10,1006,10,low_yaw,uncertainty_trigger,10.0,16.0,1.0,0.4,0.9,1.0,0,False,0.6716900070019542,0.015819709707392063,10,1,1,1,nan,17.576,0.0006724759996359353,17.576672475999636,0.9799999999999999,0.896,7.480000000000001,0.9799999999999999,7.240000000000001,0.5945211455925515,0.7484516432916151,0.5807063570903647,0.4722771214654613,1,1,0.00011804690859051892,-0.0002235111326449584,0,10,0.046589563392283526,0.006707069797912366
break_even,noise10,1007,10,low_yaw,passive,10.0,16.0,1.0,0.4,0.9,1.0,0,False,0.29971491244524007,0.020767547939092697,10,1,1,0,nan,17.792,0.0008191959991563635,17.792819195999158,1.0439999999999998,0.0,8.288,0.9799999999999999,7.480000000000001,0.869887080085026,0.7487353997538052,0.0,0.0,1,1,-0.00144594557115163,-0.007100752257985964,0,10,0.11651914118572355,0.01354906032320181
break_even,noise10,1007,10,low_yaw,always_probe,10.0,16.0,1.0,0.4,0.9,1.0,0,False,0.29971491244524007,0.020767547939092697,10,1,1,1,nan,18.14,0.0007366619997810631,18.14073666199978,1.0439999999999998,0.896,7.74,0.9799999999999999,7.480000000000001,0.869887080085026,0.748735372593028,0.6504116256506645,0.4794502988950981,1,1,-0.001125532330587542,-0.0008097306160870926,0,10,0.0432272609237076,0.009800617396300185
break_even,noise10,1007,10,low_yaw,batch_aware,10.0,16.0,1.0,0.4,0.9,1.0,0,False,0.29971491244524007,0.020767547939092697,10,1,1,0,-0.3250000000000016,17.792,0.0016128180004670867,17.79361281800047,1.0439999999999998,0.0,8.288,0.9799999999999999,7.480000000000001,0.869887080085026,0.7487353997538052,0.0,0.0,1,1,-0.00144594557115163,-0.007100752257985964,0,10,0.11651914118572355,0.01354906032320181
break_even,noise10,1007,10,low_yaw,ignore_passive,10.0,16.0,1.0,0.4,0.9,1.0,0,False,0.29971491244524007,0.020767547939092697,10,1,1,0,-0.15000000000000047,17.792,0.0008441420009148715,17.792844142000916,1.0439999999999998,0.0,8.288,0.9799999999999999,7.480000000000001,0.869887080085026,0.7487353997538052,0.0,0.0,1,1,-0.00144594557115163,-0.007100752257985964,0,10,0.11651914118572355,0.01354906032320181
break_even,noise10,1007,10,low_yaw,uncertainty_trigger,10.0,16.0,1.0,0.4,0.9,1.0,0,False,0.29971491244524007,0.020767547939092697,10,1,1,1,nan,18.14,0.0007568660003016703,18.140756866000302,1.0439999999999998,0.896,7.74,0.9799999999999999,7.480000000000001,0.869887080085026,0.748735372593028,0.6504116256506645,0.4794502988950981,1,1,-0.001125532330587542,-0.0008097306160870926,0,10,0.0432272609237076,0.009800617396300185
break_even,noise10,1008,10,low_yaw,passive,10.0,16.0,1.0,0.4,0.9,1.0,0,False,0.4341538486764662,0.020700167197761923,10,1,1,0,nan,16.766000000000002,0.0005691149981430499,16.766569114998145,1.018,0.0,7.788,0.9799999999999999,6.980000000000002,0.6368997175793336,0.7706006084123024,0.0,0.0,1,1,0.00377196253638562,-0.00683606288398363,0,10,0.11997273661270097,0.014390220901092817
break_even,noise10,1008,10,low_yaw,always_probe,10.0,16.0,1.0,0.4,0.9,1.0,0,False,0.4341538486764662,0.020700167197761923,10,1,1,1,nan,17.114000000000004,0.0006183749992487719,17.114618374999253,1.018,0.896,7.240000000000001,0.9799999999999999,6.980000000000002,0.6368997175793336,0.770595157313464,0.6205516503465909,0.4781751670992347,1,1,0.003235913901983134,-0.0007271643989630143,0,10,0.04335940706752947,0.009757979476174248
break_even,noise10,1008,10,low_yaw,batch_aware,10.0,16.0,1.0,0.4,0.9,1.0,0,False,0.4341538486764662,0.020700167197761923,10,1,1,0,-0.34999999999999754,16.766000000000002,0.0011480790008135955,16.767148079000815,1.018,0.0,7.788,0.9799999999999999,6.980000000000002,0.6368997175793336,0.7706006084123024,0.0,0.0,1,1,0.00377196253638562,-0.00683606288398363,0,10,0.11997273661270097,0.014390220901092817
break_even,noise10,1008,10,low_yaw,ignore_passive,10.0,16.0,1.0,0.4,0.9,1.0,0,False,0.4341538486764662,0.020700167197761923,10,1,1,0,-0.15000000000000047,16.766000000000002,0.0005939929997111904,16.766593992999713,1.018,0.0,7.788,0.9799999999999999,6.980000000000002,0.6368997175793336,0.7706006084123024,0.0,0.0,1,1,0.00377196253638562,-0.00683606288398363,0,10,0.11997273661270097,0.014390220901092817
break_even,noise10,1008,10,low_yaw,uncertainty_trigger,10.0,16.0,1.0,0.4,0.9,1.0,0,False,0.4341538486764662,0.020700167197761923,10,1,1,1,nan,17.114000000000004,0.0005512279994945857,17.1145512279995,1.018,0.896,7.240000000000001,0.9799999999999999,6.980000000000002,0.6368997175793336,0.770595157313464,0.6205516503465909,0.4781751670992347,1,1,0.003235913901983134,-0.0007271643989630143,0,10,0.04335940706752947,0.009757979476174248
break_even,noise10,1009,10,low_yaw,passive,10.0,16.0,1.0,0.4,0.9,1.0,0,False,0.279100646874815,0.00951905851647582,10,1,1,0,nan,16.832,0.0005981559997962904,16.832598155999797,1.0359999999999998,0.0,7.836,0.9799999999999999,6.980000000000002,0.9662805329486892,0.7554124946519312,0.0,0.0,1,1,-0.004477742733444756,-0.0016846358864073402,0,10,0.11629943734686303,0.010755828949969072
break_even,noise10,1009,10,low_yaw,always_probe,10.0,16.0,1.0,0.4,0.9,1.0,0,False,0.279100646874815,0.00951905851647582,10,1,1,1,nan,17.180000000000003,0.0005439530000330706,17.180543953000036,1.0359999999999998,0.896,7.288000000000001,0.9799999999999999,6.980000000000002,0.9662805329486892,0.7554033609114295,0.5800073007249347,0.4689594584556933,1,1,-0.004379547694999819,-6.35355026451876e-05,0,10,0.05164355018490799,0.006358943229207284
break_even,noise10,1009,10,low_yaw,batch_aware,10.0,16.0,1.0,0.4,0.9,1.0,0,False,0.279100646874815,0.00951905851647582,10,1,1,0,-0.34999999999999754,16.832,0.0011907760003850854,16.833190776000386,1.0359999999999998,0.0,7.836,0.9799999999999999,6.980000000000002,0.9662805329486892,0.7554124946519312,0.0,0.0,1,1,-0.004477742733444756,-0.0016846358864073402,0,10,0.11629943734686303,0.010755828949969072
break_even,noise10,1009,10,low_yaw,ignore_passive,10.0,16.0,1.0,0.4,0.9,1.0,0,False,0.279100646874815,0.00951905851647582,10,1,1,0,-0.15000000000000047,16.832,0.000599929998315929,16.832599929998317,1.0359999999999998,0.0,7.836,0.9799999999999999,6.980000000000002,0.9662805329486892,0.7554124946519312,0.0,0.0,1,1,-0.004477742733444756,-0.0016846358864073402,0,10,0.11629943734686303,0.010755828949969072
break_even,noise10,1009,10,low_yaw,uncertainty_trigger,10.0,16.0,1.0,0.4,0.9,1.0,0,False,0.279100646874815,0.00951905851647582,10,1,1,1,nan,17.180000000000003,0.000566473998787842,17.18056647399879,1.0359999999999998,0.896,7.288000000000001,0.9799999999999999,6.980000000000002,0.9662805329486892,0.7554033609114295,0.5800073007249347,0.4689594584556933,1,1,-0.004379547694999819,-6.35355026451876e-05,0,10,0.05164355018490799,0.006358943229207284
break_even,noise10,1010,10,low_yaw,passive,10.0,16.0,1.0,0.4,0.9,1.0,0,False,0.33298919614620115,0.014323531818447402,10,1,1,0,nan,17.782,0.0007752390010864474,17.782775239001086,1.0339999999999998,0.0,8.288,0.9799999999999999,7.480000000000001,0.7542601218460285,0.7713923110599302,0.0,0.0,1,1,0.0026385127196389413,-0.0020545192785481406,0,10,0.11687096919025776,0.012880913165635412
break_even,noise10,1010,10,low_yaw,always_probe,10.0,16.0,1.0,0.4,0.9,1.0,0,False,0.33298919614620115,0.014323531818447402,10,1,1,1,nan,18.130000000000003,0.0006840970017947257,18.130684097001797,1.0339999999999998,0.896,7.74,0.9799999999999999,7.480000000000001,0.7542601218460285,0.7713953626494517,0.5793143886203691,0.47198750936879197,1,1,0.0028995110624678855,-0.00028422461821945265,0,10,0.047245288653215395,0.005912359289177515
break_even,noise10,1010,10,low_yaw,batch_aware,10.0,16.0,1.0,0.4,0.9,1.0,0,False,0.33298919614620115,0.014323531818447402,10,1,1,0,-0.3250000000000016,17.782,0.0015165229997364804,17.783516522999737,1.0339999999999998,0.0,8.288,0.9799999999999999,7.480000000000001,0.7542601218460285,0.7713923110599302,0.0,0.0,1,1,0.0026385127196389413,-0.0020545192785481406,0,10,0.11687096919025776,0.012880913165635412
break_even,noise10,1010,10,low_yaw,ignore_passive,10.0,16.0,1.0,0.4,0.9,1.0,0,False,0.33298919614620115,0.014323531818447402,10,1,1,0,-0.15000000000000047,17.782,0.0008183870004359051,17.782818387000436,1.0339999999999998,0.0,8.288,0.9799999999999999,7.480000000000001,0.7542601218460285,0.7713923110599302,0.0,0.0,1,1,0.0026385127196389413,-0.0020545192785481406,0,10,0.11687096919025776,0.012880913165635412
break_even,noise10,1010,10,low_yaw,uncertainty_trigger,10.0,16.0,1.0,0.4,0.9,1.0,0,False,0.33298919614620115,0.014323531818447402,10,1,1,1,nan,18.130000000000003,0.0007013029994595854,18.130701302999462,1.0339999999999998,0.896,7.74,0.9799999999999999,7.480000000000001,0.7542601218460285,0.7713953626494517,0.5793143886203691,0.47198750936879197,1,1,0.0028995110624678855,-0.00028422461821945265,0,10,0.047245288653215395,0.005912359289177515
break_even,noise10,1001,15,low_yaw,passive,10.0,16.0,1.0,0.4,0.9,1.0,0,False,1.0576328999979314,0.002361110759867625,15,1,1,0,nan,25.28600000000001,0.0008018000012270932,25.286801800001236,1.4700000000000002,0.0,11.876000000000005,1.4700000000000002,10.470000000000004,0.6192260543215745,0.7672314112054622,0.0,0.0,1,1,-0.0019576170992887665,0.0016686413508286936,0,15,0.1278695035083463,0.015056519498000838
break_even,noise10,1001,15,low_yaw,always_probe,10.0,16.0,1.0,0.4,0.9,1.0,0,False,1.0576328999979314,0.002361110759867625,15,1,1,1,nan,25.526000000000003,0.0008029040000110399,25.526802904000014,1.4700000000000002,0.896,11.219999999999999,1.4700000000000002,10.470000000000004,0.6192119398771324,0.7672315342705496,0.5748304512675035,0.4672770751587616,1,1,-0.0028326186815503807,0.0003568448918031936,0,15,0.0637080921803292,0.015398623683546935
break_even,noise10,1001,15,low_yaw,batch_aware,10.0,16.0,1.0,0.4,0.9,1.0,0,False,1.0576328999979314,0.002361110759867625,15,1,1,0,-0.04999999999999505,25.28600000000001,0.0017182040005536692,25.287718204000562,1.4700000000000002,0.0,11.876000000000005,1.4700000000000002,10.470000000000004,0.6192260543215745,0.7672314112054622,0.0,0.0,1,1,-0.0019576170992887665,0.0016686413508286936,0,15,0.1278695035083463,0.015056519498000838
break_even,noise10,1001,15,low_yaw,ignore_passive,10.0,16.0,1.0,0.4,0.9,1.0,0,False,1.0576328999979314,0.002361110759867625,15,1,1,1,0.5999999999999995,25.526000000000003,0.0008607470008428209,25.526860747000846,1.4700000000000002,0.896,11.219999999999999,1.4700000000000002,10.470000000000004,0.6192119398771324,0.7672315342705496,0.5748304512675035,0.4672770751587616,1,1,-0.0028326186815503807,0.0003568448918031936,0,15,0.0637080921803292,0.015398623683546935
break_even,noise10,1001,15,low_yaw,uncertainty_trigger,10.0,16.0,1.0,0.4,0.9,1.0,0,False,1.0576328999979314,0.002361110759867625,15,1,1,1,nan,25.526000000000003,0.0008430959996985621,25.526843095999702,1.4700000000000002,0.896,11.219999999999999,1.4700000000000002,10.470000000000004,0.6192119398771324,0.7672315342705496,0.5748304512675035,0.4672770751587616,1,1,-0.0028326186815503807,0.0003568448918031936,0,15,0.0637080921803292,0.015398623683546935
break_even,noise10,1002,15,low_yaw,passive,10.0,16.0,1.0,0.4,0.9,1.0,0,False,0.7331496232763623,0.01021535476643178,15,1,1,0,nan,26.618,0.001098373000331776,26.61909837300033,1.4700000000000002,0.0,12.457999999999998,1.4700000000000002,11.219999999999999,0.5763537674795218,0.7582566485899958,0.0,0.0,1,1,0.0019020769412351202,-0.0001762004622302641,0,15,0.12646812997854895,0.014212844300881185
break_even,noise10,1002,15,low_yaw,always_probe,10.0,16.0,1.0,0.4,0.9,1.0,0,False,0.7331496232763623,0.01021535476643178,15,1,1,1,nan,26.690000000000005,0.0010902269982580037,26.691090226998263,1.4700000000000002,0.896,11.634000000000004,1.4700000000000002,11.219999999999999,0.5764423041741205,0.7582734137872899,0.5764423041741205,0.46852208828942793,1,1,0.0025386785101721987,0.00013394699038864373,0,15,0.05114754985338618,0.004611746229353701
break_even,noise10,1002,15,low_yaw,batch_aware,10.0,16.0,1.0,0.4,0.9,1.0,0,False,0.7331496232763623,0.01021535476643178,15,1,1,0,-0.05000000000000571,26.618,0.002163263999591436,26.62016326399959,1.4700000000000002,0.0,12.457999999999998,1.4700000000000002,11.219999999999999,0.5763537674795218,0.7582566485899958,0.0,0.0,1,1,0.0019020769412351202,-0.0001762004622302641,0,15,0.12646812997854895,0.014212844300881185
break_even,noise10,1002,15,low_yaw,ignore_passive,10.0,16.0,1.0,0.4,0.9,1.0,0,False,0.7331496232763623,0.01021535476643178,15,1,1,1,0.5999999999999995,26.690000000000005,0.0012895860013486526,26.691289586001353,1.4700000000000002,0.896,11.634000000000004,1.4700000000000002,11.219999999999999,0.5764423041741205,0.7582734137872899,0.5764423041741205,0.46852208828942793,1,1,0.0025386785101721987,0.00013394699038864373,0,15,0.05114754985338618,0.004611746229353701
break_even,noise10,1002,15,low_yaw,uncertainty_trigger,10.0,16.0,1.0,0.4,0.9,1.0,0,False,0.7331496232763623,0.01021535476643178,15,1,1,1,nan,26.690000000000005,0.0010789469997689594,26.691078946999774,1.4700000000000002,0.896,11.634000000000004,1.4700000000000002,11.219999999999999,0.5764423041741205,0.7582734137872899,0.5764423041741205,0.46852208828942793,1,1,0.0025386785101721987,0.00013394699038864373,0,15,0.05114754985338618,0.004611746229353701
break_even,noise10,1003,15,low_yaw,passive,10.0,16.0,1.0,0.4,0.9,1.0,0,False,0.4628603155760868,0.007904233635032908,15,1,1,0,nan,25.932000000000002,0.0009534719988550933,25.932953471998857,1.5020000000000004,0.0,12.1,1.4700000000000002,10.860000000000001,0.5929128436712704,0.765056733201351,0.0,0.0,1,1,-0.0016232010146731146,-0.001452039136315384,0,15,0.1199992398919244,0.011631722732405056
break_even,noise10,1003,15,low_yaw,always_probe,10.0,16.0,1.0,0.4,0.9,1.0,0,False,0.4628603155760868,0.007904233635032908,15,1,1,1,nan,26.052,0.0009165039987237833,26.052916503998723,1.5020000000000004,0.896,11.323999999999998,1.4700000000000002,10.860000000000001,0.5929464741616383,0.7650693052594861,0.5787780723883267,0.4679396618792764,1,1,-0.001464107265745196,0.00014432323281926562,0,15,0.053233348035699374,0.0072113148747899964
break_even,noise10,1003,15,low_yaw,batch_aware,10.0,16.0,1.0,0.4,0.9,1.0,0,False,0.4628603155760868,0.007904233635032908,15,1,1,0,-0.07499999999999896,25.932000000000002,0.0018876789986279618,25.93388767899863,1.5020000000000004,0.0,12.1,1.4700000000000002,10.860000000000001,0.5929128436712704,0.765056733201351,0.0,0.0,1,1,-0.0016232010146731146,-0.001452039136315384,0,15,0.1199992398919244,0.011631722732405056
break_even,noise10,1003,15,low_yaw,ignore_passive,10.0,16.0,1.0,0.4,0.9,1.0,0,False,0.4628603155760868,0.007904233635032908,15,1,1,1,0.2249999999999993,26.052,0.0009537230002933939,26.052953723000293,1.5020000000000004,0.896,11.323999999999998,1.4700000000000002,10.860000000000001,0.5929464741616383,0.7650693052594861,0.5787780723883267,0.4679396618792764,1,1,-0.001464107265745196,0.00014432323281926562,0,15,0.053233348035699374,0.0072113148747899964
break_even,noise10,1003,15,low_yaw,uncertainty_trigger,10.0,16.0,1.0,0.4,0.9,1.0,0,False,0.4628603155760868,0.007904233635032908,15,1,1,1,nan,26.052,0.0009582860002410598,26.05295828600024,1.5020000000000004,0.896,11.323999999999998,1.4700000000000002,10.860000000000001,0.5929464741616383,0.7650693052594861,0.5787780723883267,0.4679396618792764,1,1,-0.001464107265745196,0.00014432323281926562,0,15,0.053233348035699374,0.0072113148747899964
break_even,noise10,1004,15,low_yaw,passive,10.0,16.0,1.0,0.4,0.9,1.0,0,False,0.20123263383700105,0.0049934801789355224,0,0,0,0,nan,0.166,0.0,150.166,0.166,0.0,0.0,0.0,0.0,1.188687174099909,0.0616289313837562,0.0,0.0,1,1,0.02606400353288546,0.006879733779651627,0,0,0.0,0.0
break_even,noise10,1004,15,low_yaw,always_probe,10.0,16.0,1.0,0.4,0.9,1.0,0,False,0.20123263383700105,0.0049934801789355224,0,0,0,0,nan,0.166,0.0,150.166,0.166,0.0,0.0,0.0,0.0,1.188687174099909,0.0616289313837562,0.0,0.0,1,1,0.02606400353288546,0.006879733779651627,0,0,0.0,0.0
break_even,noise10,1004,15,low_yaw,batch_aware,10.0,16.0,1.0,0.4,0.9,1.0,0,False,0.20123263383700105,0.0049934801789355224,0,0,0,0,nan,0.166,0.0,150.166,0.166,0.0,0.0,0.0,0.0,1.188687174099909,0.0616289313837562,0.0,0.0,1,1,0.02606400353288546,0.006879733779651627,0,0,0.0,0.0
break_even,noise10,1004,15,low_yaw,ignore_passive,10.0,16.0,1.0,0.4,0.9,1.0,0,False,0.20123263383700105,0.0049934801789355224,0,0,0,0,nan,0.166,0.0,150.166,0.166,0.0,0.0,0.0,0.0,1.188687174099909,0.0616289313837562,0.0,0.0,1,1,0.02606400353288546,0.006879733779651627,0,0,0.0,0.0
break_even,noise10,1004,15,low_yaw,uncertainty_trigger,10.0,16.0,1.0,0.4,0.9,1.0,0,False,0.20123263383700105,0.0049934801789355224,0,0,0,0,nan,0.166,0.0,150.166,0.166,0.0,0.0,0.0,0.0,1.188687174099909,0.0616289313837562,0.0,0.0,1,1,0.02606400353288546,0.006879733779651627,0,0,0.0,0.0
break_even,noise10,1005,15,low_yaw,passive,10.0,16.0,1.0,0.4,0.9,1.0,0,False,0.31510684229505126,0.023402926974937885,15,1,1,0,nan,25.764000000000006,0.001006554999094078,25.7650065549991,1.5320000000000003,0.0,11.902000000000005,1.4700000000000002,10.860000000000001,0.9160562314455678,0.7475246839429479,0.0,0.0,1,1,-0.0035698967064229925,-0.006861595288330833,0,15,0.11639989994377681,0.012308625493728794
break_even,noise10,1005,15,low_yaw,always_probe,10.0,16.0,1.0,0.4,0.9,1.0,0,False,0.31510684229505126,0.023402926974937885,15,1,1,1,nan,25.978,0.001041047999933653,25.979041047999935,1.5320000000000003,0.896,11.219999999999999,1.4700000000000002,10.860000000000001,0.9160562314455678,0.7475470245512127,0.6963491701846656,0.4843828610277301,1,1,-0.002377604672818834,-0.0001988296835686472,0,15,0.0416123593998262,0.011928949512643514
break_even,noise10,1005,15,low_yaw,batch_aware,10.0,16.0,1.0,0.4,0.9,1.0,0,False,0.31510684229505126,0.023402926974937885,15,1,1,0,-0.07499999999999896,25.764000000000006,0.002022182000473549,25.76602218200048,1.5320000000000003,0.0,11.902000000000005,1.4700000000000002,10.860000000000001,0.9160562314455678,0.7475246839429479,0.0,0.0,1,1,-0.0035698967064229925,-0.006861595288330833,0,15,0.11639989994377681,0.012308625493728794
break_even,noise10,1005,15,low_yaw,ignore_passive,10.0,16.0,1.0,0.4,0.9,1.0,0,False,0.31510684229505126,0.023402926974937885,15,1,1,1,0.2249999999999993,25.978,0.0010592799999358249,25.979059279999937,1.5320000000000003,0.896,11.219999999999999,1.4700000000000002,10.860000000000001,0.9160562314455678,0.7475470245512127,0.6963491701846656,0.4843828610277301,1,1,-0.002377604672818834,-0.0001988296835686472,0,15,0.0416123593998262,0.011928949512643514
break_even,noise10,1005,15,low_yaw,uncertainty_trigger,10.0,16.0,1.0,0.4,0.9,1.0,0,False,0.31510684229505126,0.023402926974937885,15,1,1,1,nan,25.978,0.001023869999244198,25.979023869999246,1.5320000000000003,0.896,11.219999999999999,1.4700000000000002,10.860000000000001,0.9160562314455678,0.7475470245512127,0.6963491701846656,0.4843828610277301,1,1,-0.002377604672818834,-0.0001988296835686472,0,15,0.0416123593998262,0.011928949512643514
break_even,noise10,1006,15,low_yaw,passive,10.0,16.0,1.0,0.4,0.9,1.0,0,False,0.6716900070019542,0.015819709707392063,15,1,1,0,nan,25.822000000000003,0.00103634100059935,25.823036341000602,1.4700000000000002,0.0,12.022000000000002,1.4700000000000002,10.860000000000001,0.5945124197271106,0.7484546549088988,0.0,0.0,1,1,0.0010414008101324868,-0.002491309224603581,0,15,0.126216978362112,0.014647772399241558
break_even,noise10,1006,15,low_yaw,always_probe,10.0,16.0,1.0,0.4,0.9,1.0,0,False,0.6716900070019542,0.015819709707392063,15,1,1,1,nan,25.916,0.0009980689987969527,25.916998068998797,1.4700000000000002,0.896,11.219999999999999,1.4700000000000002,10.860000000000001,0.5945211455925515,0.7484516432916151,0.5807063570903647,0.4722771214654613,1,1,0.00027090384593742023,-0.0001557068187655053,0,15,0.046589563392283526,0.007337758494494096
break_even,noise10,1006,15,low_yaw,batch_aware,10.0,16.0,1.0,0.4,0.9,1.0,0,False,0.6716900070019542,0.015819709707392063,15,1,1,0,-0.0499999999999986,25.822000000000003,0.002119188000961003,25.824119188000964,1.4700000000000002,0.0,12.022000000000002,1.4700000000000002,10.860000000000001,0.5945124197271106,0.7484546549088988,0.0,0.0,1,1,0.0010414008101324868,-0.002491309224603581,0,15,0.126216978362112,0.014647772399241558
break_even,noise10,1006,15,low_yaw,ignore_passive,10.0,16.0,1.0,0.4,0.9,1.0,0,False,0.6716900070019542,0.015819709707392063,15,1,1,1,0.5999999999999995,25.916,0.0010773650024020753,25.917077365002402,1.4700000000000002,0.896,11.219999999999999,1.4700000000000002,10.860000000000001,0.5945211455925515,0.7484516432916151,0.5807063570903647,0.4722771214654613,1,1,0.00027090384593742023,-0.0001557068187655053,0,15,0.046589563392283526,0.007337758494494096
break_even,noise10,1006,15,low_yaw,uncertainty_trigger,10.0,16.0,1.0,0.4,0.9,1.0,0,False,0.6716900070019542,0.015819709707392063,15,1,1,1,nan,25.916,0.0010394359992460522,25.917039435999246,1.4700000000000002,0.896,11.219999999999999,1.4700000000000002,10.860000000000001,0.5945211455925515,0.7484516432916151,0.5807063570903647,0.4722771214654613,1,1,0.00027090384593742023,-0.0001557068187655053,0,15,0.046589563392283526,0.007337758494494096
break_even,noise10,1007,15,low_yaw,passive,10.0,16.0,1.0,0.4,0.9,1.0,0,False,0.29971491244524007,0.020767547939092697,15,1,1,0,nan,26.554,0.001081761999103037,26.5550817619991,1.5340000000000003,0.0,12.33,1.4700000000000002,11.219999999999999,0.869887080085026,0.7487960572829653,0.0,0.0,1,1,-0.0007832469673242359,-0.006975623952532121,0,15,0.11651914118572355,0.012274840779613865
break_even,noise10,1007,15,low_yaw,always_probe,10.0,16.0,1.0,0.4,0.9,1.0,0,False,0.29971491244524007,0.020767547939092697,15,1,1,1,nan,26.730000000000004,0.0011538330013536324,26.731153833001358,1.5340000000000003,0.896,11.610000000000003,1.4700000000000002,11.219999999999999,0.869887080085026,0.7487981113218257,0.6504116256506645,0.4794502988950981,1,1,0.0002072746887932797,-0.0009582015260590493,0,15,0.0432272609237076,0.010352437770118603
break_even,noise10,1007,15,low_yaw,batch_aware,10.0,16.0,1.0,0.4,0.9,1.0,0,False,0.29971491244524007,0.020767547939092697,15,1,1,0,-0.07500000000000606,26.554,0.0022745219994249055,26.556274521999423,1.5340000000000003,0.0,12.33,1.4700000000000002,11.219999999999999,0.869887080085026,0.7487960572829653,0.0,0.0,1,1,-0.0007832469673242359,-0.006975623952532121,0,15,0.11651914118572355,0.012274840779613865
break_even,noise10,1007,15,low_yaw,ignore_passive,10.0,16.0,1.0,0.4,0.9,1.0,0,False,0.29971491244524007,0.020767547939092697,15,1,1,1,0.2249999999999993,26.730000000000004,0.0012078590007149614,26.73120785900072,1.5340000000000003,0.896,11.610000000000003,1.4700000000000002,11.219999999999999,0.869887080085026,0.7487981113218257,0.6504116256506645,0.4794502988950981,1,1,0.0002072746887932797,-0.0009582015260590493,0,15,0.0432272609237076,0.010352437770118603
break_even,noise10,1007,15,low_yaw,uncertainty_trigger,10.0,16.0,1.0,0.4,0.9,1.0,0,False,0.29971491244524007,0.020767547939092697,15,1,1,1,nan,26.730000000000004,0.0011032259990315652,26.731103225999036,1.5340000000000003,0.896,11.610000000000003,1.4700000000000002,11.219999999999999,0.869887080085026,0.7487981113218257,0.6504116256506645,0.4794502988950981,1,1,0.0002072746887932797,-0.0009582015260590493,0,15,0.0432272609237076,0.010352437770118603
break_even,noise10,1008,15,low_yaw,passive,10.0,16.0,1.0,0.4,0.9,1.0,0,False,0.4341538486764662,0.020700167197761923,15,1,1,0,nan,24.976000000000003,0.0008078920004663814,24.97680789200047,1.5080000000000005,0.0,11.527999999999997,1.4700000000000002,10.470000000000004,0.6368997175793336,0.7706006084123024,0.0,0.0,1,1,0.004221125231167078,-0.0064122975507414914,0,15,0.11997273661270097,0.01062536490560998
break_even,noise10,1008,15,low_yaw,always_probe,10.0,16.0,1.0,0.4,0.9,1.0,0,False,0.4341538486764662,0.020700167197761923,15,1,1,1,nan,25.204000000000008,0.0007936210004118038,25.20479362100042,1.5080000000000005,0.896,10.860000000000001,1.4700000000000002,10.470000000000004,0.6368997175793336,0.770595157313464,0.6205516503465909,0.4781751670992347,1,1,0.0038232452842654197,-0.000873638600707563,0,15,0.04335940706752947,0.010352609888986243
break_even,noise10,1008,15,low_yaw,batch_aware,10.0,16.0,1.0,0.4,0.9,1.0,0,False,0.4341538486764662,0.020700167197761923,15,1,1,0,-0.09999999999999398,24.976000000000003,0.0017829470007200143,24.977782947000723,1.5080000000000005,0.0,11.527999999999997,1.4700000000000002,10.470000000000004,0.6368997175793336,0.7706006084123024,0.0,0.0,1,1,0.004221125231167078,-0.0064122975507414914,0,15,0.11997273661270097,0.01062536490560998
break_even,noise10,1008,15,low_yaw,ignore_passive,10.0,16.0,1.0,0.4,0.9,1.0,0,False,0.4341538486764662,0.020700167197761923,15,1,1,1,0.2249999999999993,25.204000000000008,0.0008497580010953243,25.204849758001103,1.5080000000000005,0.896,10.860000000000001,1.4700000000000002,10.470000000000004,0.6368997175793336,0.770595157313464,0.6205516503465909,0.4781751670992347,1,1,0.0038232452842654197,-0.000873638600707563,0,15,0.04335940706752947,0.010352609888986243
break_even,noise10,1008,15,low_yaw,uncertainty_trigger,10.0,16.0,1.0,0.4,0.9,1.0,0,False,0.4341538486764662,0.020700167197761923,15,1,1,1,nan,25.204000000000008,0.0008087520027402206,25.204808752002748,1.5080000000000005,0.896,10.860000000000001,1.4700000000000002,10.470000000000004,0.6368997175793336,0.770595157313464,0.6205516503465909,0.4781751670992347,1,1,0.0038232452842654197,-0.000873638600707563,0,15,0.04335940706752947,0.010352609888986243
break_even,noise10,1009,15,low_yaw,passive,10.0,16.0,1.0,0.4,0.9,1.0,0,False,0.279100646874815,0.00951905851647582,15,1,1,0,nan,25.172000000000008,0.0008427510006185912,25.172842751000626,1.5260000000000002,0.0,11.706000000000003,1.4700000000000002,10.470000000000004,0.9662805329486892,0.7554124946519312,0.0,0.0,1,1,-0.00316755165789967,-0.0021712538122836307,0,15,0.11629943734686303,0.012033736683298537
break_even,noise10,1009,15,low_yaw,always_probe,10.0,16.0,1.0,0.4,0.9,1.0,0,False,0.279100646874815,0.00951905851647582,15,1,1,1,nan,25.270000000000007,0.0008404989989685419,25.270840498998975,1.5260000000000002,0.896,10.908000000000001,1.4700000000000002,10.470000000000004,0.9662805329486892,0.7554033609114295,0.5800073007249347,0.4689594584556933,1,1,-0.0024863522618282508,-0.00017260376654434223,0,15,0.05164355018490799,0.005303280129535505
break_even,noise10,1009,15,low_yaw,batch_aware,10.0,16.0,1.0,0.4,0.9,1.0,0,False,0.279100646874815,0.00951905851647582,15,1,1,0,-0.09999999999999398,25.172000000000008,0.001812906999475672,25.173812906999483,1.5260000000000002,0.0,11.706000000000003,1.4700000000000002,10.470000000000004,0.9662805329486892,0.7554124946519312,0.0,0.0,1,1,-0.00316755165789967,-0.0021712538122836307,0,15,0.11629943734686303,0.012033736683298537
break_even,noise10,1009,15,low_yaw,ignore_passive,10.0,16.0,1.0,0.4,0.9,1.0,0,False,0.279100646874815,0.00951905851647582,15,1,1,1,0.2249999999999993,25.270000000000007,0.0009000779991765739,25.270900077999183,1.5260000000000002,0.896,10.908000000000001,1.4700000000000002,10.470000000000004,0.9662805329486892,0.7554033609114295,0.5800073007249347,0.4689594584556933,1,1,-0.0024863522618282508,-0.00017260376654434223,0,15,0.05164355018490799,0.005303280129535505
break_even,noise10,1009,15,low_yaw,uncertainty_trigger,10.0,16.0,1.0,0.4,0.9,1.0,0,False,0.279100646874815,0.00951905851647582,15,1,1,1,nan,25.270000000000007,0.0009235729999090836,25.270923572999916,1.5260000000000002,0.896,10.908000000000001,1.4700000000000002,10.470000000000004,0.9662805329486892,0.7554033609114295,0.5800073007249347,0.4689594584556933,1,1,-0.0024863522618282508,-0.00017260376654434223,0,15,0.05164355018490799,0.005303280129535505
break_even,noise10,1010,15,low_yaw,passive,10.0,16.0,1.0,0.4,0.9,1.0,0,False,0.33298919614620115,0.014323531818447402,15,1,1,0,nan,26.622,0.0010909229990829772,26.623090922999083,1.5240000000000002,0.0,12.408,1.4700000000000002,11.219999999999999,0.7542601218460285,0.7713923110599302,0.0,0.0,1,1,0.0038248962661847075,-0.003173167875386556,0,15,0.11687096919025776,0.015322397134976106
break_even,noise10,1010,15,low_yaw,always_probe,10.0,16.0,1.0,0.4,0.9,1.0,0,False,0.33298919614620115,0.014323531818447402,15,1,1,1,nan,26.720000000000002,0.0010486800001672236,26.72104868000017,1.5240000000000002,0.896,11.610000000000003,1.4700000000000002,11.219999999999999,0.7542601218460285,0.7713953626494517,0.5793143886203691,0.47198750936879197,1,1,0.003905794887687386,-0.0004512427642979523,0,15,0.047245288653215395,0.006473286582274782
break_even,noise10,1010,15,low_yaw,batch_aware,10.0,16.0,1.0,0.4,0.9,1.0,0,False,0.33298919614620115,0.014323531818447402,15,1,1,0,-0.07500000000000606,26.622,0.0020976840005459962,26.624097684000546,1.5240000000000002,0.0,12.408,1.4700000000000002,11.219999999999999,0.7542601218460285,0.7713923110599302,0.0,0.0,1,1,0.0038248962661847075,-0.003173167875386556,0,15,0.11687096919025776,0.015322397134976106
break_even,noise10,1010,15,low_yaw,ignore_passive,10.0,16.0,1.0,0.4,0.9,1.0,0,False,0.33298919614620115,0.014323531818447402,15,1,1,1,0.2249999999999993,26.720000000000002,0.001128750999669137,26.72112875099967,1.5240000000000002,0.896,11.610000000000003,1.4700000000000002,11.219999999999999,0.7542601218460285,0.7713953626494517,0.5793143886203691,0.47198750936879197,1,1,0.003905794887687386,-0.0004512427642979523,0,15,0.047245288653215395,0.006473286582274782
break_even,noise10,1010,15,low_yaw,uncertainty_trigger,10.0,16.0,1.0,0.4,0.9,1.0,0,False,0.33298919614620115,0.014323531818447402,15,1,1,1,nan,26.720000000000002,0.0011158789998262364,26.72111587899983,1.5240000000000002,0.896,11.610000000000003,1.4700000000000002,11.219999999999999,0.7542601218460285,0.7713953626494517,0.5793143886203691,0.47198750936879197,1,1,0.003905794887687386,-0.0004512427642979523,0,15,0.047245288653215395,0.006473286582274782
break_even,noise10,1001,25,low_yaw,passive,10.0,16.0,1.0,0.4,0.9,1.0,0,False,1.0576328999979314,0.002361110759867625,25,1,1,0,nan,41.96600000000002,0.0013649139996232407,41.967364913999646,2.45,0.0,19.616000000000014,2.45,17.450000000000006,0.6205668237084567,0.767302098388101,0.0,0.0,1,1,-0.0006181185796643174,-0.00019297030450672343,0,25,0.1278695035083463,0.011616737234300512
break_even,noise10,1001,25,low_yaw,always_probe,10.0,16.0,1.0,0.4,0.9,1.0,0,False,1.0576328999979314,0.002361110759867625,25,1,1,1,nan,41.946000000000005,0.0014031640012035496,41.94740316400121,2.45,0.896,18.7,2.45,17.450000000000006,0.6205719785322316,0.7673028565303203,0.5748304512675035,0.4672770751587616,1,1,-0.0006681539174564488,0.000128721740879488,0,25,0.0637080921803292,0.01625915337103694
break_even,noise10,1001,25,low_yaw,batch_aware,10.0,16.0,1.0,0.4,0.9,1.0,0,False,1.0576328999979314,0.002361110759867625,25,1,1,1,0.27500000000000424,41.946000000000005,0.002752389999841398,41.94875238999985,2.45,0.896,18.7,2.45,17.450000000000006,0.6205719785322316,0.7673028565303203,0.5748304512675035,0.4672770751587616,1,1,-0.0006681539174564488,0.000128721740879488,0,25,0.0637080921803292,0.01625915337103694
break_even,noise10,1001,25,low_yaw,ignore_passive,10.0,16.0,1.0,0.4,0.9,1.0,0,False,1.0576328999979314,0.002361110759867625,25,1,1,1,1.5999999999999996,41.946000000000005,0.0014108940008554782,41.94741089400086,2.45,0.896,18.7,2.45,17.450000000000006,0.6205719785322316,0.7673028565303203,0.5748304512675035,0.4672770751587616,1,1,-0.0006681539174564488,0.000128721740879488,0,25,0.0637080921803292,0.01625915337103694
break_even,noise10,1001,25,low_yaw,uncertainty_trigger,10.0,16.0,1.0,0.4,0.9,1.0,0,False,1.0576328999979314,0.002361110759867625,25,1,1,1,nan,41.946000000000005,0.0013354349994187942,41.947335434999424,2.45,0.896,18.7,2.45,17.450000000000006,0.6205719785322316,0.7673028565303203,0.5748304512675035,0.4672770751587616,1,1,-0.0006681539174564488,0.000128721740879488,0,25,0.0637080921803292,0.01625915337103694
break_even,noise10,1002,25,low_yaw,passive,10.0,16.0,1.0,0.4,0.9,1.0,0,False,0.7331496232763623,0.01021535476643178,25,1,1,0,nan,44.168000000000006,0.0020575619992087013,44.170057561999215,2.45,0.0,20.568000000000005,2.45,18.7,0.5763537674795218,0.7582566485899958,0.0,0.0,1,1,0.001166337802238293,-0.0005264575943372402,0,25,0.12646812997854895,0.013541726658831904
break_even,noise10,1002,25,low_yaw,always_probe,10.0,16.0,1.0,0.4,0.9,1.0,0,False,0.7331496232763623,0.01021535476643178,25,1,1,1,nan,43.87000000000001,0.0018520130001888901,43.8718520130002,2.45,0.896,19.374000000000013,2.45,18.7,0.5764423041741205,0.7582734137872899,0.5764423041741205,0.46852208828942793,1,1,0.0019212058428974554,6.563556185450875e-05,0,25,0.05114754985338618,0.004810876423962997
break_even,noise10,1002,25,low_yaw,batch_aware,10.0,16.0,1.0,0.4,0.9,1.0,0,False,0.7331496232763623,0.01021535476643178,25,1,1,1,0.3499999999999964,43.87000000000001,0.003751224000552611,43.873751224000564,2.45,0.896,19.374000000000013,2.45,18.7,0.5764423041741205,0.7582734137872899,0.5764423041741205,0.46852208828942793,1,1,0.0019212058428974554,6.563556185450875e-05,0,25,0.05114754985338618,0.004810876423962997
break_even,noise10,1002,25,low_yaw,ignore_passive,10.0,16.0,1.0,0.4,0.9,1.0,0,False,0.7331496232763623,0.01021535476643178,25,1,1,1,1.5999999999999996,43.87000000000001,0.0018761680016723403,43.871876168001684,2.45,0.896,19.374000000000013,2.45,18.7,0.5764423041741205,0.7582734137872899,0.5764423041741205,0.46852208828942793,1,1,0.0019212058428974554,6.563556185450875e-05,0,25,0.05114754985338618,0.004810876423962997
break_even,noise10,1002,25,low_yaw,uncertainty_trigger,10.0,16.0,1.0,0.4,0.9,1.0,0,False,0.7331496232763623,0.01021535476643178,25,1,1,1,nan,43.87000000000001,0.0018882829981521354,43.871888282998164,2.45,0.896,19.374000000000013,2.45,18.7,0.5764423041741205,0.7582734137872899,0.5764423041741205,0.46852208828942793,1,1,0.0019212058428974554,6.563556185450875e-05,0,25,0.05114754985338618,0.004810876423962997
break_even,noise10,1003,25,low_yaw,passive,10.0,16.0,1.0,0.4,0.9,1.0,0,False,0.4628603155760868,0.007904233635032908,25,1,1,0,nan,43.11200000000001,0.0015475289992537,43.11354752899926,2.482,0.0,20.080000000000005,2.45,18.1,0.5932729065922071,0.765056733201351,0.0,0.0,1,1,-4.506507913698554e-05,-0.00214522673956998,0,25,0.1199992398919244,0.013410436489697388
break_even,noise10,1003,25,low_yaw,always_probe,10.0,16.0,1.0,0.4,0.9,1.0,0,False,0.4628603155760868,0.007904233635032908,25,1,1,1,nan,42.732,0.0015368949989351677,42.733536894998934,2.482,0.896,18.804,2.45,18.1,0.5934236527971248,0.7650693052594861,0.5787780723883267,0.4679396618792764,1,1,-1.519545446959647e-05,-2.149458873487893e-05,0,25,0.053233348035699374,0.0052736606426539425
break_even,noise10,1003,25,low_yaw,batch_aware,10.0,16.0,1.0,0.4,0.9,1.0,0,False,0.4628603155760868,0.007904233635032908,25,1,1,1,0.2749999999999936,42.732,0.0033739189993866603,42.735373918999386,2.482,0.896,18.804,2.45,18.1,0.5934236527971248,0.7650693052594861,0.5787780723883267,0.4679396618792764,1,1,-1.519545446959647e-05,-2.149458873487893e-05,0,25,0.053233348035699374,0.0052736606426539425
break_even,noise10,1003,25,low_yaw,ignore_passive,10.0,16.0,1.0,0.4,0.9,1.0,0,False,0.4628603155760868,0.007904233635032908,25,1,1,1,0.9749999999999989,42.732,0.0020103840010960994,42.734010384001095,2.482,0.896,18.804,2.45,18.1,0.5934236527971248,0.7650693052594861,0.5787780723883267,0.4679396618792764,1,1,-1.519545446959647e-05,-2.149458873487893e-05,0,25,0.053233348035699374,0.0052736606426539425
break_even,noise10,1003,25,low_yaw,uncertainty_trigger,10.0,16.0,1.0,0.4,0.9,1.0,0,False,0.4628603155760868,0.007904233635032908,25,1,1,1,nan,42.732,0.0015814830003364477,42.733581483000336,2.482,0.896,18.804,2.45,18.1,0.5934236527971248,0.7650693052594861,0.5787780723883267,0.4679396618792764,1,1,-1.519545446959647e-05,-2.149458873487893e-05,0,25,0.053233348035699374,0.0052736606426539425
break_even,noise10,1004,25,low_yaw,passive,10.0,16.0,1.0,0.4,0.9,1.0,0,False,0.20123263383700105,0.0049934801789355224,0,0,0,0,nan,0.166,0.0,250.166,0.166,0.0,0.0,0.0,0.0,1.188687174099909,0.0616289313837562,0.0,0.0,1,1,0.02606400353288546,0.006879733779651627,0,0,0.0,0.0
break_even,noise10,1004,25,low_yaw,always_probe,10.0,16.0,1.0,0.4,0.9,1.0,0,False,0.20123263383700105,0.0049934801789355224,0,0,0,0,nan,0.166,0.0,250.166,0.166,0.0,0.0,0.0,0.0,1.188687174099909,0.0616289313837562,0.0,0.0,1,1,0.02606400353288546,0.006879733779651627,0,0,0.0,0.0
break_even,noise10,1004,25,low_yaw,batch_aware,10.0,16.0,1.0,0.4,0.9,1.0,0,False,0.20123263383700105,0.0049934801789355224,0,0,0,0,nan,0.166,0.0,250.166,0.166,0.0,0.0,0.0,0.0,1.188687174099909,0.0616289313837562,0.0,0.0,1,1,0.02606400353288546,0.006879733779651627,0,0,0.0,0.0
break_even,noise10,1004,25,low_yaw,ignore_passive,10.0,16.0,1.0,0.4,0.9,1.0,0,False,0.20123263383700105,0.0049934801789355224,0,0,0,0,nan,0.166,0.0,250.166,0.166,0.0,0.0,0.0,0.0,1.188687174099909,0.0616289313837562,0.0,0.0,1,1,0.02606400353288546,0.006879733779651627,0,0,0.0,0.0
break_even,noise10,1004,25,low_yaw,uncertainty_trigger,10.0,16.0,1.0,0.4,0.9,1.0,0,False,0.20123263383700105,0.0049934801789355224,0,0,0,0,nan,0.166,0.0,250.166,0.166,0.0,0.0,0.0,0.0,1.188687174099909,0.0616289313837562,0.0,0.0,1,1,0.02606400353288546,0.006879733779651627,0,0,0.0,0.0
break_even,noise10,1005,25,low_yaw,passive,10.0,16.0,1.0,0.4,0.9,1.0,0,False,0.31510684229505126,0.023402926974937885,25,1,1,0,nan,42.704000000000015,0.0017053770002348756,42.70570537700025,2.512,0.0,19.642000000000014,2.45,18.1,0.9160562314455678,0.7475246839429479,0.0,0.0,1,1,-0.001140725173505941,-0.0056098479052642605,0,25,0.11639989994377681,0.011900088262511987
break_even,noise10,1005,25,low_yaw,always_probe,10.0,16.0,1.0,0.4,0.9,1.0,0,False,0.31510684229505126,0.023402926974937885,25,1,1,1,nan,42.658,0.0016735839990360546,42.65967358399904,2.512,0.896,18.7,2.45,18.1,0.9160562314455678,0.7475470245512127,0.6963491701846656,0.4843828610277301,1,1,-3.389031849049262e-05,-0.00031592948685582947,0,25,0.0416123593998262,0.012635075485644581
break_even,noise10,1005,25,low_yaw,batch_aware,10.0,16.0,1.0,0.4,0.9,1.0,0,False,0.31510684229505126,0.023402926974937885,25,1,1,1,0.2749999999999936,42.658,0.003453757001352642,42.661453757001354,2.512,0.896,18.7,2.45,18.1,0.9160562314455678,0.7475470245512127,0.6963491701846656,0.4843828610277301,1,1,-3.389031849049262e-05,-0.00031592948685582947,0,25,0.0416123593998262,0.012635075485644581
break_even,noise10,1005,25,low_yaw,ignore_passive,10.0,16.0,1.0,0.4,0.9,1.0,0,False,0.31510684229505126,0.023402926974937885,25,1,1,1,0.9749999999999989,42.658,0.001764382999681402,42.65976438299968,2.512,0.896,18.7,2.45,18.1,0.9160562314455678,0.7475470245512127,0.6963491701846656,0.4843828610277301,1,1,-3.389031849049262e-05,-0.00031592948685582947,0,25,0.0416123593998262,0.012635075485644581
break_even,noise10,1005,25,low_yaw,uncertainty_trigger,10.0,16.0,1.0,0.4,0.9,1.0,0,False,0.31510684229505126,0.023402926974937885,25,1,1,1,nan,42.658,0.0016723080002520874,42.65967230800025,2.512,0.896,18.7,2.45,18.1,0.9160562314455678,0.7475470245512127,0.6963491701846656,0.4843828610277301,1,1,-3.389031849049262e-05,-0.00031592948685582947,0,25,0.0416123593998262,0.012635075485644581
break_even,noise10,1006,25,low_yaw,passive,10.0,16.0,1.0,0.4,0.9,1.0,0,False,0.6716900070019542,0.015819709707392063,25,1,1,0,nan,42.762000000000015,0.001870006999524776,42.76387000699954,2.45,0.0,19.76200000000001,2.45,18.1,0.5945124197271106,0.7484785373558698,0.0,0.0,1,1,-0.0014034993223629444,-0.0033394805700911693,0,25,0.126216978362112,0.011022619996322102
break_even,noise10,1006,25,low_yaw,always_probe,10.0,16.0,1.0,0.4,0.9,1.0,0,False,0.6716900070019542,0.015819709707392063,25,1,1,1,nan,42.596000000000004,0.002011230001699005,42.5980112300017,2.45,0.896,18.7,2.45,18.1,0.5945211455925515,0.7484780585908878,0.5807063570903647,0.4722771214654613,1,1,-0.0014176695697880604,-0.00040589533370731165,0,25,0.046589563392283526,0.008152595274603372
break_even,noise10,1006,25,low_yaw,batch_aware,10.0,16.0,1.0,0.4,0.9,1.0,0,False,0.6716900070019542,0.015819709707392063,25,1,1,1,0.2999999999999957,42.596000000000004,0.0033887860013237514,42.59938878600133,2.45,0.896,18.7,2.45,18.1,0.5945211455925515,0.7484780585908878,0.5807063570903647,0.4722771214654613,1,1,-0.0014176695697880604,-0.00040589533370731165,0,25,0.046589563392283526,0.008152595274603372
break_even,noise10,1006,25,low_yaw,ignore_passive,10.0,16.0,1.0,0.4,0.9,1.0,0,False,0.6716900070019542,0.015819709707392063,25,1,1,1,1.5999999999999996,42.596000000000004,0.0017628570021770429,42.59776285700218,2.45,0.896,18.7,2.45,18.1,0.5945211455925515,0.7484780585908878,0.5807063570903647,0.4722771214654613,1,1,-0.0014176695697880604,-0.00040589533370731165,0,25,0.046589563392283526,0.008152595274603372
break_even,noise10,1006,25,low_yaw,uncertainty_trigger,10.0,16.0,1.0,0.4,0.9,1.0,0,False,0.6716900070019542,0.015819709707392063,25,1,1,1,nan,42.596000000000004,0.0017119809981522849,42.597711980998156,2.45,0.896,18.7,2.45,18.1,0.5945211455925515,0.7484780585908878,0.5807063570903647,0.4722771214654613,1,1,-0.0014176695697880604,-0.00040589533370731165,0,25,0.046589563392283526,0.008152595274603372
break_even,noise10,1007,25,low_yaw,passive,10.0,16.0,1.0,0.4,0.9,1.0,0,False,0.29971491244524007,0.020767547939092697,25,1,1,0,nan,43.97400000000001,0.0018024030014203163,43.97580240300143,2.514,0.0,20.31000000000001,2.45,18.7,0.869887080085026,0.7490641876733362,0.0,0.0,1,0,-0.0008827594358675195,-0.007014015535896546,0,25,0.11651914118572355,0.009979337348895789
break_even,noise10,1007,25,low_yaw,always_probe,10.0,16.0,1.0,0.4,0.9,1.0,0,False,0.29971491244524007,0.020767547939092697,25,1,1,1,nan,43.91000000000001,0.0019951550020778086,43.91199515500209,2.514,0.896,19.350000000000012,2.45,18.7,0.869887080085026,0.7490595563489632,0.6504116256506645,0.4794502988950981,1,1,-0.0002705633126818263,-0.001279219105475602,0,25,0.0432272609237076,0.011027889777326279
break_even,noise10,1007,25,low_yaw,batch_aware,10.0,16.0,1.0,0.4,0.9,1.0,0,False,0.29971491244524007,0.020767547939092697,25,1,1,1,0.32499999999999785,43.91000000000001,0.0037694419984291017,43.91376944199844,2.514,0.896,19.350000000000012,2.45,18.7,0.869887080085026,0.7490595563489632,0.6504116256506645,0.4794502988950981,1,1,-0.0002705633126818263,-0.001279219105475602,0,25,0.0432272609237076,0.011027889777326279
break_even,noise10,1007,25,low_yaw,ignore_passive,10.0,16.0,1.0,0.4,0.9,1.0,0,False,0.29971491244524007,0.020767547939092697,25,1,1,1,0.9749999999999989,43.91000000000001,0.001888136000616214,43.91188813600063,2.514,0.896,19.350000000000012,2.45,18.7,0.869887080085026,0.7490595563489632,0.6504116256506645,0.4794502988950981,1,1,-0.0002705633126818263,-0.001279219105475602,0,25,0.0432272609237076,0.011027889777326279
break_even,noise10,1007,25,low_yaw,uncertainty_trigger,10.0,16.0,1.0,0.4,0.9,1.0,0,False,0.29971491244524007,0.020767547939092697,25,1,1,1,nan,43.91000000000001,0.0018357299995841458,43.911835729999595,2.514,0.896,19.350000000000012,2.45,18.7,0.869887080085026,0.7490595563489632,0.6504116256506645,0.4794502988950981,1,1,-0.0002705633126818263,-0.001279219105475602,0,25,0.0432272609237076,0.011027889777326279
break_even,noise10,1008,25,low_yaw,passive,10.0,16.0,1.0,0.4,0.9,1.0,0,False,0.4341538486764662,0.020700167197761923,25,1,1,0,nan,41.39600000000001,0.0013353759991332481,41.39733537599914,2.4880000000000004,0.0,19.008,2.45,17.450000000000006,0.6368997175793336,0.7706006084123024,0.0,0.0,1,1,-0.00015131683377700433,-0.005953476903227848,0,25,0.11997273661270097,0.010566954649544663
break_even,noise10,1008,25,low_yaw,always_probe,10.0,16.0,1.0,0.4,0.9,1.0,0,False,0.4341538486764662,0.020700167197761923,25,1,1,1,nan,41.38400000000001,0.0014068379996388103,41.385406837999646,2.4880000000000004,0.896,18.1,2.45,17.450000000000006,0.6368997175793336,0.770595157313464,0.6205516503465909,0.4781751670992347,1,1,-0.00034625042201802403,-0.0011282514884162487,0,25,0.04335940706752947,0.01110947338984145
break_even,noise10,1008,25,low_yaw,batch_aware,10.0,16.0,1.0,0.4,0.9,1.0,0,False,0.4341538486764662,0.020700167197761923,25,1,1,1,0.20000000000000495,41.38400000000001,0.0028214759986440185,41.38682147599865,2.4880000000000004,0.896,18.1,2.45,17.450000000000006,0.6368997175793336,0.770595157313464,0.6205516503465909,0.4781751670992347,1,1,-0.00034625042201802403,-0.0011282514884162487,0,25,0.04335940706752947,0.01110947338984145
break_even,noise10,1008,25,low_yaw,ignore_passive,10.0,16.0,1.0,0.4,0.9,1.0,0,False,0.4341538486764662,0.020700167197761923,25,1,1,1,0.9749999999999989,41.38400000000001,0.0014900530018167046,41.385490053001824,2.4880000000000004,0.896,18.1,2.45,17.450000000000006,0.6368997175793336,0.770595157313464,0.6205516503465909,0.4781751670992347,1,1,-0.00034625042201802403,-0.0011282514884162487,0,25,0.04335940706752947,0.01110947338984145
break_even,noise10,1008,25,low_yaw,uncertainty_trigger,10.0,16.0,1.0,0.4,0.9,1.0,0,False,0.4341538486764662,0.020700167197761923,25,1,1,1,nan,41.38400000000001,0.0013517549978132593,41.38535175499782,2.4880000000000004,0.896,18.1,2.45,17.450000000000006,0.6368997175793336,0.770595157313464,0.6205516503465909,0.4781751670992347,1,1,-0.00034625042201802403,-0.0011282514884162487,0,25,0.04335940706752947,0.01110947338984145
break_even,noise10,1009,25,low_yaw,passive,10.0,16.0,1.0,0.4,0.9,1.0,0,False,0.279100646874815,0.00951905851647582,25,1,1,0,nan,41.85200000000002,0.0014875709998705133,41.85348757099989,2.506,0.0,19.446000000000012,2.45,17.450000000000006,0.9662805329486892,0.7556780346928037,0.0,0.0,1,1,-0.0036599862877040867,-0.002711503204617379,0,25,0.11629943734686303,0.015519421797262409
break_even,noise10,1009,25,low_yaw,always_probe,10.0,16.0,1.0,0.4,0.9,1.0,0,False,0.279100646874815,0.00951905851647582,25,1,1,1,nan,41.45000000000001,0.0014910559989402827,41.45149105599895,2.506,0.896,18.148000000000003,2.45,17.450000000000006,0.9662805329486892,0.7556694040866305,0.5800073007249347,0.4689594584556933,1,1,-0.003412633830886136,-0.0003682657387822606,0,25,0.05164355018490799,0.004749714728545429
break_even,noise10,1009,25,low_yaw,batch_aware,10.0,16.0,1.0,0.4,0.9,1.0,0,False,0.279100646874815,0.00951905851647582,25,1,1,1,0.20000000000000495,41.45000000000001,0.0030623579991697625,41.45306235799918,2.506,0.896,18.148000000000003,2.45,17.450000000000006,0.9662805329486892,0.7556694040866305,0.5800073007249347,0.4689594584556933,1,1,-0.003412633830886136,-0.0003682657387822606,0,25,0.05164355018490799,0.004749714728545429
break_even,noise10,1009,25,low_yaw,ignore_passive,10.0,16.0,1.0,0.4,0.9,1.0,0,False,0.279100646874815,0.00951905851647582,25,1,1,1,0.9749999999999989,41.45000000000001,0.0017576909986019018,41.45175769099861,2.506,0.896,18.148000000000003,2.45,17.450000000000006,0.9662805329486892,0.7556694040866305,0.5800073007249347,0.4689594584556933,1,1,-0.003412633830886136,-0.0003682657387822606,0,25,0.05164355018490799,0.004749714728545429
break_even,noise10,1009,25,low_yaw,uncertainty_trigger,10.0,16.0,1.0,0.4,0.9,1.0,0,False,0.279100646874815,0.00951905851647582,25,1,1,1,nan,41.45000000000001,0.0014720229992235545,41.45147202299923,2.506,0.896,18.148000000000003,2.45,17.450000000000006,0.9662805329486892,0.7556694040866305,0.5800073007249347,0.4689594584556933,1,1,-0.003412633830886136,-0.0003682657387822606,0,25,0.05164355018490799,0.004749714728545429
break_even,noise10,1010,25,low_yaw,passive,10.0,16.0,1.0,0.4,0.9,1.0,0,False,0.33298919614620115,0.014323531818447402,25,1,1,0,nan,44.120000000000005,0.0018723489997682918,44.12187234899977,2.504,0.0,20.466000000000008,2.45,18.7,0.7542601218460285,0.7713923110599302,0.0,0.0,1,1,0.0025460299362811134,-0.0034701133656151583,0,25,0.11687096919025776,0.012708302526631545
break_even,noise10,1010,25,low_yaw,always_probe,10.0,16.0,1.0,0.4,0.9,1.0,0,False,0.33298919614620115,0.014323531818447402,25,1,1,1,nan,43.90000000000001,0.001939355001468357,43.90193935500148,2.504,0.896,19.350000000000012,2.45,18.7,0.7542601218460285,0.7713953626494517,0.5793143886203691,0.47198750936879197,1,1,0.0022986523295802086,-0.0006313401875619132,0,25,0.047245288653215395,0.007178278101160733
break_even,noise10,1010,25,low_yaw,batch_aware,10.0,16.0,1.0,0.4,0.9,1.0,0,False,0.33298919614620115,0.014323531818447402,25,1,1,1,0.32499999999999785,43.90000000000001,0.0036053950016139424,43.90360539500163,2.504,0.896,19.350000000000012,2.45,18.7,0.7542601218460285,0.7713953626494517,0.5793143886203691,0.47198750936879197,1,1,0.0022986523295802086,-0.0006313401875619132,0,25,0.047245288653215395,0.007178278101160733
break_even,noise10,1010,25,low_yaw,ignore_passive,10.0,16.0,1.0,0.4,0.9,1.0,0,False,0.33298919614620115,0.014323531818447402,25,1,1,1,0.9749999999999989,43.90000000000001,0.001972959999420709,43.90197295999943,2.504,0.896,19.350000000000012,2.45,18.7,0.7542601218460285,0.7713953626494517,0.5793143886203691,0.47198750936879197,1,1,0.0022986523295802086,-0.0006313401875619132,0,25,0.047245288653215395,0.007178278101160733
break_even,noise10,1010,25,low_yaw,uncertainty_trigger,10.0,16.0,1.0,0.4,0.9,1.0,0,False,0.33298919614620115,0.014323531818447402,25,1,1,1,nan,43.90000000000001,0.0017607590007173712,43.90176075900073,2.504,0.896,19.350000000000012,2.45,18.7,0.7542601218460285,0.7713953626494517,0.5793143886203691,0.47198750936879197,1,1,0.0022986523295802086,-0.0006313401875619132,0,25,0.047245288653215395,0.007178278101160733
break_even,noise10,1001,30,low_yaw,passive,10.0,16.0,1.0,0.4,0.9,1.0,0,False,1.0576328999979314,0.002361110759867625,30,1,1,0,nan,50.306000000000026,0.001621372001409327,50.307621372001435,2.9399999999999995,0.0,23.48600000000002,2.9399999999999995,20.94000000000001,0.6205668237084567,0.767302098388101,0.0,0.0,1,1,-0.0004284748171015096,-0.00039403584667846827,0,30,0.1278695035083463,0.011236287243238224
break_even,noise10,1001,30,low_yaw,always_probe,10.0,16.0,1.0,0.4,0.9,1.0,0,False,1.0576328999979314,0.002361110759867625,30,1,1,1,nan,50.15600000000001,0.0017258569992009143,50.157725856999214,2.9399999999999995,0.896,22.440000000000005,2.9399999999999995,20.94000000000001,0.6205719785322316,0.7673028565303203,0.5748304512675035,0.4672770751587616,1,1,-0.0007139067542953903,8.024552785837989e-05,0,30,0.0637080921803292,0.016554826911696165
break_even,noise10,1001,30,low_yaw,batch_aware,10.0,16.0,1.0,0.4,0.9,1.0,0,False,1.0576328999979314,0.002361110759867625,30,1,1,1,0.39999999999999714,50.15600000000001,0.0032895210001697706,50.15928952100018,2.9399999999999995,0.896,22.440000000000005,2.9399999999999995,20.94000000000001,0.6205719785322316,0.7673028565303203,0.5748304512675035,0.4672770751587616,1,1,-0.0007139067542953903,8.024552785837989e-05,0,30,0.0637080921803292,0.016554826911696165
break_even,noise10,1001,30,low_yaw,ignore_passive,10.0,16.0,1.0,0.4,0.9,1.0,0,False,1.0576328999979314,0.002361110759867625,30,1,1,1,2.099999999999999,50.15600000000001,0.0018859080009860918,50.157885908001,2.9399999999999995,0.896,22.440000000000005,2.9399999999999995,20.94000000000001,0.6205719785322316,0.7673028565303203,0.5748304512675035,0.4672770751587616,1,1,-0.0007139067542953903,8.024552785837989e-05,0,30,0.0637080921803292,0.016554826911696165
break_even,noise10,1001,30,low_yaw,uncertainty_trigger,10.0,16.0,1.0,0.4,0.9,1.0,0,False,1.0576328999979314,0.002361110759867625,30,1,1,1,nan,50.15600000000001,0.0016356630003429018,50.157635663000356,2.9399999999999995,0.896,22.440000000000005,2.9399999999999995,20.94000000000001,0.6205719785322316,0.7673028565303203,0.5748304512675035,0.4672770751587616,1,1,-0.0007139067542953903,8.024552785837989e-05,0,30,0.0637080921803292,0.016554826911696165
break_even,noise10,1002,30,low_yaw,passive,10.0,16.0,1.0,0.4,0.9,1.0,0,False,0.7331496232763623,0.01021535476643178,30,1,1,0,nan,52.878000000000014,0.002771484999357199,52.88077148499937,2.9399999999999995,0.0,24.558000000000014,2.9399999999999995,22.440000000000005,0.5763537674795218,0.7582566485899958,0.0,0.0,1,1,0.001041732219742797,-0.0011531477154207055,0,30,0.12646812997854895,0.011929936275274527
break_even,noise10,1002,30,low_yaw,always_probe,10.0,16.0,1.0,0.4,0.9,1.0,0,False,0.7331496232763623,0.01021535476643178,30,1,1,1,nan,52.46000000000002,0.002691573999982211,52.462691574000004,2.9399999999999995,0.896,23.244000000000018,2.9399999999999995,22.440000000000005,0.5764423041741205,0.7582734137872899,0.5764423041741205,0.46852208828942793,1,1,0.0016790554119830992,-4.5893491113051244e-05,0,30,0.05114754985338618,0.004951488568298257
break_even,noise10,1002,30,low_yaw,batch_aware,10.0,16.0,1.0,0.4,0.9,1.0,0,False,0.7331496232763623,0.01021535476643178,30,1,1,1,0.4750000000000071,52.46000000000002,0.0049864439993143606,52.46498644399934,2.9399999999999995,0.896,23.244000000000018,2.9399999999999995,22.440000000000005,0.5764423041741205,0.7582734137872899,0.5764423041741205,0.46852208828942793,1,1,0.0016790554119830992,-4.5893491113051244e-05,0,30,0.05114754985338618,0.004951488568298257
break_even,noise10,1002,30,low_yaw,ignore_passive,10.0,16.0,1.0,0.4,0.9,1.0,0,False,0.7331496232763623,0.01021535476643178,30,1,1,1,2.099999999999999,52.46000000000002,0.002186050999625877,52.46218605099965,2.9399999999999995,0.896,23.244000000000018,2.9399999999999995,22.440000000000005,0.5764423041741205,0.7582734137872899,0.5764423041741205,0.46852208828942793,1,1,0.0016790554119830992,-4.5893491113051244e-05,0,30,0.05114754985338618,0.004951488568298257
break_even,noise10,1002,30,low_yaw,uncertainty_trigger,10.0,16.0,1.0,0.4,0.9,1.0,0,False,0.7331496232763623,0.01021535476643178,30,1,1,1,nan,52.46000000000002,0.0021334840002964484,52.46213348400032,2.9399999999999995,0.896,23.244000000000018,2.9399999999999995,22.440000000000005,0.5764423041741205,0.7582734137872899,0.5764423041741205,0.46852208828942793,1,1,0.0016790554119830992,-4.5893491113051244e-05,0,30,0.05114754985338618,0.004951488568298257
break_even,noise10,1003,30,low_yaw,passive,10.0,16.0,1.0,0.4,0.9,1.0,0,False,0.4628603155760868,0.007904233635032908,30,1,1,0,nan,51.70200000000001,0.0017966130021704885,51.70379661300218,2.9719999999999995,0.0,24.070000000000014,2.9399999999999995,21.720000000000002,0.5932729065922071,0.765056733201351,0.0,0.0,1,1,-0.0011459197215317185,-0.002141940013117737,0,30,0.1199992398919244,0.014741709693600837
break_even,noise10,1003,30,low_yaw,always_probe,10.0,16.0,1.0,0.4,0.9,1.0,0,False,0.4628603155760868,0.007904233635032908,30,1,1,1,nan,51.072,0.0017559919983796135,51.07375599199838,2.9719999999999995,0.896,22.544000000000004,2.9399999999999995,21.720000000000002,0.5934236527971248,0.7650693052594861,0.5787780723883267,0.4679396618792764,1,1,-0.0008688335338503106,-8.609406338183634e-05,0,30,0.053233348035699374,0.004889086040551363
break_even,noise10,1003,30,low_yaw,batch_aware,10.0,16.0,1.0,0.4,0.9,1.0,0,False,0.4628603155760868,0.007904233635032908,30,1,1,1,0.3999999999999865,51.072,0.0035998849971292657,51.07559988499713,2.9719999999999995,0.896,22.544000000000004,2.9399999999999995,21.720000000000002,0.5934236527971248,0.7650693052594861,0.5787780723883267,0.4679396618792764,1,1,-0.0008688335338503106,-8.609406338183634e-05,0,30,0.053233348035699374,0.004889086040551363
break_even,noise10,1003,30,low_yaw,ignore_passive,10.0,16.0,1.0,0.4,0.9,1.0,0,False,0.4628603155760868,0.007904233635032908,30,1,1,1,1.3499999999999988,51.072,0.0018560149960649142,51.07385601499607,2.9719999999999995,0.896,22.544000000000004,2.9399999999999995,21.720000000000002,0.5934236527971248,0.7650693052594861,0.5787780723883267,0.4679396618792764,1,1,-0.0008688335338503106,-8.609406338183634e-05,0,30,0.053233348035699374,0.004889086040551363
break_even,noise10,1003,30,low_yaw,uncertainty_trigger,10.0,16.0,1.0,0.4,0.9,1.0,0,False,0.4628603155760868,0.007904233635032908,30,1,1,1,nan,51.072,0.002066757998363755,51.07406675799837,2.9719999999999995,0.896,22.544000000000004,2.9399999999999995,21.720000000000002,0.5934236527971248,0.7650693052594861,0.5787780723883267,0.4679396618792764,1,1,-0.0008688335338503106,-8.609406338183634e-05,0,30,0.053233348035699374,0.004889086040551363
break_even,noise10,1004,30,low_yaw,passive,10.0,16.0,1.0,0.4,0.9,1.0,0,False,0.20123263383700105,0.0049934801789355224,0,0,0,0,nan,0.166,0.0,300.166,0.166,0.0,0.0,0.0,0.0,1.188687174099909,0.0616289313837562,0.0,0.0,1,1,0.02606400353288546,0.006879733779651627,0,0,0.0,0.0
break_even,noise10,1004,30,low_yaw,always_probe,10.0,16.0,1.0,0.4,0.9,1.0,0,False,0.20123263383700105,0.0049934801789355224,0,0,0,0,nan,0.166,0.0,300.166,0.166,0.0,0.0,0.0,0.0,1.188687174099909,0.0616289313837562,0.0,0.0,1,1,0.02606400353288546,0.006879733779651627,0,0,0.0,0.0
break_even,noise10,1004,30,low_yaw,batch_aware,10.0,16.0,1.0,0.4,0.9,1.0,0,False,0.20123263383700105,0.0049934801789355224,0,0,0,0,nan,0.166,0.0,300.166,0.166,0.0,0.0,0.0,0.0,1.188687174099909,0.0616289313837562,0.0,0.0,1,1,0.02606400353288546,0.006879733779651627,0,0,0.0,0.0
break_even,noise10,1004,30,low_yaw,ignore_passive,10.0,16.0,1.0,0.4,0.9,1.0,0,False,0.20123263383700105,0.0049934801789355224,0,0,0,0,nan,0.166,0.0,300.166,0.166,0.0,0.0,0.0,0.0,1.188687174099909,0.0616289313837562,0.0,0.0,1,1,0.02606400353288546,0.006879733779651627,0,0,0.0,0.0
break_even,noise10,1004,30,low_yaw,uncertainty_trigger,10.0,16.0,1.0,0.4,0.9,1.0,0,False,0.20123263383700105,0.0049934801789355224,0,0,0,0,nan,0.166,0.0,300.166,0.166,0.0,0.0,0.0,0.0,1.188687174099909,0.0616289313837562,0.0,0.0,1,1,0.02606400353288546,0.006879733779651627,0,0,0.0,0.0
break_even,noise10,1005,30,low_yaw,passive,10.0,16.0,1.0,0.4,0.9,1.0,0,False,0.31510684229505126,0.023402926974937885,30,1,1,0,nan,51.17400000000002,0.0020173749999230495,51.176017374999944,3.0019999999999993,0.0,23.512000000000018,2.9399999999999995,21.720000000000002,0.9160562314455678,0.7475246839429479,0.0,0.0,1,1,-0.0011222354049171823,-0.005823236699639807,0,30,0.11639989994377681,0.012608955879984517
break_even,noise10,1005,30,low_yaw,always_probe,10.0,16.0,1.0,0.4,0.9,1.0,0,False,0.31510684229505126,0.023402926974937885,30,1,1,1,nan,50.998000000000005,0.0020021660016027454,51.00000216600161,3.0019999999999993,0.896,22.440000000000005,2.9399999999999995,21.720000000000002,0.9160562314455678,0.7475470245512127,0.6963491701846656,0.4843828610277301,1,1,-0.0003221112310402563,-0.00047609902399916443,0,30,0.0416123593998262,0.01289516058111581
break_even,noise10,1005,30,low_yaw,batch_aware,10.0,16.0,1.0,0.4,0.9,1.0,0,False,0.31510684229505126,0.023402926974937885,30,1,1,1,0.3999999999999865,50.998000000000005,0.003995049001787265,51.00199504900179,3.0019999999999993,0.896,22.440000000000005,2.9399999999999995,21.720000000000002,0.9160562314455678,0.7475470245512127,0.6963491701846656,0.4843828610277301,1,1,-0.0003221112310402563,-0.00047609902399916443,0,30,0.0416123593998262,0.01289516058111581
break_even,noise10,1005,30,low_yaw,ignore_passive,10.0,16.0,1.0,0.4,0.9,1.0,0,False,0.31510684229505126,0.023402926974937885,30,1,1,1,1.3499999999999988,50.998000000000005,0.0020930360014972393,51.0000930360015,3.0019999999999993,0.896,22.440000000000005,2.9399999999999995,21.720000000000002,0.9160562314455678,0.7475470245512127,0.6963491701846656,0.4843828610277301,1,1,-0.0003221112310402563,-0.00047609902399916443,0,30,0.0416123593998262,0.01289516058111581
break_even,noise10,1005,30,low_yaw,uncertainty_trigger,10.0,16.0,1.0,0.4,0.9,1.0,0,False,0.31510684229505126,0.023402926974937885,30,1,1,1,nan,50.998000000000005,0.001944287999322114,50.99994428799933,3.0019999999999993,0.896,22.440000000000005,2.9399999999999995,21.720000000000002,0.9160562314455678,0.7475470245512127,0.6963491701846656,0.4843828610277301,1,1,-0.0003221112310402563,-0.00047609902399916443,0,30,0.0416123593998262,0.01289516058111581
break_even,noise10,1006,30,low_yaw,passive,10.0,16.0,1.0,0.4,0.9,1.0,0,False,0.6716900070019542,0.015819709707392063,30,1,1,0,nan,51.23200000000001,0.002005918998747802,51.23400591899876,2.9399999999999995,0.0,23.632000000000016,2.9399999999999995,21.720000000000002,0.5945124197271106,0.7484785373558698,0.0,0.0,1,1,-0.0016402264837909186,-0.0034477591689196212,0,30,0.126216978362112,0.010832709080579992
break_even,noise10,1006,30,low_yaw,always_probe,10.0,16.0,1.0,0.4,0.9,1.0,0,False,0.6716900070019542,0.015819709707392063,30,1,1,1,nan,50.93600000000001,0.0019483500004753296,50.93794835000048,2.9399999999999995,0.896,22.440000000000005,2.9399999999999995,21.720000000000002,0.5945211455925515,0.7484780585908878,0.5807063570903647,0.4722771214654613,1,1,-0.0015335486319479896,-0.00047833592415724713,0,30,0.046589563392283526,0.008444188240444163
break_even,noise10,1006,30,low_yaw,batch_aware,10.0,16.0,1.0,0.4,0.9,1.0,0,False,0.6716900070019542,0.015819709707392063,30,1,1,1,0.4249999999999886,50.93600000000001,0.003999719001512858,50.93999971900152,2.9399999999999995,0.896,22.440000000000005,2.9399999999999995,21.720000000000002,0.5945211455925515,0.7484780585908878,0.5807063570903647,0.4722771214654613,1,1,-0.0015335486319479896,-0.00047833592415724713,0,30,0.046589563392283526,0.008444188240444163
break_even,noise10,1006,30,low_yaw,ignore_passive,10.0,16.0,1.0,0.4,0.9,1.0,0,False,0.6716900070019542,0.015819709707392063,30,1,1,1,2.099999999999999,50.93600000000001,0.002028581001013663,50.93802858100102,2.9399999999999995,0.896,22.440000000000005,2.9399999999999995,21.720000000000002,0.5945211455925515,0.7484780585908878,0.5807063570903647,0.4722771214654613,1,1,-0.0015335486319479896,-0.00047833592415724713,0,30,0.046589563392283526,0.008444188240444163
break_even,noise10,1006,30,low_yaw,uncertainty_trigger,10.0,16.0,1.0,0.4,0.9,1.0,0,False,0.6716900070019542,0.015819709707392063,30,1,1,1,nan,50.93600000000001,0.0019905209996977646,50.937990520999705,2.9399999999999995,0.896,22.440000000000005,2.9399999999999995,21.720000000000002,0.5945211455925515,0.7484780585908878,0.5807063570903647,0.4722771214654613,1,1,-0.0015335486319479896,-0.00047833592415724713,0,30,0.046589563392283526,0.008444188240444163
break_even,noise10,1007,30,low_yaw,passive,10.0,16.0,1.0,0.4,0.9,1.0,0,False,0.29971491244524007,0.020767547939092697,30,1,1,0,nan,52.68400000000002,0.0021737030006079294,52.68617370300063,3.003999999999999,0.0,24.30000000000002,2.9399999999999995,22.440000000000005,0.869887080085026,0.7490641876733362,0.0,0.0,1,0,-7.249286715277359e-05,-0.006497052933590257,0,30,0.11651914118572355,0.01018870444477784
break_even,noise10,1007,30,low_yaw,always_probe,10.0,16.0,1.0,0.4,0.9,1.0,0,False,0.29971491244524007,0.020767547939092697,30,1,1,1,nan,52.50000000000002,0.0021870089976800955,52.5021870089977,3.003999999999999,0.896,23.220000000000017,2.9399999999999995,22.440000000000005,0.869887080085026,0.7490595563489632,0.6504116256506645,0.4794502988950981,1,1,0.00043881596770023457,-0.0013256135708164772,0,30,0.0432272609237076,0.011270020940399876
break_even,noise10,1007,30,low_yaw,batch_aware,10.0,16.0,1.0,0.4,0.9,1.0,0,False,0.29971491244524007,0.020767547939092697,30,1,1,1,0.4500000000000085,52.50000000000002,0.0043760390008174,52.50437603900084,3.003999999999999,0.896,23.220000000000017,2.9399999999999995,22.440000000000005,0.869887080085026,0.7490595563489632,0.6504116256506645,0.4794502988950981,1,1,0.00043881596770023457,-0.0013256135708164772,0,30,0.0432272609237076,0.011270020940399876
break_even,noise10,1007,30,low_yaw,ignore_passive,10.0,16.0,1.0,0.4,0.9,1.0,0,False,0.29971491244524007,0.020767547939092697,30,1,1,1,1.3499999999999988,52.50000000000002,0.0022208460004549124,52.502220846000476,3.003999999999999,0.896,23.220000000000017,2.9399999999999995,22.440000000000005,0.869887080085026,0.7490595563489632,0.6504116256506645,0.4794502988950981,1,1,0.00043881596770023457,-0.0013256135708164772,0,30,0.0432272609237076,0.011270020940399876
break_even,noise10,1007,30,low_yaw,uncertainty_trigger,10.0,16.0,1.0,0.4,0.9,1.0,0,False,0.29971491244524007,0.020767547939092697,30,1,1,1,nan,52.50000000000002,0.002182476998314087,52.502182476998335,3.003999999999999,0.896,23.220000000000017,2.9399999999999995,22.440000000000005,0.869887080085026,0.7490595563489632,0.6504116256506645,0.4794502988950981,1,1,0.00043881596770023457,-0.0013256135708164772,0,30,0.0432272609237076,0.011270020940399876
break_even,noise10,1008,30,low_yaw,passive,10.0,16.0,1.0,0.4,0.9,1.0,0,False,0.4341538486764662,0.020700167197761923,30,1,1,0,nan,49.60600000000001,0.0015512339991801127,49.60755123399919,2.9779999999999998,0.0,22.748000000000005,2.9399999999999995,20.94000000000001,0.6368997175793336,0.7706006084123024,0.0,0.0,1,1,-0.0005276131897906655,-0.0053786183735960134,0,30,0.11997273661270097,0.011331518726695678
break_even,noise10,1008,30,low_yaw,always_probe,10.0,16.0,1.0,0.4,0.9,1.0,0,False,0.4341538486764662,0.020700167197761923,30,1,1,1,nan,49.47400000000001,0.0015632350005034823,49.475563235000514,2.9779999999999998,0.896,21.720000000000002,2.9399999999999995,20.94000000000001,0.6368997175793336,0.770595157313464,0.6205516503465909,0.4781751670992347,1,1,-0.0006989757933295038,-0.0011450662860413782,0,30,0.04335940706752947,0.011386835778382697
break_even,noise10,1008,30,low_yaw,batch_aware,10.0,16.0,1.0,0.4,0.9,1.0,0,False,0.4341538486764662,0.020700167197761923,30,1,1,1,0.32499999999999785,49.47400000000001,0.0032231250002041634,49.477223125000215,2.9779999999999998,0.896,21.720000000000002,2.9399999999999995,20.94000000000001,0.6368997175793336,0.770595157313464,0.6205516503465909,0.4781751670992347,1,1,-0.0006989757933295038,-0.0011450662860413782,0,30,0.04335940706752947,0.011386835778382697
break_even,noise10,1008,30,low_yaw,ignore_passive,10.0,16.0,1.0,0.4,0.9,1.0,0,False,0.4341538486764662,0.020700167197761923,30,1,1,1,1.3499999999999988,49.47400000000001,0.0016287939997710055,49.47562879399978,2.9779999999999998,0.896,21.720000000000002,2.9399999999999995,20.94000000000001,0.6368997175793336,0.770595157313464,0.6205516503465909,0.4781751670992347,1,1,-0.0006989757933295038,-0.0011450662860413782,0,30,0.04335940706752947,0.011386835778382697
break_even,noise10,1008,30,low_yaw,uncertainty_trigger,10.0,16.0,1.0,0.4,0.9,1.0,0,False,0.4341538486764662,0.020700167197761923,30,1,1,1,nan,49.47400000000001,0.0015864609977143118,49.475586460997725,2.9779999999999998,0.896,21.720000000000002,2.9399999999999995,20.94000000000001,0.6368997175793336,0.770595157313464,0.6205516503465909,0.4781751670992347,1,1,-0.0006989757933295038,-0.0011450662860413782,0,30,0.04335940706752947,0.011386835778382697
break_even,noise10,1009,30,low_yaw,passive,10.0,16.0,1.0,0.4,0.9,1.0,0,False,0.279100646874815,0.00951905851647582,30,1,1,0,nan,50.08800000000002,0.0015948479981489072,50.08959484799817,2.995999999999999,0.0,23.212000000000018,2.9399999999999995,20.94000000000001,0.9662805329486892,0.7556780346928037,0.0,0.0,1,1,-0.003339789689731143,-0.0025704300646825504,0,30,0.11629943734686303,0.013981176102208892
break_even,noise10,1009,30,low_yaw,always_probe,10.0,16.0,1.0,0.4,0.9,1.0,0,False,0.279100646874815,0.00951905851647582,30,1,1,1,nan,49.54000000000001,0.0016185240015147428,49.54161852400153,2.995999999999999,0.896,21.768000000000004,2.9399999999999995,20.94000000000001,0.9662805329486892,0.7556694040866305,0.5800073007249347,0.4689594584556933,1,1,-0.003195903909429698,-0.0004016483220268107,0,30,0.05164355018490799,0.00472413766838494
break_even,noise10,1009,30,low_yaw,batch_aware,10.0,16.0,1.0,0.4,0.9,1.0,0,False,0.279100646874815,0.00951905851647582,30,1,1,1,0.32499999999999785,49.54000000000001,0.0034103749999303545,49.543410374999944,2.995999999999999,0.896,21.768000000000004,2.9399999999999995,20.94000000000001,0.9662805329486892,0.7556694040866305,0.5800073007249347,0.4689594584556933,1,1,-0.003195903909429698,-0.0004016483220268107,0,30,0.05164355018490799,0.00472413766838494
break_even,noise10,1009,30,low_yaw,ignore_passive,10.0,16.0,1.0,0.4,0.9,1.0,0,False,0.279100646874815,0.00951905851647582,30,1,1,1,1.3499999999999988,49.54000000000001,0.0016869059991222457,49.541686905999136,2.995999999999999,0.896,21.768000000000004,2.9399999999999995,20.94000000000001,0.9662805329486892,0.7556694040866305,0.5800073007249347,0.4689594584556933,1,1,-0.003195903909429698,-0.0004016483220268107,0,30,0.05164355018490799,0.00472413766838494
break_even,noise10,1009,30,low_yaw,uncertainty_trigger,10.0,16.0,1.0,0.4,0.9,1.0,0,False,0.279100646874815,0.00951905851647582,30,1,1,1,nan,49.54000000000001,0.0016780720011411177,49.541678072001154,2.995999999999999,0.896,21.768000000000004,2.9399999999999995,20.94000000000001,0.9662805329486892,0.7556694040866305,0.5800073007249347,0.4689594584556933,1,1,-0.003195903909429698,-0.0004016483220268107,0,30,0.05164355018490799,0.00472413766838494
break_even,noise10,1010,30,low_yaw,passive,10.0,16.0,1.0,0.4,0.9,1.0,0,False,0.33298919614620115,0.014323531818447402,30,1,1,0,nan,52.83000000000002,0.0020680060010818124,52.8320680060011,2.9939999999999993,0.0,24.456000000000017,2.9399999999999995,22.440000000000005,0.7542601218460285,0.7713923110599302,0.0,0.0,1,1,0.0021727372013846113,-0.004208301218738908,0,30,0.11687096919025776,0.01158880678268137
break_even,noise10,1010,30,low_yaw,always_probe,10.0,16.0,1.0,0.4,0.9,1.0,0,False,0.33298919614620115,0.014323531818447402,30,1,1,1,nan,52.49000000000002,0.002170198000385426,52.49217019800041,2.9939999999999993,0.896,23.220000000000017,2.9399999999999995,22.440000000000005,0.7542601218460285,0.7713953626494517,0.5793143886203691,0.47198750936879197,1,1,0.001972735451340135,-0.0008343350190140007,0,30,0.047245288653215395,0.007436667377170139
break_even,noise10,1010,30,low_yaw,batch_aware,10.0,16.0,1.0,0.4,0.9,1.0,0,False,0.33298919614620115,0.014323531818447402,30,1,1,1,0.4500000000000085,52.49000000000002,0.004198185998120607,52.494198185998144,2.9939999999999993,0.896,23.220000000000017,2.9399999999999995,22.440000000000005,0.7542601218460285,0.7713953626494517,0.5793143886203691,0.47198750936879197,1,1,0.001972735451340135,-0.0008343350190140007,0,30,0.047245288653215395,0.007436667377170139
break_even,noise10,1010,30,low_yaw,ignore_passive,10.0,16.0,1.0,0.4,0.9,1.0,0,False,0.33298919614620115,0.014323531818447402,30,1,1,1,1.3499999999999988,52.49000000000002,0.0022355899977810623,52.492235589997804,2.9939999999999993,0.896,23.220000000000017,2.9399999999999995,22.440000000000005,0.7542601218460285,0.7713953626494517,0.5793143886203691,0.47198750936879197,1,1,0.001972735451340135,-0.0008343350190140007,0,30,0.047245288653215395,0.007436667377170139
break_even,noise10,1010,30,low_yaw,uncertainty_trigger,10.0,16.0,1.0,0.4,0.9,1.0,0,False,0.33298919614620115,0.014323531818447402,30,1,1,1,nan,52.49000000000002,0.0022955419999561855,52.49229554199998,2.9939999999999993,0.896,23.220000000000017,2.9399999999999995,22.440000000000005,0.7542601218460285,0.7713953626494517,0.5793143886203691,0.47198750936879197,1,1,0.001972735451340135,-0.0008343350190140007,0,30,0.047245288653215395,0.007436667377170139
