group,setting,family,N,method,seed,both_success,both_decision_reached,robot_difference_s
extended,base,excited,1,always_probe,1001,1,1,0.7959999999999998
extended,base,excited,1,always_probe,1002,1,1,0.796
extended,base,excited,1,always_probe,1003,1,1,0.796
extended,base,excited,1,always_probe,1004,0,0,0.0
extended,base,excited,1,always_probe,1005,1,1,0.7959999999999998
extended,base,excited,1,always_probe,1006,1,1,0.796
extended,base,excited,1,always_probe,1007,1,1,0.7960000000000003
extended,base,excited,1,always_probe,1008,1,1,0.796
extended,base,excited,1,always_probe,1009,1,1,0.7959999999999998
extended,base,excited,1,always_probe,1010,1,1,0.7960000000000003
extended,base,excited,1,always_probe,1011,1,1,0.7959999999999998
extended,base,excited,1,always_probe,1012,1,1,0.796
extended,base,excited,1,always_probe,1013,1,1,0.7959999999999998
extended,base,excited,1,always_probe,1014,1,1,0.796
extended,base,excited,1,always_probe,1015,1,1,0.796
extended,base,excited,1,always_probe,1016,1,1,0.796
extended,base,excited,1,always_probe,1017,1,1,0.7960000000000003
extended,base,excited,1,always_probe,1018,1,1,0.796
extended,base,excited,1,always_probe,1019,1,1,0.796
extended,base,excited,1,always_probe,1020,1,1,0.7959999999999998
extended,base,excited,1,always_probe,1021,1,1,0.796
extended,base,excited,1,always_probe,1022,0,0,0.0
extended,base,excited,1,always_probe,1023,1,1,0.796
extended,base,excited,1,always_probe,1024,1,1,0.796
extended,base,excited,1,always_probe,1025,1,1,0.7959999999999998
extended,base,excited,1,always_probe,1026,1,1,0.7959999999999998
extended,base,excited,1,always_probe,1027,0,0,0.0
extended,base,excited,1,always_probe,1028,1,1,0.7960000000000003
extended,base,excited,1,always_probe,1029,1,1,0.7960000000000003
extended,base,excited,1,always_probe,1030,1,1,0.796
extended,base,excited,1,batch_aware,1001,1,1,0.0
extended,base,excited,1,batch_aware,1002,1,1,0.0
extended,base,excited,1,batch_aware,1003,1,1,0.0
extended,base,excited,1,batch_aware,1004,0,0,0.0
extended,base,excited,1,batch_aware,1005,1,1,0.0
extended,base,excited,1,batch_aware,1006,1,1,0.0
extended,base,excited,1,batch_aware,1007,1,1,0.0
extended,base,excited,1,batch_aware,1008,1,1,0.0
extended,base,excited,1,batch_aware,1009,1,1,0.0
extended,base,excited,1,batch_aware,1010,1,1,0.0
extended,base,excited,1,batch_aware,1011,1,1,0.0
extended,base,excited,1,batch_aware,1012,1,1,0.0
extended,base,excited,1,batch_aware,1013,1,1,0.0
extended,base,excited,1,batch_aware,1014,1,1,0.0
extended,base,excited,1,batch_aware,1015,1,1,0.0
extended,base,excited,1,batch_aware,1016,1,1,0.0
extended,base,excited,1,batch_aware,1017,1,1,0.0
extended,base,excited,1,batch_aware,1018,1,1,0.0
extended,base,excited,1,batch_aware,1019,1,1,0.0
extended,base,excited,1,batch_aware,1020,1,1,0.0
extended,base,excited,1,batch_aware,1021,1,1,0.0
extended,base,excited,1,batch_aware,1022,0,0,0.0
extended,base,excited,1,batch_aware,1023,1,1,0.0
extended,base,excited,1,batch_aware,1024,1,1,0.0
extended,base,excited,1,batch_aware,1025,1,1,0.0
extended,base,excited,1,batch_aware,1026,1,1,0.0
extended,base,excited,1,batch_aware,1027,0,0,0.0
extended,base,excited,1,batch_aware,1028,1,1,0.0
extended,base,excited,1,batch_aware,1029,1,1,0.0
extended,base,excited,1,batch_aware,1030,1,1,0.0
extended,base,excited,1,ignore_passive,1001,1,1,0.0
extended,base,excited,1,ignore_passive,1002,1,1,0.0
extended,base,excited,1,ignore_passive,1003,1,1,0.0
extended,base,excited,1,ignore_passive,1004,0,0,0.0
extended,base,excited,1,ignore_passive,1005,1,1,0.0
extended,base,excited,1,ignore_passive,1006,1,1,0.0
extended,base,excited,1,ignore_passive,1007,1,1,0.0
extended,base,excited,1,ignore_passive,1008,1,1,0.0
extended,base,excited,1,ignore_passive,1009,1,1,0.0
extended,base,excited,1,ignore_passive,1010,1,1,0.0
extended,base,excited,1,ignore_passive,1011,1,1,0.0
extended,base,excited,1,ignore_passive,1012,1,1,0.0
extended,base,excited,1,ignore_passive,1013,1,1,0.0
extended,base,excited,1,ignore_passive,1014,1,1,0.0
extended,base,excited,1,ignore_passive,1015,1,1,0.0
extended,base,excited,1,ignore_passive,1016,1,1,0.0
extended,base,excited,1,ignore_passive,1017,1,1,0.0
extended,base,excited,1,ignore_passive,1018,1,1,0.0
extended,base,excited,1,ignore_passive,1019,1,1,0.0
extended,base,excited,1,ignore_passive,1020,1,1,0.0
extended,base,excited,1,ignore_passive,1021,1,1,0.0
extended,base,excited,1,ignore_passive,1022,0,0,0.0
extended,base,excited,1,ignore_passive,1023,1,1,0.0
extended,base,excited,1,ignore_passive,1024,1,1,0.0
extended,base,excited,1,ignore_passive,1025,1,1,0.0
extended,base,excited,1,ignore_passive,1026,1,1,0.0
extended,base,excited,1,ignore_passive,1027,0,0,0.0
extended,base,excited,1,ignore_passive,1028,1,1,0.0
extended,base,excited,1,ignore_passive,1029,1,1,0.0
extended,base,excited,1,ignore_passive,1030,1,1,0.0
extended,base,excited,1,oracle,1001,1,1,-0.10000000000000009
extended,base,excited,1,oracle,1002,1,1,-0.10000000000000009
extended,base,excited,1,oracle,1003,1,1,-0.13200000000000012
extended,base,excited,1,oracle,1004,0,0,1.4360000000000002
extended,base,excited,1,oracle,1005,1,1,-0.15000000000000013
extended,base,excited,1,oracle,1006,1,1,-0.10000000000000009
extended,base,excited,1,oracle,1007,1,1,-0.1519999999999999
extended,base,excited,1,oracle,1008,1,1,-0.13800000000000012
extended,base,excited,1,oracle,1009,1,1,-0.15200000000000014
extended,base,excited,1,oracle,1010,1,1,-0.1479999999999999
extended,base,excited,1,oracle,1011,1,1,-0.10000000000000009
extended,base,excited,1,oracle,1012,1,1,-0.10000000000000009
extended,base,excited,1,oracle,1013,1,1,-0.15000000000000013
extended,base,excited,1,oracle,1014,1,1,-0.10000000000000009
extended,base,excited,1,oracle,1015,1,1,-0.10000000000000009
extended,base,excited,1,oracle,1016,1,1,-0.10000000000000009
extended,base,excited,1,oracle,1017,1,1,-0.15999999999999992
extended,base,excited,1,oracle,1018,1,1,-0.10000000000000009
extended,base,excited,1,oracle,1019,1,1,-0.1200000000000001
extended,base,excited,1,oracle,1020,1,1,-0.10000000000000009
extended,base,excited,1,oracle,1021,1,1,-0.10000000000000009
extended,base,excited,1,oracle,1022,0,0,1.536
extended,base,excited,1,oracle,1023,1,1,-0.10000000000000009
extended,base,excited,1,oracle,1024,1,1,-0.10000000000000009
extended,base,excited,1,oracle,1025,1,1,-0.15200000000000014
extended,base,excited,1,oracle,1026,1,1,-0.13600000000000012
extended,base,excited,1,oracle,1027,0,0,1.49
extended,base,excited,1,oracle,1028,1,1,-0.1519999999999999
extended,base,excited,1,oracle,1029,1,1,-0.15399999999999991
extended,base,excited,1,oracle,1030,1,1,-0.10000000000000009
extended,base,excited,1,uncertainty_trigger,1001,1,1,0.7959999999999998
extended,base,excited,1,uncertainty_trigger,1002,1,1,0.796
extended,base,excited,1,uncertainty_trigger,1003,1,1,0.796
extended,base,excited,1,uncertainty_trigger,1004,0,0,0.0
extended,base,excited,1,uncertainty_trigger,1005,1,1,0.7959999999999998
extended,base,excited,1,uncertainty_trigger,1006,1,1,0.796
extended,base,excited,1,uncertainty_trigger,1007,1,1,0.7960000000000003
extended,base,excited,1,uncertainty_trigger,1008,1,1,0.796
extended,base,excited,1,uncertainty_trigger,1009,1,1,0.7959999999999998
extended,base,excited,1,uncertainty_trigger,1010,1,1,0.7960000000000003
extended,base,excited,1,uncertainty_trigger,1011,1,1,0.7959999999999998
extended,base,excited,1,uncertainty_trigger,1012,1,1,0.796
extended,base,excited,1,uncertainty_trigger,1013,1,1,0.7959999999999998
extended,base,excited,1,uncertainty_trigger,1014,1,1,0.796
extended,base,excited,1,uncertainty_trigger,1015,1,1,0.796
extended,base,excited,1,uncertainty_trigger,1016,1,1,0.796
extended,base,excited,1,uncertainty_trigger,1017,1,1,0.7960000000000003
extended,base,excited,1,uncertainty_trigger,1018,1,1,0.796
extended,base,excited,1,uncertainty_trigger,1019,1,1,0.796
extended,base,excited,1,uncertainty_trigger,1020,1,1,0.7959999999999998
extended,base,excited,1,uncertainty_trigger,1021,1,1,0.796
extended,base,excited,1,uncertainty_trigger,1022,0,0,0.0
extended,base,excited,1,uncertainty_trigger,1023,1,1,0.796
extended,base,excited,1,uncertainty_trigger,1024,1,1,0.796
extended,base,excited,1,uncertainty_trigger,1025,1,1,0.7959999999999998
extended,base,excited,1,uncertainty_trigger,1026,1,1,0.7959999999999998
extended,base,excited,1,uncertainty_trigger,1027,0,0,0.0
extended,base,excited,1,uncertainty_trigger,1028,1,1,0.7960000000000003
extended,base,excited,1,uncertainty_trigger,1029,1,1,0.7960000000000003
extended,base,excited,1,uncertainty_trigger,1030,1,1,0.796
extended,base,excited,5,always_probe,1001,1,1,0.7959999999999994
extended,base,excited,5,always_probe,1002,1,1,0.7959999999999994
extended,base,excited,5,always_probe,1003,1,1,0.7959999999999994
extended,base,excited,5,always_probe,1004,0,0,0.0
extended,base,excited,5,always_probe,1005,1,1,0.7959999999999994
extended,base,excited,5,always_probe,1006,1,1,0.7959999999999994
extended,base,excited,5,always_probe,1007,1,1,0.7960000000000012
extended,base,excited,5,always_probe,1008,1,1,0.7959999999999994
extended,base,excited,5,always_probe,1009,1,1,0.7960000000000012
extended,base,excited,5,always_probe,1010,1,1,0.7959999999999994
extended,base,excited,5,always_probe,1011,1,1,0.7959999999999994
extended,base,excited,5,always_probe,1012,1,1,0.7959999999999994
extended,base,excited,5,always_probe,1013,1,1,0.7959999999999994
extended,base,excited,5,always_probe,1014,1,1,0.7959999999999994
extended,base,excited,5,always_probe,1015,1,1,0.7959999999999994
extended,base,excited,5,always_probe,1016,1,1,0.7959999999999994
extended,base,excited,5,always_probe,1017,1,1,0.7959999999999994
extended,base,excited,5,always_probe,1018,1,1,0.7959999999999994
extended,base,excited,5,always_probe,1019,1,1,0.7960000000000012
extended,base,excited,5,always_probe,1020,1,1,0.7959999999999994
extended,base,excited,5,always_probe,1021,1,1,0.7959999999999994
extended,base,excited,5,always_probe,1022,0,0,0.0
extended,base,excited,5,always_probe,1023,1,1,0.7959999999999994
extended,base,excited,5,always_probe,1024,1,1,0.7959999999999994
extended,base,excited,5,always_probe,1025,1,1,0.7960000000000012
extended,base,excited,5,always_probe,1026,1,1,0.7960000000000012
extended,base,excited,5,always_probe,1027,0,0,0.0
extended,base,excited,5,always_probe,1028,1,1,0.7960000000000012
extended,base,excited,5,always_probe,1029,1,1,0.7959999999999994
extended,base,excited,5,always_probe,1030,1,1,0.7959999999999994
extended,base,excited,5,batch_aware,1001,1,1,0.0
extended,base,excited,5,batch_aware,1002,1,1,0.0
extended,base,excited,5,batch_aware,1003,1,1,0.0
extended,base,excited,5,batch_aware,1004,0,0,0.0
extended,base,excited,5,batch_aware,1005,1,1,0.0
extended,base,excited,5,batch_aware,1006,1,1,0.0
extended,base,excited,5,batch_aware,1007,1,1,0.0
extended,base,excited,5,batch_aware,1008,1,1,0.0
extended,base,excited,5,batch_aware,1009,1,1,0.0
extended,base,excited,5,batch_aware,1010,1,1,0.0
extended,base,excited,5,batch_aware,1011,1,1,0.0
extended,base,excited,5,batch_aware,1012,1,1,0.0
extended,base,excited,5,batch_aware,1013,1,1,0.0
extended,base,excited,5,batch_aware,1014,1,1,0.0
extended,base,excited,5,batch_aware,1015,1,1,0.0
extended,base,excited,5,batch_aware,1016,1,1,0.0
extended,base,excited,5,batch_aware,1017,1,1,0.0
extended,base,excited,5,batch_aware,1018,1,1,0.0
extended,base,excited,5,batch_aware,1019,1,1,0.0
extended,base,excited,5,batch_aware,1020,1,1,0.0
extended,base,excited,5,batch_aware,1021,1,1,0.0
extended,base,excited,5,batch_aware,1022,0,0,0.0
extended,base,excited,5,batch_aware,1023,1,1,0.0
extended,base,excited,5,batch_aware,1024,1,1,0.0
extended,base,excited,5,batch_aware,1025,1,1,0.0
extended,base,excited,5,batch_aware,1026,1,1,0.0
extended,base,excited,5,batch_aware,1027,0,0,0.0
extended,base,excited,5,batch_aware,1028,1,1,0.0
extended,base,excited,5,batch_aware,1029,1,1,0.0
extended,base,excited,5,batch_aware,1030,1,1,0.0
extended,base,excited,5,ignore_passive,1001,1,1,0.0
extended,base,excited,5,ignore_passive,1002,1,1,0.0
extended,base,excited,5,ignore_passive,1003,1,1,0.0
extended,base,excited,5,ignore_passive,1004,0,0,0.0
extended,base,excited,5,ignore_passive,1005,1,1,0.0
extended,base,excited,5,ignore_passive,1006,1,1,0.0
extended,base,excited,5,ignore_passive,1007,1,1,0.0
extended,base,excited,5,ignore_passive,1008,1,1,0.0
extended,base,excited,5,ignore_passive,1009,1,1,0.0
extended,base,excited,5,ignore_passive,1010,1,1,0.0
extended,base,excited,5,ignore_passive,1011,1,1,0.0
extended,base,excited,5,ignore_passive,1012,1,1,0.0
extended,base,excited,5,ignore_passive,1013,1,1,0.0
extended,base,excited,5,ignore_passive,1014,1,1,0.0
extended,base,excited,5,ignore_passive,1015,1,1,0.0
extended,base,excited,5,ignore_passive,1016,1,1,0.0
extended,base,excited,5,ignore_passive,1017,1,1,0.0
extended,base,excited,5,ignore_passive,1018,1,1,0.0
extended,base,excited,5,ignore_passive,1019,1,1,0.0
extended,base,excited,5,ignore_passive,1020,1,1,0.0
extended,base,excited,5,ignore_passive,1021,1,1,0.0
extended,base,excited,5,ignore_passive,1022,0,0,0.0
extended,base,excited,5,ignore_passive,1023,1,1,0.0
extended,base,excited,5,ignore_passive,1024,1,1,0.0
extended,base,excited,5,ignore_passive,1025,1,1,0.0
extended,base,excited,5,ignore_passive,1026,1,1,0.0
extended,base,excited,5,ignore_passive,1027,0,0,0.0
extended,base,excited,5,ignore_passive,1028,1,1,0.0
extended,base,excited,5,ignore_passive,1029,1,1,0.0
extended,base,excited,5,ignore_passive,1030,1,1,0.0
extended,base,excited,5,oracle,1001,1,1,-0.09999999999999964
extended,base,excited,5,oracle,1002,1,1,-0.09999999999999964
extended,base,excited,5,oracle,1003,1,1,-0.13199999999999967
extended,base,excited,5,oracle,1004,0,0,7.804000000000001
extended,base,excited,5,oracle,1005,1,1,-0.15000000000000036
extended,base,excited,5,oracle,1006,1,1,-0.09999999999999964
extended,base,excited,5,oracle,1007,1,1,-0.15199999999999925
extended,base,excited,5,oracle,1008,1,1,-0.1379999999999999
extended,base,excited,5,oracle,1009,1,1,-0.15199999999999925
extended,base,excited,5,oracle,1010,1,1,-0.1479999999999997
extended,base,excited,5,oracle,1011,1,1,-0.09999999999999964
extended,base,excited,5,oracle,1012,1,1,-0.09999999999999964
extended,base,excited,5,oracle,1013,1,1,-0.15000000000000036
extended,base,excited,5,oracle,1014,1,1,-0.09999999999999964
extended,base,excited,5,oracle,1015,1,1,-0.09999999999999964
extended,base,excited,5,oracle,1016,1,1,-0.09999999999999964
extended,base,excited,5,oracle,1017,1,1,-0.16000000000000014
extended,base,excited,5,oracle,1018,1,1,-0.09999999999999964
extended,base,excited,5,oracle,1019,1,1,-0.11999999999999922
extended,base,excited,5,oracle,1020,1,1,-0.09999999999999964
extended,base,excited,5,oracle,1021,1,1,-0.09999999999999964
extended,base,excited,5,oracle,1022,0,0,8.304
extended,base,excited,5,oracle,1023,1,1,-0.09999999999999964
extended,base,excited,5,oracle,1024,1,1,-0.09999999999999964
extended,base,excited,5,oracle,1025,1,1,-0.15199999999999925
extended,base,excited,5,oracle,1026,1,1,-0.13599999999999923
extended,base,excited,5,oracle,1027,0,0,8.066
extended,base,excited,5,oracle,1028,1,1,-0.15199999999999925
extended,base,excited,5,oracle,1029,1,1,-0.15399999999999991
extended,base,excited,5,oracle,1030,1,1,-0.09999999999999964
extended,base,excited,5,uncertainty_trigger,1001,1,1,0.7959999999999994
extended,base,excited,5,uncertainty_trigger,1002,1,1,0.7959999999999994
extended,base,excited,5,uncertainty_trigger,1003,1,1,0.7959999999999994
extended,base,excited,5,uncertainty_trigger,1004,0,0,0.0
extended,base,excited,5,uncertainty_trigger,1005,1,1,0.7959999999999994
extended,base,excited,5,uncertainty_trigger,1006,1,1,0.7959999999999994
extended,base,excited,5,uncertainty_trigger,1007,1,1,0.7960000000000012
extended,base,excited,5,uncertainty_trigger,1008,1,1,0.7959999999999994
extended,base,excited,5,uncertainty_trigger,1009,1,1,0.7960000000000012
extended,base,excited,5,uncertainty_trigger,1010,1,1,0.7959999999999994
extended,base,excited,5,uncertainty_trigger,1011,1,1,0.7959999999999994
extended,base,excited,5,uncertainty_trigger,1012,1,1,0.7959999999999994
extended,base,excited,5,uncertainty_trigger,1013,1,1,0.7959999999999994
extended,base,excited,5,uncertainty_trigger,1014,1,1,0.7959999999999994
extended,base,excited,5,uncertainty_trigger,1015,1,1,0.7959999999999994
extended,base,excited,5,uncertainty_trigger,1016,1,1,0.7959999999999994
extended,base,excited,5,uncertainty_trigger,1017,1,1,0.7959999999999994
extended,base,excited,5,uncertainty_trigger,1018,1,1,0.7959999999999994
extended,base,excited,5,uncertainty_trigger,1019,1,1,0.7960000000000012
extended,base,excited,5,uncertainty_trigger,1020,1,1,0.7959999999999994
extended,base,excited,5,uncertainty_trigger,1021,1,1,0.7959999999999994
extended,base,excited,5,uncertainty_trigger,1022,0,0,0.0
extended,base,excited,5,uncertainty_trigger,1023,1,1,0.7959999999999994
extended,base,excited,5,uncertainty_trigger,1024,1,1,0.7959999999999994
extended,base,excited,5,uncertainty_trigger,1025,1,1,0.7960000000000012
extended,base,excited,5,uncertainty_trigger,1026,1,1,0.7960000000000012
extended,base,excited,5,uncertainty_trigger,1027,0,0,0.0
extended,base,excited,5,uncertainty_trigger,1028,1,1,0.7960000000000012
extended,base,excited,5,uncertainty_trigger,1029,1,1,0.7959999999999994
extended,base,excited,5,uncertainty_trigger,1030,1,1,0.7959999999999994
extended,base,excited,20,always_probe,1001,1,1,0.7959999999999994
extended,base,excited,20,always_probe,1002,1,1,0.7959999999999994
extended,base,excited,20,always_probe,1003,1,1,0.7959999999999994
extended,base,excited,20,always_probe,1004,0,0,0.0
extended,base,excited,20,always_probe,1005,1,1,0.7959999999999994
extended,base,excited,20,always_probe,1006,1,1,0.7959999999999994
extended,base,excited,20,always_probe,1007,1,1,0.7959999999999994
extended,base,excited,20,always_probe,1008,1,1,0.7960000000000029
extended,base,excited,20,always_probe,1009,1,1,0.7959999999999994
extended,base,excited,20,always_probe,1010,1,1,0.7959999999999994
extended,base,excited,20,always_probe,1011,1,1,0.7959999999999994
extended,base,excited,20,always_probe,1012,1,1,0.7959999999999994
extended,base,excited,20,always_probe,1013,1,1,0.7959999999999994
extended,base,excited,20,always_probe,1014,1,1,0.7959999999999994
extended,base,excited,20,always_probe,1015,1,1,0.7959999999999994
extended,base,excited,20,always_probe,1016,1,1,0.7959999999999994
extended,base,excited,20,always_probe,1017,1,1,0.7959999999999923
extended,base,excited,20,always_probe,1018,1,1,0.7959999999999994
extended,base,excited,20,always_probe,1019,1,1,0.7959999999999994
extended,base,excited,20,always_probe,1020,1,1,0.7959999999999994
extended,base,excited,20,always_probe,1021,1,1,0.7959999999999994
extended,base,excited,20,always_probe,1022,0,0,0.0
extended,base,excited,20,always_probe,1023,1,1,0.7959999999999994
extended,base,excited,20,always_probe,1024,1,1,0.7959999999999994
extended,base,excited,20,always_probe,1025,1,1,0.7959999999999994
extended,base,excited,20,always_probe,1026,1,1,0.7959999999999994
extended,base,excited,20,always_probe,1027,0,0,0.0
extended,base,excited,20,always_probe,1028,1,1,0.7959999999999994
extended,base,excited,20,always_probe,1029,1,1,0.7959999999999994
extended,base,excited,20,always_probe,1030,1,1,0.7959999999999994
extended,base,excited,20,batch_aware,1001,1,1,0.0
extended,base,excited,20,batch_aware,1002,1,1,0.0
extended,base,excited,20,batch_aware,1003,1,1,0.0
extended,base,excited,20,batch_aware,1004,0,0,0.0
extended,base,excited,20,batch_aware,1005,1,1,0.0
extended,base,excited,20,batch_aware,1006,1,1,0.0
extended,base,excited,20,batch_aware,1007,1,1,0.0
extended,base,excited,20,batch_aware,1008,1,1,0.0
extended,base,excited,20,batch_aware,1009,1,1,0.0
extended,base,excited,20,batch_aware,1010,1,1,0.0
extended,base,excited,20,batch_aware,1011,1,1,0.0
extended,base,excited,20,batch_aware,1012,1,1,0.0
extended,base,excited,20,batch_aware,1013,1,1,0.0
extended,base,excited,20,batch_aware,1014,1,1,0.0
extended,base,excited,20,batch_aware,1015,1,1,0.0
extended,base,excited,20,batch_aware,1016,1,1,0.0
extended,base,excited,20,batch_aware,1017,1,1,0.0
extended,base,excited,20,batch_aware,1018,1,1,0.0
extended,base,excited,20,batch_aware,1019,1,1,0.0
extended,base,excited,20,batch_aware,1020,1,1,0.0
extended,base,excited,20,batch_aware,1021,1,1,0.0
extended,base,excited,20,batch_aware,1022,0,0,0.0
extended,base,excited,20,batch_aware,1023,1,1,0.0
extended,base,excited,20,batch_aware,1024,1,1,0.0
extended,base,excited,20,batch_aware,1025,1,1,0.0
extended,base,excited,20,batch_aware,1026,1,1,0.0
extended,base,excited,20,batch_aware,1027,0,0,0.0
extended,base,excited,20,batch_aware,1028,1,1,0.0
extended,base,excited,20,batch_aware,1029,1,1,0.0
extended,base,excited,20,batch_aware,1030,1,1,0.0
extended,base,excited,20,ignore_passive,1001,1,1,0.7959999999999994
extended,base,excited,20,ignore_passive,1002,1,1,0.7959999999999994
extended,base,excited,20,ignore_passive,1003,1,1,0.7959999999999994
extended,base,excited,20,ignore_passive,1004,0,0,0.0
extended,base,excited,20,ignore_passive,1005,1,1,0.7959999999999994
extended,base,excited,20,ignore_passive,1006,1,1,0.7959999999999994
extended,base,excited,20,ignore_passive,1007,1,1,0.7959999999999994
extended,base,excited,20,ignore_passive,1008,1,1,0.7960000000000029
extended,base,excited,20,ignore_passive,1009,1,1,0.7959999999999994
extended,base,excited,20,ignore_passive,1010,1,1,0.7959999999999994
extended,base,excited,20,ignore_passive,1011,1,1,0.7959999999999994
extended,base,excited,20,ignore_passive,1012,1,1,0.7959999999999994
extended,base,excited,20,ignore_passive,1013,1,1,0.7959999999999994
extended,base,excited,20,ignore_passive,1014,1,1,0.7959999999999994
extended,base,excited,20,ignore_passive,1015,1,1,0.7959999999999994
extended,base,excited,20,ignore_passive,1016,1,1,0.7959999999999994
extended,base,excited,20,ignore_passive,1017,1,1,0.7959999999999923
extended,base,excited,20,ignore_passive,1018,1,1,0.7959999999999994
extended,base,excited,20,ignore_passive,1019,1,1,0.7959999999999994
extended,base,excited,20,ignore_passive,1020,1,1,0.7959999999999994
extended,base,excited,20,ignore_passive,1021,1,1,0.7959999999999994
extended,base,excited,20,ignore_passive,1022,0,0,0.0
extended,base,excited,20,ignore_passive,1023,1,1,0.7959999999999994
extended,base,excited,20,ignore_passive,1024,1,1,0.7959999999999994
extended,base,excited,20,ignore_passive,1025,1,1,0.7959999999999994
extended,base,excited,20,ignore_passive,1026,1,1,0.7959999999999994
extended,base,excited,20,ignore_passive,1027,0,0,0.0
extended,base,excited,20,ignore_passive,1028,1,1,0.7959999999999994
extended,base,excited,20,ignore_passive,1029,1,1,0.7959999999999994
extended,base,excited,20,ignore_passive,1030,1,1,0.7959999999999994
extended,base,excited,20,oracle,1001,1,1,-0.09999999999999787
extended,base,excited,20,oracle,1002,1,1,-0.10000000000000142
extended,base,excited,20,oracle,1003,1,1,-0.132000000000005
extended,base,excited,20,oracle,1004,0,0,31.684000000000015
extended,base,excited,20,oracle,1005,1,1,-0.15000000000000568
extended,base,excited,20,oracle,1006,1,1,-0.10000000000000142
extended,base,excited,20,oracle,1007,1,1,-0.15200000000000102
extended,base,excited,20,oracle,1008,1,1,-0.13799999999999812
extended,base,excited,20,oracle,1009,1,1,-0.15199999999999747
extended,base,excited,20,oracle,1010,1,1,-0.14800000000000324
extended,base,excited,20,oracle,1011,1,1,-0.09999999999999787
extended,base,excited,20,oracle,1012,1,1,-0.10000000000000142
extended,base,excited,20,oracle,1013,1,1,-0.15000000000000568
extended,base,excited,20,oracle,1014,1,1,-0.10000000000000142
extended,base,excited,20,oracle,1015,1,1,-0.10000000000000142
extended,base,excited,20,oracle,1016,1,1,-0.10000000000000142
extended,base,excited,20,oracle,1017,1,1,-0.1600000000000037
extended,base,excited,20,oracle,1018,1,1,-0.10000000000000142
extended,base,excited,20,oracle,1019,1,1,-0.12000000000000455
extended,base,excited,20,oracle,1020,1,1,-0.09999999999999787
extended,base,excited,20,oracle,1021,1,1,-0.10000000000000142
extended,base,excited,20,oracle,1022,0,0,33.68399999999999
extended,base,excited,20,oracle,1023,1,1,-0.10000000000000142
extended,base,excited,20,oracle,1024,1,1,-0.10000000000000142
extended,base,excited,20,oracle,1025,1,1,-0.15199999999999747
extended,base,excited,20,oracle,1026,1,1,-0.13599999999999923
extended,base,excited,20,oracle,1027,0,0,32.726
extended,base,excited,20,oracle,1028,1,1,-0.15200000000000102
extended,base,excited,20,oracle,1029,1,1,-0.15399999999999991
extended,base,excited,20,oracle,1030,1,1,-0.10000000000000142
extended,base,excited,20,uncertainty_trigger,1001,1,1,0.7959999999999994
extended,base,excited,20,uncertainty_trigger,1002,1,1,0.7959999999999994
extended,base,excited,20,uncertainty_trigger,1003,1,1,0.7959999999999994
extended,base,excited,20,uncertainty_trigger,1004,0,0,0.0
extended,base,excited,20,uncertainty_trigger,1005,1,1,0.7959999999999994
extended,base,excited,20,uncertainty_trigger,1006,1,1,0.7959999999999994
extended,base,excited,20,uncertainty_trigger,1007,1,1,0.7959999999999994
extended,base,excited,20,uncertainty_trigger,1008,1,1,0.7960000000000029
extended,base,excited,20,uncertainty_trigger,1009,1,1,0.7959999999999994
extended,base,excited,20,uncertainty_trigger,1010,1,1,0.7959999999999994
extended,base,excited,20,uncertainty_trigger,1011,1,1,0.7959999999999994
extended,base,excited,20,uncertainty_trigger,1012,1,1,0.7959999999999994
extended,base,excited,20,uncertainty_trigger,1013,1,1,0.7959999999999994
extended,base,excited,20,uncertainty_trigger,1014,1,1,0.7959999999999994
extended,base,excited,20,uncertainty_trigger,1015,1,1,0.7959999999999994
extended,base,excited,20,uncertainty_trigger,1016,1,1,0.7959999999999994
extended,base,excited,20,uncertainty_trigger,1017,1,1,0.7959999999999923
extended,base,excited,20,uncertainty_trigger,1018,1,1,0.7959999999999994
extended,base,excited,20,uncertainty_trigger,1019,1,1,0.7959999999999994
extended,base,excited,20,uncertainty_trigger,1020,1,1,0.7959999999999994
extended,base,excited,20,uncertainty_trigger,1021,1,1,0.7959999999999994
extended,base,excited,20,uncertainty_trigger,1022,0,0,0.0
extended,base,excited,20,uncertainty_trigger,1023,1,1,0.7959999999999994
extended,base,excited,20,uncertainty_trigger,1024,1,1,0.7959999999999994
extended,base,excited,20,uncertainty_trigger,1025,1,1,0.7959999999999994
extended,base,excited,20,uncertainty_trigger,1026,1,1,0.7959999999999994
extended,base,excited,20,uncertainty_trigger,1027,0,0,0.0
extended,base,excited,20,uncertainty_trigger,1028,1,1,0.7959999999999994
extended,base,excited,20,uncertainty_trigger,1029,1,1,0.7959999999999994
extended,base,excited,20,uncertainty_trigger,1030,1,1,0.7959999999999994
extended,base,excited,40,always_probe,1001,1,1,0.7959999999999994
extended,base,excited,40,always_probe,1002,1,1,0.7959999999999923
extended,base,excited,40,always_probe,1003,1,1,0.7959999999999923
extended,base,excited,40,always_probe,1004,0,0,0.0
extended,base,excited,40,always_probe,1005,1,1,0.7959999999999923
extended,base,excited,40,always_probe,1006,1,1,0.7959999999999923
extended,base,excited,40,always_probe,1007,1,1,0.7960000000000065
extended,base,excited,40,always_probe,1008,1,1,0.7959999999999923
extended,base,excited,40,always_probe,1009,1,1,0.7959999999999923
extended,base,excited,40,always_probe,1010,1,1,0.7959999999999923
extended,base,excited,40,always_probe,1011,1,1,0.7959999999999994
extended,base,excited,40,always_probe,1012,1,1,0.7959999999999923
extended,base,excited,40,always_probe,1013,1,1,0.7960000000000065
extended,base,excited,40,always_probe,1014,1,1,0.7959999999999923
extended,base,excited,40,always_probe,1015,1,1,0.7959999999999923
extended,base,excited,40,always_probe,1016,1,1,0.7959999999999923
extended,base,excited,40,always_probe,1017,1,1,0.7960000000000065
extended,base,excited,40,always_probe,1018,1,1,0.7959999999999923
extended,base,excited,40,always_probe,1019,1,1,0.7959999999999923
extended,base,excited,40,always_probe,1020,1,1,0.7959999999999994
extended,base,excited,40,always_probe,1021,1,1,0.7960000000000065
extended,base,excited,40,always_probe,1022,0,0,0.0
extended,base,excited,40,always_probe,1023,1,1,0.7959999999999923
extended,base,excited,40,always_probe,1024,1,1,0.7959999999999923
extended,base,excited,40,always_probe,1025,1,1,0.7959999999999923
extended,base,excited,40,always_probe,1026,1,1,0.7959999999999994
extended,base,excited,40,always_probe,1027,0,0,0.0
extended,base,excited,40,always_probe,1028,1,1,0.7960000000000065
extended,base,excited,40,always_probe,1029,1,1,0.7959999999999994
extended,base,excited,40,always_probe,1030,1,1,0.7959999999999923
extended,base,excited,40,batch_aware,1001,1,1,0.0
extended,base,excited,40,batch_aware,1002,1,1,0.0
extended,base,excited,40,batch_aware,1003,1,1,0.0
extended,base,excited,40,batch_aware,1004,0,0,0.0
extended,base,excited,40,batch_aware,1005,1,1,0.0
extended,base,excited,40,batch_aware,1006,1,1,0.0
extended,base,excited,40,batch_aware,1007,1,1,0.0
extended,base,excited,40,batch_aware,1008,1,1,0.0
extended,base,excited,40,batch_aware,1009,1,1,0.0
extended,base,excited,40,batch_aware,1010,1,1,0.0
extended,base,excited,40,batch_aware,1011,1,1,0.0
extended,base,excited,40,batch_aware,1012,1,1,0.0
extended,base,excited,40,batch_aware,1013,1,1,0.0
extended,base,excited,40,batch_aware,1014,1,1,0.0
extended,base,excited,40,batch_aware,1015,1,1,0.0
extended,base,excited,40,batch_aware,1016,1,1,0.0
extended,base,excited,40,batch_aware,1017,1,1,0.0
extended,base,excited,40,batch_aware,1018,1,1,0.0
extended,base,excited,40,batch_aware,1019,1,1,0.0
extended,base,excited,40,batch_aware,1020,1,1,0.0
extended,base,excited,40,batch_aware,1021,1,1,0.0
extended,base,excited,40,batch_aware,1022,0,0,0.0
extended,base,excited,40,batch_aware,1023,1,1,0.0
extended,base,excited,40,batch_aware,1024,1,1,0.0
extended,base,excited,40,batch_aware,1025,1,1,0.0
extended,base,excited,40,batch_aware,1026,1,1,0.0
extended,base,excited,40,batch_aware,1027,0,0,0.0
extended,base,excited,40,batch_aware,1028,1,1,0.0
extended,base,excited,40,batch_aware,1029,1,1,0.0
extended,base,excited,40,batch_aware,1030,1,1,0.0
extended,base,excited,40,ignore_passive,1001,1,1,0.7959999999999994
extended,base,excited,40,ignore_passive,1002,1,1,0.7959999999999923
extended,base,excited,40,ignore_passive,1003,1,1,0.7959999999999923
extended,base,excited,40,ignore_passive,1004,0,0,0.0
extended,base,excited,40,ignore_passive,1005,1,1,0.7959999999999923
extended,base,excited,40,ignore_passive,1006,1,1,0.7959999999999923
extended,base,excited,40,ignore_passive,1007,1,1,0.7960000000000065
extended,base,excited,40,ignore_passive,1008,1,1,0.7959999999999923
extended,base,excited,40,ignore_passive,1009,1,1,0.7959999999999923
extended,base,excited,40,ignore_passive,1010,1,1,0.7959999999999923
extended,base,excited,40,ignore_passive,1011,1,1,0.7959999999999994
extended,base,excited,40,ignore_passive,1012,1,1,0.7959999999999923
extended,base,excited,40,ignore_passive,1013,1,1,0.7960000000000065
extended,base,excited,40,ignore_passive,1014,1,1,0.7959999999999923
extended,base,excited,40,ignore_passive,1015,1,1,0.7959999999999923
extended,base,excited,40,ignore_passive,1016,1,1,0.7959999999999923
extended,base,excited,40,ignore_passive,1017,1,1,0.7960000000000065
extended,base,excited,40,ignore_passive,1018,1,1,0.7959999999999923
extended,base,excited,40,ignore_passive,1019,1,1,0.7959999999999923
extended,base,excited,40,ignore_passive,1020,1,1,0.7959999999999994
extended,base,excited,40,ignore_passive,1021,1,1,0.7960000000000065
extended,base,excited,40,ignore_passive,1022,0,0,0.0
extended,base,excited,40,ignore_passive,1023,1,1,0.7959999999999923
extended,base,excited,40,ignore_passive,1024,1,1,0.7959999999999923
extended,base,excited,40,ignore_passive,1025,1,1,0.7959999999999923
extended,base,excited,40,ignore_passive,1026,1,1,0.7959999999999994
extended,base,excited,40,ignore_passive,1027,0,0,0.0
extended,base,excited,40,ignore_passive,1028,1,1,0.7960000000000065
extended,base,excited,40,ignore_passive,1029,1,1,0.7959999999999994
extended,base,excited,40,ignore_passive,1030,1,1,0.7959999999999923
extended,base,excited,40,oracle,1001,1,1,-0.10000000000000142
extended,base,excited,40,oracle,1002,1,1,-0.09999999999999432
extended,base,excited,40,oracle,1003,1,1,-0.132000000000005
extended,base,excited,40,oracle,1004,0,0,63.52400000000002
extended,base,excited,40,oracle,1005,1,1,-0.15000000000000568
extended,base,excited,40,oracle,1006,1,1,-0.10000000000000853
extended,base,excited,40,oracle,1007,1,1,-0.1519999999999868
extended,base,excited,40,oracle,1008,1,1,-0.13800000000000523
extended,base,excited,40,oracle,1009,1,1,-0.15200000000000102
extended,base,excited,40,oracle,1010,1,1,-0.14799999999999613
extended,base,excited,40,oracle,1011,1,1,-0.10000000000000142
extended,base,excited,40,oracle,1012,1,1,-0.10000000000000853
extended,base,excited,40,oracle,1013,1,1,-0.14999999999999147
extended,base,excited,40,oracle,1014,1,1,-0.09999999999999432
extended,base,excited,40,oracle,1015,1,1,-0.09999999999999432
extended,base,excited,40,oracle,1016,1,1,-0.10000000000000853
extended,base,excited,40,oracle,1017,1,1,-0.1599999999999966
extended,base,excited,40,oracle,1018,1,1,-0.09999999999999432
extended,base,excited,40,oracle,1019,1,1,-0.12000000000000455
extended,base,excited,40,oracle,1020,1,1,-0.10000000000000142
extended,base,excited,40,oracle,1021,1,1,-0.09999999999999432
extended,base,excited,40,oracle,1022,0,0,67.52400000000003
extended,base,excited,40,oracle,1023,1,1,-0.09999999999999432
extended,base,excited,40,oracle,1024,1,1,-0.10000000000000853
extended,base,excited,40,oracle,1025,1,1,-0.15200000000000102
extended,base,excited,40,oracle,1026,1,1,-0.13600000000000279
extended,base,excited,40,oracle,1027,0,0,65.60600000000001
extended,base,excited,40,oracle,1028,1,1,-0.1519999999999868
extended,base,excited,40,oracle,1029,1,1,-0.15400000000000347
extended,base,excited,40,oracle,1030,1,1,-0.09999999999999432
extended,base,excited,40,uncertainty_trigger,1001,1,1,0.7959999999999994
extended,base,excited,40,uncertainty_trigger,1002,1,1,0.7959999999999923
extended,base,excited,40,uncertainty_trigger,1003,1,1,0.7959999999999923
extended,base,excited,40,uncertainty_trigger,1004,0,0,0.0
extended,base,excited,40,uncertainty_trigger,1005,1,1,0.7959999999999923
extended,base,excited,40,uncertainty_trigger,1006,1,1,0.7959999999999923
extended,base,excited,40,uncertainty_trigger,1007,1,1,0.7960000000000065
extended,base,excited,40,uncertainty_trigger,1008,1,1,0.7959999999999923
extended,base,excited,40,uncertainty_trigger,1009,1,1,0.7959999999999923
extended,base,excited,40,uncertainty_trigger,1010,1,1,0.7959999999999923
extended,base,excited,40,uncertainty_trigger,1011,1,1,0.7959999999999994
extended,base,excited,40,uncertainty_trigger,1012,1,1,0.7959999999999923
extended,base,excited,40,uncertainty_trigger,1013,1,1,0.7960000000000065
extended,base,excited,40,uncertainty_trigger,1014,1,1,0.7959999999999923
extended,base,excited,40,uncertainty_trigger,1015,1,1,0.7959999999999923
extended,base,excited,40,uncertainty_trigger,1016,1,1,0.7959999999999923
extended,base,excited,40,uncertainty_trigger,1017,1,1,0.7960000000000065
extended,base,excited,40,uncertainty_trigger,1018,1,1,0.7959999999999923
extended,base,excited,40,uncertainty_trigger,1019,1,1,0.7959999999999923
extended,base,excited,40,uncertainty_trigger,1020,1,1,0.7959999999999994
extended,base,excited,40,uncertainty_trigger,1021,1,1,0.7960000000000065
extended,base,excited,40,uncertainty_trigger,1022,0,0,0.0
extended,base,excited,40,uncertainty_trigger,1023,1,1,0.7959999999999923
extended,base,excited,40,uncertainty_trigger,1024,1,1,0.7959999999999923
extended,base,excited,40,uncertainty_trigger,1025,1,1,0.7959999999999923
extended,base,excited,40,uncertainty_trigger,1026,1,1,0.7959999999999994
extended,base,excited,40,uncertainty_trigger,1027,0,0,0.0
extended,base,excited,40,uncertainty_trigger,1028,1,1,0.7960000000000065
extended,base,excited,40,uncertainty_trigger,1029,1,1,0.7959999999999994
extended,base,excited,40,uncertainty_trigger,1030,1,1,0.7959999999999923
extended,base,excited,60,always_probe,1001,1,1,0.7959999999999923
extended,base,excited,60,always_probe,1002,1,1,0.7959999999999923
extended,base,excited,60,always_probe,1003,1,1,0.7959999999999923
extended,base,excited,60,always_probe,1004,0,0,0.0
extended,base,excited,60,always_probe,1005,1,1,0.7959999999999923
extended,base,excited,60,always_probe,1006,1,1,0.7960000000000065
extended,base,excited,60,always_probe,1007,1,1,0.7959999999999923
extended,base,excited,60,always_probe,1008,1,1,0.7959999999999923
extended,base,excited,60,always_probe,1009,1,1,0.7959999999999923
extended,base,excited,60,always_probe,1010,1,1,0.7960000000000065
extended,base,excited,60,always_probe,1011,1,1,0.7959999999999923
extended,base,excited,60,always_probe,1012,1,1,0.7960000000000065
extended,base,excited,60,always_probe,1013,1,1,0.7959999999999923
extended,base,excited,60,always_probe,1014,1,1,0.7959999999999923
extended,base,excited,60,always_probe,1015,1,1,0.7959999999999923
extended,base,excited,60,always_probe,1016,1,1,0.7960000000000065
extended,base,excited,60,always_probe,1017,1,1,0.7960000000000065
extended,base,excited,60,always_probe,1018,1,1,0.7959999999999923
extended,base,excited,60,always_probe,1019,1,1,0.7959999999999923
extended,base,excited,60,always_probe,1020,1,1,0.7959999999999923
extended,base,excited,60,always_probe,1021,1,1,0.7960000000000065
extended,base,excited,60,always_probe,1022,0,0,0.0
extended,base,excited,60,always_probe,1023,1,1,0.7959999999999923
extended,base,excited,60,always_probe,1024,1,1,0.7960000000000065
extended,base,excited,60,always_probe,1025,1,1,0.7959999999999923
extended,base,excited,60,always_probe,1026,1,1,0.7960000000000065
extended,base,excited,60,always_probe,1027,0,0,0.0
extended,base,excited,60,always_probe,1028,1,1,0.7959999999999923
extended,base,excited,60,always_probe,1029,1,1,0.7960000000000065
extended,base,excited,60,always_probe,1030,1,1,0.7959999999999923
extended,base,excited,60,batch_aware,1001,1,1,0.0
extended,base,excited,60,batch_aware,1002,1,1,0.0
extended,base,excited,60,batch_aware,1003,1,1,0.0
extended,base,excited,60,batch_aware,1004,0,0,0.0
extended,base,excited,60,batch_aware,1005,1,1,0.0
extended,base,excited,60,batch_aware,1006,1,1,0.0
extended,base,excited,60,batch_aware,1007,1,1,0.0
extended,base,excited,60,batch_aware,1008,1,1,0.0
extended,base,excited,60,batch_aware,1009,1,1,0.0
extended,base,excited,60,batch_aware,1010,1,1,0.0
extended,base,excited,60,batch_aware,1011,1,1,0.0
extended,base,excited,60,batch_aware,1012,1,1,0.0
extended,base,excited,60,batch_aware,1013,1,1,0.0
extended,base,excited,60,batch_aware,1014,1,1,0.0
extended,base,excited,60,batch_aware,1015,1,1,0.0
extended,base,excited,60,batch_aware,1016,1,1,0.0
extended,base,excited,60,batch_aware,1017,1,1,0.0
extended,base,excited,60,batch_aware,1018,1,1,0.0
extended,base,excited,60,batch_aware,1019,1,1,0.0
extended,base,excited,60,batch_aware,1020,1,1,0.0
extended,base,excited,60,batch_aware,1021,1,1,0.0
extended,base,excited,60,batch_aware,1022,0,0,0.0
extended,base,excited,60,batch_aware,1023,1,1,0.0
extended,base,excited,60,batch_aware,1024,1,1,0.0
extended,base,excited,60,batch_aware,1025,1,1,0.0
extended,base,excited,60,batch_aware,1026,1,1,0.0
extended,base,excited,60,batch_aware,1027,0,0,0.0
extended,base,excited,60,batch_aware,1028,1,1,0.0
extended,base,excited,60,batch_aware,1029,1,1,0.0
extended,base,excited,60,batch_aware,1030,1,1,0.0
extended,base,excited,60,ignore_passive,1001,1,1,0.7959999999999923
extended,base,excited,60,ignore_passive,1002,1,1,0.7959999999999923
extended,base,excited,60,ignore_passive,1003,1,1,0.7959999999999923
extended,base,excited,60,ignore_passive,1004,0,0,0.0
extended,base,excited,60,ignore_passive,1005,1,1,0.7959999999999923
extended,base,excited,60,ignore_passive,1006,1,1,0.7960000000000065
extended,base,excited,60,ignore_passive,1007,1,1,0.7959999999999923
extended,base,excited,60,ignore_passive,1008,1,1,0.7959999999999923
extended,base,excited,60,ignore_passive,1009,1,1,0.7959999999999923
extended,base,excited,60,ignore_passive,1010,1,1,0.7960000000000065
extended,base,excited,60,ignore_passive,1011,1,1,0.7959999999999923
extended,base,excited,60,ignore_passive,1012,1,1,0.7960000000000065
extended,base,excited,60,ignore_passive,1013,1,1,0.7959999999999923
extended,base,excited,60,ignore_passive,1014,1,1,0.7959999999999923
extended,base,excited,60,ignore_passive,1015,1,1,0.7959999999999923
extended,base,excited,60,ignore_passive,1016,1,1,0.7960000000000065
extended,base,excited,60,ignore_passive,1017,1,1,0.7960000000000065
extended,base,excited,60,ignore_passive,1018,1,1,0.7959999999999923
extended,base,excited,60,ignore_passive,1019,1,1,0.7959999999999923
extended,base,excited,60,ignore_passive,1020,1,1,0.7959999999999923
extended,base,excited,60,ignore_passive,1021,1,1,0.7960000000000065
extended,base,excited,60,ignore_passive,1022,0,0,0.0
extended,base,excited,60,ignore_passive,1023,1,1,0.7959999999999923
extended,base,excited,60,ignore_passive,1024,1,1,0.7960000000000065
extended,base,excited,60,ignore_passive,1025,1,1,0.7959999999999923
extended,base,excited,60,ignore_passive,1026,1,1,0.7960000000000065
extended,base,excited,60,ignore_passive,1027,0,0,0.0
extended,base,excited,60,ignore_passive,1028,1,1,0.7959999999999923
extended,base,excited,60,ignore_passive,1029,1,1,0.7960000000000065
extended,base,excited,60,ignore_passive,1030,1,1,0.7959999999999923
extended,base,excited,60,oracle,1001,1,1,-0.10000000000000853
extended,base,excited,60,oracle,1002,1,1,-0.10000000000000853
extended,base,excited,60,oracle,1003,1,1,-0.132000000000005
extended,base,excited,60,oracle,1004,0,0,95.36400000000002
extended,base,excited,60,oracle,1005,1,1,-0.15000000000000568
extended,base,excited,60,oracle,1006,1,1,-0.09999999999999432
extended,base,excited,60,oracle,1007,1,1,-0.15200000000000102
extended,base,excited,60,oracle,1008,1,1,-0.13800000000000523
extended,base,excited,60,oracle,1009,1,1,-0.15200000000000102
extended,base,excited,60,oracle,1010,1,1,-0.14799999999999613
extended,base,excited,60,oracle,1011,1,1,-0.10000000000000853
extended,base,excited,60,oracle,1012,1,1,-0.09999999999999432
extended,base,excited,60,oracle,1013,1,1,-0.15000000000000568
extended,base,excited,60,oracle,1014,1,1,-0.10000000000000853
extended,base,excited,60,oracle,1015,1,1,-0.10000000000000853
extended,base,excited,60,oracle,1016,1,1,-0.09999999999999432
extended,base,excited,60,oracle,1017,1,1,-0.1599999999999966
extended,base,excited,60,oracle,1018,1,1,-0.10000000000000853
extended,base,excited,60,oracle,1019,1,1,-0.12000000000000455
extended,base,excited,60,oracle,1020,1,1,-0.10000000000000853
extended,base,excited,60,oracle,1021,1,1,-0.09999999999999432
extended,base,excited,60,oracle,1022,0,0,101.36399999999993
extended,base,excited,60,oracle,1023,1,1,-0.10000000000000853
extended,base,excited,60,oracle,1024,1,1,-0.09999999999999432
extended,base,excited,60,oracle,1025,1,1,-0.15200000000000102
extended,base,excited,60,oracle,1026,1,1,-0.13599999999999568
extended,base,excited,60,oracle,1027,0,0,98.4859999999999
extended,base,excited,60,oracle,1028,1,1,-0.15200000000000102
extended,base,excited,60,oracle,1029,1,1,-0.15399999999999636
extended,base,excited,60,oracle,1030,1,1,-0.10000000000000853
extended,base,excited,60,uncertainty_trigger,1001,1,1,0.7959999999999923
extended,base,excited,60,uncertainty_trigger,1002,1,1,0.7959999999999923
extended,base,excited,60,uncertainty_trigger,1003,1,1,0.7959999999999923
extended,base,excited,60,uncertainty_trigger,1004,0,0,0.0
extended,base,excited,60,uncertainty_trigger,1005,1,1,0.7959999999999923
extended,base,excited,60,uncertainty_trigger,1006,1,1,0.7960000000000065
extended,base,excited,60,uncertainty_trigger,1007,1,1,0.7959999999999923
extended,base,excited,60,uncertainty_trigger,1008,1,1,0.7959999999999923
extended,base,excited,60,uncertainty_trigger,1009,1,1,0.7959999999999923
extended,base,excited,60,uncertainty_trigger,1010,1,1,0.7960000000000065
extended,base,excited,60,uncertainty_trigger,1011,1,1,0.7959999999999923
extended,base,excited,60,uncertainty_trigger,1012,1,1,0.7960000000000065
extended,base,excited,60,uncertainty_trigger,1013,1,1,0.7959999999999923
extended,base,excited,60,uncertainty_trigger,1014,1,1,0.7959999999999923
extended,base,excited,60,uncertainty_trigger,1015,1,1,0.7959999999999923
extended,base,excited,60,uncertainty_trigger,1016,1,1,0.7960000000000065
extended,base,excited,60,uncertainty_trigger,1017,1,1,0.7960000000000065
extended,base,excited,60,uncertainty_trigger,1018,1,1,0.7959999999999923
extended,base,excited,60,uncertainty_trigger,1019,1,1,0.7959999999999923
extended,base,excited,60,uncertainty_trigger,1020,1,1,0.7959999999999923
extended,base,excited,60,uncertainty_trigger,1021,1,1,0.7960000000000065
extended,base,excited,60,uncertainty_trigger,1022,0,0,0.0
extended,base,excited,60,uncertainty_trigger,1023,1,1,0.7959999999999923
extended,base,excited,60,uncertainty_trigger,1024,1,1,0.7960000000000065
extended,base,excited,60,uncertainty_trigger,1025,1,1,0.7959999999999923
extended,base,excited,60,uncertainty_trigger,1026,1,1,0.7960000000000065
extended,base,excited,60,uncertainty_trigger,1027,0,0,0.0
extended,base,excited,60,uncertainty_trigger,1028,1,1,0.7959999999999923
extended,base,excited,60,uncertainty_trigger,1029,1,1,0.7960000000000065
extended,base,excited,60,uncertainty_trigger,1030,1,1,0.7959999999999923
extended,base,excited,100,always_probe,1001,1,1,0.7959999999999923
extended,base,excited,100,always_probe,1002,1,1,0.7959999999999923
extended,base,excited,100,always_probe,1003,1,1,0.7960000000000207
extended,base,excited,100,always_probe,1004,0,0,0.0
extended,base,excited,100,always_probe,1005,1,1,0.7960000000000207
extended,base,excited,100,always_probe,1006,1,1,0.7959999999999923
extended,base,excited,100,always_probe,1007,1,1,0.7959999999999923
extended,base,excited,100,always_probe,1008,1,1,0.7959999999999923
extended,base,excited,100,always_probe,1009,1,1,0.7959999999999923
extended,base,excited,100,always_probe,1010,1,1,0.7959999999999923
extended,base,excited,100,always_probe,1011,1,1,0.7959999999999923
extended,base,excited,100,always_probe,1012,1,1,0.7959999999999923
extended,base,excited,100,always_probe,1013,1,1,0.7960000000000207
extended,base,excited,100,always_probe,1014,1,1,0.7959999999999923
extended,base,excited,100,always_probe,1015,1,1,0.7959999999999923
extended,base,excited,100,always_probe,1016,1,1,0.7959999999999923
extended,base,excited,100,always_probe,1017,1,1,0.7959999999999923
extended,base,excited,100,always_probe,1018,1,1,0.7959999999999923
extended,base,excited,100,always_probe,1019,1,1,0.7960000000000207
extended,base,excited,100,always_probe,1020,1,1,0.7959999999999923
extended,base,excited,100,always_probe,1021,1,1,0.7959999999999923
extended,base,excited,100,always_probe,1022,0,0,0.0
extended,base,excited,100,always_probe,1023,1,1,0.7959999999999923
extended,base,excited,100,always_probe,1024,1,1,0.7959999999999923
extended,base,excited,100,always_probe,1025,1,1,0.7959999999999923
extended,base,excited,100,always_probe,1026,1,1,0.7959999999999923
extended,base,excited,100,always_probe,1027,0,0,0.0
extended,base,excited,100,always_probe,1028,1,1,0.7959999999999923
extended,base,excited,100,always_probe,1029,1,1,0.7959999999999923
extended,base,excited,100,always_probe,1030,1,1,0.7959999999999923
extended,base,excited,100,batch_aware,1001,1,1,0.0
extended,base,excited,100,batch_aware,1002,1,1,0.0
extended,base,excited,100,batch_aware,1003,1,1,0.0
extended,base,excited,100,batch_aware,1004,0,0,0.0
extended,base,excited,100,batch_aware,1005,1,1,0.0
extended,base,excited,100,batch_aware,1006,1,1,0.0
extended,base,excited,100,batch_aware,1007,1,1,0.0
extended,base,excited,100,batch_aware,1008,1,1,0.0
extended,base,excited,100,batch_aware,1009,1,1,0.0
extended,base,excited,100,batch_aware,1010,1,1,0.0
extended,base,excited,100,batch_aware,1011,1,1,0.0
extended,base,excited,100,batch_aware,1012,1,1,0.0
extended,base,excited,100,batch_aware,1013,1,1,0.0
extended,base,excited,100,batch_aware,1014,1,1,0.0
extended,base,excited,100,batch_aware,1015,1,1,0.0
extended,base,excited,100,batch_aware,1016,1,1,0.0
extended,base,excited,100,batch_aware,1017,1,1,0.0
extended,base,excited,100,batch_aware,1018,1,1,0.0
extended,base,excited,100,batch_aware,1019,1,1,0.0
extended,base,excited,100,batch_aware,1020,1,1,0.0
extended,base,excited,100,batch_aware,1021,1,1,0.0
extended,base,excited,100,batch_aware,1022,0,0,0.0
extended,base,excited,100,batch_aware,1023,1,1,0.0
extended,base,excited,100,batch_aware,1024,1,1,0.0
extended,base,excited,100,batch_aware,1025,1,1,0.0
extended,base,excited,100,batch_aware,1026,1,1,0.0
extended,base,excited,100,batch_aware,1027,0,0,0.0
extended,base,excited,100,batch_aware,1028,1,1,0.0
extended,base,excited,100,batch_aware,1029,1,1,0.0
extended,base,excited,100,batch_aware,1030,1,1,0.0
extended,base,excited,100,ignore_passive,1001,1,1,0.7959999999999923
extended,base,excited,100,ignore_passive,1002,1,1,0.7959999999999923
extended,base,excited,100,ignore_passive,1003,1,1,0.7960000000000207
extended,base,excited,100,ignore_passive,1004,0,0,0.0
extended,base,excited,100,ignore_passive,1005,1,1,0.7960000000000207
extended,base,excited,100,ignore_passive,1006,1,1,0.7959999999999923
extended,base,excited,100,ignore_passive,1007,1,1,0.7959999999999923
extended,base,excited,100,ignore_passive,1008,1,1,0.7959999999999923
extended,base,excited,100,ignore_passive,1009,1,1,0.7959999999999923
extended,base,excited,100,ignore_passive,1010,1,1,0.7959999999999923
extended,base,excited,100,ignore_passive,1011,1,1,0.7959999999999923
extended,base,excited,100,ignore_passive,1012,1,1,0.7959999999999923
extended,base,excited,100,ignore_passive,1013,1,1,0.7960000000000207
extended,base,excited,100,ignore_passive,1014,1,1,0.7959999999999923
extended,base,excited,100,ignore_passive,1015,1,1,0.7959999999999923
extended,base,excited,100,ignore_passive,1016,1,1,0.7959999999999923
extended,base,excited,100,ignore_passive,1017,1,1,0.7959999999999923
extended,base,excited,100,ignore_passive,1018,1,1,0.7959999999999923
extended,base,excited,100,ignore_passive,1019,1,1,0.7960000000000207
extended,base,excited,100,ignore_passive,1020,1,1,0.7959999999999923
extended,base,excited,100,ignore_passive,1021,1,1,0.7959999999999923
extended,base,excited,100,ignore_passive,1022,0,0,0.0
extended,base,excited,100,ignore_passive,1023,1,1,0.7959999999999923
extended,base,excited,100,ignore_passive,1024,1,1,0.7959999999999923
extended,base,excited,100,ignore_passive,1025,1,1,0.7959999999999923
extended,base,excited,100,ignore_passive,1026,1,1,0.7959999999999923
extended,base,excited,100,ignore_passive,1027,0,0,0.0
extended,base,excited,100,ignore_passive,1028,1,1,0.7959999999999923
extended,base,excited,100,ignore_passive,1029,1,1,0.7959999999999923
extended,base,excited,100,ignore_passive,1030,1,1,0.7959999999999923
extended,base,excited,100,oracle,1001,1,1,-0.09999999999999432
extended,base,excited,100,oracle,1002,1,1,-0.09999999999999432
extended,base,excited,100,oracle,1003,1,1,-0.13199999999997658
extended,base,excited,100,oracle,1004,0,0,159.04399999999995
extended,base,excited,100,oracle,1005,1,1,-0.14999999999997726
extended,base,excited,100,oracle,1006,1,1,-0.09999999999999432
extended,base,excited,100,oracle,1007,1,1,-0.1519999999999868
extended,base,excited,100,oracle,1008,1,1,-0.13800000000000523
extended,base,excited,100,oracle,1009,1,1,-0.1519999999999868
extended,base,excited,100,oracle,1010,1,1,-0.14799999999999613
extended,base,excited,100,oracle,1011,1,1,-0.09999999999999432
extended,base,excited,100,oracle,1012,1,1,-0.09999999999999432
extended,base,excited,100,oracle,1013,1,1,-0.14999999999997726
extended,base,excited,100,oracle,1014,1,1,-0.09999999999999432
extended,base,excited,100,oracle,1015,1,1,-0.09999999999999432
extended,base,excited,100,oracle,1016,1,1,-0.09999999999999432
extended,base,excited,100,oracle,1017,1,1,-0.1599999999999966
extended,base,excited,100,oracle,1018,1,1,-0.09999999999999432
extended,base,excited,100,oracle,1019,1,1,-0.11999999999997613
extended,base,excited,100,oracle,1020,1,1,-0.09999999999999432
extended,base,excited,100,oracle,1021,1,1,-0.09999999999999432
extended,base,excited,100,oracle,1022,0,0,169.04399999999998
extended,base,excited,100,oracle,1023,1,1,-0.09999999999999432
extended,base,excited,100,oracle,1024,1,1,-0.09999999999999432
extended,base,excited,100,oracle,1025,1,1,-0.1519999999999868
extended,base,excited,100,oracle,1026,1,1,-0.13599999999999568
extended,base,excited,100,oracle,1027,0,0,164.24599999999984
extended,base,excited,100,oracle,1028,1,1,-0.1519999999999868
extended,base,excited,100,oracle,1029,1,1,-0.15399999999999636
extended,base,excited,100,oracle,1030,1,1,-0.09999999999999432
extended,base,excited,100,uncertainty_trigger,1001,1,1,0.7959999999999923
extended,base,excited,100,uncertainty_trigger,1002,1,1,0.7959999999999923
extended,base,excited,100,uncertainty_trigger,1003,1,1,0.7960000000000207
extended,base,excited,100,uncertainty_trigger,1004,0,0,0.0
extended,base,excited,100,uncertainty_trigger,1005,1,1,0.7960000000000207
extended,base,excited,100,uncertainty_trigger,1006,1,1,0.7959999999999923
extended,base,excited,100,uncertainty_trigger,1007,1,1,0.7959999999999923
extended,base,excited,100,uncertainty_trigger,1008,1,1,0.7959999999999923
extended,base,excited,100,uncertainty_trigger,1009,1,1,0.7959999999999923
extended,base,excited,100,uncertainty_trigger,1010,1,1,0.7959999999999923
extended,base,excited,100,uncertainty_trigger,1011,1,1,0.7959999999999923
extended,base,excited,100,uncertainty_trigger,1012,1,1,0.7959999999999923
extended,base,excited,100,uncertainty_trigger,1013,1,1,0.7960000000000207
extended,base,excited,100,uncertainty_trigger,1014,1,1,0.7959999999999923
extended,base,excited,100,uncertainty_trigger,1015,1,1,0.7959999999999923
extended,base,excited,100,uncertainty_trigger,1016,1,1,0.7959999999999923
extended,base,excited,100,uncertainty_trigger,1017,1,1,0.7959999999999923
extended,base,excited,100,uncertainty_trigger,1018,1,1,0.7959999999999923
extended,base,excited,100,uncertainty_trigger,1019,1,1,0.7960000000000207
extended,base,excited,100,uncertainty_trigger,1020,1,1,0.7959999999999923
extended,base,excited,100,uncertainty_trigger,1021,1,1,0.7959999999999923
extended,base,excited,100,uncertainty_trigger,1022,0,0,0.0
extended,base,excited,100,uncertainty_trigger,1023,1,1,0.7959999999999923
extended,base,excited,100,uncertainty_trigger,1024,1,1,0.7959999999999923
extended,base,excited,100,uncertainty_trigger,1025,1,1,0.7959999999999923
extended,base,excited,100,uncertainty_trigger,1026,1,1,0.7959999999999923
extended,base,excited,100,uncertainty_trigger,1027,0,0,0.0
extended,base,excited,100,uncertainty_trigger,1028,1,1,0.7959999999999923
extended,base,excited,100,uncertainty_trigger,1029,1,1,0.7959999999999923
extended,base,excited,100,uncertainty_trigger,1030,1,1,0.7959999999999923
extended,base,low_yaw,1,always_probe,1001,1,1,0.7959999999999998
extended,base,low_yaw,1,always_probe,1002,1,1,0.796
extended,base,low_yaw,1,always_probe,1003,1,1,0.796
extended,base,low_yaw,1,always_probe,1004,0,0,0.0
extended,base,low_yaw,1,always_probe,1005,1,1,0.7959999999999998
extended,base,low_yaw,1,always_probe,1006,1,1,0.796
extended,base,low_yaw,1,always_probe,1007,1,1,0.7960000000000003
extended,base,low_yaw,1,always_probe,1008,1,1,0.796
extended,base,low_yaw,1,always_probe,1009,1,1,0.7959999999999998
extended,base,low_yaw,1,always_probe,1010,1,1,0.7960000000000003
extended,base,low_yaw,1,always_probe,1011,1,1,0.7959999999999998
extended,base,low_yaw,1,always_probe,1012,1,1,0.796
extended,base,low_yaw,1,always_probe,1013,1,1,0.7959999999999998
extended,base,low_yaw,1,always_probe,1014,1,1,0.796
extended,base,low_yaw,1,always_probe,1015,1,1,0.796
extended,base,low_yaw,1,always_probe,1016,1,1,0.796
extended,base,low_yaw,1,always_probe,1017,1,1,0.7960000000000003
extended,base,low_yaw,1,always_probe,1018,1,1,0.796
extended,base,low_yaw,1,always_probe,1019,1,1,0.796
extended,base,low_yaw,1,always_probe,1020,1,1,0.7959999999999998
extended,base,low_yaw,1,always_probe,1021,1,1,0.796
extended,base,low_yaw,1,always_probe,1022,0,0,0.0
extended,base,low_yaw,1,always_probe,1023,1,1,0.796
extended,base,low_yaw,1,always_probe,1024,1,1,0.796
extended,base,low_yaw,1,always_probe,1025,1,1,0.7959999999999998
extended,base,low_yaw,1,always_probe,1026,1,1,0.7959999999999998
extended,base,low_yaw,1,always_probe,1027,0,0,0.0
extended,base,low_yaw,1,always_probe,1028,1,1,0.7960000000000003
extended,base,low_yaw,1,always_probe,1029,1,1,0.7960000000000003
extended,base,low_yaw,1,always_probe,1030,1,1,0.796
extended,base,low_yaw,1,batch_aware,1001,1,1,0.0
extended,base,low_yaw,1,batch_aware,1002,1,1,0.0
extended,base,low_yaw,1,batch_aware,1003,1,1,0.0
extended,base,low_yaw,1,batch_aware,1004,0,0,0.0
extended,base,low_yaw,1,batch_aware,1005,1,1,0.0
extended,base,low_yaw,1,batch_aware,1006,1,1,0.0
extended,base,low_yaw,1,batch_aware,1007,1,1,0.0
extended,base,low_yaw,1,batch_aware,1008,1,1,0.0
extended,base,low_yaw,1,batch_aware,1009,1,1,0.0
extended,base,low_yaw,1,batch_aware,1010,1,1,0.0
extended,base,low_yaw,1,batch_aware,1011,1,1,0.0
extended,base,low_yaw,1,batch_aware,1012,1,1,0.0
extended,base,low_yaw,1,batch_aware,1013,1,1,0.0
extended,base,low_yaw,1,batch_aware,1014,1,1,0.0
extended,base,low_yaw,1,batch_aware,1015,1,1,0.0
extended,base,low_yaw,1,batch_aware,1016,1,1,0.0
extended,base,low_yaw,1,batch_aware,1017,1,1,0.0
extended,base,low_yaw,1,batch_aware,1018,1,1,0.0
extended,base,low_yaw,1,batch_aware,1019,1,1,0.0
extended,base,low_yaw,1,batch_aware,1020,1,1,0.0
extended,base,low_yaw,1,batch_aware,1021,1,1,0.0
extended,base,low_yaw,1,batch_aware,1022,0,0,0.0
extended,base,low_yaw,1,batch_aware,1023,1,1,0.0
extended,base,low_yaw,1,batch_aware,1024,1,1,0.0
extended,base,low_yaw,1,batch_aware,1025,1,1,0.0
extended,base,low_yaw,1,batch_aware,1026,1,1,0.0
extended,base,low_yaw,1,batch_aware,1027,0,0,0.0
extended,base,low_yaw,1,batch_aware,1028,1,1,0.0
extended,base,low_yaw,1,batch_aware,1029,1,1,0.0
extended,base,low_yaw,1,batch_aware,1030,1,1,0.0
extended,base,low_yaw,1,ignore_passive,1001,1,1,0.0
extended,base,low_yaw,1,ignore_passive,1002,1,1,0.0
extended,base,low_yaw,1,ignore_passive,1003,1,1,0.0
extended,base,low_yaw,1,ignore_passive,1004,0,0,0.0
extended,base,low_yaw,1,ignore_passive,1005,1,1,0.0
extended,base,low_yaw,1,ignore_passive,1006,1,1,0.0
extended,base,low_yaw,1,ignore_passive,1007,1,1,0.0
extended,base,low_yaw,1,ignore_passive,1008,1,1,0.0
extended,base,low_yaw,1,ignore_passive,1009,1,1,0.0
extended,base,low_yaw,1,ignore_passive,1010,1,1,0.0
extended,base,low_yaw,1,ignore_passive,1011,1,1,0.0
extended,base,low_yaw,1,ignore_passive,1012,1,1,0.0
extended,base,low_yaw,1,ignore_passive,1013,1,1,0.0
extended,base,low_yaw,1,ignore_passive,1014,1,1,0.0
extended,base,low_yaw,1,ignore_passive,1015,1,1,0.0
extended,base,low_yaw,1,ignore_passive,1016,1,1,0.0
extended,base,low_yaw,1,ignore_passive,1017,1,1,0.0
extended,base,low_yaw,1,ignore_passive,1018,1,1,0.0
extended,base,low_yaw,1,ignore_passive,1019,1,1,0.0
extended,base,low_yaw,1,ignore_passive,1020,1,1,0.0
extended,base,low_yaw,1,ignore_passive,1021,1,1,0.0
extended,base,low_yaw,1,ignore_passive,1022,0,0,0.0
extended,base,low_yaw,1,ignore_passive,1023,1,1,0.0
extended,base,low_yaw,1,ignore_passive,1024,1,1,0.0
extended,base,low_yaw,1,ignore_passive,1025,1,1,0.0
extended,base,low_yaw,1,ignore_passive,1026,1,1,0.0
extended,base,low_yaw,1,ignore_passive,1027,0,0,0.0
extended,base,low_yaw,1,ignore_passive,1028,1,1,0.0
extended,base,low_yaw,1,ignore_passive,1029,1,1,0.0
extended,base,low_yaw,1,ignore_passive,1030,1,1,0.0
extended,base,low_yaw,1,oracle,1001,1,1,-0.10000000000000009
extended,base,low_yaw,1,oracle,1002,1,1,-0.10000000000000009
extended,base,low_yaw,1,oracle,1003,1,1,-0.13200000000000012
extended,base,low_yaw,1,oracle,1004,0,0,1.4360000000000002
extended,base,low_yaw,1,oracle,1005,1,1,-0.15000000000000013
extended,base,low_yaw,1,oracle,1006,1,1,-0.10000000000000009
extended,base,low_yaw,1,oracle,1007,1,1,-0.1519999999999999
extended,base,low_yaw,1,oracle,1008,1,1,-0.13800000000000012
extended,base,low_yaw,1,oracle,1009,1,1,-0.15200000000000014
extended,base,low_yaw,1,oracle,1010,1,1,-0.1479999999999999
extended,base,low_yaw,1,oracle,1011,1,1,-0.10000000000000009
extended,base,low_yaw,1,oracle,1012,1,1,-0.10000000000000009
extended,base,low_yaw,1,oracle,1013,1,1,-0.15000000000000013
extended,base,low_yaw,1,oracle,1014,1,1,-0.10000000000000009
extended,base,low_yaw,1,oracle,1015,1,1,-0.10000000000000009
extended,base,low_yaw,1,oracle,1016,1,1,-0.10000000000000009
extended,base,low_yaw,1,oracle,1017,1,1,-0.15999999999999992
extended,base,low_yaw,1,oracle,1018,1,1,-0.10000000000000009
extended,base,low_yaw,1,oracle,1019,1,1,-0.1200000000000001
extended,base,low_yaw,1,oracle,1020,1,1,-0.10000000000000009
extended,base,low_yaw,1,oracle,1021,1,1,-0.10000000000000009
extended,base,low_yaw,1,oracle,1022,0,0,1.536
extended,base,low_yaw,1,oracle,1023,1,1,-0.10000000000000009
extended,base,low_yaw,1,oracle,1024,1,1,-0.10000000000000009
extended,base,low_yaw,1,oracle,1025,1,1,-0.15200000000000014
extended,base,low_yaw,1,oracle,1026,1,1,-0.13600000000000012
extended,base,low_yaw,1,oracle,1027,0,0,1.49
extended,base,low_yaw,1,oracle,1028,1,1,-0.1519999999999999
extended,base,low_yaw,1,oracle,1029,1,1,-0.15399999999999991
extended,base,low_yaw,1,oracle,1030,1,1,-0.10000000000000009
extended,base,low_yaw,1,uncertainty_trigger,1001,1,1,0.7959999999999998
extended,base,low_yaw,1,uncertainty_trigger,1002,1,1,0.796
extended,base,low_yaw,1,uncertainty_trigger,1003,1,1,0.796
extended,base,low_yaw,1,uncertainty_trigger,1004,0,0,0.0
extended,base,low_yaw,1,uncertainty_trigger,1005,1,1,0.7959999999999998
extended,base,low_yaw,1,uncertainty_trigger,1006,1,1,0.796
extended,base,low_yaw,1,uncertainty_trigger,1007,1,1,0.7960000000000003
extended,base,low_yaw,1,uncertainty_trigger,1008,1,1,0.796
extended,base,low_yaw,1,uncertainty_trigger,1009,1,1,0.7959999999999998
extended,base,low_yaw,1,uncertainty_trigger,1010,1,1,0.7960000000000003
extended,base,low_yaw,1,uncertainty_trigger,1011,1,1,0.7959999999999998
extended,base,low_yaw,1,uncertainty_trigger,1012,1,1,0.796
extended,base,low_yaw,1,uncertainty_trigger,1013,1,1,0.7959999999999998
extended,base,low_yaw,1,uncertainty_trigger,1014,1,1,0.796
extended,base,low_yaw,1,uncertainty_trigger,1015,1,1,0.796
extended,base,low_yaw,1,uncertainty_trigger,1016,1,1,0.796
extended,base,low_yaw,1,uncertainty_trigger,1017,1,1,0.7960000000000003
extended,base,low_yaw,1,uncertainty_trigger,1018,1,1,0.796
extended,base,low_yaw,1,uncertainty_trigger,1019,1,1,0.796
extended,base,low_yaw,1,uncertainty_trigger,1020,1,1,0.7959999999999998
extended,base,low_yaw,1,uncertainty_trigger,1021,1,1,0.796
extended,base,low_yaw,1,uncertainty_trigger,1022,0,0,0.0
extended,base,low_yaw,1,uncertainty_trigger,1023,1,1,0.796
extended,base,low_yaw,1,uncertainty_trigger,1024,1,1,0.796
extended,base,low_yaw,1,uncertainty_trigger,1025,1,1,0.7959999999999998
extended,base,low_yaw,1,uncertainty_trigger,1026,1,1,0.7959999999999998
extended,base,low_yaw,1,uncertainty_trigger,1027,0,0,0.0
extended,base,low_yaw,1,uncertainty_trigger,1028,1,1,0.7960000000000003
extended,base,low_yaw,1,uncertainty_trigger,1029,1,1,0.7960000000000003
extended,base,low_yaw,1,uncertainty_trigger,1030,1,1,0.796
extended,base,low_yaw,5,always_probe,1001,1,1,0.6199999999999992
extended,base,low_yaw,5,always_probe,1002,1,1,0.6679999999999993
extended,base,low_yaw,5,always_probe,1003,1,1,0.6739999999999995
extended,base,low_yaw,5,always_probe,1004,0,0,0.0
extended,base,low_yaw,5,always_probe,1005,1,1,0.6999999999999993
extended,base,low_yaw,5,always_probe,1006,1,1,0.6999999999999993
extended,base,low_yaw,5,always_probe,1007,1,1,0.692000000000002
extended,base,low_yaw,5,always_probe,1008,1,1,0.6920000000000002
extended,base,low_yaw,5,always_probe,1009,1,1,0.668000000000001
extended,base,low_yaw,5,always_probe,1010,1,1,0.6679999999999993
extended,base,low_yaw,5,always_probe,1011,1,1,0.6920000000000002
extended,base,low_yaw,5,always_probe,1012,1,1,0.6999999999999993
extended,base,low_yaw,5,always_probe,1013,1,1,0.6440000000000001
extended,base,low_yaw,5,always_probe,1014,1,1,0.6679999999999993
extended,base,low_yaw,5,always_probe,1015,1,1,0.6679999999999993
extended,base,low_yaw,5,always_probe,1016,1,1,0.6739999999999995
extended,base,low_yaw,5,always_probe,1017,1,1,0.6999999999999993
extended,base,low_yaw,5,always_probe,1018,1,1,0.6679999999999993
extended,base,low_yaw,5,always_probe,1019,1,1,0.6740000000000013
extended,base,low_yaw,5,always_probe,1020,1,1,0.6679999999999993
extended,base,low_yaw,5,always_probe,1021,1,1,0.6219999999999999
extended,base,low_yaw,5,always_probe,1022,0,0,0.0
extended,base,low_yaw,5,always_probe,1023,1,1,0.6920000000000002
extended,base,low_yaw,5,always_probe,1024,1,1,0.6739999999999995
extended,base,low_yaw,5,always_probe,1025,1,1,0.692000000000002
extended,base,low_yaw,5,always_probe,1026,1,1,0.692000000000002
extended,base,low_yaw,5,always_probe,1027,0,0,0.0
extended,base,low_yaw,5,always_probe,1028,1,1,0.668000000000001
extended,base,low_yaw,5,always_probe,1029,1,1,0.6920000000000002
extended,base,low_yaw,5,always_probe,1030,1,1,0.6199999999999992
extended,base,low_yaw,5,batch_aware,1001,1,1,0.0
extended,base,low_yaw,5,batch_aware,1002,1,1,0.0
extended,base,low_yaw,5,batch_aware,1003,1,1,0.0
extended,base,low_yaw,5,batch_aware,1004,0,0,0.0
extended,base,low_yaw,5,batch_aware,1005,1,1,0.0
extended,base,low_yaw,5,batch_aware,1006,1,1,0.0
extended,base,low_yaw,5,batch_aware,1007,1,1,0.0
extended,base,low_yaw,5,batch_aware,1008,1,1,0.0
extended,base,low_yaw,5,batch_aware,1009,1,1,0.0
extended,base,low_yaw,5,batch_aware,1010,1,1,0.0
extended,base,low_yaw,5,batch_aware,1011,1,1,0.0
extended,base,low_yaw,5,batch_aware,1012,1,1,0.0
extended,base,low_yaw,5,batch_aware,1013,1,1,0.0
extended,base,low_yaw,5,batch_aware,1014,1,1,0.0
extended,base,low_yaw,5,batch_aware,1015,1,1,0.0
extended,base,low_yaw,5,batch_aware,1016,1,1,0.0
extended,base,low_yaw,5,batch_aware,1017,1,1,0.0
extended,base,low_yaw,5,batch_aware,1018,1,1,0.0
extended,base,low_yaw,5,batch_aware,1019,1,1,0.0
extended,base,low_yaw,5,batch_aware,1020,1,1,0.0
extended,base,low_yaw,5,batch_aware,1021,1,1,0.0
extended,base,low_yaw,5,batch_aware,1022,0,0,0.0
extended,base,low_yaw,5,batch_aware,1023,1,1,0.0
extended,base,low_yaw,5,batch_aware,1024,1,1,0.0
extended,base,low_yaw,5,batch_aware,1025,1,1,0.0
extended,base,low_yaw,5,batch_aware,1026,1,1,0.0
extended,base,low_yaw,5,batch_aware,1027,0,0,0.0
extended,base,low_yaw,5,batch_aware,1028,1,1,0.0
extended,base,low_yaw,5,batch_aware,1029,1,1,0.0
extended,base,low_yaw,5,batch_aware,1030,1,1,0.0
extended,base,low_yaw,5,ignore_passive,1001,1,1,0.0
extended,base,low_yaw,5,ignore_passive,1002,1,1,0.0
extended,base,low_yaw,5,ignore_passive,1003,1,1,0.0
extended,base,low_yaw,5,ignore_passive,1004,0,0,0.0
extended,base,low_yaw,5,ignore_passive,1005,1,1,0.0
extended,base,low_yaw,5,ignore_passive,1006,1,1,0.0
extended,base,low_yaw,5,ignore_passive,1007,1,1,0.0
extended,base,low_yaw,5,ignore_passive,1008,1,1,0.0
extended,base,low_yaw,5,ignore_passive,1009,1,1,0.0
extended,base,low_yaw,5,ignore_passive,1010,1,1,0.0
extended,base,low_yaw,5,ignore_passive,1011,1,1,0.0
extended,base,low_yaw,5,ignore_passive,1012,1,1,0.0
extended,base,low_yaw,5,ignore_passive,1013,1,1,0.0
extended,base,low_yaw,5,ignore_passive,1014,1,1,0.0
extended,base,low_yaw,5,ignore_passive,1015,1,1,0.0
extended,base,low_yaw,5,ignore_passive,1016,1,1,0.0
extended,base,low_yaw,5,ignore_passive,1017,1,1,0.0
extended,base,low_yaw,5,ignore_passive,1018,1,1,0.0
extended,base,low_yaw,5,ignore_passive,1019,1,1,0.0
extended,base,low_yaw,5,ignore_passive,1020,1,1,0.0
extended,base,low_yaw,5,ignore_passive,1021,1,1,0.0
extended,base,low_yaw,5,ignore_passive,1022,0,0,0.0
extended,base,low_yaw,5,ignore_passive,1023,1,1,0.0
extended,base,low_yaw,5,ignore_passive,1024,1,1,0.0
extended,base,low_yaw,5,ignore_passive,1025,1,1,0.0
extended,base,low_yaw,5,ignore_passive,1026,1,1,0.0
extended,base,low_yaw,5,ignore_passive,1027,0,0,0.0
extended,base,low_yaw,5,ignore_passive,1028,1,1,0.0
extended,base,low_yaw,5,ignore_passive,1029,1,1,0.0
extended,base,low_yaw,5,ignore_passive,1030,1,1,0.0
extended,base,low_yaw,5,oracle,1001,1,1,-0.2759999999999998
extended,base,low_yaw,5,oracle,1002,1,1,-0.22799999999999976
extended,base,low_yaw,5,oracle,1003,1,1,-0.25399999999999956
extended,base,low_yaw,5,oracle,1004,0,0,7.804000000000001
extended,base,low_yaw,5,oracle,1005,1,1,-0.24600000000000044
extended,base,low_yaw,5,oracle,1006,1,1,-0.19599999999999973
extended,base,low_yaw,5,oracle,1007,1,1,-0.25599999999999845
extended,base,low_yaw,5,oracle,1008,1,1,-0.2419999999999991
extended,base,low_yaw,5,oracle,1009,1,1,-0.27999999999999936
extended,base,low_yaw,5,oracle,1010,1,1,-0.2759999999999998
extended,base,low_yaw,5,oracle,1011,1,1,-0.20399999999999885
extended,base,low_yaw,5,oracle,1012,1,1,-0.19599999999999973
extended,base,low_yaw,5,oracle,1013,1,1,-0.3019999999999996
extended,base,low_yaw,5,oracle,1014,1,1,-0.22799999999999976
extended,base,low_yaw,5,oracle,1015,1,1,-0.22799999999999976
extended,base,low_yaw,5,oracle,1016,1,1,-0.22199999999999953
extended,base,low_yaw,5,oracle,1017,1,1,-0.2560000000000002
extended,base,low_yaw,5,oracle,1018,1,1,-0.22799999999999976
extended,base,low_yaw,5,oracle,1019,1,1,-0.2419999999999991
extended,base,low_yaw,5,oracle,1020,1,1,-0.22799999999999976
extended,base,low_yaw,5,oracle,1021,1,1,-0.27399999999999913
extended,base,low_yaw,5,oracle,1022,0,0,8.304
extended,base,low_yaw,5,oracle,1023,1,1,-0.20399999999999885
extended,base,low_yaw,5,oracle,1024,1,1,-0.22199999999999953
extended,base,low_yaw,5,oracle,1025,1,1,-0.25599999999999845
extended,base,low_yaw,5,oracle,1026,1,1,-0.23999999999999844
extended,base,low_yaw,5,oracle,1027,0,0,8.066
extended,base,low_yaw,5,oracle,1028,1,1,-0.27999999999999936
extended,base,low_yaw,5,oracle,1029,1,1,-0.2579999999999991
extended,base,low_yaw,5,oracle,1030,1,1,-0.2759999999999998
extended,base,low_yaw,5,uncertainty_trigger,1001,1,1,0.6199999999999992
extended,base,low_yaw,5,uncertainty_trigger,1002,1,1,0.6679999999999993
extended,base,low_yaw,5,uncertainty_trigger,1003,1,1,0.6739999999999995
extended,base,low_yaw,5,uncertainty_trigger,1004,0,0,0.0
extended,base,low_yaw,5,uncertainty_trigger,1005,1,1,0.6999999999999993
extended,base,low_yaw,5,uncertainty_trigger,1006,1,1,0.6999999999999993
extended,base,low_yaw,5,uncertainty_trigger,1007,1,1,0.692000000000002
extended,base,low_yaw,5,uncertainty_trigger,1008,1,1,0.6920000000000002
extended,base,low_yaw,5,uncertainty_trigger,1009,1,1,0.668000000000001
extended,base,low_yaw,5,uncertainty_trigger,1010,1,1,0.6679999999999993
extended,base,low_yaw,5,uncertainty_trigger,1011,1,1,0.6920000000000002
extended,base,low_yaw,5,uncertainty_trigger,1012,1,1,0.6999999999999993
extended,base,low_yaw,5,uncertainty_trigger,1013,1,1,0.6440000000000001
extended,base,low_yaw,5,uncertainty_trigger,1014,1,1,0.6679999999999993
extended,base,low_yaw,5,uncertainty_trigger,1015,1,1,0.6679999999999993
extended,base,low_yaw,5,uncertainty_trigger,1016,1,1,0.6739999999999995
extended,base,low_yaw,5,uncertainty_trigger,1017,1,1,0.6999999999999993
extended,base,low_yaw,5,uncertainty_trigger,1018,1,1,0.6679999999999993
extended,base,low_yaw,5,uncertainty_trigger,1019,1,1,0.6740000000000013
extended,base,low_yaw,5,uncertainty_trigger,1020,1,1,0.6679999999999993
extended,base,low_yaw,5,uncertainty_trigger,1021,1,1,0.6219999999999999
extended,base,low_yaw,5,uncertainty_trigger,1022,0,0,0.0
extended,base,low_yaw,5,uncertainty_trigger,1023,1,1,0.6920000000000002
extended,base,low_yaw,5,uncertainty_trigger,1024,1,1,0.6739999999999995
extended,base,low_yaw,5,uncertainty_trigger,1025,1,1,0.692000000000002
extended,base,low_yaw,5,uncertainty_trigger,1026,1,1,0.692000000000002
extended,base,low_yaw,5,uncertainty_trigger,1027,0,0,0.0
extended,base,low_yaw,5,uncertainty_trigger,1028,1,1,0.668000000000001
extended,base,low_yaw,5,uncertainty_trigger,1029,1,1,0.6920000000000002
extended,base,low_yaw,5,uncertainty_trigger,1030,1,1,0.6199999999999992
extended,base,low_yaw,20,always_probe,1001,1,1,0.23000000000000398
extended,base,low_yaw,20,always_probe,1002,1,1,0.2779999999999845
extended,base,low_yaw,20,always_probe,1003,1,1,0.31400000000000716
extended,base,low_yaw,20,always_probe,1004,0,0,0.0
extended,base,low_yaw,20,always_probe,1005,1,1,0.6039999999999992
extended,base,low_yaw,20,always_probe,1006,1,1,0.5319999999999965
extended,base,low_yaw,20,always_probe,1007,1,1,0.5360000000000014
extended,base,low_yaw,20,always_probe,1008,1,1,0.588000000000001
extended,base,low_yaw,20,always_probe,1009,1,1,0.3299999999999983
extended,base,low_yaw,20,always_probe,1010,1,1,0.40799999999999415
extended,base,low_yaw,20,always_probe,1011,1,1,0.509999999999998
extended,base,low_yaw,20,always_probe,1012,1,1,0.5799999999999983
extended,base,low_yaw,20,always_probe,1013,1,1,0.2539999999999907
extended,base,low_yaw,20,always_probe,1014,1,1,0.4339999999999975
extended,base,low_yaw,20,always_probe,1015,1,1,0.4339999999999975
extended,base,low_yaw,20,always_probe,1016,1,1,0.4100000000000037
extended,base,low_yaw,20,always_probe,1017,1,1,0.5319999999999965
extended,base,low_yaw,20,always_probe,1018,1,1,0.35599999999999454
extended,base,low_yaw,20,always_probe,1019,1,1,0.3860000000000028
extended,base,low_yaw,20,always_probe,1020,1,1,0.30400000000000205
extended,base,low_yaw,20,always_probe,1021,1,1,0.26200000000000756
extended,base,low_yaw,20,always_probe,1022,0,0,0.0
extended,base,low_yaw,20,always_probe,1023,1,1,0.5619999999999976
extended,base,low_yaw,20,always_probe,1024,1,1,0.31400000000000716
extended,base,low_yaw,20,always_probe,1025,1,1,0.5360000000000014
extended,base,low_yaw,20,always_probe,1026,1,1,0.5360000000000014
extended,base,low_yaw,20,always_probe,1027,0,0,0.0
extended,base,low_yaw,20,always_probe,1028,1,1,0.2779999999999845
extended,base,low_yaw,20,always_probe,1029,1,1,0.588000000000001
extended,base,low_yaw,20,always_probe,1030,1,1,0.22999999999998266
extended,base,low_yaw,20,batch_aware,1001,1,1,0.0
extended,base,low_yaw,20,batch_aware,1002,1,1,0.0
extended,base,low_yaw,20,batch_aware,1003,1,1,0.0
extended,base,low_yaw,20,batch_aware,1004,0,0,0.0
extended,base,low_yaw,20,batch_aware,1005,1,1,0.0
extended,base,low_yaw,20,batch_aware,1006,1,1,0.0
extended,base,low_yaw,20,batch_aware,1007,1,1,0.0
extended,base,low_yaw,20,batch_aware,1008,1,1,0.0
extended,base,low_yaw,20,batch_aware,1009,1,1,0.0
extended,base,low_yaw,20,batch_aware,1010,1,1,0.0
extended,base,low_yaw,20,batch_aware,1011,1,1,0.0
extended,base,low_yaw,20,batch_aware,1012,1,1,0.0
extended,base,low_yaw,20,batch_aware,1013,1,1,0.0
extended,base,low_yaw,20,batch_aware,1014,1,1,0.0
extended,base,low_yaw,20,batch_aware,1015,1,1,0.0
extended,base,low_yaw,20,batch_aware,1016,1,1,0.0
extended,base,low_yaw,20,batch_aware,1017,1,1,0.0
extended,base,low_yaw,20,batch_aware,1018,1,1,0.0
extended,base,low_yaw,20,batch_aware,1019,1,1,0.0
extended,base,low_yaw,20,batch_aware,1020,1,1,0.0
extended,base,low_yaw,20,batch_aware,1021,1,1,0.0
extended,base,low_yaw,20,batch_aware,1022,0,0,0.0
extended,base,low_yaw,20,batch_aware,1023,1,1,0.0
extended,base,low_yaw,20,batch_aware,1024,1,1,0.0
extended,base,low_yaw,20,batch_aware,1025,1,1,0.0
extended,base,low_yaw,20,batch_aware,1026,1,1,0.0
extended,base,low_yaw,20,batch_aware,1027,0,0,0.0
extended,base,low_yaw,20,batch_aware,1028,1,1,0.0
extended,base,low_yaw,20,batch_aware,1029,1,1,0.0
extended,base,low_yaw,20,batch_aware,1030,1,1,0.0
extended,base,low_yaw,20,ignore_passive,1001,1,1,0.23000000000000398
extended,base,low_yaw,20,ignore_passive,1002,1,1,0.2779999999999845
extended,base,low_yaw,20,ignore_passive,1003,1,1,0.31400000000000716
extended,base,low_yaw,20,ignore_passive,1004,0,0,0.0
extended,base,low_yaw,20,ignore_passive,1005,1,1,0.6039999999999992
extended,base,low_yaw,20,ignore_passive,1006,1,1,0.5319999999999965
extended,base,low_yaw,20,ignore_passive,1007,1,1,0.5360000000000014
extended,base,low_yaw,20,ignore_passive,1008,1,1,0.588000000000001
extended,base,low_yaw,20,ignore_passive,1009,1,1,0.3299999999999983
extended,base,low_yaw,20,ignore_passive,1010,1,1,0.40799999999999415
extended,base,low_yaw,20,ignore_passive,1011,1,1,0.509999999999998
extended,base,low_yaw,20,ignore_passive,1012,1,1,0.5799999999999983
extended,base,low_yaw,20,ignore_passive,1013,1,1,0.2539999999999907
extended,base,low_yaw,20,ignore_passive,1014,1,1,0.4339999999999975
extended,base,low_yaw,20,ignore_passive,1015,1,1,0.4339999999999975
extended,base,low_yaw,20,ignore_passive,1016,1,1,0.4100000000000037
extended,base,low_yaw,20,ignore_passive,1017,1,1,0.5319999999999965
extended,base,low_yaw,20,ignore_passive,1018,1,1,0.35599999999999454
extended,base,low_yaw,20,ignore_passive,1019,1,1,0.3860000000000028
extended,base,low_yaw,20,ignore_passive,1020,1,1,0.30400000000000205
extended,base,low_yaw,20,ignore_passive,1021,1,1,0.26200000000000756
extended,base,low_yaw,20,ignore_passive,1022,0,0,0.0
extended,base,low_yaw,20,ignore_passive,1023,1,1,0.5619999999999976
extended,base,low_yaw,20,ignore_passive,1024,1,1,0.31400000000000716
extended,base,low_yaw,20,ignore_passive,1025,1,1,0.5360000000000014
extended,base,low_yaw,20,ignore_passive,1026,1,1,0.5360000000000014
extended,base,low_yaw,20,ignore_passive,1027,0,0,0.0
extended,base,low_yaw,20,ignore_passive,1028,1,1,0.2779999999999845
extended,base,low_yaw,20,ignore_passive,1029,1,1,0.588000000000001
extended,base,low_yaw,20,ignore_passive,1030,1,1,0.22999999999998266
extended,base,low_yaw,20,oracle,1001,1,1,-0.6659999999999933
extended,base,low_yaw,20,oracle,1002,1,1,-0.6180000000000163
extended,base,low_yaw,20,oracle,1003,1,1,-0.6139999999999972
extended,base,low_yaw,20,oracle,1004,0,0,31.684000000000015
extended,base,low_yaw,20,oracle,1005,1,1,-0.34200000000000585
extended,base,low_yaw,20,oracle,1006,1,1,-0.3640000000000043
extended,base,low_yaw,20,oracle,1007,1,1,-0.41199999999999903
extended,base,low_yaw,20,oracle,1008,1,1,-0.3460000000000001
extended,base,low_yaw,20,oracle,1009,1,1,-0.6179999999999986
extended,base,low_yaw,20,oracle,1010,1,1,-0.5360000000000085
extended,base,low_yaw,20,oracle,1011,1,1,-0.38599999999999923
extended,base,low_yaw,20,oracle,1012,1,1,-0.3160000000000025
extended,base,low_yaw,20,oracle,1013,1,1,-0.6920000000000144
extended,base,low_yaw,20,oracle,1014,1,1,-0.4620000000000033
extended,base,low_yaw,20,oracle,1015,1,1,-0.4620000000000033
extended,base,low_yaw,20,oracle,1016,1,1,-0.4859999999999971
extended,base,low_yaw,20,oracle,1017,1,1,-0.4239999999999995
extended,base,low_yaw,20,oracle,1018,1,1,-0.5400000000000063
extended,base,low_yaw,20,oracle,1019,1,1,-0.5300000000000011
extended,base,low_yaw,20,oracle,1020,1,1,-0.5919999999999952
extended,base,low_yaw,20,oracle,1021,1,1,-0.6339999999999932
extended,base,low_yaw,20,oracle,1022,0,0,33.68399999999999
extended,base,low_yaw,20,oracle,1023,1,1,-0.3340000000000032
extended,base,low_yaw,20,oracle,1024,1,1,-0.5819999999999936
extended,base,low_yaw,20,oracle,1025,1,1,-0.4119999999999955
extended,base,low_yaw,20,oracle,1026,1,1,-0.39599999999999724
extended,base,low_yaw,20,oracle,1027,0,0,32.726
extended,base,low_yaw,20,oracle,1028,1,1,-0.6700000000000159
extended,base,low_yaw,20,oracle,1029,1,1,-0.3619999999999983
extended,base,low_yaw,20,oracle,1030,1,1,-0.6660000000000181
extended,base,low_yaw,20,uncertainty_trigger,1001,1,1,0.23000000000000398
extended,base,low_yaw,20,uncertainty_trigger,1002,1,1,0.2779999999999845
extended,base,low_yaw,20,uncertainty_trigger,1003,1,1,0.31400000000000716
extended,base,low_yaw,20,uncertainty_trigger,1004,0,0,0.0
extended,base,low_yaw,20,uncertainty_trigger,1005,1,1,0.6039999999999992
extended,base,low_yaw,20,uncertainty_trigger,1006,1,1,0.5319999999999965
extended,base,low_yaw,20,uncertainty_trigger,1007,1,1,0.5360000000000014
extended,base,low_yaw,20,uncertainty_trigger,1008,1,1,0.588000000000001
extended,base,low_yaw,20,uncertainty_trigger,1009,1,1,0.3299999999999983
extended,base,low_yaw,20,uncertainty_trigger,1010,1,1,0.40799999999999415
extended,base,low_yaw,20,uncertainty_trigger,1011,1,1,0.509999999999998
extended,base,low_yaw,20,uncertainty_trigger,1012,1,1,0.5799999999999983
extended,base,low_yaw,20,uncertainty_trigger,1013,1,1,0.2539999999999907
extended,base,low_yaw,20,uncertainty_trigger,1014,1,1,0.4339999999999975
extended,base,low_yaw,20,uncertainty_trigger,1015,1,1,0.4339999999999975
extended,base,low_yaw,20,uncertainty_trigger,1016,1,1,0.4100000000000037
extended,base,low_yaw,20,uncertainty_trigger,1017,1,1,0.5319999999999965
extended,base,low_yaw,20,uncertainty_trigger,1018,1,1,0.35599999999999454
extended,base,low_yaw,20,uncertainty_trigger,1019,1,1,0.3860000000000028
extended,base,low_yaw,20,uncertainty_trigger,1020,1,1,0.30400000000000205
extended,base,low_yaw,20,uncertainty_trigger,1021,1,1,0.26200000000000756
extended,base,low_yaw,20,uncertainty_trigger,1022,0,0,0.0
extended,base,low_yaw,20,uncertainty_trigger,1023,1,1,0.5619999999999976
extended,base,low_yaw,20,uncertainty_trigger,1024,1,1,0.31400000000000716
extended,base,low_yaw,20,uncertainty_trigger,1025,1,1,0.5360000000000014
extended,base,low_yaw,20,uncertainty_trigger,1026,1,1,0.5360000000000014
extended,base,low_yaw,20,uncertainty_trigger,1027,0,0,0.0
extended,base,low_yaw,20,uncertainty_trigger,1028,1,1,0.2779999999999845
extended,base,low_yaw,20,uncertainty_trigger,1029,1,1,0.588000000000001
extended,base,low_yaw,20,uncertainty_trigger,1030,1,1,0.22999999999998266
extended,base,low_yaw,40,always_probe,1001,1,1,-0.28999999999999204
extended,base,low_yaw,40,always_probe,1002,1,1,0.2779999999999774
extended,base,low_yaw,40,always_probe,1003,1,1,0.21800000000000352
extended,base,low_yaw,40,always_probe,1004,0,0,0.0
extended,base,low_yaw,40,always_probe,1005,1,1,0.6039999999999992
extended,base,low_yaw,40,always_probe,1006,1,1,0.5319999999999965
extended,base,low_yaw,40,always_probe,1007,1,1,0.5360000000000014
extended,base,low_yaw,40,always_probe,1008,1,1,0.5879999999999939
extended,base,low_yaw,40,always_probe,1009,1,1,0.3299999999999983
extended,base,low_yaw,40,always_probe,1010,1,1,0.40799999999998704
extended,base,low_yaw,40,always_probe,1011,1,1,0.5100000000000051
extended,base,low_yaw,40,always_probe,1012,1,1,0.5799999999999983
extended,base,low_yaw,40,always_probe,1013,1,1,-0.26600000000000534
extended,base,low_yaw,40,always_probe,1014,1,1,0.4339999999999975
extended,base,low_yaw,40,always_probe,1015,1,1,0.4339999999999975
extended,base,low_yaw,40,always_probe,1016,1,1,0.4099999999999966
extended,base,low_yaw,40,always_probe,1017,1,1,0.5319999999999965
extended,base,low_yaw,40,always_probe,1018,1,1,0.35599999999999454
extended,base,low_yaw,40,always_probe,1019,1,1,0.3859999999999957
extended,base,low_yaw,40,always_probe,1020,1,1,0.30400000000000205
extended,base,low_yaw,40,always_probe,1021,1,1,-0.21800000000000352
extended,base,low_yaw,40,always_probe,1022,0,0,0.0
extended,base,low_yaw,40,always_probe,1023,1,1,0.5619999999999976
extended,base,low_yaw,40,always_probe,1024,1,1,0.24200000000000443
extended,base,low_yaw,40,always_probe,1025,1,1,0.5360000000000014
extended,base,low_yaw,40,always_probe,1026,1,1,0.5360000000000014
extended,base,low_yaw,40,always_probe,1027,0,0,0.0
extended,base,low_yaw,40,always_probe,1028,1,1,0.2779999999999916
extended,base,low_yaw,40,always_probe,1029,1,1,0.5880000000000081
extended,base,low_yaw,40,always_probe,1030,1,1,-0.29000000000002046
extended,base,low_yaw,40,batch_aware,1001,1,1,0.0
extended,base,low_yaw,40,batch_aware,1002,1,1,0.0
extended,base,low_yaw,40,batch_aware,1003,1,1,0.0
extended,base,low_yaw,40,batch_aware,1004,0,0,0.0
extended,base,low_yaw,40,batch_aware,1005,1,1,0.0
extended,base,low_yaw,40,batch_aware,1006,1,1,0.0
extended,base,low_yaw,40,batch_aware,1007,1,1,0.0
extended,base,low_yaw,40,batch_aware,1008,1,1,0.0
extended,base,low_yaw,40,batch_aware,1009,1,1,0.0
extended,base,low_yaw,40,batch_aware,1010,1,1,0.0
extended,base,low_yaw,40,batch_aware,1011,1,1,0.0
extended,base,low_yaw,40,batch_aware,1012,1,1,0.0
extended,base,low_yaw,40,batch_aware,1013,1,1,0.0
extended,base,low_yaw,40,batch_aware,1014,1,1,0.0
extended,base,low_yaw,40,batch_aware,1015,1,1,0.0
extended,base,low_yaw,40,batch_aware,1016,1,1,0.0
extended,base,low_yaw,40,batch_aware,1017,1,1,0.0
extended,base,low_yaw,40,batch_aware,1018,1,1,0.0
extended,base,low_yaw,40,batch_aware,1019,1,1,0.0
extended,base,low_yaw,40,batch_aware,1020,1,1,0.0
extended,base,low_yaw,40,batch_aware,1021,1,1,0.0
extended,base,low_yaw,40,batch_aware,1022,0,0,0.0
extended,base,low_yaw,40,batch_aware,1023,1,1,0.0
extended,base,low_yaw,40,batch_aware,1024,1,1,0.0
extended,base,low_yaw,40,batch_aware,1025,1,1,0.0
extended,base,low_yaw,40,batch_aware,1026,1,1,0.0
extended,base,low_yaw,40,batch_aware,1027,0,0,0.0
extended,base,low_yaw,40,batch_aware,1028,1,1,0.0
extended,base,low_yaw,40,batch_aware,1029,1,1,0.0
extended,base,low_yaw,40,batch_aware,1030,1,1,0.0
extended,base,low_yaw,40,ignore_passive,1001,1,1,-0.28999999999999204
extended,base,low_yaw,40,ignore_passive,1002,1,1,0.2779999999999774
extended,base,low_yaw,40,ignore_passive,1003,1,1,0.21800000000000352
extended,base,low_yaw,40,ignore_passive,1004,0,0,0.0
extended,base,low_yaw,40,ignore_passive,1005,1,1,0.6039999999999992
extended,base,low_yaw,40,ignore_passive,1006,1,1,0.5319999999999965
extended,base,low_yaw,40,ignore_passive,1007,1,1,0.5360000000000014
extended,base,low_yaw,40,ignore_passive,1008,1,1,0.5879999999999939
extended,base,low_yaw,40,ignore_passive,1009,1,1,0.3299999999999983
extended,base,low_yaw,40,ignore_passive,1010,1,1,0.40799999999998704
extended,base,low_yaw,40,ignore_passive,1011,1,1,0.5100000000000051
extended,base,low_yaw,40,ignore_passive,1012,1,1,0.5799999999999983
extended,base,low_yaw,40,ignore_passive,1013,1,1,-0.26600000000000534
extended,base,low_yaw,40,ignore_passive,1014,1,1,0.4339999999999975
extended,base,low_yaw,40,ignore_passive,1015,1,1,0.4339999999999975
extended,base,low_yaw,40,ignore_passive,1016,1,1,0.4099999999999966
extended,base,low_yaw,40,ignore_passive,1017,1,1,0.5319999999999965
extended,base,low_yaw,40,ignore_passive,1018,1,1,0.35599999999999454
extended,base,low_yaw,40,ignore_passive,1019,1,1,0.3859999999999957
extended,base,low_yaw,40,ignore_passive,1020,1,1,0.30400000000000205
extended,base,low_yaw,40,ignore_passive,1021,1,1,-0.21800000000000352
extended,base,low_yaw,40,ignore_passive,1022,0,0,0.0
extended,base,low_yaw,40,ignore_passive,1023,1,1,0.5619999999999976
extended,base,low_yaw,40,ignore_passive,1024,1,1,0.24200000000000443
extended,base,low_yaw,40,ignore_passive,1025,1,1,0.5360000000000014
extended,base,low_yaw,40,ignore_passive,1026,1,1,0.5360000000000014
extended,base,low_yaw,40,ignore_passive,1027,0,0,0.0
extended,base,low_yaw,40,ignore_passive,1028,1,1,0.2779999999999916
extended,base,low_yaw,40,ignore_passive,1029,1,1,0.5880000000000081
extended,base,low_yaw,40,ignore_passive,1030,1,1,-0.29000000000002046
extended,base,low_yaw,40,oracle,1001,1,1,-1.1859999999999928
extended,base,low_yaw,40,oracle,1002,1,1,-0.6180000000000092
extended,base,low_yaw,40,oracle,1003,1,1,-0.7099999999999937
extended,base,low_yaw,40,oracle,1004,0,0,63.52400000000002
extended,base,low_yaw,40,oracle,1005,1,1,-0.34199999999999875
extended,base,low_yaw,40,oracle,1006,1,1,-0.3640000000000043
extended,base,low_yaw,40,oracle,1007,1,1,-0.41199999999999193
extended,base,low_yaw,40,oracle,1008,1,1,-0.34600000000000364
extended,base,low_yaw,40,oracle,1009,1,1,-0.617999999999995
extended,base,low_yaw,40,oracle,1010,1,1,-0.5360000000000014
extended,base,low_yaw,40,oracle,1011,1,1,-0.3859999999999957
extended,base,low_yaw,40,oracle,1012,1,1,-0.3160000000000025
extended,base,low_yaw,40,oracle,1013,1,1,-1.2120000000000033
extended,base,low_yaw,40,oracle,1014,1,1,-0.4619999999999891
extended,base,low_yaw,40,oracle,1015,1,1,-0.4619999999999891
extended,base,low_yaw,40,oracle,1016,1,1,-0.4860000000000042
extended,base,low_yaw,40,oracle,1017,1,1,-0.4240000000000066
extended,base,low_yaw,40,oracle,1018,1,1,-0.539999999999992
extended,base,low_yaw,40,oracle,1019,1,1,-0.5300000000000011
extended,base,low_yaw,40,oracle,1020,1,1,-0.5919999999999987
extended,base,low_yaw,40,oracle,1021,1,1,-1.1140000000000043
extended,base,low_yaw,40,oracle,1022,0,0,67.52400000000003
extended,base,low_yaw,40,oracle,1023,1,1,-0.333999999999989
extended,base,low_yaw,40,oracle,1024,1,1,-0.6539999999999964
extended,base,low_yaw,40,oracle,1025,1,1,-0.41199999999999193
extended,base,low_yaw,40,oracle,1026,1,1,-0.3960000000000008
extended,base,low_yaw,40,oracle,1027,0,0,65.60600000000001
extended,base,low_yaw,40,oracle,1028,1,1,-0.6700000000000017
extended,base,low_yaw,40,oracle,1029,1,1,-0.36199999999999477
extended,base,low_yaw,40,oracle,1030,1,1,-1.186000000000007
extended,base,low_yaw,40,uncertainty_trigger,1001,1,1,-0.28999999999999204
extended,base,low_yaw,40,uncertainty_trigger,1002,1,1,0.2779999999999774
extended,base,low_yaw,40,uncertainty_trigger,1003,1,1,0.21800000000000352
extended,base,low_yaw,40,uncertainty_trigger,1004,0,0,0.0
extended,base,low_yaw,40,uncertainty_trigger,1005,1,1,0.6039999999999992
extended,base,low_yaw,40,uncertainty_trigger,1006,1,1,0.5319999999999965
extended,base,low_yaw,40,uncertainty_trigger,1007,1,1,0.5360000000000014
extended,base,low_yaw,40,uncertainty_trigger,1008,1,1,0.5879999999999939
extended,base,low_yaw,40,uncertainty_trigger,1009,1,1,0.3299999999999983
extended,base,low_yaw,40,uncertainty_trigger,1010,1,1,0.40799999999998704
extended,base,low_yaw,40,uncertainty_trigger,1011,1,1,0.5100000000000051
extended,base,low_yaw,40,uncertainty_trigger,1012,1,1,0.5799999999999983
extended,base,low_yaw,40,uncertainty_trigger,1013,1,1,-0.26600000000000534
extended,base,low_yaw,40,uncertainty_trigger,1014,1,1,0.4339999999999975
extended,base,low_yaw,40,uncertainty_trigger,1015,1,1,0.4339999999999975
extended,base,low_yaw,40,uncertainty_trigger,1016,1,1,0.4099999999999966
extended,base,low_yaw,40,uncertainty_trigger,1017,1,1,0.5319999999999965
extended,base,low_yaw,40,uncertainty_trigger,1018,1,1,0.35599999999999454
extended,base,low_yaw,40,uncertainty_trigger,1019,1,1,0.3859999999999957
extended,base,low_yaw,40,uncertainty_trigger,1020,1,1,0.30400000000000205
extended,base,low_yaw,40,uncertainty_trigger,1021,1,1,-0.21800000000000352
extended,base,low_yaw,40,uncertainty_trigger,1022,0,0,0.0
extended,base,low_yaw,40,uncertainty_trigger,1023,1,1,0.5619999999999976
extended,base,low_yaw,40,uncertainty_trigger,1024,1,1,0.24200000000000443
extended,base,low_yaw,40,uncertainty_trigger,1025,1,1,0.5360000000000014
extended,base,low_yaw,40,uncertainty_trigger,1026,1,1,0.5360000000000014
extended,base,low_yaw,40,uncertainty_trigger,1027,0,0,0.0
extended,base,low_yaw,40,uncertainty_trigger,1028,1,1,0.2779999999999916
extended,base,low_yaw,40,uncertainty_trigger,1029,1,1,0.5880000000000081
extended,base,low_yaw,40,uncertainty_trigger,1030,1,1,-0.29000000000002046
extended,base,low_yaw,60,always_probe,1001,1,1,-0.4199999999999875
extended,base,low_yaw,60,always_probe,1002,1,1,0.2779999999999916
extended,base,low_yaw,60,always_probe,1003,1,1,0.21800000000000352
extended,base,low_yaw,60,always_probe,1004,0,0,0.0
extended,base,low_yaw,60,always_probe,1005,1,1,0.6039999999999992
extended,base,low_yaw,60,always_probe,1006,1,1,0.5319999999999965
extended,base,low_yaw,60,always_probe,1007,1,1,0.5360000000000014
extended,base,low_yaw,60,always_probe,1008,1,1,0.5879999999999939
extended,base,low_yaw,60,always_probe,1009,1,1,0.3299999999999841
extended,base,low_yaw,60,always_probe,1010,1,1,0.40800000000000125
extended,base,low_yaw,60,always_probe,1011,1,1,0.5099999999999909
extended,base,low_yaw,60,always_probe,1012,1,1,0.5799999999999983
extended,base,low_yaw,60,always_probe,1013,1,1,-0.3440000000000083
extended,base,low_yaw,60,always_probe,1014,1,1,0.4339999999999975
extended,base,low_yaw,60,always_probe,1015,1,1,0.4339999999999975
extended,base,low_yaw,60,always_probe,1016,1,1,0.4100000000000108
extended,base,low_yaw,60,always_probe,1017,1,1,0.5319999999999965
extended,base,low_yaw,60,always_probe,1018,1,1,0.35599999999999454
extended,base,low_yaw,60,always_probe,1019,1,1,0.3860000000000099
extended,base,low_yaw,60,always_probe,1020,1,1,0.30400000000000205
extended,base,low_yaw,60,always_probe,1021,1,1,-0.4100000000000108
extended,base,low_yaw,60,always_probe,1022,0,0,0.0
extended,base,low_yaw,60,always_probe,1023,1,1,0.5619999999999976
extended,base,low_yaw,60,always_probe,1024,1,1,0.24200000000000443
extended,base,low_yaw,60,always_probe,1025,1,1,0.5360000000000014
extended,base,low_yaw,60,always_probe,1026,1,1,0.5360000000000014
extended,base,low_yaw,60,always_probe,1027,0,0,0.0
extended,base,low_yaw,60,always_probe,1028,1,1,0.2779999999999916
extended,base,low_yaw,60,always_probe,1029,1,1,0.5880000000000081
extended,base,low_yaw,60,always_probe,1030,1,1,-0.6020000000000323
extended,base,low_yaw,60,batch_aware,1001,1,1,0.0
extended,base,low_yaw,60,batch_aware,1002,1,1,0.0
extended,base,low_yaw,60,batch_aware,1003,1,1,0.0
extended,base,low_yaw,60,batch_aware,1004,0,0,0.0
extended,base,low_yaw,60,batch_aware,1005,1,1,0.0
extended,base,low_yaw,60,batch_aware,1006,1,1,0.0
extended,base,low_yaw,60,batch_aware,1007,1,1,0.0
extended,base,low_yaw,60,batch_aware,1008,1,1,0.0
extended,base,low_yaw,60,batch_aware,1009,1,1,0.0
extended,base,low_yaw,60,batch_aware,1010,1,1,0.0
extended,base,low_yaw,60,batch_aware,1011,1,1,0.0
extended,base,low_yaw,60,batch_aware,1012,1,1,0.0
extended,base,low_yaw,60,batch_aware,1013,1,1,0.0
extended,base,low_yaw,60,batch_aware,1014,1,1,0.0
extended,base,low_yaw,60,batch_aware,1015,1,1,0.0
extended,base,low_yaw,60,batch_aware,1016,1,1,0.0
extended,base,low_yaw,60,batch_aware,1017,1,1,0.0
extended,base,low_yaw,60,batch_aware,1018,1,1,0.0
extended,base,low_yaw,60,batch_aware,1019,1,1,0.0
extended,base,low_yaw,60,batch_aware,1020,1,1,0.0
extended,base,low_yaw,60,batch_aware,1021,1,1,0.0
extended,base,low_yaw,60,batch_aware,1022,0,0,0.0
extended,base,low_yaw,60,batch_aware,1023,1,1,0.0
extended,base,low_yaw,60,batch_aware,1024,1,1,0.0
extended,base,low_yaw,60,batch_aware,1025,1,1,0.0
extended,base,low_yaw,60,batch_aware,1026,1,1,0.0
extended,base,low_yaw,60,batch_aware,1027,0,0,0.0
extended,base,low_yaw,60,batch_aware,1028,1,1,0.0
extended,base,low_yaw,60,batch_aware,1029,1,1,0.0
extended,base,low_yaw,60,batch_aware,1030,1,1,0.0
extended,base,low_yaw,60,ignore_passive,1001,1,1,-0.4199999999999875
extended,base,low_yaw,60,ignore_passive,1002,1,1,0.2779999999999916
extended,base,low_yaw,60,ignore_passive,1003,1,1,0.21800000000000352
extended,base,low_yaw,60,ignore_passive,1004,0,0,0.0
extended,base,low_yaw,60,ignore_passive,1005,1,1,0.6039999999999992
extended,base,low_yaw,60,ignore_passive,1006,1,1,0.5319999999999965
extended,base,low_yaw,60,ignore_passive,1007,1,1,0.5360000000000014
extended,base,low_yaw,60,ignore_passive,1008,1,1,0.5879999999999939
extended,base,low_yaw,60,ignore_passive,1009,1,1,0.3299999999999841
extended,base,low_yaw,60,ignore_passive,1010,1,1,0.40800000000000125
extended,base,low_yaw,60,ignore_passive,1011,1,1,0.5099999999999909
extended,base,low_yaw,60,ignore_passive,1012,1,1,0.5799999999999983
extended,base,low_yaw,60,ignore_passive,1013,1,1,-0.3440000000000083
extended,base,low_yaw,60,ignore_passive,1014,1,1,0.4339999999999975
extended,base,low_yaw,60,ignore_passive,1015,1,1,0.4339999999999975
extended,base,low_yaw,60,ignore_passive,1016,1,1,0.4100000000000108
extended,base,low_yaw,60,ignore_passive,1017,1,1,0.5319999999999965
extended,base,low_yaw,60,ignore_passive,1018,1,1,0.35599999999999454
extended,base,low_yaw,60,ignore_passive,1019,1,1,0.3860000000000099
extended,base,low_yaw,60,ignore_passive,1020,1,1,0.30400000000000205
extended,base,low_yaw,60,ignore_passive,1021,1,1,-0.4100000000000108
extended,base,low_yaw,60,ignore_passive,1022,0,0,0.0
extended,base,low_yaw,60,ignore_passive,1023,1,1,0.5619999999999976
extended,base,low_yaw,60,ignore_passive,1024,1,1,0.24200000000000443
extended,base,low_yaw,60,ignore_passive,1025,1,1,0.5360000000000014
extended,base,low_yaw,60,ignore_passive,1026,1,1,0.5360000000000014
extended,base,low_yaw,60,ignore_passive,1027,0,0,0.0
extended,base,low_yaw,60,ignore_passive,1028,1,1,0.2779999999999916
extended,base,low_yaw,60,ignore_passive,1029,1,1,0.5880000000000081
extended,base,low_yaw,60,ignore_passive,1030,1,1,-0.6020000000000323
extended,base,low_yaw,60,oracle,1001,1,1,-1.3159999999999883
extended,base,low_yaw,60,oracle,1002,1,1,-0.6180000000000092
extended,base,low_yaw,60,oracle,1003,1,1,-0.7099999999999937
extended,base,low_yaw,60,oracle,1004,0,0,95.36400000000002
extended,base,low_yaw,60,oracle,1005,1,1,-0.34199999999999875
extended,base,low_yaw,60,oracle,1006,1,1,-0.3640000000000043
extended,base,low_yaw,60,oracle,1007,1,1,-0.41199999999999193
extended,base,low_yaw,60,oracle,1008,1,1,-0.34600000000000364
extended,base,low_yaw,60,oracle,1009,1,1,-0.6180000000000092
extended,base,low_yaw,60,oracle,1010,1,1,-0.5360000000000014
extended,base,low_yaw,60,oracle,1011,1,1,-0.3860000000000099
extended,base,low_yaw,60,oracle,1012,1,1,-0.3160000000000025
extended,base,low_yaw,60,oracle,1013,1,1,-1.2900000000000063
extended,base,low_yaw,60,oracle,1014,1,1,-0.4620000000000033
extended,base,low_yaw,60,oracle,1015,1,1,-0.4620000000000033
extended,base,low_yaw,60,oracle,1016,1,1,-0.48599999999999
extended,base,low_yaw,60,oracle,1017,1,1,-0.4240000000000066
extended,base,low_yaw,60,oracle,1018,1,1,-0.5400000000000063
extended,base,low_yaw,60,oracle,1019,1,1,-0.5299999999999869
extended,base,low_yaw,60,oracle,1020,1,1,-0.5919999999999987
extended,base,low_yaw,60,oracle,1021,1,1,-1.3060000000000116
extended,base,low_yaw,60,oracle,1022,0,0,101.36399999999993
extended,base,low_yaw,60,oracle,1023,1,1,-0.3340000000000032
extended,base,low_yaw,60,oracle,1024,1,1,-0.6539999999999964
extended,base,low_yaw,60,oracle,1025,1,1,-0.41199999999999193
extended,base,low_yaw,60,oracle,1026,1,1,-0.3960000000000008
extended,base,low_yaw,60,oracle,1027,0,0,98.4859999999999
extended,base,low_yaw,60,oracle,1028,1,1,-0.6700000000000017
extended,base,low_yaw,60,oracle,1029,1,1,-0.36199999999999477
extended,base,low_yaw,60,oracle,1030,1,1,-1.498000000000033
extended,base,low_yaw,60,uncertainty_trigger,1001,1,1,-0.4199999999999875
extended,base,low_yaw,60,uncertainty_trigger,1002,1,1,0.2779999999999916
extended,base,low_yaw,60,uncertainty_trigger,1003,1,1,0.21800000000000352
extended,base,low_yaw,60,uncertainty_trigger,1004,0,0,0.0
extended,base,low_yaw,60,uncertainty_trigger,1005,1,1,0.6039999999999992
extended,base,low_yaw,60,uncertainty_trigger,1006,1,1,0.5319999999999965
extended,base,low_yaw,60,uncertainty_trigger,1007,1,1,0.5360000000000014
extended,base,low_yaw,60,uncertainty_trigger,1008,1,1,0.5879999999999939
extended,base,low_yaw,60,uncertainty_trigger,1009,1,1,0.3299999999999841
extended,base,low_yaw,60,uncertainty_trigger,1010,1,1,0.40800000000000125
extended,base,low_yaw,60,uncertainty_trigger,1011,1,1,0.5099999999999909
extended,base,low_yaw,60,uncertainty_trigger,1012,1,1,0.5799999999999983
extended,base,low_yaw,60,uncertainty_trigger,1013,1,1,-0.3440000000000083
extended,base,low_yaw,60,uncertainty_trigger,1014,1,1,0.4339999999999975
extended,base,low_yaw,60,uncertainty_trigger,1015,1,1,0.4339999999999975
extended,base,low_yaw,60,uncertainty_trigger,1016,1,1,0.4100000000000108
extended,base,low_yaw,60,uncertainty_trigger,1017,1,1,0.5319999999999965
extended,base,low_yaw,60,uncertainty_trigger,1018,1,1,0.35599999999999454
extended,base,low_yaw,60,uncertainty_trigger,1019,1,1,0.3860000000000099
extended,base,low_yaw,60,uncertainty_trigger,1020,1,1,0.30400000000000205
extended,base,low_yaw,60,uncertainty_trigger,1021,1,1,-0.4100000000000108
extended,base,low_yaw,60,uncertainty_trigger,1022,0,0,0.0
extended,base,low_yaw,60,uncertainty_trigger,1023,1,1,0.5619999999999976
extended,base,low_yaw,60,uncertainty_trigger,1024,1,1,0.24200000000000443
extended,base,low_yaw,60,uncertainty_trigger,1025,1,1,0.5360000000000014
extended,base,low_yaw,60,uncertainty_trigger,1026,1,1,0.5360000000000014
extended,base,low_yaw,60,uncertainty_trigger,1027,0,0,0.0
extended,base,low_yaw,60,uncertainty_trigger,1028,1,1,0.2779999999999916
extended,base,low_yaw,60,uncertainty_trigger,1029,1,1,0.5880000000000081
extended,base,low_yaw,60,uncertainty_trigger,1030,1,1,-0.6020000000000323
extended,base,low_yaw,100,always_probe,1001,1,1,-0.4199999999999875
extended,base,low_yaw,100,always_probe,1002,1,1,0.2779999999999916
extended,base,low_yaw,100,always_probe,1003,1,1,0.21800000000001774
extended,base,low_yaw,100,always_probe,1004,0,0,0.0
extended,base,low_yaw,100,always_probe,1005,1,1,0.6040000000000134
extended,base,low_yaw,100,always_probe,1006,1,1,0.5319999999999823
extended,base,low_yaw,100,always_probe,1007,1,1,0.5360000000000014
extended,base,low_yaw,100,always_probe,1008,1,1,0.5879999999999939
extended,base,low_yaw,100,always_probe,1009,1,1,0.3299999999999841
extended,base,low_yaw,100,always_probe,1010,1,1,0.40799999999998704
extended,base,low_yaw,100,always_probe,1011,1,1,0.5099999999999909
extended,base,low_yaw,100,always_probe,1012,1,1,0.5799999999999841
extended,base,low_yaw,100,always_probe,1013,1,1,-0.3440000000000225
extended,base,low_yaw,100,always_probe,1014,1,1,0.4339999999999975
extended,base,low_yaw,100,always_probe,1015,1,1,0.4339999999999975
extended,base,low_yaw,100,always_probe,1016,1,1,0.4099999999999966
extended,base,low_yaw,100,always_probe,1017,1,1,0.5319999999999823
extended,base,low_yaw,100,always_probe,1018,1,1,0.35599999999999454
extended,base,low_yaw,100,always_probe,1019,1,1,0.3860000000000241
extended,base,low_yaw,100,always_probe,1020,1,1,0.30400000000000205
extended,base,low_yaw,100,always_probe,1021,1,1,-0.410000000000025
extended,base,low_yaw,100,always_probe,1022,0,0,0.0
extended,base,low_yaw,100,always_probe,1023,1,1,0.5619999999999834
extended,base,low_yaw,100,always_probe,1024,1,1,0.24199999999999022
extended,base,low_yaw,100,always_probe,1025,1,1,0.5360000000000014
extended,base,low_yaw,100,always_probe,1026,1,1,0.5360000000000014
extended,base,low_yaw,100,always_probe,1027,0,0,0.0
extended,base,low_yaw,100,always_probe,1028,1,1,0.2779999999999916
extended,base,low_yaw,100,always_probe,1029,1,1,0.5879999999999939
extended,base,low_yaw,100,always_probe,1030,1,1,-0.6020000000000607
extended,base,low_yaw,100,batch_aware,1001,1,1,0.0
extended,base,low_yaw,100,batch_aware,1002,1,1,0.0
extended,base,low_yaw,100,batch_aware,1003,1,1,0.0
extended,base,low_yaw,100,batch_aware,1004,0,0,0.0
extended,base,low_yaw,100,batch_aware,1005,1,1,0.0
extended,base,low_yaw,100,batch_aware,1006,1,1,0.0
extended,base,low_yaw,100,batch_aware,1007,1,1,0.0
extended,base,low_yaw,100,batch_aware,1008,1,1,0.0
extended,base,low_yaw,100,batch_aware,1009,1,1,0.0
extended,base,low_yaw,100,batch_aware,1010,1,1,0.0
extended,base,low_yaw,100,batch_aware,1011,1,1,0.0
extended,base,low_yaw,100,batch_aware,1012,1,1,0.0
extended,base,low_yaw,100,batch_aware,1013,1,1,0.0
extended,base,low_yaw,100,batch_aware,1014,1,1,0.0
extended,base,low_yaw,100,batch_aware,1015,1,1,0.0
extended,base,low_yaw,100,batch_aware,1016,1,1,0.0
extended,base,low_yaw,100,batch_aware,1017,1,1,0.0
extended,base,low_yaw,100,batch_aware,1018,1,1,0.0
extended,base,low_yaw,100,batch_aware,1019,1,1,0.0
extended,base,low_yaw,100,batch_aware,1020,1,1,0.0
extended,base,low_yaw,100,batch_aware,1021,1,1,0.0
extended,base,low_yaw,100,batch_aware,1022,0,0,0.0
extended,base,low_yaw,100,batch_aware,1023,1,1,0.0
extended,base,low_yaw,100,batch_aware,1024,1,1,0.0
extended,base,low_yaw,100,batch_aware,1025,1,1,0.0
extended,base,low_yaw,100,batch_aware,1026,1,1,0.0
extended,base,low_yaw,100,batch_aware,1027,0,0,0.0
extended,base,low_yaw,100,batch_aware,1028,1,1,0.0
extended,base,low_yaw,100,batch_aware,1029,1,1,0.0
extended,base,low_yaw,100,batch_aware,1030,1,1,0.0
extended,base,low_yaw,100,ignore_passive,1001,1,1,-0.4199999999999875
extended,base,low_yaw,100,ignore_passive,1002,1,1,0.2779999999999916
extended,base,low_yaw,100,ignore_passive,1003,1,1,0.21800000000001774
extended,base,low_yaw,100,ignore_passive,1004,0,0,0.0
extended,base,low_yaw,100,ignore_passive,1005,1,1,0.6040000000000134
extended,base,low_yaw,100,ignore_passive,1006,1,1,0.5319999999999823
extended,base,low_yaw,100,ignore_passive,1007,1,1,0.5360000000000014
extended,base,low_yaw,100,ignore_passive,1008,1,1,0.5879999999999939
extended,base,low_yaw,100,ignore_passive,1009,1,1,0.3299999999999841
extended,base,low_yaw,100,ignore_passive,1010,1,1,0.40799999999998704
extended,base,low_yaw,100,ignore_passive,1011,1,1,0.5099999999999909
extended,base,low_yaw,100,ignore_passive,1012,1,1,0.5799999999999841
extended,base,low_yaw,100,ignore_passive,1013,1,1,-0.3440000000000225
extended,base,low_yaw,100,ignore_passive,1014,1,1,0.4339999999999975
extended,base,low_yaw,100,ignore_passive,1015,1,1,0.4339999999999975
extended,base,low_yaw,100,ignore_passive,1016,1,1,0.4099999999999966
extended,base,low_yaw,100,ignore_passive,1017,1,1,0.5319999999999823
extended,base,low_yaw,100,ignore_passive,1018,1,1,0.35599999999999454
extended,base,low_yaw,100,ignore_passive,1019,1,1,0.3860000000000241
extended,base,low_yaw,100,ignore_passive,1020,1,1,0.30400000000000205
extended,base,low_yaw,100,ignore_passive,1021,1,1,-0.410000000000025
extended,base,low_yaw,100,ignore_passive,1022,0,0,0.0
extended,base,low_yaw,100,ignore_passive,1023,1,1,0.5619999999999834
extended,base,low_yaw,100,ignore_passive,1024,1,1,0.24199999999999022
extended,base,low_yaw,100,ignore_passive,1025,1,1,0.5360000000000014
extended,base,low_yaw,100,ignore_passive,1026,1,1,0.5360000000000014
extended,base,low_yaw,100,ignore_passive,1027,0,0,0.0
extended,base,low_yaw,100,ignore_passive,1028,1,1,0.2779999999999916
extended,base,low_yaw,100,ignore_passive,1029,1,1,0.5879999999999939
extended,base,low_yaw,100,ignore_passive,1030,1,1,-0.6020000000000607
extended,base,low_yaw,100,oracle,1001,1,1,-1.315999999999974
extended,base,low_yaw,100,oracle,1002,1,1,-0.617999999999995
extended,base,low_yaw,100,oracle,1003,1,1,-0.7099999999999795
extended,base,low_yaw,100,oracle,1004,0,0,159.04399999999995
extended,base,low_yaw,100,oracle,1005,1,1,-0.34199999999998454
extended,base,low_yaw,100,oracle,1006,1,1,-0.3640000000000043
extended,base,low_yaw,100,oracle,1007,1,1,-0.4119999999999777
extended,base,low_yaw,100,oracle,1008,1,1,-0.34600000000000364
extended,base,low_yaw,100,oracle,1009,1,1,-0.617999999999995
extended,base,low_yaw,100,oracle,1010,1,1,-0.5360000000000014
extended,base,low_yaw,100,oracle,1011,1,1,-0.3859999999999957
extended,base,low_yaw,100,oracle,1012,1,1,-0.3160000000000025
extended,base,low_yaw,100,oracle,1013,1,1,-1.2900000000000205
extended,base,low_yaw,100,oracle,1014,1,1,-0.4619999999999891
extended,base,low_yaw,100,oracle,1015,1,1,-0.4619999999999891
extended,base,low_yaw,100,oracle,1016,1,1,-0.48599999999999
extended,base,low_yaw,100,oracle,1017,1,1,-0.4240000000000066
extended,base,low_yaw,100,oracle,1018,1,1,-0.539999999999992
extended,base,low_yaw,100,oracle,1019,1,1,-0.5299999999999727
extended,base,low_yaw,100,oracle,1020,1,1,-0.5919999999999845
extended,base,low_yaw,100,oracle,1021,1,1,-1.3060000000000116
extended,base,low_yaw,100,oracle,1022,0,0,169.04399999999998
extended,base,low_yaw,100,oracle,1023,1,1,-0.3340000000000032
extended,base,low_yaw,100,oracle,1024,1,1,-0.6539999999999964
extended,base,low_yaw,100,oracle,1025,1,1,-0.4119999999999777
extended,base,low_yaw,100,oracle,1026,1,1,-0.3959999999999866
extended,base,low_yaw,100,oracle,1027,0,0,164.24599999999984
extended,base,low_yaw,100,oracle,1028,1,1,-0.6699999999999875
extended,base,low_yaw,100,oracle,1029,1,1,-0.36199999999999477
extended,base,low_yaw,100,oracle,1030,1,1,-1.4980000000000473
extended,base,low_yaw,100,uncertainty_trigger,1001,1,1,-0.4199999999999875
extended,base,low_yaw,100,uncertainty_trigger,1002,1,1,0.2779999999999916
extended,base,low_yaw,100,uncertainty_trigger,1003,1,1,0.21800000000001774
extended,base,low_yaw,100,uncertainty_trigger,1004,0,0,0.0
extended,base,low_yaw,100,uncertainty_trigger,1005,1,1,0.6040000000000134
extended,base,low_yaw,100,uncertainty_trigger,1006,1,1,0.5319999999999823
extended,base,low_yaw,100,uncertainty_trigger,1007,1,1,0.5360000000000014
extended,base,low_yaw,100,uncertainty_trigger,1008,1,1,0.5879999999999939
extended,base,low_yaw,100,uncertainty_trigger,1009,1,1,0.3299999999999841
extended,base,low_yaw,100,uncertainty_trigger,1010,1,1,0.40799999999998704
extended,base,low_yaw,100,uncertainty_trigger,1011,1,1,0.5099999999999909
extended,base,low_yaw,100,uncertainty_trigger,1012,1,1,0.5799999999999841
extended,base,low_yaw,100,uncertainty_trigger,1013,1,1,-0.3440000000000225
extended,base,low_yaw,100,uncertainty_trigger,1014,1,1,0.4339999999999975
extended,base,low_yaw,100,uncertainty_trigger,1015,1,1,0.4339999999999975
extended,base,low_yaw,100,uncertainty_trigger,1016,1,1,0.4099999999999966
extended,base,low_yaw,100,uncertainty_trigger,1017,1,1,0.5319999999999823
extended,base,low_yaw,100,uncertainty_trigger,1018,1,1,0.35599999999999454
extended,base,low_yaw,100,uncertainty_trigger,1019,1,1,0.3860000000000241
extended,base,low_yaw,100,uncertainty_trigger,1020,1,1,0.30400000000000205
extended,base,low_yaw,100,uncertainty_trigger,1021,1,1,-0.410000000000025
extended,base,low_yaw,100,uncertainty_trigger,1022,0,0,0.0
extended,base,low_yaw,100,uncertainty_trigger,1023,1,1,0.5619999999999834
extended,base,low_yaw,100,uncertainty_trigger,1024,1,1,0.24199999999999022
extended,base,low_yaw,100,uncertainty_trigger,1025,1,1,0.5360000000000014
extended,base,low_yaw,100,uncertainty_trigger,1026,1,1,0.5360000000000014
extended,base,low_yaw,100,uncertainty_trigger,1027,0,0,0.0
extended,base,low_yaw,100,uncertainty_trigger,1028,1,1,0.2779999999999916
extended,base,low_yaw,100,uncertainty_trigger,1029,1,1,0.5879999999999939
extended,base,low_yaw,100,uncertainty_trigger,1030,1,1,-0.6020000000000607
sensitivity,noise10,excited,20,always_probe,1001,1,1,0.7460000000000022
sensitivity,noise10,excited,20,always_probe,1002,1,1,0.7720000000000056
sensitivity,noise10,excited,20,always_probe,1003,1,1,0.794000000000004
sensitivity,noise10,excited,20,always_probe,1004,0,0,0.0
sensitivity,noise10,excited,20,always_probe,1005,1,1,0.7459999999999951
sensitivity,noise10,excited,20,always_probe,1006,1,1,0.7220000000000084
sensitivity,noise10,excited,20,always_probe,1007,1,1,0.7199999999999918
sensitivity,noise10,excited,20,always_probe,1008,1,1,0.7459999999999951
sensitivity,noise10,excited,20,always_probe,1009,1,1,0.7980000000000018
sensitivity,noise10,excited,20,always_probe,1010,1,1,0.7459999999999951
sensitivity,noise10,excited,20,batch_aware,1001,1,1,0.0
sensitivity,noise10,excited,20,batch_aware,1002,1,1,0.0
sensitivity,noise10,excited,20,batch_aware,1003,1,1,0.0
sensitivity,noise10,excited,20,batch_aware,1004,0,0,0.0
sensitivity,noise10,excited,20,batch_aware,1005,1,1,0.0
sensitivity,noise10,excited,20,batch_aware,1006,1,1,0.0
sensitivity,noise10,excited,20,batch_aware,1007,1,1,0.0
sensitivity,noise10,excited,20,batch_aware,1008,1,1,0.0
sensitivity,noise10,excited,20,batch_aware,1009,1,1,0.0
sensitivity,noise10,excited,20,batch_aware,1010,1,1,0.0
sensitivity,noise10,excited,20,ignore_passive,1001,1,1,0.7460000000000022
sensitivity,noise10,excited,20,ignore_passive,1002,1,1,0.7720000000000056
sensitivity,noise10,excited,20,ignore_passive,1003,1,1,0.794000000000004
sensitivity,noise10,excited,20,ignore_passive,1004,0,0,0.0
sensitivity,noise10,excited,20,ignore_passive,1005,1,1,0.7459999999999951
sensitivity,noise10,excited,20,ignore_passive,1006,1,1,0.7220000000000084
sensitivity,noise10,excited,20,ignore_passive,1007,1,1,0.7199999999999918
sensitivity,noise10,excited,20,ignore_passive,1008,1,1,0.7459999999999951
sensitivity,noise10,excited,20,ignore_passive,1009,1,1,0.7980000000000018
sensitivity,noise10,excited,20,ignore_passive,1010,1,1,0.7459999999999951
sensitivity,noise10,excited,20,uncertainty_trigger,1001,1,1,0.7460000000000022
sensitivity,noise10,excited,20,uncertainty_trigger,1002,1,1,0.7720000000000056
sensitivity,noise10,excited,20,uncertainty_trigger,1003,1,1,0.794000000000004
sensitivity,noise10,excited,20,uncertainty_trigger,1004,0,0,0.0
sensitivity,noise10,excited,20,uncertainty_trigger,1005,1,1,0.7459999999999951
sensitivity,noise10,excited,20,uncertainty_trigger,1006,1,1,0.7220000000000084
sensitivity,noise10,excited,20,uncertainty_trigger,1007,1,1,0.7199999999999918
sensitivity,noise10,excited,20,uncertainty_trigger,1008,1,1,0.7459999999999951
sensitivity,noise10,excited,20,uncertainty_trigger,1009,1,1,0.7980000000000018
sensitivity,noise10,excited,20,uncertainty_trigger,1010,1,1,0.7459999999999951
sensitivity,noise10,excited,60,always_probe,1001,1,1,0.6940000000000168
sensitivity,noise10,excited,60,always_probe,1002,1,1,0.7199999999999989
sensitivity,noise10,excited,60,always_probe,1003,1,1,0.7459999999999951
sensitivity,noise10,excited,60,always_probe,1004,0,0,0.0
sensitivity,noise10,excited,60,always_probe,1005,1,1,0.7459999999999951
sensitivity,noise10,excited,60,always_probe,1006,1,1,0.7219999999999942
sensitivity,noise10,excited,60,always_probe,1007,1,1,0.7199999999999847
sensitivity,noise10,excited,60,always_probe,1008,1,1,0.7459999999999951
sensitivity,noise10,excited,60,always_probe,1009,1,1,0.7460000000000093
sensitivity,noise10,excited,60,always_probe,1010,1,1,0.7460000000000093
sensitivity,noise10,excited,60,batch_aware,1001,1,1,0.0
sensitivity,noise10,excited,60,batch_aware,1002,1,1,0.0
sensitivity,noise10,excited,60,batch_aware,1003,1,1,0.0
sensitivity,noise10,excited,60,batch_aware,1004,0,0,0.0
sensitivity,noise10,excited,60,batch_aware,1005,1,1,0.0
sensitivity,noise10,excited,60,batch_aware,1006,1,1,0.0
sensitivity,noise10,excited,60,batch_aware,1007,1,1,0.0
sensitivity,noise10,excited,60,batch_aware,1008,1,1,0.0
sensitivity,noise10,excited,60,batch_aware,1009,1,1,0.0
sensitivity,noise10,excited,60,batch_aware,1010,1,1,0.0
sensitivity,noise10,excited,60,ignore_passive,1001,1,1,0.6940000000000168
sensitivity,noise10,excited,60,ignore_passive,1002,1,1,0.7199999999999989
sensitivity,noise10,excited,60,ignore_passive,1003,1,1,0.7459999999999951
sensitivity,noise10,excited,60,ignore_passive,1004,0,0,0.0
sensitivity,noise10,excited,60,ignore_passive,1005,1,1,0.7459999999999951
sensitivity,noise10,excited,60,ignore_passive,1006,1,1,0.7219999999999942
sensitivity,noise10,excited,60,ignore_passive,1007,1,1,0.7199999999999847
sensitivity,noise10,excited,60,ignore_passive,1008,1,1,0.7459999999999951
sensitivity,noise10,excited,60,ignore_passive,1009,1,1,0.7460000000000093
sensitivity,noise10,excited,60,ignore_passive,1010,1,1,0.7460000000000093
sensitivity,noise10,excited,60,uncertainty_trigger,1001,1,1,0.6940000000000168
sensitivity,noise10,excited,60,uncertainty_trigger,1002,1,1,0.7199999999999989
sensitivity,noise10,excited,60,uncertainty_trigger,1003,1,1,0.7459999999999951
sensitivity,noise10,excited,60,uncertainty_trigger,1004,0,0,0.0
sensitivity,noise10,excited,60,uncertainty_trigger,1005,1,1,0.7459999999999951
sensitivity,noise10,excited,60,uncertainty_trigger,1006,1,1,0.7219999999999942
sensitivity,noise10,excited,60,uncertainty_trigger,1007,1,1,0.7199999999999847
sensitivity,noise10,excited,60,uncertainty_trigger,1008,1,1,0.7459999999999951
sensitivity,noise10,excited,60,uncertainty_trigger,1009,1,1,0.7460000000000093
sensitivity,noise10,excited,60,uncertainty_trigger,1010,1,1,0.7460000000000093
sensitivity,noise10,low_yaw,20,always_probe,1001,1,1,0.10999999999998522
sensitivity,noise10,low_yaw,20,always_probe,1002,1,1,-0.17799999999999017
sensitivity,noise10,low_yaw,20,always_probe,1003,1,1,-0.13000000000000966
sensitivity,noise10,low_yaw,20,always_probe,1004,0,0,0.0
sensitivity,noise10,low_yaw,20,always_probe,1005,1,1,0.08399999999998187
sensitivity,noise10,low_yaw,20,always_probe,1006,1,1,-0.03600000000000847
sensitivity,noise10,low_yaw,20,always_probe,1007,1,1,0.056000000000011596
sensitivity,noise10,low_yaw,20,always_probe,1008,1,1,0.1080000000000112
sensitivity,noise10,low_yaw,20,always_probe,1009,1,1,-0.15200000000000813
sensitivity,noise10,low_yaw,20,always_probe,1010,1,1,-0.09999999999999432
sensitivity,noise10,low_yaw,20,batch_aware,1001,1,1,0.10999999999998522
sensitivity,noise10,low_yaw,20,batch_aware,1002,1,1,-0.17799999999999017
sensitivity,noise10,low_yaw,20,batch_aware,1003,1,1,-0.13000000000000966
sensitivity,noise10,low_yaw,20,batch_aware,1004,0,0,0.0
sensitivity,noise10,low_yaw,20,batch_aware,1005,1,1,0.08399999999998187
sensitivity,noise10,low_yaw,20,batch_aware,1006,1,1,-0.03600000000000847
sensitivity,noise10,low_yaw,20,batch_aware,1007,1,1,0.056000000000011596
sensitivity,noise10,low_yaw,20,batch_aware,1008,1,1,0.1080000000000112
sensitivity,noise10,low_yaw,20,batch_aware,1009,1,1,-0.15200000000000813
sensitivity,noise10,low_yaw,20,batch_aware,1010,1,1,-0.09999999999999432
sensitivity,noise10,low_yaw,20,ignore_passive,1001,1,1,0.10999999999998522
sensitivity,noise10,low_yaw,20,ignore_passive,1002,1,1,-0.17799999999999017
sensitivity,noise10,low_yaw,20,ignore_passive,1003,1,1,-0.13000000000000966
sensitivity,noise10,low_yaw,20,ignore_passive,1004,0,0,0.0
sensitivity,noise10,low_yaw,20,ignore_passive,1005,1,1,0.08399999999998187
sensitivity,noise10,low_yaw,20,ignore_passive,1006,1,1,-0.03600000000000847
sensitivity,noise10,low_yaw,20,ignore_passive,1007,1,1,0.056000000000011596
sensitivity,noise10,low_yaw,20,ignore_passive,1008,1,1,0.1080000000000112
sensitivity,noise10,low_yaw,20,ignore_passive,1009,1,1,-0.15200000000000813
sensitivity,noise10,low_yaw,20,ignore_passive,1010,1,1,-0.09999999999999432
sensitivity,noise10,low_yaw,20,uncertainty_trigger,1001,1,1,0.10999999999998522
sensitivity,noise10,low_yaw,20,uncertainty_trigger,1002,1,1,-0.17799999999999017
sensitivity,noise10,low_yaw,20,uncertainty_trigger,1003,1,1,-0.13000000000000966
sensitivity,noise10,low_yaw,20,uncertainty_trigger,1004,0,0,0.0
sensitivity,noise10,low_yaw,20,uncertainty_trigger,1005,1,1,0.08399999999998187
sensitivity,noise10,low_yaw,20,uncertainty_trigger,1006,1,1,-0.03600000000000847
sensitivity,noise10,low_yaw,20,uncertainty_trigger,1007,1,1,0.056000000000011596
sensitivity,noise10,low_yaw,20,uncertainty_trigger,1008,1,1,0.1080000000000112
sensitivity,noise10,low_yaw,20,uncertainty_trigger,1009,1,1,-0.15200000000000813
sensitivity,noise10,low_yaw,20,uncertainty_trigger,1010,1,1,-0.09999999999999432
sensitivity,noise10,low_yaw,60,always_probe,1001,1,1,-0.9300000000000779
sensitivity,noise10,low_yaw,60,always_probe,1002,1,1,-1.1380000000000337
sensitivity,noise10,low_yaw,60,always_probe,1003,1,1,-1.4820000000000704
sensitivity,noise10,low_yaw,60,always_probe,1004,0,0,0.0
sensitivity,noise10,low_yaw,60,always_probe,1005,1,1,-0.8260000000000502
sensitivity,noise10,low_yaw,60,always_probe,1006,1,1,-1.0760000000000787
sensitivity,noise10,low_yaw,60,always_probe,1007,1,1,-0.904000000000039
sensitivity,noise10,low_yaw,60,always_probe,1008,1,1,-0.7800000000000153
sensitivity,noise10,low_yaw,60,always_probe,1009,1,1,-1.268000000000029
sensitivity,noise10,low_yaw,60,always_probe,1010,1,1,-1.0600000000000307
sensitivity,noise10,low_yaw,60,batch_aware,1001,1,1,-0.9300000000000779
sensitivity,noise10,low_yaw,60,batch_aware,1002,1,1,-1.1380000000000337
sensitivity,noise10,low_yaw,60,batch_aware,1003,1,1,-1.4820000000000704
sensitivity,noise10,low_yaw,60,batch_aware,1004,0,0,0.0
sensitivity,noise10,low_yaw,60,batch_aware,1005,1,1,-0.8260000000000502
sensitivity,noise10,low_yaw,60,batch_aware,1006,1,1,-1.0760000000000787
sensitivity,noise10,low_yaw,60,batch_aware,1007,1,1,-0.904000000000039
sensitivity,noise10,low_yaw,60,batch_aware,1008,1,1,-0.7800000000000153
sensitivity,noise10,low_yaw,60,batch_aware,1009,1,1,-1.268000000000029
sensitivity,noise10,low_yaw,60,batch_aware,1010,1,1,-1.0600000000000307
sensitivity,noise10,low_yaw,60,ignore_passive,1001,1,1,-0.9300000000000779
sensitivity,noise10,low_yaw,60,ignore_passive,1002,1,1,-1.1380000000000337
sensitivity,noise10,low_yaw,60,ignore_passive,1003,1,1,-1.4820000000000704
sensitivity,noise10,low_yaw,60,ignore_passive,1004,0,0,0.0
sensitivity,noise10,low_yaw,60,ignore_passive,1005,1,1,-0.8260000000000502
sensitivity,noise10,low_yaw,60,ignore_passive,1006,1,1,-1.0760000000000787
sensitivity,noise10,low_yaw,60,ignore_passive,1007,1,1,-0.904000000000039
sensitivity,noise10,low_yaw,60,ignore_passive,1008,1,1,-0.7800000000000153
sensitivity,noise10,low_yaw,60,ignore_passive,1009,1,1,-1.268000000000029
sensitivity,noise10,low_yaw,60,ignore_passive,1010,1,1,-1.0600000000000307
sensitivity,noise10,low_yaw,60,uncertainty_trigger,1001,1,1,-0.9300000000000779
sensitivity,noise10,low_yaw,60,uncertainty_trigger,1002,1,1,-1.1380000000000337
sensitivity,noise10,low_yaw,60,uncertainty_trigger,1003,1,1,-1.4820000000000704
sensitivity,noise10,low_yaw,60,uncertainty_trigger,1004,0,0,0.0
sensitivity,noise10,low_yaw,60,uncertainty_trigger,1005,1,1,-0.8260000000000502
sensitivity,noise10,low_yaw,60,uncertainty_trigger,1006,1,1,-1.0760000000000787
sensitivity,noise10,low_yaw,60,uncertainty_trigger,1007,1,1,-0.904000000000039
sensitivity,noise10,low_yaw,60,uncertainty_trigger,1008,1,1,-0.7800000000000153
sensitivity,noise10,low_yaw,60,uncertainty_trigger,1009,1,1,-1.268000000000029
sensitivity,noise10,low_yaw,60,uncertainty_trigger,1010,1,1,-1.0600000000000307
sensitivity,noise100,excited,20,always_probe,1001,0,1,-1.0959999999999999
sensitivity,noise100,excited,20,always_probe,1002,1,1,0.794000000000004
sensitivity,noise100,excited,20,always_probe,1003,0,1,0.8620000000000001
sensitivity,noise100,excited,20,always_probe,1004,0,0,0.0
sensitivity,noise100,excited,20,always_probe,1005,0,0,0.0
sensitivity,noise100,excited,20,always_probe,1006,0,1,0.8800000000000008
sensitivity,noise100,excited,20,always_probe,1007,0,1,14.476
sensitivity,noise100,excited,20,always_probe,1008,0,0,0.0
sensitivity,noise100,excited,20,always_probe,1009,0,0,0.0
sensitivity,noise100,excited,20,always_probe,1010,0,1,0.7639999999999993
sensitivity,noise100,excited,20,batch_aware,1001,0,1,0.0
sensitivity,noise100,excited,20,batch_aware,1002,1,1,0.0
sensitivity,noise100,excited,20,batch_aware,1003,0,1,0.0
sensitivity,noise100,excited,20,batch_aware,1004,0,0,0.0
sensitivity,noise100,excited,20,batch_aware,1005,0,0,0.0
sensitivity,noise100,excited,20,batch_aware,1006,0,1,0.0
sensitivity,noise100,excited,20,batch_aware,1007,0,1,0.0
sensitivity,noise100,excited,20,batch_aware,1008,0,0,0.0
sensitivity,noise100,excited,20,batch_aware,1009,0,0,0.0
sensitivity,noise100,excited,20,batch_aware,1010,0,1,0.0
sensitivity,noise100,excited,20,ignore_passive,1001,0,1,0.0
sensitivity,noise100,excited,20,ignore_passive,1002,1,1,0.794000000000004
sensitivity,noise100,excited,20,ignore_passive,1003,0,1,0.0
sensitivity,noise100,excited,20,ignore_passive,1004,0,0,0.0
sensitivity,noise100,excited,20,ignore_passive,1005,0,0,0.0
sensitivity,noise100,excited,20,ignore_passive,1006,0,1,0.8800000000000008
sensitivity,noise100,excited,20,ignore_passive,1007,0,1,0.0
sensitivity,noise100,excited,20,ignore_passive,1008,0,0,0.0
sensitivity,noise100,excited,20,ignore_passive,1009,0,0,0.0
sensitivity,noise100,excited,20,ignore_passive,1010,0,1,0.0
sensitivity,noise100,excited,20,uncertainty_trigger,1001,0,1,-1.0959999999999999
sensitivity,noise100,excited,20,uncertainty_trigger,1002,1,1,0.794000000000004
sensitivity,noise100,excited,20,uncertainty_trigger,1003,0,1,0.8620000000000001
sensitivity,noise100,excited,20,uncertainty_trigger,1004,0,0,0.0
sensitivity,noise100,excited,20,uncertainty_trigger,1005,0,0,0.0
sensitivity,noise100,excited,20,uncertainty_trigger,1006,0,1,0.8800000000000008
sensitivity,noise100,excited,20,uncertainty_trigger,1007,0,1,14.476
sensitivity,noise100,excited,20,uncertainty_trigger,1008,0,0,0.0
sensitivity,noise100,excited,20,uncertainty_trigger,1009,0,0,0.0
sensitivity,noise100,excited,20,uncertainty_trigger,1010,0,1,0.7639999999999993
sensitivity,noise100,excited,60,always_probe,1001,0,1,-1.0959999999999999
sensitivity,noise100,excited,60,always_probe,1002,0,1,0.7939999999999969
sensitivity,noise100,excited,60,always_probe,1003,0,1,0.8620000000000001
sensitivity,noise100,excited,60,always_probe,1004,0,0,0.0
sensitivity,noise100,excited,60,always_probe,1005,0,0,0.0
sensitivity,noise100,excited,60,always_probe,1006,0,1,0.8800000000000008
sensitivity,noise100,excited,60,always_probe,1007,0,1,14.476
sensitivity,noise100,excited,60,always_probe,1008,0,0,0.0
sensitivity,noise100,excited,60,always_probe,1009,0,0,0.0
sensitivity,noise100,excited,60,always_probe,1010,0,1,0.7639999999999993
sensitivity,noise100,excited,60,batch_aware,1001,0,1,0.0
sensitivity,noise100,excited,60,batch_aware,1002,0,1,0.0
sensitivity,noise100,excited,60,batch_aware,1003,0,1,0.0
sensitivity,noise100,excited,60,batch_aware,1004,0,0,0.0
sensitivity,noise100,excited,60,batch_aware,1005,0,0,0.0
sensitivity,noise100,excited,60,batch_aware,1006,0,1,0.0
sensitivity,noise100,excited,60,batch_aware,1007,0,1,0.0
sensitivity,noise100,excited,60,batch_aware,1008,0,0,0.0
sensitivity,noise100,excited,60,batch_aware,1009,0,0,0.0
sensitivity,noise100,excited,60,batch_aware,1010,0,1,0.0
sensitivity,noise100,excited,60,ignore_passive,1001,0,1,-1.0959999999999999
sensitivity,noise100,excited,60,ignore_passive,1002,0,1,0.7939999999999969
sensitivity,noise100,excited,60,ignore_passive,1003,0,1,0.8620000000000001
sensitivity,noise100,excited,60,ignore_passive,1004,0,0,0.0
sensitivity,noise100,excited,60,ignore_passive,1005,0,0,0.0
sensitivity,noise100,excited,60,ignore_passive,1006,0,1,0.8800000000000008
sensitivity,noise100,excited,60,ignore_passive,1007,0,1,14.476
sensitivity,noise100,excited,60,ignore_passive,1008,0,0,0.0
sensitivity,noise100,excited,60,ignore_passive,1009,0,0,0.0
sensitivity,noise100,excited,60,ignore_passive,1010,0,1,0.7639999999999993
sensitivity,noise100,excited,60,uncertainty_trigger,1001,0,1,-1.0959999999999999
sensitivity,noise100,excited,60,uncertainty_trigger,1002,0,1,0.7939999999999969
sensitivity,noise100,excited,60,uncertainty_trigger,1003,0,1,0.8620000000000001
sensitivity,noise100,excited,60,uncertainty_trigger,1004,0,0,0.0
sensitivity,noise100,excited,60,uncertainty_trigger,1005,0,0,0.0
sensitivity,noise100,excited,60,uncertainty_trigger,1006,0,1,0.8800000000000008
sensitivity,noise100,excited,60,uncertainty_trigger,1007,0,1,14.476
sensitivity,noise100,excited,60,uncertainty_trigger,1008,0,0,0.0
sensitivity,noise100,excited,60,uncertainty_trigger,1009,0,0,0.0
sensitivity,noise100,excited,60,uncertainty_trigger,1010,0,1,0.7639999999999993
sensitivity,noise100,low_yaw,20,always_probe,1001,0,1,-0.272
sensitivity,noise100,low_yaw,20,always_probe,1002,1,1,0.32200000000000273
sensitivity,noise100,low_yaw,20,always_probe,1003,0,1,0.8620000000000001
sensitivity,noise100,low_yaw,20,always_probe,1004,0,0,0.0
sensitivity,noise100,low_yaw,20,always_probe,1005,0,0,0.0
sensitivity,noise100,low_yaw,20,always_probe,1006,0,1,0.8780000000000001
sensitivity,noise100,low_yaw,20,always_probe,1007,0,1,14.476
sensitivity,noise100,low_yaw,20,always_probe,1008,0,0,0.0
sensitivity,noise100,low_yaw,20,always_probe,1009,0,0,0.0
sensitivity,noise100,low_yaw,20,always_probe,1010,0,1,7.082000000000001
sensitivity,noise100,low_yaw,20,batch_aware,1001,0,1,0.0
sensitivity,noise100,low_yaw,20,batch_aware,1002,1,1,0.0
sensitivity,noise100,low_yaw,20,batch_aware,1003,0,1,0.0
sensitivity,noise100,low_yaw,20,batch_aware,1004,0,0,0.0
sensitivity,noise100,low_yaw,20,batch_aware,1005,0,0,0.0
sensitivity,noise100,low_yaw,20,batch_aware,1006,0,1,0.0
sensitivity,noise100,low_yaw,20,batch_aware,1007,0,1,0.0
sensitivity,noise100,low_yaw,20,batch_aware,1008,0,0,0.0
sensitivity,noise100,low_yaw,20,batch_aware,1009,0,0,0.0
sensitivity,noise100,low_yaw,20,batch_aware,1010,0,1,0.0
sensitivity,noise100,low_yaw,20,ignore_passive,1001,0,1,0.0
sensitivity,noise100,low_yaw,20,ignore_passive,1002,1,1,0.32200000000000273
sensitivity,noise100,low_yaw,20,ignore_passive,1003,0,1,0.0
sensitivity,noise100,low_yaw,20,ignore_passive,1004,0,0,0.0
sensitivity,noise100,low_yaw,20,ignore_passive,1005,0,0,0.0
sensitivity,noise100,low_yaw,20,ignore_passive,1006,0,1,0.8780000000000001
sensitivity,noise100,low_yaw,20,ignore_passive,1007,0,1,0.0
sensitivity,noise100,low_yaw,20,ignore_passive,1008,0,0,0.0
sensitivity,noise100,low_yaw,20,ignore_passive,1009,0,0,0.0
sensitivity,noise100,low_yaw,20,ignore_passive,1010,0,1,0.0
sensitivity,noise100,low_yaw,20,uncertainty_trigger,1001,0,1,-0.272
sensitivity,noise100,low_yaw,20,uncertainty_trigger,1002,1,1,0.32200000000000273
sensitivity,noise100,low_yaw,20,uncertainty_trigger,1003,0,1,0.8620000000000001
sensitivity,noise100,low_yaw,20,uncertainty_trigger,1004,0,0,0.0
sensitivity,noise100,low_yaw,20,uncertainty_trigger,1005,0,0,0.0
sensitivity,noise100,low_yaw,20,uncertainty_trigger,1006,0,1,0.8780000000000001
sensitivity,noise100,low_yaw,20,uncertainty_trigger,1007,0,1,14.476
sensitivity,noise100,low_yaw,20,uncertainty_trigger,1008,0,0,0.0
sensitivity,noise100,low_yaw,20,uncertainty_trigger,1009,0,0,0.0
sensitivity,noise100,low_yaw,20,uncertainty_trigger,1010,0,1,7.082000000000001
sensitivity,noise100,low_yaw,60,always_probe,1001,0,1,-0.272
sensitivity,noise100,low_yaw,60,always_probe,1002,0,1,0.32200000000000273
sensitivity,noise100,low_yaw,60,always_probe,1003,0,1,0.8620000000000001
sensitivity,noise100,low_yaw,60,always_probe,1004,0,0,0.0
sensitivity,noise100,low_yaw,60,always_probe,1005,0,0,0.0
sensitivity,noise100,low_yaw,60,always_probe,1006,0,1,0.8780000000000001
sensitivity,noise100,low_yaw,60,always_probe,1007,0,1,14.476
sensitivity,noise100,low_yaw,60,always_probe,1008,0,0,0.0
sensitivity,noise100,low_yaw,60,always_probe,1009,0,0,0.0
sensitivity,noise100,low_yaw,60,always_probe,1010,0,1,7.082000000000001
sensitivity,noise100,low_yaw,60,batch_aware,1001,0,1,0.0
sensitivity,noise100,low_yaw,60,batch_aware,1002,0,1,0.0
sensitivity,noise100,low_yaw,60,batch_aware,1003,0,1,0.0
sensitivity,noise100,low_yaw,60,batch_aware,1004,0,0,0.0
sensitivity,noise100,low_yaw,60,batch_aware,1005,0,0,0.0
sensitivity,noise100,low_yaw,60,batch_aware,1006,0,1,0.0
sensitivity,noise100,low_yaw,60,batch_aware,1007,0,1,0.0
sensitivity,noise100,low_yaw,60,batch_aware,1008,0,0,0.0
sensitivity,noise100,low_yaw,60,batch_aware,1009,0,0,0.0
sensitivity,noise100,low_yaw,60,batch_aware,1010,0,1,0.0
sensitivity,noise100,low_yaw,60,ignore_passive,1001,0,1,-0.272
sensitivity,noise100,low_yaw,60,ignore_passive,1002,0,1,0.32200000000000273
sensitivity,noise100,low_yaw,60,ignore_passive,1003,0,1,0.8620000000000001
sensitivity,noise100,low_yaw,60,ignore_passive,1004,0,0,0.0
sensitivity,noise100,low_yaw,60,ignore_passive,1005,0,0,0.0
sensitivity,noise100,low_yaw,60,ignore_passive,1006,0,1,0.8780000000000001
sensitivity,noise100,low_yaw,60,ignore_passive,1007,0,1,14.476
sensitivity,noise100,low_yaw,60,ignore_passive,1008,0,0,0.0
sensitivity,noise100,low_yaw,60,ignore_passive,1009,0,0,0.0
sensitivity,noise100,low_yaw,60,ignore_passive,1010,0,1,7.082000000000001
sensitivity,noise100,low_yaw,60,uncertainty_trigger,1001,0,1,-0.272
sensitivity,noise100,low_yaw,60,uncertainty_trigger,1002,0,1,0.32200000000000273
sensitivity,noise100,low_yaw,60,uncertainty_trigger,1003,0,1,0.8620000000000001
sensitivity,noise100,low_yaw,60,uncertainty_trigger,1004,0,0,0.0
sensitivity,noise100,low_yaw,60,uncertainty_trigger,1005,0,0,0.0
sensitivity,noise100,low_yaw,60,uncertainty_trigger,1006,0,1,0.8780000000000001
sensitivity,noise100,low_yaw,60,uncertainty_trigger,1007,0,1,14.476
sensitivity,noise100,low_yaw,60,uncertainty_trigger,1008,0,0,0.0
sensitivity,noise100,low_yaw,60,uncertainty_trigger,1009,0,0,0.0
sensitivity,noise100,low_yaw,60,uncertainty_trigger,1010,0,1,7.082000000000001
sensitivity,margin_half,excited,20,always_probe,1001,1,1,0.8460000000000001
sensitivity,margin_half,excited,20,always_probe,1002,1,1,0.8459999999999965
sensitivity,margin_half,excited,20,always_probe,1003,1,1,0.8460000000000036
sensitivity,margin_half,excited,20,always_probe,1004,0,0,0.0
sensitivity,margin_half,excited,20,always_probe,1005,1,1,0.8460000000000036
sensitivity,margin_half,excited,20,always_probe,1006,1,1,0.8459999999999965
sensitivity,margin_half,excited,20,always_probe,1007,1,1,0.8459999999999965
sensitivity,margin_half,excited,20,always_probe,1008,1,1,0.8460000000000036
sensitivity,margin_half,excited,20,always_probe,1009,1,1,0.8460000000000001
sensitivity,margin_half,excited,20,always_probe,1010,1,1,0.8460000000000036
sensitivity,margin_half,excited,20,batch_aware,1001,1,1,0.0
sensitivity,margin_half,excited,20,batch_aware,1002,1,1,0.0
sensitivity,margin_half,excited,20,batch_aware,1003,1,1,0.0
sensitivity,margin_half,excited,20,batch_aware,1004,0,0,0.0
sensitivity,margin_half,excited,20,batch_aware,1005,1,1,0.0
sensitivity,margin_half,excited,20,batch_aware,1006,1,1,0.0
sensitivity,margin_half,excited,20,batch_aware,1007,1,1,0.0
sensitivity,margin_half,excited,20,batch_aware,1008,1,1,0.0
sensitivity,margin_half,excited,20,batch_aware,1009,1,1,0.0
sensitivity,margin_half,excited,20,batch_aware,1010,1,1,0.0
sensitivity,margin_half,excited,20,ignore_passive,1001,1,1,0.8460000000000001
sensitivity,margin_half,excited,20,ignore_passive,1002,1,1,0.8459999999999965
sensitivity,margin_half,excited,20,ignore_passive,1003,1,1,0.8460000000000036
sensitivity,margin_half,excited,20,ignore_passive,1004,0,0,0.0
sensitivity,margin_half,excited,20,ignore_passive,1005,1,1,0.8460000000000036
sensitivity,margin_half,excited,20,ignore_passive,1006,1,1,0.8459999999999965
sensitivity,margin_half,excited,20,ignore_passive,1007,1,1,0.8459999999999965
sensitivity,margin_half,excited,20,ignore_passive,1008,1,1,0.8460000000000036
sensitivity,margin_half,excited,20,ignore_passive,1009,1,1,0.8460000000000001
sensitivity,margin_half,excited,20,ignore_passive,1010,1,1,0.8460000000000036
sensitivity,margin_half,excited,20,uncertainty_trigger,1001,1,1,0.8460000000000001
sensitivity,margin_half,excited,20,uncertainty_trigger,1002,1,1,0.8459999999999965
sensitivity,margin_half,excited,20,uncertainty_trigger,1003,1,1,0.8460000000000036
sensitivity,margin_half,excited,20,uncertainty_trigger,1004,0,0,0.0
sensitivity,margin_half,excited,20,uncertainty_trigger,1005,1,1,0.8460000000000036
sensitivity,margin_half,excited,20,uncertainty_trigger,1006,1,1,0.8459999999999965
sensitivity,margin_half,excited,20,uncertainty_trigger,1007,1,1,0.8459999999999965
sensitivity,margin_half,excited,20,uncertainty_trigger,1008,1,1,0.8460000000000036
sensitivity,margin_half,excited,20,uncertainty_trigger,1009,1,1,0.8460000000000001
sensitivity,margin_half,excited,20,uncertainty_trigger,1010,1,1,0.8460000000000036
sensitivity,margin_half,excited,60,always_probe,1001,1,1,0.8460000000000036
sensitivity,margin_half,excited,60,always_probe,1002,1,1,0.8460000000000036
sensitivity,margin_half,excited,60,always_probe,1003,1,1,0.8460000000000036
sensitivity,margin_half,excited,60,always_probe,1004,0,0,0.0
sensitivity,margin_half,excited,60,always_probe,1005,1,1,0.8460000000000036
sensitivity,margin_half,excited,60,always_probe,1006,1,1,0.8460000000000036
sensitivity,margin_half,excited,60,always_probe,1007,1,1,0.8460000000000036
sensitivity,margin_half,excited,60,always_probe,1008,1,1,0.8459999999999894
sensitivity,margin_half,excited,60,always_probe,1009,1,1,0.8459999999999894
sensitivity,margin_half,excited,60,always_probe,1010,1,1,0.8460000000000036
sensitivity,margin_half,excited,60,batch_aware,1001,1,1,0.0
sensitivity,margin_half,excited,60,batch_aware,1002,1,1,0.0
sensitivity,margin_half,excited,60,batch_aware,1003,1,1,0.0
sensitivity,margin_half,excited,60,batch_aware,1004,0,0,0.0
sensitivity,margin_half,excited,60,batch_aware,1005,1,1,0.0
sensitivity,margin_half,excited,60,batch_aware,1006,1,1,0.0
sensitivity,margin_half,excited,60,batch_aware,1007,1,1,0.0
sensitivity,margin_half,excited,60,batch_aware,1008,1,1,0.0
sensitivity,margin_half,excited,60,batch_aware,1009,1,1,0.0
sensitivity,margin_half,excited,60,batch_aware,1010,1,1,0.0
sensitivity,margin_half,excited,60,ignore_passive,1001,1,1,0.8460000000000036
sensitivity,margin_half,excited,60,ignore_passive,1002,1,1,0.8460000000000036
sensitivity,margin_half,excited,60,ignore_passive,1003,1,1,0.8460000000000036
sensitivity,margin_half,excited,60,ignore_passive,1004,0,0,0.0
sensitivity,margin_half,excited,60,ignore_passive,1005,1,1,0.8460000000000036
sensitivity,margin_half,excited,60,ignore_passive,1006,1,1,0.8460000000000036
sensitivity,margin_half,excited,60,ignore_passive,1007,1,1,0.8460000000000036
sensitivity,margin_half,excited,60,ignore_passive,1008,1,1,0.8459999999999894
sensitivity,margin_half,excited,60,ignore_passive,1009,1,1,0.8459999999999894
sensitivity,margin_half,excited,60,ignore_passive,1010,1,1,0.8460000000000036
sensitivity,margin_half,excited,60,uncertainty_trigger,1001,1,1,0.8460000000000036
sensitivity,margin_half,excited,60,uncertainty_trigger,1002,1,1,0.8460000000000036
sensitivity,margin_half,excited,60,uncertainty_trigger,1003,1,1,0.8460000000000036
sensitivity,margin_half,excited,60,uncertainty_trigger,1004,0,0,0.0
sensitivity,margin_half,excited,60,uncertainty_trigger,1005,1,1,0.8460000000000036
sensitivity,margin_half,excited,60,uncertainty_trigger,1006,1,1,0.8460000000000036
sensitivity,margin_half,excited,60,uncertainty_trigger,1007,1,1,0.8460000000000036
sensitivity,margin_half,excited,60,uncertainty_trigger,1008,1,1,0.8459999999999894
sensitivity,margin_half,excited,60,uncertainty_trigger,1009,1,1,0.8459999999999894
sensitivity,margin_half,excited,60,uncertainty_trigger,1010,1,1,0.8460000000000036
sensitivity,margin_half,low_yaw,20,always_probe,1001,1,1,0.7940000000000005
sensitivity,margin_half,low_yaw,20,always_probe,1002,1,1,0.8200000000000003
sensitivity,margin_half,low_yaw,20,always_probe,1003,1,1,0.8220000000000027
sensitivity,margin_half,low_yaw,20,always_probe,1004,0,0,0.0
sensitivity,margin_half,low_yaw,20,always_probe,1005,1,1,0.8460000000000036
sensitivity,margin_half,low_yaw,20,always_probe,1006,1,1,0.8459999999999965
sensitivity,margin_half,low_yaw,20,always_probe,1007,1,1,0.8459999999999965
sensitivity,margin_half,low_yaw,20,always_probe,1008,1,1,0.8460000000000036
sensitivity,margin_half,low_yaw,20,always_probe,1009,1,1,0.8200000000000003
sensitivity,margin_half,low_yaw,20,always_probe,1010,1,1,0.8460000000000036
sensitivity,margin_half,low_yaw,20,batch_aware,1001,1,1,0.0
sensitivity,margin_half,low_yaw,20,batch_aware,1002,1,1,0.0
sensitivity,margin_half,low_yaw,20,batch_aware,1003,1,1,0.0
sensitivity,margin_half,low_yaw,20,batch_aware,1004,0,0,0.0
sensitivity,margin_half,low_yaw,20,batch_aware,1005,1,1,0.0
sensitivity,margin_half,low_yaw,20,batch_aware,1006,1,1,0.0
sensitivity,margin_half,low_yaw,20,batch_aware,1007,1,1,0.0
sensitivity,margin_half,low_yaw,20,batch_aware,1008,1,1,0.0
sensitivity,margin_half,low_yaw,20,batch_aware,1009,1,1,0.0
sensitivity,margin_half,low_yaw,20,batch_aware,1010,1,1,0.0
sensitivity,margin_half,low_yaw,20,ignore_passive,1001,1,1,0.7940000000000005
sensitivity,margin_half,low_yaw,20,ignore_passive,1002,1,1,0.8200000000000003
sensitivity,margin_half,low_yaw,20,ignore_passive,1003,1,1,0.8220000000000027
sensitivity,margin_half,low_yaw,20,ignore_passive,1004,0,0,0.0
sensitivity,margin_half,low_yaw,20,ignore_passive,1005,1,1,0.8460000000000036
sensitivity,margin_half,low_yaw,20,ignore_passive,1006,1,1,0.8459999999999965
sensitivity,margin_half,low_yaw,20,ignore_passive,1007,1,1,0.8459999999999965
sensitivity,margin_half,low_yaw,20,ignore_passive,1008,1,1,0.8460000000000036
sensitivity,margin_half,low_yaw,20,ignore_passive,1009,1,1,0.8200000000000003
sensitivity,margin_half,low_yaw,20,ignore_passive,1010,1,1,0.8460000000000036
sensitivity,margin_half,low_yaw,20,uncertainty_trigger,1001,1,1,0.7940000000000005
sensitivity,margin_half,low_yaw,20,uncertainty_trigger,1002,1,1,0.8200000000000003
sensitivity,margin_half,low_yaw,20,uncertainty_trigger,1003,1,1,0.8220000000000027
sensitivity,margin_half,low_yaw,20,uncertainty_trigger,1004,0,0,0.0
sensitivity,margin_half,low_yaw,20,uncertainty_trigger,1005,1,1,0.8460000000000036
sensitivity,margin_half,low_yaw,20,uncertainty_trigger,1006,1,1,0.8459999999999965
sensitivity,margin_half,low_yaw,20,uncertainty_trigger,1007,1,1,0.8459999999999965
sensitivity,margin_half,low_yaw,20,uncertainty_trigger,1008,1,1,0.8460000000000036
sensitivity,margin_half,low_yaw,20,uncertainty_trigger,1009,1,1,0.8200000000000003
sensitivity,margin_half,low_yaw,20,uncertainty_trigger,1010,1,1,0.8460000000000036
sensitivity,margin_half,low_yaw,60,always_probe,1001,1,1,0.7939999999999969
sensitivity,margin_half,low_yaw,60,always_probe,1002,1,1,0.8199999999999932
sensitivity,margin_half,low_yaw,60,always_probe,1003,1,1,0.8220000000000027
sensitivity,margin_half,low_yaw,60,always_probe,1004,0,0,0.0
sensitivity,margin_half,low_yaw,60,always_probe,1005,1,1,0.8460000000000036
sensitivity,margin_half,low_yaw,60,always_probe,1006,1,1,0.8460000000000036
sensitivity,margin_half,low_yaw,60,always_probe,1007,1,1,0.8460000000000036
sensitivity,margin_half,low_yaw,60,always_probe,1008,1,1,0.8459999999999894
sensitivity,margin_half,low_yaw,60,always_probe,1009,1,1,0.8199999999999932
sensitivity,margin_half,low_yaw,60,always_probe,1010,1,1,0.8460000000000036
sensitivity,margin_half,low_yaw,60,batch_aware,1001,1,1,0.0
sensitivity,margin_half,low_yaw,60,batch_aware,1002,1,1,0.0
sensitivity,margin_half,low_yaw,60,batch_aware,1003,1,1,0.0
sensitivity,margin_half,low_yaw,60,batch_aware,1004,0,0,0.0
sensitivity,margin_half,low_yaw,60,batch_aware,1005,1,1,0.0
sensitivity,margin_half,low_yaw,60,batch_aware,1006,1,1,0.0
sensitivity,margin_half,low_yaw,60,batch_aware,1007,1,1,0.0
sensitivity,margin_half,low_yaw,60,batch_aware,1008,1,1,0.0
sensitivity,margin_half,low_yaw,60,batch_aware,1009,1,1,0.0
sensitivity,margin_half,low_yaw,60,batch_aware,1010,1,1,0.0
sensitivity,margin_half,low_yaw,60,ignore_passive,1001,1,1,0.7939999999999969
sensitivity,margin_half,low_yaw,60,ignore_passive,1002,1,1,0.8199999999999932
sensitivity,margin_half,low_yaw,60,ignore_passive,1003,1,1,0.8220000000000027
sensitivity,margin_half,low_yaw,60,ignore_passive,1004,0,0,0.0
sensitivity,margin_half,low_yaw,60,ignore_passive,1005,1,1,0.8460000000000036
sensitivity,margin_half,low_yaw,60,ignore_passive,1006,1,1,0.8460000000000036
sensitivity,margin_half,low_yaw,60,ignore_passive,1007,1,1,0.8460000000000036
sensitivity,margin_half,low_yaw,60,ignore_passive,1008,1,1,0.8459999999999894
sensitivity,margin_half,low_yaw,60,ignore_passive,1009,1,1,0.8199999999999932
sensitivity,margin_half,low_yaw,60,ignore_passive,1010,1,1,0.8460000000000036
sensitivity,margin_half,low_yaw,60,uncertainty_trigger,1001,1,1,0.7939999999999969
sensitivity,margin_half,low_yaw,60,uncertainty_trigger,1002,1,1,0.8199999999999932
sensitivity,margin_half,low_yaw,60,uncertainty_trigger,1003,1,1,0.8220000000000027
sensitivity,margin_half,low_yaw,60,uncertainty_trigger,1004,0,0,0.0
sensitivity,margin_half,low_yaw,60,uncertainty_trigger,1005,1,1,0.8460000000000036
sensitivity,margin_half,low_yaw,60,uncertainty_trigger,1006,1,1,0.8460000000000036
sensitivity,margin_half,low_yaw,60,uncertainty_trigger,1007,1,1,0.8460000000000036
sensitivity,margin_half,low_yaw,60,uncertainty_trigger,1008,1,1,0.8459999999999894
sensitivity,margin_half,low_yaw,60,uncertainty_trigger,1009,1,1,0.8199999999999932
sensitivity,margin_half,low_yaw,60,uncertainty_trigger,1010,1,1,0.8460000000000036
sensitivity,margin2,excited,20,always_probe,1001,1,1,0.6200000000000045
sensitivity,margin2,excited,20,always_probe,1002,1,1,0.6439999999999984
sensitivity,margin2,excited,20,always_probe,1003,1,1,0.6720000000000041
sensitivity,margin2,excited,20,always_probe,1004,0,0,0.0
sensitivity,margin2,excited,20,always_probe,1005,1,1,0.6480000000000032
sensitivity,margin2,excited,20,always_probe,1006,1,1,0.6479999999999961
sensitivity,margin2,excited,20,always_probe,1007,1,1,0.6700000000000017
sensitivity,margin2,excited,20,always_probe,1008,1,1,0.6700000000000017
sensitivity,margin2,excited,20,always_probe,1009,1,1,0.6700000000000017
sensitivity,margin2,excited,20,always_probe,1010,1,1,0.6700000000000017
sensitivity,margin2,excited,20,batch_aware,1001,1,1,0.0
sensitivity,margin2,excited,20,batch_aware,1002,1,1,0.0
sensitivity,margin2,excited,20,batch_aware,1003,1,1,0.0
sensitivity,margin2,excited,20,batch_aware,1004,0,0,0.0
sensitivity,margin2,excited,20,batch_aware,1005,1,1,0.0
sensitivity,margin2,excited,20,batch_aware,1006,1,1,0.0
sensitivity,margin2,excited,20,batch_aware,1007,1,1,0.0
sensitivity,margin2,excited,20,batch_aware,1008,1,1,0.0
sensitivity,margin2,excited,20,batch_aware,1009,1,1,0.0
sensitivity,margin2,excited,20,batch_aware,1010,1,1,0.0
sensitivity,margin2,excited,20,ignore_passive,1001,1,1,0.6200000000000045
sensitivity,margin2,excited,20,ignore_passive,1002,1,1,0.6439999999999984
sensitivity,margin2,excited,20,ignore_passive,1003,1,1,0.6720000000000041
sensitivity,margin2,excited,20,ignore_passive,1004,0,0,0.0
sensitivity,margin2,excited,20,ignore_passive,1005,1,1,0.6480000000000032
sensitivity,margin2,excited,20,ignore_passive,1006,1,1,0.6479999999999961
sensitivity,margin2,excited,20,ignore_passive,1007,1,1,0.6700000000000017
sensitivity,margin2,excited,20,ignore_passive,1008,1,1,0.6700000000000017
sensitivity,margin2,excited,20,ignore_passive,1009,1,1,0.6700000000000017
sensitivity,margin2,excited,20,ignore_passive,1010,1,1,0.6700000000000017
sensitivity,margin2,excited,20,uncertainty_trigger,1001,1,1,0.6200000000000045
sensitivity,margin2,excited,20,uncertainty_trigger,1002,1,1,0.6439999999999984
sensitivity,margin2,excited,20,uncertainty_trigger,1003,1,1,0.6720000000000041
sensitivity,margin2,excited,20,uncertainty_trigger,1004,0,0,0.0
sensitivity,margin2,excited,20,uncertainty_trigger,1005,1,1,0.6480000000000032
sensitivity,margin2,excited,20,uncertainty_trigger,1006,1,1,0.6479999999999961
sensitivity,margin2,excited,20,uncertainty_trigger,1007,1,1,0.6700000000000017
sensitivity,margin2,excited,20,uncertainty_trigger,1008,1,1,0.6700000000000017
sensitivity,margin2,excited,20,uncertainty_trigger,1009,1,1,0.6700000000000017
sensitivity,margin2,excited,20,uncertainty_trigger,1010,1,1,0.6700000000000017
sensitivity,margin2,excited,60,always_probe,1001,1,1,0.6200000000000045
sensitivity,margin2,excited,60,always_probe,1002,1,1,0.6439999999999912
sensitivity,margin2,excited,60,always_probe,1003,1,1,0.671999999999997
sensitivity,margin2,excited,60,always_probe,1004,0,0,0.0
sensitivity,margin2,excited,60,always_probe,1005,1,1,0.6479999999999961
sensitivity,margin2,excited,60,always_probe,1006,1,1,0.6480000000000103
sensitivity,margin2,excited,60,always_probe,1007,1,1,0.6700000000000017
sensitivity,margin2,excited,60,always_probe,1008,1,1,0.6700000000000017
sensitivity,margin2,excited,60,always_probe,1009,1,1,0.6699999999999875
sensitivity,margin2,excited,60,always_probe,1010,1,1,0.6700000000000017
sensitivity,margin2,excited,60,batch_aware,1001,1,1,0.0
sensitivity,margin2,excited,60,batch_aware,1002,1,1,0.0
sensitivity,margin2,excited,60,batch_aware,1003,1,1,0.0
sensitivity,margin2,excited,60,batch_aware,1004,0,0,0.0
sensitivity,margin2,excited,60,batch_aware,1005,1,1,0.0
sensitivity,margin2,excited,60,batch_aware,1006,1,1,0.0
sensitivity,margin2,excited,60,batch_aware,1007,1,1,0.0
sensitivity,margin2,excited,60,batch_aware,1008,1,1,0.0
sensitivity,margin2,excited,60,batch_aware,1009,1,1,0.0
sensitivity,margin2,excited,60,batch_aware,1010,1,1,0.0
sensitivity,margin2,excited,60,ignore_passive,1001,1,1,0.6200000000000045
sensitivity,margin2,excited,60,ignore_passive,1002,1,1,0.6439999999999912
sensitivity,margin2,excited,60,ignore_passive,1003,1,1,0.671999999999997
sensitivity,margin2,excited,60,ignore_passive,1004,0,0,0.0
sensitivity,margin2,excited,60,ignore_passive,1005,1,1,0.6479999999999961
sensitivity,margin2,excited,60,ignore_passive,1006,1,1,0.6480000000000103
sensitivity,margin2,excited,60,ignore_passive,1007,1,1,0.6700000000000017
sensitivity,margin2,excited,60,ignore_passive,1008,1,1,0.6700000000000017
sensitivity,margin2,excited,60,ignore_passive,1009,1,1,0.6699999999999875
sensitivity,margin2,excited,60,ignore_passive,1010,1,1,0.6700000000000017
sensitivity,margin2,excited,60,uncertainty_trigger,1001,1,1,0.6200000000000045
sensitivity,margin2,excited,60,uncertainty_trigger,1002,1,1,0.6439999999999912
sensitivity,margin2,excited,60,uncertainty_trigger,1003,1,1,0.671999999999997
sensitivity,margin2,excited,60,uncertainty_trigger,1004,0,0,0.0
sensitivity,margin2,excited,60,uncertainty_trigger,1005,1,1,0.6479999999999961
sensitivity,margin2,excited,60,uncertainty_trigger,1006,1,1,0.6480000000000103
sensitivity,margin2,excited,60,uncertainty_trigger,1007,1,1,0.6700000000000017
sensitivity,margin2,excited,60,uncertainty_trigger,1008,1,1,0.6700000000000017
sensitivity,margin2,excited,60,uncertainty_trigger,1009,1,1,0.6699999999999875
sensitivity,margin2,excited,60,uncertainty_trigger,1010,1,1,0.6700000000000017
sensitivity,margin2,low_yaw,20,always_probe,1001,1,1,-0.1419999999999959
sensitivity,margin2,low_yaw,20,always_probe,1002,1,1,0.13800000000001234
sensitivity,margin2,low_yaw,20,always_probe,1003,1,1,0.0059999999999860165
sensitivity,margin2,low_yaw,20,always_probe,1004,0,0,0.0
sensitivity,margin2,low_yaw,20,always_probe,1005,1,1,-0.04199999999998738
sensitivity,margin2,low_yaw,20,always_probe,1006,1,1,0.2839999999999989
sensitivity,margin2,low_yaw,20,always_probe,1007,1,1,-0.11200000000000898
sensitivity,margin2,low_yaw,20,always_probe,1008,1,1,-0.03999999999999915
sensitivity,margin2,low_yaw,20,always_probe,1009,1,1,0.13800000000000523
sensitivity,margin2,low_yaw,20,always_probe,1010,1,1,0.2360000000000042
sensitivity,margin2,low_yaw,20,batch_aware,1001,1,1,0.0
sensitivity,margin2,low_yaw,20,batch_aware,1002,1,1,0.0
sensitivity,margin2,low_yaw,20,batch_aware,1003,1,1,0.0
sensitivity,margin2,low_yaw,20,batch_aware,1004,0,0,0.0
sensitivity,margin2,low_yaw,20,batch_aware,1005,1,1,0.0
sensitivity,margin2,low_yaw,20,batch_aware,1006,1,1,0.0
sensitivity,margin2,low_yaw,20,batch_aware,1007,1,1,0.0
sensitivity,margin2,low_yaw,20,batch_aware,1008,1,1,0.0
sensitivity,margin2,low_yaw,20,batch_aware,1009,1,1,0.0
sensitivity,margin2,low_yaw,20,batch_aware,1010,1,1,0.0
sensitivity,margin2,low_yaw,20,ignore_passive,1001,1,1,-0.1419999999999959
sensitivity,margin2,low_yaw,20,ignore_passive,1002,1,1,0.13800000000001234
sensitivity,margin2,low_yaw,20,ignore_passive,1003,1,1,0.0059999999999860165
sensitivity,margin2,low_yaw,20,ignore_passive,1004,0,0,0.0
sensitivity,margin2,low_yaw,20,ignore_passive,1005,1,1,-0.04199999999998738
sensitivity,margin2,low_yaw,20,ignore_passive,1006,1,1,0.2839999999999989
sensitivity,margin2,low_yaw,20,ignore_passive,1007,1,1,-0.11200000000000898
sensitivity,margin2,low_yaw,20,ignore_passive,1008,1,1,-0.03999999999999915
sensitivity,margin2,low_yaw,20,ignore_passive,1009,1,1,0.13800000000000523
sensitivity,margin2,low_yaw,20,ignore_passive,1010,1,1,0.2360000000000042
sensitivity,margin2,low_yaw,20,uncertainty_trigger,1001,1,1,-0.1419999999999959
sensitivity,margin2,low_yaw,20,uncertainty_trigger,1002,1,1,0.13800000000001234
sensitivity,margin2,low_yaw,20,uncertainty_trigger,1003,1,1,0.0059999999999860165
sensitivity,margin2,low_yaw,20,uncertainty_trigger,1004,0,0,0.0
sensitivity,margin2,low_yaw,20,uncertainty_trigger,1005,1,1,-0.04199999999998738
sensitivity,margin2,low_yaw,20,uncertainty_trigger,1006,1,1,0.2839999999999989
sensitivity,margin2,low_yaw,20,uncertainty_trigger,1007,1,1,-0.11200000000000898
sensitivity,margin2,low_yaw,20,uncertainty_trigger,1008,1,1,-0.03999999999999915
sensitivity,margin2,low_yaw,20,uncertainty_trigger,1009,1,1,0.13800000000000523
sensitivity,margin2,low_yaw,20,uncertainty_trigger,1010,1,1,0.2360000000000042
sensitivity,margin2,low_yaw,60,always_probe,1001,1,1,-0.8860000000000099
sensitivity,margin2,low_yaw,60,always_probe,1002,1,1,0.0660000000000025
sensitivity,margin2,low_yaw,60,always_probe,1003,1,1,-0.17600000000000193
sensitivity,margin2,low_yaw,60,always_probe,1004,0,0,0.0
sensitivity,margin2,low_yaw,60,always_probe,1005,1,1,-1.0020000000000238
sensitivity,margin2,low_yaw,60,always_probe,1006,1,1,-0.5800000000000267
sensitivity,margin2,low_yaw,60,always_probe,1007,1,1,-1.152000000000072
sensitivity,margin2,low_yaw,60,always_probe,1008,1,1,-1.0799999999999272
sensitivity,margin2,low_yaw,60,always_probe,1009,1,1,0.13800000000000523
sensitivity,margin2,low_yaw,60,always_probe,1010,1,1,-0.154000000000039
sensitivity,margin2,low_yaw,60,batch_aware,1001,1,1,0.0
sensitivity,margin2,low_yaw,60,batch_aware,1002,1,1,0.0
sensitivity,margin2,low_yaw,60,batch_aware,1003,1,1,0.0
sensitivity,margin2,low_yaw,60,batch_aware,1004,0,0,0.0
sensitivity,margin2,low_yaw,60,batch_aware,1005,1,1,0.0
sensitivity,margin2,low_yaw,60,batch_aware,1006,1,1,0.0
sensitivity,margin2,low_yaw,60,batch_aware,1007,1,1,0.0
sensitivity,margin2,low_yaw,60,batch_aware,1008,1,1,0.0
sensitivity,margin2,low_yaw,60,batch_aware,1009,1,1,0.0
sensitivity,margin2,low_yaw,60,batch_aware,1010,1,1,0.0
sensitivity,margin2,low_yaw,60,ignore_passive,1001,1,1,-0.8860000000000099
sensitivity,margin2,low_yaw,60,ignore_passive,1002,1,1,0.0660000000000025
sensitivity,margin2,low_yaw,60,ignore_passive,1003,1,1,-0.17600000000000193
sensitivity,margin2,low_yaw,60,ignore_passive,1004,0,0,0.0
sensitivity,margin2,low_yaw,60,ignore_passive,1005,1,1,-1.0020000000000238
sensitivity,margin2,low_yaw,60,ignore_passive,1006,1,1,-0.5800000000000267
sensitivity,margin2,low_yaw,60,ignore_passive,1007,1,1,-1.152000000000072
sensitivity,margin2,low_yaw,60,ignore_passive,1008,1,1,-1.0799999999999272
sensitivity,margin2,low_yaw,60,ignore_passive,1009,1,1,0.13800000000000523
sensitivity,margin2,low_yaw,60,ignore_passive,1010,1,1,-0.154000000000039
sensitivity,margin2,low_yaw,60,uncertainty_trigger,1001,1,1,-0.8860000000000099
sensitivity,margin2,low_yaw,60,uncertainty_trigger,1002,1,1,0.0660000000000025
sensitivity,margin2,low_yaw,60,uncertainty_trigger,1003,1,1,-0.17600000000000193
sensitivity,margin2,low_yaw,60,uncertainty_trigger,1004,0,0,0.0
sensitivity,margin2,low_yaw,60,uncertainty_trigger,1005,1,1,-1.0020000000000238
sensitivity,margin2,low_yaw,60,uncertainty_trigger,1006,1,1,-0.5800000000000267
sensitivity,margin2,low_yaw,60,uncertainty_trigger,1007,1,1,-1.152000000000072
sensitivity,margin2,low_yaw,60,uncertainty_trigger,1008,1,1,-1.0799999999999272
sensitivity,margin2,low_yaw,60,uncertainty_trigger,1009,1,1,0.13800000000000523
sensitivity,margin2,low_yaw,60,uncertainty_trigger,1010,1,1,-0.154000000000039
sensitivity,margin4,excited,20,always_probe,1001,1,1,0.4239999999999995
sensitivity,margin4,excited,20,always_probe,1002,1,1,0.4719999999999942
sensitivity,margin4,excited,20,always_probe,1003,1,1,0.4440000000000026
sensitivity,margin4,excited,20,always_probe,1004,0,0,0.0
sensitivity,margin4,excited,20,always_probe,1005,1,1,0.4439999999999955
sensitivity,margin4,excited,20,always_probe,1006,1,1,0.4439999999999955
sensitivity,margin4,excited,20,always_probe,1007,1,1,0.4480000000000004
sensitivity,margin4,excited,20,always_probe,1008,1,1,0.4720000000000013
sensitivity,margin4,excited,20,always_probe,1009,1,1,0.4480000000000004
sensitivity,margin4,excited,20,always_probe,1010,1,1,0.4480000000000004
sensitivity,margin4,excited,20,batch_aware,1001,1,1,0.0
sensitivity,margin4,excited,20,batch_aware,1002,1,1,0.0
sensitivity,margin4,excited,20,batch_aware,1003,1,1,0.0
sensitivity,margin4,excited,20,batch_aware,1004,0,0,0.0
sensitivity,margin4,excited,20,batch_aware,1005,1,1,0.0
sensitivity,margin4,excited,20,batch_aware,1006,1,1,0.0
sensitivity,margin4,excited,20,batch_aware,1007,1,1,0.0
sensitivity,margin4,excited,20,batch_aware,1008,1,1,0.0
sensitivity,margin4,excited,20,batch_aware,1009,1,1,0.0
sensitivity,margin4,excited,20,batch_aware,1010,1,1,0.0
sensitivity,margin4,excited,20,ignore_passive,1001,1,1,0.4239999999999995
sensitivity,margin4,excited,20,ignore_passive,1002,1,1,0.4719999999999942
sensitivity,margin4,excited,20,ignore_passive,1003,1,1,0.4440000000000026
sensitivity,margin4,excited,20,ignore_passive,1004,0,0,0.0
sensitivity,margin4,excited,20,ignore_passive,1005,1,1,0.4439999999999955
sensitivity,margin4,excited,20,ignore_passive,1006,1,1,0.4439999999999955
sensitivity,margin4,excited,20,ignore_passive,1007,1,1,0.4480000000000004
sensitivity,margin4,excited,20,ignore_passive,1008,1,1,0.4720000000000013
sensitivity,margin4,excited,20,ignore_passive,1009,1,1,0.4480000000000004
sensitivity,margin4,excited,20,ignore_passive,1010,1,1,0.4480000000000004
sensitivity,margin4,excited,20,uncertainty_trigger,1001,1,1,0.4239999999999995
sensitivity,margin4,excited,20,uncertainty_trigger,1002,1,1,0.4719999999999942
sensitivity,margin4,excited,20,uncertainty_trigger,1003,1,1,0.4440000000000026
sensitivity,margin4,excited,20,uncertainty_trigger,1004,0,0,0.0
sensitivity,margin4,excited,20,uncertainty_trigger,1005,1,1,0.4439999999999955
sensitivity,margin4,excited,20,uncertainty_trigger,1006,1,1,0.4439999999999955
sensitivity,margin4,excited,20,uncertainty_trigger,1007,1,1,0.4480000000000004
sensitivity,margin4,excited,20,uncertainty_trigger,1008,1,1,0.4720000000000013
sensitivity,margin4,excited,20,uncertainty_trigger,1009,1,1,0.4480000000000004
sensitivity,margin4,excited,20,uncertainty_trigger,1010,1,1,0.4480000000000004
sensitivity,margin4,excited,60,always_probe,1001,1,1,0.4240000000000066
sensitivity,margin4,excited,60,always_probe,1002,1,1,0.4199999999999875
sensitivity,margin4,excited,60,always_probe,1003,1,1,0.4440000000000026
sensitivity,margin4,excited,60,always_probe,1004,0,0,0.0
sensitivity,margin4,excited,60,always_probe,1005,1,1,0.3719999999999999
sensitivity,margin4,excited,60,always_probe,1006,1,1,0.3719999999999999
sensitivity,margin4,excited,60,always_probe,1007,1,1,0.36999999999999034
sensitivity,margin4,excited,60,always_probe,1008,1,1,0.39400000000000546
sensitivity,margin4,excited,60,always_probe,1009,1,1,0.396000000000015
sensitivity,margin4,excited,60,always_probe,1010,1,1,0.37000000000000455
sensitivity,margin4,excited,60,batch_aware,1001,1,1,0.0
sensitivity,margin4,excited,60,batch_aware,1002,1,1,0.0
sensitivity,margin4,excited,60,batch_aware,1003,1,1,0.0
sensitivity,margin4,excited,60,batch_aware,1004,0,0,0.0
sensitivity,margin4,excited,60,batch_aware,1005,1,1,0.0
sensitivity,margin4,excited,60,batch_aware,1006,1,1,0.0
sensitivity,margin4,excited,60,batch_aware,1007,1,1,0.0
sensitivity,margin4,excited,60,batch_aware,1008,1,1,0.0
sensitivity,margin4,excited,60,batch_aware,1009,1,1,0.0
sensitivity,margin4,excited,60,batch_aware,1010,1,1,0.0
sensitivity,margin4,excited,60,ignore_passive,1001,1,1,0.4240000000000066
sensitivity,margin4,excited,60,ignore_passive,1002,1,1,0.4199999999999875
sensitivity,margin4,excited,60,ignore_passive,1003,1,1,0.4440000000000026
sensitivity,margin4,excited,60,ignore_passive,1004,0,0,0.0
sensitivity,margin4,excited,60,ignore_passive,1005,1,1,0.3719999999999999
sensitivity,margin4,excited,60,ignore_passive,1006,1,1,0.3719999999999999
sensitivity,margin4,excited,60,ignore_passive,1007,1,1,0.36999999999999034
sensitivity,margin4,excited,60,ignore_passive,1008,1,1,0.39400000000000546
sensitivity,margin4,excited,60,ignore_passive,1009,1,1,0.396000000000015
sensitivity,margin4,excited,60,ignore_passive,1010,1,1,0.37000000000000455
sensitivity,margin4,excited,60,uncertainty_trigger,1001,1,1,0.4240000000000066
sensitivity,margin4,excited,60,uncertainty_trigger,1002,1,1,0.4199999999999875
sensitivity,margin4,excited,60,uncertainty_trigger,1003,1,1,0.4440000000000026
sensitivity,margin4,excited,60,uncertainty_trigger,1004,0,0,0.0
sensitivity,margin4,excited,60,uncertainty_trigger,1005,1,1,0.3719999999999999
sensitivity,margin4,excited,60,uncertainty_trigger,1006,1,1,0.3719999999999999
sensitivity,margin4,excited,60,uncertainty_trigger,1007,1,1,0.36999999999999034
sensitivity,margin4,excited,60,uncertainty_trigger,1008,1,1,0.39400000000000546
sensitivity,margin4,excited,60,uncertainty_trigger,1009,1,1,0.396000000000015
sensitivity,margin4,excited,60,uncertainty_trigger,1010,1,1,0.37000000000000455
sensitivity,margin4,low_yaw,20,always_probe,1001,1,1,-1.886000000000017
sensitivity,margin4,low_yaw,20,always_probe,1002,1,1,-1.1640000000000015
sensitivity,margin4,low_yaw,20,always_probe,1003,1,1,-1.2679999999999936
sensitivity,margin4,low_yaw,20,always_probe,1004,0,0,0.0
sensitivity,margin4,low_yaw,20,always_probe,1005,1,1,-0.9900000000000091
sensitivity,margin4,low_yaw,20,always_probe,1006,1,1,-0.7459999999999951
sensitivity,margin4,low_yaw,20,always_probe,1007,1,1,-1.0699999999999932
sensitivity,margin4,low_yaw,20,always_probe,1008,1,1,-1.0219999999999985
sensitivity,margin4,low_yaw,20,always_probe,1009,1,1,-1.0620000000000047
sensitivity,margin4,low_yaw,20,always_probe,1010,1,1,-0.9339999999999975
sensitivity,margin4,low_yaw,20,batch_aware,1001,1,1,-1.886000000000017
sensitivity,margin4,low_yaw,20,batch_aware,1002,1,1,-1.1640000000000015
sensitivity,margin4,low_yaw,20,batch_aware,1003,1,1,-1.2679999999999936
sensitivity,margin4,low_yaw,20,batch_aware,1004,0,0,0.0
sensitivity,margin4,low_yaw,20,batch_aware,1005,1,1,-0.9900000000000091
sensitivity,margin4,low_yaw,20,batch_aware,1006,1,1,-0.7459999999999951
sensitivity,margin4,low_yaw,20,batch_aware,1007,1,1,-1.0699999999999932
sensitivity,margin4,low_yaw,20,batch_aware,1008,1,1,-1.0219999999999985
sensitivity,margin4,low_yaw,20,batch_aware,1009,1,1,-1.0620000000000047
sensitivity,margin4,low_yaw,20,batch_aware,1010,1,1,-0.9339999999999975
sensitivity,margin4,low_yaw,20,ignore_passive,1001,1,1,-1.886000000000017
sensitivity,margin4,low_yaw,20,ignore_passive,1002,1,1,-1.1640000000000015
sensitivity,margin4,low_yaw,20,ignore_passive,1003,1,1,-1.2679999999999936
sensitivity,margin4,low_yaw,20,ignore_passive,1004,0,0,0.0
sensitivity,margin4,low_yaw,20,ignore_passive,1005,1,1,-0.9900000000000091
sensitivity,margin4,low_yaw,20,ignore_passive,1006,1,1,-0.7459999999999951
sensitivity,margin4,low_yaw,20,ignore_passive,1007,1,1,-1.0699999999999932
sensitivity,margin4,low_yaw,20,ignore_passive,1008,1,1,-1.0219999999999985
sensitivity,margin4,low_yaw,20,ignore_passive,1009,1,1,-1.0620000000000047
sensitivity,margin4,low_yaw,20,ignore_passive,1010,1,1,-0.9339999999999975
sensitivity,margin4,low_yaw,20,uncertainty_trigger,1001,1,1,-1.886000000000017
sensitivity,margin4,low_yaw,20,uncertainty_trigger,1002,1,1,-1.1640000000000015
sensitivity,margin4,low_yaw,20,uncertainty_trigger,1003,1,1,-1.2679999999999936
sensitivity,margin4,low_yaw,20,uncertainty_trigger,1004,0,0,0.0
sensitivity,margin4,low_yaw,20,uncertainty_trigger,1005,1,1,-0.9900000000000091
sensitivity,margin4,low_yaw,20,uncertainty_trigger,1006,1,1,-0.7459999999999951
sensitivity,margin4,low_yaw,20,uncertainty_trigger,1007,1,1,-1.0699999999999932
sensitivity,margin4,low_yaw,20,uncertainty_trigger,1008,1,1,-1.0219999999999985
sensitivity,margin4,low_yaw,20,uncertainty_trigger,1009,1,1,-1.0620000000000047
sensitivity,margin4,low_yaw,20,uncertainty_trigger,1010,1,1,-0.9339999999999975
sensitivity,margin4,low_yaw,60,always_probe,1001,1,1,-4.198000000000107
sensitivity,margin4,low_yaw,60,always_probe,1002,1,1,-2.419999999999888
sensitivity,margin4,low_yaw,60,always_probe,1003,1,1,-2.5920000000000414
sensitivity,margin4,low_yaw,60,always_probe,1004,0,0,0.0
sensitivity,margin4,low_yaw,60,always_probe,1005,1,1,-2.3660000000000707
sensitivity,margin4,low_yaw,60,always_probe,1006,1,1,-2.3020000000000778
sensitivity,margin4,low_yaw,60,always_probe,1007,1,1,-2.576000000000022
sensitivity,margin4,low_yaw,60,always_probe,1008,1,1,-2.346000000000018
sensitivity,margin4,low_yaw,60,always_probe,1009,1,1,-2.2460000000000804
sensitivity,margin4,low_yaw,60,always_probe,1010,1,1,-2.235999999999919
sensitivity,margin4,low_yaw,60,batch_aware,1001,1,1,-4.198000000000107
sensitivity,margin4,low_yaw,60,batch_aware,1002,1,1,-2.419999999999888
sensitivity,margin4,low_yaw,60,batch_aware,1003,1,1,-2.5920000000000414
sensitivity,margin4,low_yaw,60,batch_aware,1004,0,0,0.0
sensitivity,margin4,low_yaw,60,batch_aware,1005,1,1,-2.3660000000000707
sensitivity,margin4,low_yaw,60,batch_aware,1006,1,1,-2.3020000000000778
sensitivity,margin4,low_yaw,60,batch_aware,1007,1,1,-2.576000000000022
sensitivity,margin4,low_yaw,60,batch_aware,1008,1,1,-2.346000000000018
sensitivity,margin4,low_yaw,60,batch_aware,1009,1,1,-2.2460000000000804
sensitivity,margin4,low_yaw,60,batch_aware,1010,1,1,-2.235999999999919
sensitivity,margin4,low_yaw,60,ignore_passive,1001,1,1,-4.198000000000107
sensitivity,margin4,low_yaw,60,ignore_passive,1002,1,1,-2.419999999999888
sensitivity,margin4,low_yaw,60,ignore_passive,1003,1,1,-2.5920000000000414
sensitivity,margin4,low_yaw,60,ignore_passive,1004,0,0,0.0
sensitivity,margin4,low_yaw,60,ignore_passive,1005,1,1,-2.3660000000000707
sensitivity,margin4,low_yaw,60,ignore_passive,1006,1,1,-2.3020000000000778
sensitivity,margin4,low_yaw,60,ignore_passive,1007,1,1,-2.576000000000022
sensitivity,margin4,low_yaw,60,ignore_passive,1008,1,1,-2.346000000000018
sensitivity,margin4,low_yaw,60,ignore_passive,1009,1,1,-2.2460000000000804
sensitivity,margin4,low_yaw,60,ignore_passive,1010,1,1,-2.235999999999919
sensitivity,margin4,low_yaw,60,uncertainty_trigger,1001,1,1,-4.198000000000107
sensitivity,margin4,low_yaw,60,uncertainty_trigger,1002,1,1,-2.419999999999888
sensitivity,margin4,low_yaw,60,uncertainty_trigger,1003,1,1,-2.5920000000000414
sensitivity,margin4,low_yaw,60,uncertainty_trigger,1004,0,0,0.0
sensitivity,margin4,low_yaw,60,uncertainty_trigger,1005,1,1,-2.3660000000000707
sensitivity,margin4,low_yaw,60,uncertainty_trigger,1006,1,1,-2.3020000000000778
sensitivity,margin4,low_yaw,60,uncertainty_trigger,1007,1,1,-2.576000000000022
sensitivity,margin4,low_yaw,60,uncertainty_trigger,1008,1,1,-2.346000000000018
sensitivity,margin4,low_yaw,60,uncertainty_trigger,1009,1,1,-2.2460000000000804
sensitivity,margin4,low_yaw,60,uncertainty_trigger,1010,1,1,-2.235999999999919
sensitivity,inflation4,excited,20,always_probe,1001,1,1,0.7959999999999994
sensitivity,inflation4,excited,20,always_probe,1002,1,1,0.7959999999999994
sensitivity,inflation4,excited,20,always_probe,1003,1,1,0.7959999999999994
sensitivity,inflation4,excited,20,always_probe,1004,0,0,0.0
sensitivity,inflation4,excited,20,always_probe,1005,1,1,0.7959999999999994
sensitivity,inflation4,excited,20,always_probe,1006,1,1,0.7959999999999994
sensitivity,inflation4,excited,20,always_probe,1007,1,1,0.7959999999999994
sensitivity,inflation4,excited,20,always_probe,1008,1,1,0.7960000000000029
sensitivity,inflation4,excited,20,always_probe,1009,1,1,0.7959999999999994
sensitivity,inflation4,excited,20,always_probe,1010,1,1,0.7959999999999994
sensitivity,inflation4,excited,20,batch_aware,1001,1,1,0.0
sensitivity,inflation4,excited,20,batch_aware,1002,1,1,0.0
sensitivity,inflation4,excited,20,batch_aware,1003,1,1,0.0
sensitivity,inflation4,excited,20,batch_aware,1004,0,0,0.0
sensitivity,inflation4,excited,20,batch_aware,1005,1,1,0.0
sensitivity,inflation4,excited,20,batch_aware,1006,1,1,0.0
sensitivity,inflation4,excited,20,batch_aware,1007,1,1,0.0
sensitivity,inflation4,excited,20,batch_aware,1008,1,1,0.0
sensitivity,inflation4,excited,20,batch_aware,1009,1,1,0.0
sensitivity,inflation4,excited,20,batch_aware,1010,1,1,0.0
sensitivity,inflation4,excited,20,ignore_passive,1001,1,1,0.7959999999999994
sensitivity,inflation4,excited,20,ignore_passive,1002,1,1,0.7959999999999994
sensitivity,inflation4,excited,20,ignore_passive,1003,1,1,0.7959999999999994
sensitivity,inflation4,excited,20,ignore_passive,1004,0,0,0.0
sensitivity,inflation4,excited,20,ignore_passive,1005,1,1,0.7959999999999994
sensitivity,inflation4,excited,20,ignore_passive,1006,1,1,0.7959999999999994
sensitivity,inflation4,excited,20,ignore_passive,1007,1,1,0.7959999999999994
sensitivity,inflation4,excited,20,ignore_passive,1008,1,1,0.7960000000000029
sensitivity,inflation4,excited,20,ignore_passive,1009,1,1,0.7959999999999994
sensitivity,inflation4,excited,20,ignore_passive,1010,1,1,0.7959999999999994
sensitivity,inflation4,excited,20,uncertainty_trigger,1001,1,1,0.7959999999999994
sensitivity,inflation4,excited,20,uncertainty_trigger,1002,1,1,0.7959999999999994
sensitivity,inflation4,excited,20,uncertainty_trigger,1003,1,1,0.7959999999999994
sensitivity,inflation4,excited,20,uncertainty_trigger,1004,0,0,0.0
sensitivity,inflation4,excited,20,uncertainty_trigger,1005,1,1,0.7959999999999994
sensitivity,inflation4,excited,20,uncertainty_trigger,1006,1,1,0.7959999999999994
sensitivity,inflation4,excited,20,uncertainty_trigger,1007,1,1,0.7959999999999994
sensitivity,inflation4,excited,20,uncertainty_trigger,1008,1,1,0.7960000000000029
sensitivity,inflation4,excited,20,uncertainty_trigger,1009,1,1,0.7959999999999994
sensitivity,inflation4,excited,20,uncertainty_trigger,1010,1,1,0.7959999999999994
sensitivity,inflation4,excited,60,always_probe,1001,1,1,0.7959999999999923
sensitivity,inflation4,excited,60,always_probe,1002,1,1,0.7959999999999923
sensitivity,inflation4,excited,60,always_probe,1003,1,1,0.7959999999999923
sensitivity,inflation4,excited,60,always_probe,1004,0,0,0.0
sensitivity,inflation4,excited,60,always_probe,1005,1,1,0.7959999999999923
sensitivity,inflation4,excited,60,always_probe,1006,1,1,0.7960000000000065
sensitivity,inflation4,excited,60,always_probe,1007,1,1,0.7959999999999923
sensitivity,inflation4,excited,60,always_probe,1008,1,1,0.7959999999999923
sensitivity,inflation4,excited,60,always_probe,1009,1,1,0.7959999999999923
sensitivity,inflation4,excited,60,always_probe,1010,1,1,0.7960000000000065
sensitivity,inflation4,excited,60,batch_aware,1001,1,1,0.0
sensitivity,inflation4,excited,60,batch_aware,1002,1,1,0.0
sensitivity,inflation4,excited,60,batch_aware,1003,1,1,0.0
sensitivity,inflation4,excited,60,batch_aware,1004,0,0,0.0
sensitivity,inflation4,excited,60,batch_aware,1005,1,1,0.0
sensitivity,inflation4,excited,60,batch_aware,1006,1,1,0.0
sensitivity,inflation4,excited,60,batch_aware,1007,1,1,0.0
sensitivity,inflation4,excited,60,batch_aware,1008,1,1,0.0
sensitivity,inflation4,excited,60,batch_aware,1009,1,1,0.0
sensitivity,inflation4,excited,60,batch_aware,1010,1,1,0.0
sensitivity,inflation4,excited,60,ignore_passive,1001,1,1,0.7959999999999923
sensitivity,inflation4,excited,60,ignore_passive,1002,1,1,0.7959999999999923
sensitivity,inflation4,excited,60,ignore_passive,1003,1,1,0.7959999999999923
sensitivity,inflation4,excited,60,ignore_passive,1004,0,0,0.0
sensitivity,inflation4,excited,60,ignore_passive,1005,1,1,0.7959999999999923
sensitivity,inflation4,excited,60,ignore_passive,1006,1,1,0.7960000000000065
sensitivity,inflation4,excited,60,ignore_passive,1007,1,1,0.7959999999999923
sensitivity,inflation4,excited,60,ignore_passive,1008,1,1,0.7959999999999923
sensitivity,inflation4,excited,60,ignore_passive,1009,1,1,0.7959999999999923
sensitivity,inflation4,excited,60,ignore_passive,1010,1,1,0.7960000000000065
sensitivity,inflation4,excited,60,uncertainty_trigger,1001,1,1,0.7959999999999923
sensitivity,inflation4,excited,60,uncertainty_trigger,1002,1,1,0.7959999999999923
sensitivity,inflation4,excited,60,uncertainty_trigger,1003,1,1,0.7959999999999923
sensitivity,inflation4,excited,60,uncertainty_trigger,1004,0,0,0.0
sensitivity,inflation4,excited,60,uncertainty_trigger,1005,1,1,0.7959999999999923
sensitivity,inflation4,excited,60,uncertainty_trigger,1006,1,1,0.7960000000000065
sensitivity,inflation4,excited,60,uncertainty_trigger,1007,1,1,0.7959999999999923
sensitivity,inflation4,excited,60,uncertainty_trigger,1008,1,1,0.7959999999999923
sensitivity,inflation4,excited,60,uncertainty_trigger,1009,1,1,0.7959999999999923
sensitivity,inflation4,excited,60,uncertainty_trigger,1010,1,1,0.7960000000000065
sensitivity,inflation4,low_yaw,20,always_probe,1001,1,1,0.509999999999998
sensitivity,inflation4,low_yaw,20,always_probe,1002,1,1,0.6920000000000002
sensitivity,inflation4,low_yaw,20,always_probe,1003,1,1,0.6760000000000019
sensitivity,inflation4,low_yaw,20,always_probe,1004,0,0,0.0
sensitivity,inflation4,low_yaw,20,always_probe,1005,1,1,0.7479999999999976
sensitivity,inflation4,low_yaw,20,always_probe,1006,1,1,0.7239999999999966
sensitivity,inflation4,low_yaw,20,always_probe,1007,1,1,0.7439999999999998
sensitivity,inflation4,low_yaw,20,always_probe,1008,1,1,0.7439999999999998
sensitivity,inflation4,low_yaw,20,always_probe,1009,1,1,0.6920000000000002
sensitivity,inflation4,low_yaw,20,always_probe,1010,1,1,0.7180000000000035
sensitivity,inflation4,low_yaw,20,batch_aware,1001,1,1,0.0
sensitivity,inflation4,low_yaw,20,batch_aware,1002,1,1,0.0
sensitivity,inflation4,low_yaw,20,batch_aware,1003,1,1,0.0
sensitivity,inflation4,low_yaw,20,batch_aware,1004,0,0,0.0
sensitivity,inflation4,low_yaw,20,batch_aware,1005,1,1,0.0
sensitivity,inflation4,low_yaw,20,batch_aware,1006,1,1,0.0
sensitivity,inflation4,low_yaw,20,batch_aware,1007,1,1,0.0
sensitivity,inflation4,low_yaw,20,batch_aware,1008,1,1,0.0
sensitivity,inflation4,low_yaw,20,batch_aware,1009,1,1,0.0
sensitivity,inflation4,low_yaw,20,batch_aware,1010,1,1,0.0
sensitivity,inflation4,low_yaw,20,ignore_passive,1001,1,1,0.509999999999998
sensitivity,inflation4,low_yaw,20,ignore_passive,1002,1,1,0.6920000000000002
sensitivity,inflation4,low_yaw,20,ignore_passive,1003,1,1,0.6760000000000019
sensitivity,inflation4,low_yaw,20,ignore_passive,1004,0,0,0.0
sensitivity,inflation4,low_yaw,20,ignore_passive,1005,1,1,0.7479999999999976
sensitivity,inflation4,low_yaw,20,ignore_passive,1006,1,1,0.7239999999999966
sensitivity,inflation4,low_yaw,20,ignore_passive,1007,1,1,0.7439999999999998
sensitivity,inflation4,low_yaw,20,ignore_passive,1008,1,1,0.7439999999999998
sensitivity,inflation4,low_yaw,20,ignore_passive,1009,1,1,0.6920000000000002
sensitivity,inflation4,low_yaw,20,ignore_passive,1010,1,1,0.7180000000000035
sensitivity,inflation4,low_yaw,20,uncertainty_trigger,1001,1,1,0.509999999999998
sensitivity,inflation4,low_yaw,20,uncertainty_trigger,1002,1,1,0.6920000000000002
sensitivity,inflation4,low_yaw,20,uncertainty_trigger,1003,1,1,0.6760000000000019
sensitivity,inflation4,low_yaw,20,uncertainty_trigger,1004,0,0,0.0
sensitivity,inflation4,low_yaw,20,uncertainty_trigger,1005,1,1,0.7479999999999976
sensitivity,inflation4,low_yaw,20,uncertainty_trigger,1006,1,1,0.7239999999999966
sensitivity,inflation4,low_yaw,20,uncertainty_trigger,1007,1,1,0.7439999999999998
sensitivity,inflation4,low_yaw,20,uncertainty_trigger,1008,1,1,0.7439999999999998
sensitivity,inflation4,low_yaw,20,uncertainty_trigger,1009,1,1,0.6920000000000002
sensitivity,inflation4,low_yaw,20,uncertainty_trigger,1010,1,1,0.7180000000000035
sensitivity,inflation4,low_yaw,60,always_probe,1001,1,1,0.5099999999999909
sensitivity,inflation4,low_yaw,60,always_probe,1002,1,1,0.6920000000000073
sensitivity,inflation4,low_yaw,60,always_probe,1003,1,1,0.6760000000000019
sensitivity,inflation4,low_yaw,60,always_probe,1004,0,0,0.0
sensitivity,inflation4,low_yaw,60,always_probe,1005,1,1,0.7480000000000047
sensitivity,inflation4,low_yaw,60,always_probe,1006,1,1,0.7240000000000038
sensitivity,inflation4,low_yaw,60,always_probe,1007,1,1,0.7439999999999998
sensitivity,inflation4,low_yaw,60,always_probe,1008,1,1,0.7439999999999998
sensitivity,inflation4,low_yaw,60,always_probe,1009,1,1,0.6919999999999931
sensitivity,inflation4,low_yaw,60,always_probe,1010,1,1,0.7180000000000035
sensitivity,inflation4,low_yaw,60,batch_aware,1001,1,1,0.0
sensitivity,inflation4,low_yaw,60,batch_aware,1002,1,1,0.0
sensitivity,inflation4,low_yaw,60,batch_aware,1003,1,1,0.0
sensitivity,inflation4,low_yaw,60,batch_aware,1004,0,0,0.0
sensitivity,inflation4,low_yaw,60,batch_aware,1005,1,1,0.0
sensitivity,inflation4,low_yaw,60,batch_aware,1006,1,1,0.0
sensitivity,inflation4,low_yaw,60,batch_aware,1007,1,1,0.0
sensitivity,inflation4,low_yaw,60,batch_aware,1008,1,1,0.0
sensitivity,inflation4,low_yaw,60,batch_aware,1009,1,1,0.0
sensitivity,inflation4,low_yaw,60,batch_aware,1010,1,1,0.0
sensitivity,inflation4,low_yaw,60,ignore_passive,1001,1,1,0.5099999999999909
sensitivity,inflation4,low_yaw,60,ignore_passive,1002,1,1,0.6920000000000073
sensitivity,inflation4,low_yaw,60,ignore_passive,1003,1,1,0.6760000000000019
sensitivity,inflation4,low_yaw,60,ignore_passive,1004,0,0,0.0
sensitivity,inflation4,low_yaw,60,ignore_passive,1005,1,1,0.7480000000000047
sensitivity,inflation4,low_yaw,60,ignore_passive,1006,1,1,0.7240000000000038
sensitivity,inflation4,low_yaw,60,ignore_passive,1007,1,1,0.7439999999999998
sensitivity,inflation4,low_yaw,60,ignore_passive,1008,1,1,0.7439999999999998
sensitivity,inflation4,low_yaw,60,ignore_passive,1009,1,1,0.6919999999999931
sensitivity,inflation4,low_yaw,60,ignore_passive,1010,1,1,0.7180000000000035
sensitivity,inflation4,low_yaw,60,uncertainty_trigger,1001,1,1,0.5099999999999909
sensitivity,inflation4,low_yaw,60,uncertainty_trigger,1002,1,1,0.6920000000000073
sensitivity,inflation4,low_yaw,60,uncertainty_trigger,1003,1,1,0.6760000000000019
sensitivity,inflation4,low_yaw,60,uncertainty_trigger,1004,0,0,0.0
sensitivity,inflation4,low_yaw,60,uncertainty_trigger,1005,1,1,0.7480000000000047
sensitivity,inflation4,low_yaw,60,uncertainty_trigger,1006,1,1,0.7240000000000038
sensitivity,inflation4,low_yaw,60,uncertainty_trigger,1007,1,1,0.7439999999999998
sensitivity,inflation4,low_yaw,60,uncertainty_trigger,1008,1,1,0.7439999999999998
sensitivity,inflation4,low_yaw,60,uncertainty_trigger,1009,1,1,0.6919999999999931
sensitivity,inflation4,low_yaw,60,uncertainty_trigger,1010,1,1,0.7180000000000035
sensitivity,inflation64,excited,20,always_probe,1001,1,1,0.7700000000000031
sensitivity,inflation64,excited,20,always_probe,1002,1,1,0.769999999999996
sensitivity,inflation64,excited,20,always_probe,1003,1,1,0.7719999999999985
sensitivity,inflation64,excited,20,always_probe,1004,0,0,0.0
sensitivity,inflation64,excited,20,always_probe,1005,1,1,0.7959999999999994
sensitivity,inflation64,excited,20,always_probe,1006,1,1,0.7959999999999994
sensitivity,inflation64,excited,20,always_probe,1007,1,1,0.7959999999999994
sensitivity,inflation64,excited,20,always_probe,1008,1,1,0.7960000000000029
sensitivity,inflation64,excited,20,always_probe,1009,1,1,0.769999999999996
sensitivity,inflation64,excited,20,always_probe,1010,1,1,0.7959999999999994
sensitivity,inflation64,excited,20,batch_aware,1001,1,1,0.0
sensitivity,inflation64,excited,20,batch_aware,1002,1,1,0.0
sensitivity,inflation64,excited,20,batch_aware,1003,1,1,0.0
sensitivity,inflation64,excited,20,batch_aware,1004,0,0,0.0
sensitivity,inflation64,excited,20,batch_aware,1005,1,1,0.0
sensitivity,inflation64,excited,20,batch_aware,1006,1,1,0.0
sensitivity,inflation64,excited,20,batch_aware,1007,1,1,0.0
sensitivity,inflation64,excited,20,batch_aware,1008,1,1,0.0
sensitivity,inflation64,excited,20,batch_aware,1009,1,1,0.0
sensitivity,inflation64,excited,20,batch_aware,1010,1,1,0.0
sensitivity,inflation64,excited,20,ignore_passive,1001,1,1,0.7700000000000031
sensitivity,inflation64,excited,20,ignore_passive,1002,1,1,0.769999999999996
sensitivity,inflation64,excited,20,ignore_passive,1003,1,1,0.7719999999999985
sensitivity,inflation64,excited,20,ignore_passive,1004,0,0,0.0
sensitivity,inflation64,excited,20,ignore_passive,1005,1,1,0.7959999999999994
sensitivity,inflation64,excited,20,ignore_passive,1006,1,1,0.7959999999999994
sensitivity,inflation64,excited,20,ignore_passive,1007,1,1,0.7959999999999994
sensitivity,inflation64,excited,20,ignore_passive,1008,1,1,0.7960000000000029
sensitivity,inflation64,excited,20,ignore_passive,1009,1,1,0.769999999999996
sensitivity,inflation64,excited,20,ignore_passive,1010,1,1,0.7959999999999994
sensitivity,inflation64,excited,20,uncertainty_trigger,1001,1,1,0.7700000000000031
sensitivity,inflation64,excited,20,uncertainty_trigger,1002,1,1,0.769999999999996
sensitivity,inflation64,excited,20,uncertainty_trigger,1003,1,1,0.7719999999999985
sensitivity,inflation64,excited,20,uncertainty_trigger,1004,0,0,0.0
sensitivity,inflation64,excited,20,uncertainty_trigger,1005,1,1,0.7959999999999994
sensitivity,inflation64,excited,20,uncertainty_trigger,1006,1,1,0.7959999999999994
sensitivity,inflation64,excited,20,uncertainty_trigger,1007,1,1,0.7959999999999994
sensitivity,inflation64,excited,20,uncertainty_trigger,1008,1,1,0.7960000000000029
sensitivity,inflation64,excited,20,uncertainty_trigger,1009,1,1,0.769999999999996
sensitivity,inflation64,excited,20,uncertainty_trigger,1010,1,1,0.7959999999999994
sensitivity,inflation64,excited,60,always_probe,1001,1,1,0.769999999999996
sensitivity,inflation64,excited,60,always_probe,1002,1,1,0.7700000000000102
sensitivity,inflation64,excited,60,always_probe,1003,1,1,0.7719999999999914
sensitivity,inflation64,excited,60,always_probe,1004,0,0,0.0
sensitivity,inflation64,excited,60,always_probe,1005,1,1,0.7959999999999923
sensitivity,inflation64,excited,60,always_probe,1006,1,1,0.7960000000000065
sensitivity,inflation64,excited,60,always_probe,1007,1,1,0.7959999999999923
sensitivity,inflation64,excited,60,always_probe,1008,1,1,0.7959999999999923
sensitivity,inflation64,excited,60,always_probe,1009,1,1,0.7699999999999818
sensitivity,inflation64,excited,60,always_probe,1010,1,1,0.7960000000000065
sensitivity,inflation64,excited,60,batch_aware,1001,1,1,0.0
sensitivity,inflation64,excited,60,batch_aware,1002,1,1,0.0
sensitivity,inflation64,excited,60,batch_aware,1003,1,1,0.0
sensitivity,inflation64,excited,60,batch_aware,1004,0,0,0.0
sensitivity,inflation64,excited,60,batch_aware,1005,1,1,0.0
sensitivity,inflation64,excited,60,batch_aware,1006,1,1,0.0
sensitivity,inflation64,excited,60,batch_aware,1007,1,1,0.0
sensitivity,inflation64,excited,60,batch_aware,1008,1,1,0.0
sensitivity,inflation64,excited,60,batch_aware,1009,1,1,0.0
sensitivity,inflation64,excited,60,batch_aware,1010,1,1,0.0
sensitivity,inflation64,excited,60,ignore_passive,1001,1,1,0.769999999999996
sensitivity,inflation64,excited,60,ignore_passive,1002,1,1,0.7700000000000102
sensitivity,inflation64,excited,60,ignore_passive,1003,1,1,0.7719999999999914
sensitivity,inflation64,excited,60,ignore_passive,1004,0,0,0.0
sensitivity,inflation64,excited,60,ignore_passive,1005,1,1,0.7959999999999923
sensitivity,inflation64,excited,60,ignore_passive,1006,1,1,0.7960000000000065
sensitivity,inflation64,excited,60,ignore_passive,1007,1,1,0.7959999999999923
sensitivity,inflation64,excited,60,ignore_passive,1008,1,1,0.7959999999999923
sensitivity,inflation64,excited,60,ignore_passive,1009,1,1,0.7699999999999818
sensitivity,inflation64,excited,60,ignore_passive,1010,1,1,0.7960000000000065
sensitivity,inflation64,excited,60,uncertainty_trigger,1001,1,1,0.769999999999996
sensitivity,inflation64,excited,60,uncertainty_trigger,1002,1,1,0.7700000000000102
sensitivity,inflation64,excited,60,uncertainty_trigger,1003,1,1,0.7719999999999914
sensitivity,inflation64,excited,60,uncertainty_trigger,1004,0,0,0.0
sensitivity,inflation64,excited,60,uncertainty_trigger,1005,1,1,0.7959999999999923
sensitivity,inflation64,excited,60,uncertainty_trigger,1006,1,1,0.7960000000000065
sensitivity,inflation64,excited,60,uncertainty_trigger,1007,1,1,0.7959999999999923
sensitivity,inflation64,excited,60,uncertainty_trigger,1008,1,1,0.7959999999999923
sensitivity,inflation64,excited,60,uncertainty_trigger,1009,1,1,0.7699999999999818
sensitivity,inflation64,excited,60,uncertainty_trigger,1010,1,1,0.7960000000000065
sensitivity,inflation64,low_yaw,20,always_probe,1001,1,1,0.4819999999999993
sensitivity,inflation64,low_yaw,20,always_probe,1002,1,1,0.1559999999999846
sensitivity,inflation64,low_yaw,20,always_probe,1003,1,1,0.1600000000000108
sensitivity,inflation64,low_yaw,20,always_probe,1004,0,0,0.0
sensitivity,inflation64,low_yaw,20,always_probe,1005,1,1,0.2880000000000109
sensitivity,inflation64,low_yaw,20,always_probe,1006,1,1,0.26200000000000756
sensitivity,inflation64,low_yaw,20,always_probe,1007,1,1,0.2539999999999836
sensitivity,inflation64,low_yaw,20,always_probe,1008,1,1,0.2540000000000049
sensitivity,inflation64,low_yaw,20,always_probe,1009,1,1,0.20600000000000307
sensitivity,inflation64,low_yaw,20,always_probe,1010,1,1,0.22999999999998977
sensitivity,inflation64,low_yaw,20,batch_aware,1001,1,1,0.0
sensitivity,inflation64,low_yaw,20,batch_aware,1002,1,1,0.0
sensitivity,inflation64,low_yaw,20,batch_aware,1003,1,1,0.0
sensitivity,inflation64,low_yaw,20,batch_aware,1004,0,0,0.0
sensitivity,inflation64,low_yaw,20,batch_aware,1005,1,1,0.0
sensitivity,inflation64,low_yaw,20,batch_aware,1006,1,1,0.0
sensitivity,inflation64,low_yaw,20,batch_aware,1007,1,1,0.0
sensitivity,inflation64,low_yaw,20,batch_aware,1008,1,1,0.0
sensitivity,inflation64,low_yaw,20,batch_aware,1009,1,1,0.0
sensitivity,inflation64,low_yaw,20,batch_aware,1010,1,1,0.0
sensitivity,inflation64,low_yaw,20,ignore_passive,1001,1,1,0.4819999999999993
sensitivity,inflation64,low_yaw,20,ignore_passive,1002,1,1,0.1559999999999846
sensitivity,inflation64,low_yaw,20,ignore_passive,1003,1,1,0.1600000000000108
sensitivity,inflation64,low_yaw,20,ignore_passive,1004,0,0,0.0
sensitivity,inflation64,low_yaw,20,ignore_passive,1005,1,1,0.2880000000000109
sensitivity,inflation64,low_yaw,20,ignore_passive,1006,1,1,0.26200000000000756
sensitivity,inflation64,low_yaw,20,ignore_passive,1007,1,1,0.2539999999999836
sensitivity,inflation64,low_yaw,20,ignore_passive,1008,1,1,0.2540000000000049
sensitivity,inflation64,low_yaw,20,ignore_passive,1009,1,1,0.20600000000000307
sensitivity,inflation64,low_yaw,20,ignore_passive,1010,1,1,0.22999999999998977
sensitivity,inflation64,low_yaw,20,uncertainty_trigger,1001,1,1,0.4819999999999993
sensitivity,inflation64,low_yaw,20,uncertainty_trigger,1002,1,1,0.1559999999999846
sensitivity,inflation64,low_yaw,20,uncertainty_trigger,1003,1,1,0.1600000000000108
sensitivity,inflation64,low_yaw,20,uncertainty_trigger,1004,0,0,0.0
sensitivity,inflation64,low_yaw,20,uncertainty_trigger,1005,1,1,0.2880000000000109
sensitivity,inflation64,low_yaw,20,uncertainty_trigger,1006,1,1,0.26200000000000756
sensitivity,inflation64,low_yaw,20,uncertainty_trigger,1007,1,1,0.2539999999999836
sensitivity,inflation64,low_yaw,20,uncertainty_trigger,1008,1,1,0.2540000000000049
sensitivity,inflation64,low_yaw,20,uncertainty_trigger,1009,1,1,0.20600000000000307
sensitivity,inflation64,low_yaw,20,uncertainty_trigger,1010,1,1,0.22999999999998977
sensitivity,inflation64,low_yaw,60,always_probe,1001,1,1,-0.19399999999994577
sensitivity,inflation64,low_yaw,60,always_probe,1002,1,1,-0.8840000000000714
sensitivity,inflation64,low_yaw,60,always_probe,1003,1,1,-0.8000000000000256
sensitivity,inflation64,low_yaw,60,always_probe,1004,0,0,0.0
sensitivity,inflation64,low_yaw,60,always_probe,1005,1,1,-0.02400000000000091
sensitivity,inflation64,low_yaw,60,always_probe,1006,1,1,-0.3860000000000099
sensitivity,inflation64,low_yaw,60,always_probe,1007,1,1,-0.26600000000001955
sensitivity,inflation64,low_yaw,60,always_probe,1008,1,1,-0.08400000000000318
sensitivity,inflation64,low_yaw,60,always_probe,1009,1,1,-0.8339999999999463
sensitivity,inflation64,low_yaw,60,always_probe,1010,1,1,-0.7580000000000524
sensitivity,inflation64,low_yaw,60,batch_aware,1001,1,1,-0.19399999999994577
sensitivity,inflation64,low_yaw,60,batch_aware,1002,1,1,-0.8840000000000714
sensitivity,inflation64,low_yaw,60,batch_aware,1003,1,1,-0.8000000000000256
sensitivity,inflation64,low_yaw,60,batch_aware,1004,0,0,0.0
sensitivity,inflation64,low_yaw,60,batch_aware,1005,1,1,-0.02400000000000091
sensitivity,inflation64,low_yaw,60,batch_aware,1006,1,1,-0.3860000000000099
sensitivity,inflation64,low_yaw,60,batch_aware,1007,1,1,-0.26600000000001955
sensitivity,inflation64,low_yaw,60,batch_aware,1008,1,1,-0.08400000000000318
sensitivity,inflation64,low_yaw,60,batch_aware,1009,1,1,-0.8339999999999463
sensitivity,inflation64,low_yaw,60,batch_aware,1010,1,1,-0.7580000000000524
sensitivity,inflation64,low_yaw,60,ignore_passive,1001,1,1,-0.19399999999994577
sensitivity,inflation64,low_yaw,60,ignore_passive,1002,1,1,-0.8840000000000714
sensitivity,inflation64,low_yaw,60,ignore_passive,1003,1,1,-0.8000000000000256
sensitivity,inflation64,low_yaw,60,ignore_passive,1004,0,0,0.0
sensitivity,inflation64,low_yaw,60,ignore_passive,1005,1,1,-0.02400000000000091
sensitivity,inflation64,low_yaw,60,ignore_passive,1006,1,1,-0.3860000000000099
sensitivity,inflation64,low_yaw,60,ignore_passive,1007,1,1,-0.26600000000001955
sensitivity,inflation64,low_yaw,60,ignore_passive,1008,1,1,-0.08400000000000318
sensitivity,inflation64,low_yaw,60,ignore_passive,1009,1,1,-0.8339999999999463
sensitivity,inflation64,low_yaw,60,ignore_passive,1010,1,1,-0.7580000000000524
sensitivity,inflation64,low_yaw,60,uncertainty_trigger,1001,1,1,-0.19399999999994577
sensitivity,inflation64,low_yaw,60,uncertainty_trigger,1002,1,1,-0.8840000000000714
sensitivity,inflation64,low_yaw,60,uncertainty_trigger,1003,1,1,-0.8000000000000256
sensitivity,inflation64,low_yaw,60,uncertainty_trigger,1004,0,0,0.0
sensitivity,inflation64,low_yaw,60,uncertainty_trigger,1005,1,1,-0.02400000000000091
sensitivity,inflation64,low_yaw,60,uncertainty_trigger,1006,1,1,-0.3860000000000099
sensitivity,inflation64,low_yaw,60,uncertainty_trigger,1007,1,1,-0.26600000000001955
sensitivity,inflation64,low_yaw,60,uncertainty_trigger,1008,1,1,-0.08400000000000318
sensitivity,inflation64,low_yaw,60,uncertainty_trigger,1009,1,1,-0.8339999999999463
sensitivity,inflation64,low_yaw,60,uncertainty_trigger,1010,1,1,-0.7580000000000524
sensitivity,probe_fast,excited,20,always_probe,1001,1,1,0.5960000000000036
sensitivity,probe_fast,excited,20,always_probe,1002,1,1,0.5960000000000036
sensitivity,probe_fast,excited,20,always_probe,1003,1,1,0.5959999999999965
sensitivity,probe_fast,excited,20,always_probe,1004,0,0,0.0
sensitivity,probe_fast,excited,20,always_probe,1005,0,1,-32.534000000000006
sensitivity,probe_fast,excited,20,always_probe,1006,0,1,-32.534000000000006
sensitivity,probe_fast,excited,20,always_probe,1007,0,1,-33.49399999999999
sensitivity,probe_fast,excited,20,always_probe,1008,0,1,-31.49400000000001
sensitivity,probe_fast,excited,20,always_probe,1009,1,1,0.5960000000000036
sensitivity,probe_fast,excited,20,always_probe,1010,0,1,-33.49399999999999
sensitivity,probe_fast,excited,20,batch_aware,1001,1,1,0.0
sensitivity,probe_fast,excited,20,batch_aware,1002,1,1,0.0
sensitivity,probe_fast,excited,20,batch_aware,1003,1,1,0.0
sensitivity,probe_fast,excited,20,batch_aware,1004,0,0,0.0
sensitivity,probe_fast,excited,20,batch_aware,1005,1,1,0.0
sensitivity,probe_fast,excited,20,batch_aware,1006,1,1,0.0
sensitivity,probe_fast,excited,20,batch_aware,1007,1,1,0.0
sensitivity,probe_fast,excited,20,batch_aware,1008,1,1,0.0
sensitivity,probe_fast,excited,20,batch_aware,1009,1,1,0.0
sensitivity,probe_fast,excited,20,batch_aware,1010,1,1,0.0
sensitivity,probe_fast,excited,20,ignore_passive,1001,1,1,0.5960000000000036
sensitivity,probe_fast,excited,20,ignore_passive,1002,1,1,0.5960000000000036
sensitivity,probe_fast,excited,20,ignore_passive,1003,1,1,0.5959999999999965
sensitivity,probe_fast,excited,20,ignore_passive,1004,0,0,0.0
sensitivity,probe_fast,excited,20,ignore_passive,1005,0,1,-32.534000000000006
sensitivity,probe_fast,excited,20,ignore_passive,1006,0,1,-32.534000000000006
sensitivity,probe_fast,excited,20,ignore_passive,1007,0,1,-33.49399999999999
sensitivity,probe_fast,excited,20,ignore_passive,1008,0,1,-31.49400000000001
sensitivity,probe_fast,excited,20,ignore_passive,1009,1,1,0.5960000000000036
sensitivity,probe_fast,excited,20,ignore_passive,1010,0,1,-33.49399999999999
sensitivity,probe_fast,excited,20,uncertainty_trigger,1001,1,1,0.5960000000000036
sensitivity,probe_fast,excited,20,uncertainty_trigger,1002,1,1,0.5960000000000036
sensitivity,probe_fast,excited,20,uncertainty_trigger,1003,1,1,0.5959999999999965
sensitivity,probe_fast,excited,20,uncertainty_trigger,1004,0,0,0.0
sensitivity,probe_fast,excited,20,uncertainty_trigger,1005,0,1,-32.534000000000006
sensitivity,probe_fast,excited,20,uncertainty_trigger,1006,0,1,-32.534000000000006
sensitivity,probe_fast,excited,20,uncertainty_trigger,1007,0,1,-33.49399999999999
sensitivity,probe_fast,excited,20,uncertainty_trigger,1008,0,1,-31.49400000000001
sensitivity,probe_fast,excited,20,uncertainty_trigger,1009,1,1,0.5960000000000036
sensitivity,probe_fast,excited,20,uncertainty_trigger,1010,0,1,-33.49399999999999
sensitivity,probe_fast,excited,60,always_probe,1001,1,1,0.5959999999999894
sensitivity,probe_fast,excited,60,always_probe,1002,1,1,0.5959999999999894
sensitivity,probe_fast,excited,60,always_probe,1003,1,1,0.5959999999999894
sensitivity,probe_fast,excited,60,always_probe,1004,0,0,0.0
sensitivity,probe_fast,excited,60,always_probe,1005,0,1,-98.29399999999991
sensitivity,probe_fast,excited,60,always_probe,1006,0,1,-98.2939999999999
sensitivity,probe_fast,excited,60,always_probe,1007,0,1,-101.17399999999994
sensitivity,probe_fast,excited,60,always_probe,1008,0,1,-95.17400000000004
sensitivity,probe_fast,excited,60,always_probe,1009,1,1,0.5960000000000036
sensitivity,probe_fast,excited,60,always_probe,1010,0,1,-101.17399999999994
sensitivity,probe_fast,excited,60,batch_aware,1001,1,1,0.0
sensitivity,probe_fast,excited,60,batch_aware,1002,1,1,0.0
sensitivity,probe_fast,excited,60,batch_aware,1003,1,1,0.0
sensitivity,probe_fast,excited,60,batch_aware,1004,0,0,0.0
sensitivity,probe_fast,excited,60,batch_aware,1005,1,1,0.0
sensitivity,probe_fast,excited,60,batch_aware,1006,1,1,0.0
sensitivity,probe_fast,excited,60,batch_aware,1007,1,1,0.0
sensitivity,probe_fast,excited,60,batch_aware,1008,1,1,0.0
sensitivity,probe_fast,excited,60,batch_aware,1009,1,1,0.0
sensitivity,probe_fast,excited,60,batch_aware,1010,1,1,0.0
sensitivity,probe_fast,excited,60,ignore_passive,1001,1,1,0.5959999999999894
sensitivity,probe_fast,excited,60,ignore_passive,1002,1,1,0.5959999999999894
sensitivity,probe_fast,excited,60,ignore_passive,1003,1,1,0.5959999999999894
sensitivity,probe_fast,excited,60,ignore_passive,1004,0,0,0.0
sensitivity,probe_fast,excited,60,ignore_passive,1005,0,1,-98.29399999999991
sensitivity,probe_fast,excited,60,ignore_passive,1006,0,1,-98.2939999999999
sensitivity,probe_fast,excited,60,ignore_passive,1007,0,1,-101.17399999999994
sensitivity,probe_fast,excited,60,ignore_passive,1008,0,1,-95.17400000000004
sensitivity,probe_fast,excited,60,ignore_passive,1009,1,1,0.5960000000000036
sensitivity,probe_fast,excited,60,ignore_passive,1010,0,1,-101.17399999999994
sensitivity,probe_fast,excited,60,uncertainty_trigger,1001,1,1,0.5959999999999894
sensitivity,probe_fast,excited,60,uncertainty_trigger,1002,1,1,0.5959999999999894
sensitivity,probe_fast,excited,60,uncertainty_trigger,1003,1,1,0.5959999999999894
sensitivity,probe_fast,excited,60,uncertainty_trigger,1004,0,0,0.0
sensitivity,probe_fast,excited,60,uncertainty_trigger,1005,0,1,-98.29399999999991
sensitivity,probe_fast,excited,60,uncertainty_trigger,1006,0,1,-98.2939999999999
sensitivity,probe_fast,excited,60,uncertainty_trigger,1007,0,1,-101.17399999999994
sensitivity,probe_fast,excited,60,uncertainty_trigger,1008,0,1,-95.17400000000004
sensitivity,probe_fast,excited,60,uncertainty_trigger,1009,1,1,0.5960000000000036
sensitivity,probe_fast,excited,60,uncertainty_trigger,1010,0,1,-101.17399999999994
sensitivity,probe_fast,low_yaw,20,always_probe,1001,1,1,0.030000000000008242
sensitivity,probe_fast,low_yaw,20,always_probe,1002,1,1,0.07799999999998875
sensitivity,probe_fast,low_yaw,20,always_probe,1003,1,1,0.11400000000000432
sensitivity,probe_fast,low_yaw,20,always_probe,1004,0,0,0.0
sensitivity,probe_fast,low_yaw,20,always_probe,1005,0,1,-32.726000000000006
sensitivity,probe_fast,low_yaw,20,always_probe,1006,0,1,-32.79800000000001
sensitivity,probe_fast,low_yaw,20,always_probe,1007,0,1,-33.75399999999999
sensitivity,probe_fast,low_yaw,20,always_probe,1008,0,1,-31.702000000000012
sensitivity,probe_fast,low_yaw,20,always_probe,1009,1,1,0.13000000000000256
sensitivity,probe_fast,low_yaw,20,always_probe,1010,0,1,-33.882
sensitivity,probe_fast,low_yaw,20,batch_aware,1001,1,1,0.0
sensitivity,probe_fast,low_yaw,20,batch_aware,1002,1,1,0.0
sensitivity,probe_fast,low_yaw,20,batch_aware,1003,1,1,0.0
sensitivity,probe_fast,low_yaw,20,batch_aware,1004,0,0,0.0
sensitivity,probe_fast,low_yaw,20,batch_aware,1005,1,1,0.0
sensitivity,probe_fast,low_yaw,20,batch_aware,1006,1,1,0.0
sensitivity,probe_fast,low_yaw,20,batch_aware,1007,1,1,0.0
sensitivity,probe_fast,low_yaw,20,batch_aware,1008,1,1,0.0
sensitivity,probe_fast,low_yaw,20,batch_aware,1009,1,1,0.0
sensitivity,probe_fast,low_yaw,20,batch_aware,1010,1,1,0.0
sensitivity,probe_fast,low_yaw,20,ignore_passive,1001,1,1,0.030000000000008242
sensitivity,probe_fast,low_yaw,20,ignore_passive,1002,1,1,0.07799999999998875
sensitivity,probe_fast,low_yaw,20,ignore_passive,1003,1,1,0.11400000000000432
sensitivity,probe_fast,low_yaw,20,ignore_passive,1004,0,0,0.0
sensitivity,probe_fast,low_yaw,20,ignore_passive,1005,0,1,-32.726000000000006
sensitivity,probe_fast,low_yaw,20,ignore_passive,1006,0,1,-32.79800000000001
sensitivity,probe_fast,low_yaw,20,ignore_passive,1007,0,1,-33.75399999999999
sensitivity,probe_fast,low_yaw,20,ignore_passive,1008,0,1,-31.702000000000012
sensitivity,probe_fast,low_yaw,20,ignore_passive,1009,1,1,0.13000000000000256
sensitivity,probe_fast,low_yaw,20,ignore_passive,1010,0,1,-33.882
sensitivity,probe_fast,low_yaw,20,uncertainty_trigger,1001,1,1,0.030000000000008242
sensitivity,probe_fast,low_yaw,20,uncertainty_trigger,1002,1,1,0.07799999999998875
sensitivity,probe_fast,low_yaw,20,uncertainty_trigger,1003,1,1,0.11400000000000432
sensitivity,probe_fast,low_yaw,20,uncertainty_trigger,1004,0,0,0.0
sensitivity,probe_fast,low_yaw,20,uncertainty_trigger,1005,0,1,-32.726000000000006
sensitivity,probe_fast,low_yaw,20,uncertainty_trigger,1006,0,1,-32.79800000000001
sensitivity,probe_fast,low_yaw,20,uncertainty_trigger,1007,0,1,-33.75399999999999
sensitivity,probe_fast,low_yaw,20,uncertainty_trigger,1008,0,1,-31.702000000000012
sensitivity,probe_fast,low_yaw,20,uncertainty_trigger,1009,1,1,0.13000000000000256
sensitivity,probe_fast,low_yaw,20,uncertainty_trigger,1010,0,1,-33.882
sensitivity,probe_fast,low_yaw,60,always_probe,1001,1,1,-0.6199999999999903
sensitivity,probe_fast,low_yaw,60,always_probe,1002,1,1,0.07799999999998875
sensitivity,probe_fast,low_yaw,60,always_probe,1003,1,1,0.018000000000000682
sensitivity,probe_fast,low_yaw,60,always_probe,1004,0,0,0.0
sensitivity,probe_fast,low_yaw,60,always_probe,1005,0,1,-98.4859999999999
sensitivity,probe_fast,low_yaw,60,always_probe,1006,0,1,-98.55799999999991
sensitivity,probe_fast,low_yaw,60,always_probe,1007,0,1,-101.43399999999993
sensitivity,probe_fast,low_yaw,60,always_probe,1008,0,1,-95.38200000000003
sensitivity,probe_fast,low_yaw,60,always_probe,1009,1,1,0.12999999999999545
sensitivity,probe_fast,low_yaw,60,always_probe,1010,0,1,-101.56199999999994
sensitivity,probe_fast,low_yaw,60,batch_aware,1001,1,1,0.0
sensitivity,probe_fast,low_yaw,60,batch_aware,1002,1,1,0.0
sensitivity,probe_fast,low_yaw,60,batch_aware,1003,1,1,0.0
sensitivity,probe_fast,low_yaw,60,batch_aware,1004,0,0,0.0
sensitivity,probe_fast,low_yaw,60,batch_aware,1005,1,1,0.0
sensitivity,probe_fast,low_yaw,60,batch_aware,1006,1,1,0.0
sensitivity,probe_fast,low_yaw,60,batch_aware,1007,1,1,0.0
sensitivity,probe_fast,low_yaw,60,batch_aware,1008,1,1,0.0
sensitivity,probe_fast,low_yaw,60,batch_aware,1009,1,1,0.0
sensitivity,probe_fast,low_yaw,60,batch_aware,1010,1,1,0.0
sensitivity,probe_fast,low_yaw,60,ignore_passive,1001,1,1,-0.6199999999999903
sensitivity,probe_fast,low_yaw,60,ignore_passive,1002,1,1,0.07799999999998875
sensitivity,probe_fast,low_yaw,60,ignore_passive,1003,1,1,0.018000000000000682
sensitivity,probe_fast,low_yaw,60,ignore_passive,1004,0,0,0.0
sensitivity,probe_fast,low_yaw,60,ignore_passive,1005,0,1,-98.4859999999999
sensitivity,probe_fast,low_yaw,60,ignore_passive,1006,0,1,-98.55799999999991
sensitivity,probe_fast,low_yaw,60,ignore_passive,1007,0,1,-101.43399999999993
sensitivity,probe_fast,low_yaw,60,ignore_passive,1008,0,1,-95.38200000000003
sensitivity,probe_fast,low_yaw,60,ignore_passive,1009,1,1,0.12999999999999545
sensitivity,probe_fast,low_yaw,60,ignore_passive,1010,0,1,-101.56199999999994
sensitivity,probe_fast,low_yaw,60,uncertainty_trigger,1001,1,1,-0.6199999999999903
sensitivity,probe_fast,low_yaw,60,uncertainty_trigger,1002,1,1,0.07799999999998875
sensitivity,probe_fast,low_yaw,60,uncertainty_trigger,1003,1,1,0.018000000000000682
sensitivity,probe_fast,low_yaw,60,uncertainty_trigger,1004,0,0,0.0
sensitivity,probe_fast,low_yaw,60,uncertainty_trigger,1005,0,1,-98.4859999999999
sensitivity,probe_fast,low_yaw,60,uncertainty_trigger,1006,0,1,-98.55799999999991
sensitivity,probe_fast,low_yaw,60,uncertainty_trigger,1007,0,1,-101.43399999999993
sensitivity,probe_fast,low_yaw,60,uncertainty_trigger,1008,0,1,-95.38200000000003
sensitivity,probe_fast,low_yaw,60,uncertainty_trigger,1009,1,1,0.12999999999999545
sensitivity,probe_fast,low_yaw,60,uncertainty_trigger,1010,0,1,-101.56199999999994
sensitivity,probe_slow,excited,20,always_probe,1001,1,1,1.2220000000000013
sensitivity,probe_slow,excited,20,always_probe,1002,1,1,1.196000000000005
sensitivity,probe_slow,excited,20,always_probe,1003,1,1,1.195999999999998
sensitivity,probe_slow,excited,20,always_probe,1004,0,0,0.0
sensitivity,probe_slow,excited,20,always_probe,1005,1,1,1.195999999999998
sensitivity,probe_slow,excited,20,always_probe,1006,1,1,1.196000000000005
sensitivity,probe_slow,excited,20,always_probe,1007,1,1,1.196000000000005
sensitivity,probe_slow,excited,20,always_probe,1008,1,1,1.1960000000000015
sensitivity,probe_slow,excited,20,always_probe,1009,1,1,1.196000000000005
sensitivity,probe_slow,excited,20,always_probe,1010,1,1,1.195999999999998
sensitivity,probe_slow,excited,20,batch_aware,1001,1,1,0.0
sensitivity,probe_slow,excited,20,batch_aware,1002,1,1,0.0
sensitivity,probe_slow,excited,20,batch_aware,1003,1,1,0.0
sensitivity,probe_slow,excited,20,batch_aware,1004,0,0,0.0
sensitivity,probe_slow,excited,20,batch_aware,1005,1,1,0.0
sensitivity,probe_slow,excited,20,batch_aware,1006,1,1,0.0
sensitivity,probe_slow,excited,20,batch_aware,1007,1,1,0.0
sensitivity,probe_slow,excited,20,batch_aware,1008,1,1,0.0
sensitivity,probe_slow,excited,20,batch_aware,1009,1,1,0.0
sensitivity,probe_slow,excited,20,batch_aware,1010,1,1,0.0
sensitivity,probe_slow,excited,20,ignore_passive,1001,1,1,1.2220000000000013
sensitivity,probe_slow,excited,20,ignore_passive,1002,1,1,1.196000000000005
sensitivity,probe_slow,excited,20,ignore_passive,1003,1,1,1.195999999999998
sensitivity,probe_slow,excited,20,ignore_passive,1004,0,0,0.0
sensitivity,probe_slow,excited,20,ignore_passive,1005,1,1,1.195999999999998
sensitivity,probe_slow,excited,20,ignore_passive,1006,1,1,1.196000000000005
sensitivity,probe_slow,excited,20,ignore_passive,1007,1,1,1.196000000000005
sensitivity,probe_slow,excited,20,ignore_passive,1008,1,1,1.1960000000000015
sensitivity,probe_slow,excited,20,ignore_passive,1009,1,1,1.196000000000005
sensitivity,probe_slow,excited,20,ignore_passive,1010,1,1,1.195999999999998
sensitivity,probe_slow,excited,20,uncertainty_trigger,1001,1,1,1.2220000000000013
sensitivity,probe_slow,excited,20,uncertainty_trigger,1002,1,1,1.196000000000005
sensitivity,probe_slow,excited,20,uncertainty_trigger,1003,1,1,1.195999999999998
sensitivity,probe_slow,excited,20,uncertainty_trigger,1004,0,0,0.0
sensitivity,probe_slow,excited,20,uncertainty_trigger,1005,1,1,1.195999999999998
sensitivity,probe_slow,excited,20,uncertainty_trigger,1006,1,1,1.196000000000005
sensitivity,probe_slow,excited,20,uncertainty_trigger,1007,1,1,1.196000000000005
sensitivity,probe_slow,excited,20,uncertainty_trigger,1008,1,1,1.1960000000000015
sensitivity,probe_slow,excited,20,uncertainty_trigger,1009,1,1,1.196000000000005
sensitivity,probe_slow,excited,20,uncertainty_trigger,1010,1,1,1.195999999999998
sensitivity,probe_slow,excited,60,always_probe,1001,1,1,1.2219999999999942
sensitivity,probe_slow,excited,60,always_probe,1002,1,1,1.195999999999998
sensitivity,probe_slow,excited,60,always_probe,1003,1,1,1.195999999999998
sensitivity,probe_slow,excited,60,always_probe,1004,0,0,0.0
sensitivity,probe_slow,excited,60,always_probe,1005,1,1,1.195999999999998
sensitivity,probe_slow,excited,60,always_probe,1006,1,1,1.1960000000000122
sensitivity,probe_slow,excited,60,always_probe,1007,1,1,1.195999999999998
sensitivity,probe_slow,excited,60,always_probe,1008,1,1,1.195999999999998
sensitivity,probe_slow,excited,60,always_probe,1009,1,1,1.195999999999998
sensitivity,probe_slow,excited,60,always_probe,1010,1,1,1.195999999999998
sensitivity,probe_slow,excited,60,batch_aware,1001,1,1,0.0
sensitivity,probe_slow,excited,60,batch_aware,1002,1,1,0.0
sensitivity,probe_slow,excited,60,batch_aware,1003,1,1,0.0
sensitivity,probe_slow,excited,60,batch_aware,1004,0,0,0.0
sensitivity,probe_slow,excited,60,batch_aware,1005,1,1,0.0
sensitivity,probe_slow,excited,60,batch_aware,1006,1,1,0.0
sensitivity,probe_slow,excited,60,batch_aware,1007,1,1,0.0
sensitivity,probe_slow,excited,60,batch_aware,1008,1,1,0.0
sensitivity,probe_slow,excited,60,batch_aware,1009,1,1,0.0
sensitivity,probe_slow,excited,60,batch_aware,1010,1,1,0.0
sensitivity,probe_slow,excited,60,ignore_passive,1001,1,1,1.2219999999999942
sensitivity,probe_slow,excited,60,ignore_passive,1002,1,1,1.195999999999998
sensitivity,probe_slow,excited,60,ignore_passive,1003,1,1,1.195999999999998
sensitivity,probe_slow,excited,60,ignore_passive,1004,0,0,0.0
sensitivity,probe_slow,excited,60,ignore_passive,1005,1,1,1.195999999999998
sensitivity,probe_slow,excited,60,ignore_passive,1006,1,1,1.1960000000000122
sensitivity,probe_slow,excited,60,ignore_passive,1007,1,1,1.195999999999998
sensitivity,probe_slow,excited,60,ignore_passive,1008,1,1,1.195999999999998
sensitivity,probe_slow,excited,60,ignore_passive,1009,1,1,1.195999999999998
sensitivity,probe_slow,excited,60,ignore_passive,1010,1,1,1.195999999999998
sensitivity,probe_slow,excited,60,uncertainty_trigger,1001,1,1,1.2219999999999942
sensitivity,probe_slow,excited,60,uncertainty_trigger,1002,1,1,1.195999999999998
sensitivity,probe_slow,excited,60,uncertainty_trigger,1003,1,1,1.195999999999998
sensitivity,probe_slow,excited,60,uncertainty_trigger,1004,0,0,0.0
sensitivity,probe_slow,excited,60,uncertainty_trigger,1005,1,1,1.195999999999998
sensitivity,probe_slow,excited,60,uncertainty_trigger,1006,1,1,1.1960000000000122
sensitivity,probe_slow,excited,60,uncertainty_trigger,1007,1,1,1.195999999999998
sensitivity,probe_slow,excited,60,uncertainty_trigger,1008,1,1,1.195999999999998
sensitivity,probe_slow,excited,60,uncertainty_trigger,1009,1,1,1.195999999999998
sensitivity,probe_slow,excited,60,uncertainty_trigger,1010,1,1,1.195999999999998
sensitivity,probe_slow,low_yaw,20,always_probe,1001,1,1,0.6820000000000093
sensitivity,probe_slow,low_yaw,20,always_probe,1002,1,1,0.6779999999999902
sensitivity,probe_slow,low_yaw,20,always_probe,1003,1,1,0.7140000000000057
sensitivity,probe_slow,low_yaw,20,always_probe,1004,0,0,0.0
sensitivity,probe_slow,low_yaw,20,always_probe,1005,1,1,1.0039999999999978
sensitivity,probe_slow,low_yaw,20,always_probe,1006,1,1,0.9320000000000022
sensitivity,probe_slow,low_yaw,20,always_probe,1007,1,1,0.936000000000007
sensitivity,probe_slow,low_yaw,20,always_probe,1008,1,1,0.9879999999999995
sensitivity,probe_slow,low_yaw,20,always_probe,1009,1,1,0.730000000000004
sensitivity,probe_slow,low_yaw,20,always_probe,1010,1,1,0.8079999999999927
sensitivity,probe_slow,low_yaw,20,batch_aware,1001,1,1,0.0
sensitivity,probe_slow,low_yaw,20,batch_aware,1002,1,1,0.0
sensitivity,probe_slow,low_yaw,20,batch_aware,1003,1,1,0.0
sensitivity,probe_slow,low_yaw,20,batch_aware,1004,0,0,0.0
sensitivity,probe_slow,low_yaw,20,batch_aware,1005,1,1,0.0
sensitivity,probe_slow,low_yaw,20,batch_aware,1006,1,1,0.0
sensitivity,probe_slow,low_yaw,20,batch_aware,1007,1,1,0.0
sensitivity,probe_slow,low_yaw,20,batch_aware,1008,1,1,0.0
sensitivity,probe_slow,low_yaw,20,batch_aware,1009,1,1,0.0
sensitivity,probe_slow,low_yaw,20,batch_aware,1010,1,1,0.0
sensitivity,probe_slow,low_yaw,20,ignore_passive,1001,1,1,0.6820000000000093
sensitivity,probe_slow,low_yaw,20,ignore_passive,1002,1,1,0.6779999999999902
sensitivity,probe_slow,low_yaw,20,ignore_passive,1003,1,1,0.7140000000000057
sensitivity,probe_slow,low_yaw,20,ignore_passive,1004,0,0,0.0
sensitivity,probe_slow,low_yaw,20,ignore_passive,1005,1,1,1.0039999999999978
sensitivity,probe_slow,low_yaw,20,ignore_passive,1006,1,1,0.9320000000000022
sensitivity,probe_slow,low_yaw,20,ignore_passive,1007,1,1,0.936000000000007
sensitivity,probe_slow,low_yaw,20,ignore_passive,1008,1,1,0.9879999999999995
sensitivity,probe_slow,low_yaw,20,ignore_passive,1009,1,1,0.730000000000004
sensitivity,probe_slow,low_yaw,20,ignore_passive,1010,1,1,0.8079999999999927
sensitivity,probe_slow,low_yaw,20,uncertainty_trigger,1001,1,1,0.6820000000000093
sensitivity,probe_slow,low_yaw,20,uncertainty_trigger,1002,1,1,0.6779999999999902
sensitivity,probe_slow,low_yaw,20,uncertainty_trigger,1003,1,1,0.7140000000000057
sensitivity,probe_slow,low_yaw,20,uncertainty_trigger,1004,0,0,0.0
sensitivity,probe_slow,low_yaw,20,uncertainty_trigger,1005,1,1,1.0039999999999978
sensitivity,probe_slow,low_yaw,20,uncertainty_trigger,1006,1,1,0.9320000000000022
sensitivity,probe_slow,low_yaw,20,uncertainty_trigger,1007,1,1,0.936000000000007
sensitivity,probe_slow,low_yaw,20,uncertainty_trigger,1008,1,1,0.9879999999999995
sensitivity,probe_slow,low_yaw,20,uncertainty_trigger,1009,1,1,0.730000000000004
sensitivity,probe_slow,low_yaw,20,uncertainty_trigger,1010,1,1,0.8079999999999927
sensitivity,probe_slow,low_yaw,60,always_probe,1001,1,1,0.03200000000001069
sensitivity,probe_slow,low_yaw,60,always_probe,1002,1,1,0.6779999999999973
sensitivity,probe_slow,low_yaw,60,always_probe,1003,1,1,0.6180000000000092
sensitivity,probe_slow,low_yaw,60,always_probe,1004,0,0,0.0
sensitivity,probe_slow,low_yaw,60,always_probe,1005,1,1,1.0040000000000049
sensitivity,probe_slow,low_yaw,60,always_probe,1006,1,1,0.9320000000000022
sensitivity,probe_slow,low_yaw,60,always_probe,1007,1,1,0.936000000000007
sensitivity,probe_slow,low_yaw,60,always_probe,1008,1,1,0.9879999999999995
sensitivity,probe_slow,low_yaw,60,always_probe,1009,1,1,0.7299999999999898
sensitivity,probe_slow,low_yaw,60,always_probe,1010,1,1,0.8079999999999927
sensitivity,probe_slow,low_yaw,60,batch_aware,1001,1,1,0.0
sensitivity,probe_slow,low_yaw,60,batch_aware,1002,1,1,0.0
sensitivity,probe_slow,low_yaw,60,batch_aware,1003,1,1,0.0
sensitivity,probe_slow,low_yaw,60,batch_aware,1004,0,0,0.0
sensitivity,probe_slow,low_yaw,60,batch_aware,1005,1,1,0.0
sensitivity,probe_slow,low_yaw,60,batch_aware,1006,1,1,0.0
sensitivity,probe_slow,low_yaw,60,batch_aware,1007,1,1,0.0
sensitivity,probe_slow,low_yaw,60,batch_aware,1008,1,1,0.0
sensitivity,probe_slow,low_yaw,60,batch_aware,1009,1,1,0.0
sensitivity,probe_slow,low_yaw,60,batch_aware,1010,1,1,0.0
sensitivity,probe_slow,low_yaw,60,ignore_passive,1001,1,1,0.03200000000001069
sensitivity,probe_slow,low_yaw,60,ignore_passive,1002,1,1,0.6779999999999973
sensitivity,probe_slow,low_yaw,60,ignore_passive,1003,1,1,0.6180000000000092
sensitivity,probe_slow,low_yaw,60,ignore_passive,1004,0,0,0.0
sensitivity,probe_slow,low_yaw,60,ignore_passive,1005,1,1,1.0040000000000049
sensitivity,probe_slow,low_yaw,60,ignore_passive,1006,1,1,0.9320000000000022
sensitivity,probe_slow,low_yaw,60,ignore_passive,1007,1,1,0.936000000000007
sensitivity,probe_slow,low_yaw,60,ignore_passive,1008,1,1,0.9879999999999995
sensitivity,probe_slow,low_yaw,60,ignore_passive,1009,1,1,0.7299999999999898
sensitivity,probe_slow,low_yaw,60,ignore_passive,1010,1,1,0.8079999999999927
sensitivity,probe_slow,low_yaw,60,uncertainty_trigger,1001,1,1,0.03200000000001069
sensitivity,probe_slow,low_yaw,60,uncertainty_trigger,1002,1,1,0.6779999999999973
sensitivity,probe_slow,low_yaw,60,uncertainty_trigger,1003,1,1,0.6180000000000092
sensitivity,probe_slow,low_yaw,60,uncertainty_trigger,1004,0,0,0.0
sensitivity,probe_slow,low_yaw,60,uncertainty_trigger,1005,1,1,1.0040000000000049
sensitivity,probe_slow,low_yaw,60,uncertainty_trigger,1006,1,1,0.9320000000000022
sensitivity,probe_slow,low_yaw,60,uncertainty_trigger,1007,1,1,0.936000000000007
sensitivity,probe_slow,low_yaw,60,uncertainty_trigger,1008,1,1,0.9879999999999995
sensitivity,probe_slow,low_yaw,60,uncertainty_trigger,1009,1,1,0.7299999999999898
sensitivity,probe_slow,low_yaw,60,uncertainty_trigger,1010,1,1,0.8079999999999927
sensitivity,allowance07,excited,20,always_probe,1001,1,1,0.7959999999999994
sensitivity,allowance07,excited,20,always_probe,1002,1,1,0.7959999999999994
sensitivity,allowance07,excited,20,always_probe,1003,1,1,0.7959999999999994
sensitivity,allowance07,excited,20,always_probe,1004,0,0,0.0
sensitivity,allowance07,excited,20,always_probe,1005,1,1,0.7959999999999994
sensitivity,allowance07,excited,20,always_probe,1006,1,1,0.7959999999999994
sensitivity,allowance07,excited,20,always_probe,1007,1,1,0.7959999999999994
sensitivity,allowance07,excited,20,always_probe,1008,1,1,0.7960000000000029
sensitivity,allowance07,excited,20,always_probe,1009,1,1,0.7959999999999994
sensitivity,allowance07,excited,20,always_probe,1010,1,1,0.7959999999999994
sensitivity,allowance07,excited,20,batch_aware,1001,1,1,0.0
sensitivity,allowance07,excited,20,batch_aware,1002,1,1,0.0
sensitivity,allowance07,excited,20,batch_aware,1003,1,1,0.0
sensitivity,allowance07,excited,20,batch_aware,1004,0,0,0.0
sensitivity,allowance07,excited,20,batch_aware,1005,1,1,0.0
sensitivity,allowance07,excited,20,batch_aware,1006,1,1,0.0
sensitivity,allowance07,excited,20,batch_aware,1007,1,1,0.0
sensitivity,allowance07,excited,20,batch_aware,1008,1,1,0.0
sensitivity,allowance07,excited,20,batch_aware,1009,1,1,0.0
sensitivity,allowance07,excited,20,batch_aware,1010,1,1,0.0
sensitivity,allowance07,excited,20,ignore_passive,1001,1,1,0.7959999999999994
sensitivity,allowance07,excited,20,ignore_passive,1002,1,1,0.7959999999999994
sensitivity,allowance07,excited,20,ignore_passive,1003,1,1,0.7959999999999994
sensitivity,allowance07,excited,20,ignore_passive,1004,0,0,0.0
sensitivity,allowance07,excited,20,ignore_passive,1005,1,1,0.7959999999999994
sensitivity,allowance07,excited,20,ignore_passive,1006,1,1,0.7959999999999994
sensitivity,allowance07,excited,20,ignore_passive,1007,1,1,0.7959999999999994
sensitivity,allowance07,excited,20,ignore_passive,1008,1,1,0.7960000000000029
sensitivity,allowance07,excited,20,ignore_passive,1009,1,1,0.7959999999999994
sensitivity,allowance07,excited,20,ignore_passive,1010,1,1,0.7959999999999994
sensitivity,allowance07,excited,20,uncertainty_trigger,1001,1,1,0.7959999999999994
sensitivity,allowance07,excited,20,uncertainty_trigger,1002,1,1,0.7959999999999994
sensitivity,allowance07,excited,20,uncertainty_trigger,1003,1,1,0.7959999999999994
sensitivity,allowance07,excited,20,uncertainty_trigger,1004,0,0,0.0
sensitivity,allowance07,excited,20,uncertainty_trigger,1005,1,1,0.7959999999999994
sensitivity,allowance07,excited,20,uncertainty_trigger,1006,1,1,0.7959999999999994
sensitivity,allowance07,excited,20,uncertainty_trigger,1007,1,1,0.7959999999999994
sensitivity,allowance07,excited,20,uncertainty_trigger,1008,1,1,0.7960000000000029
sensitivity,allowance07,excited,20,uncertainty_trigger,1009,1,1,0.7959999999999994
sensitivity,allowance07,excited,20,uncertainty_trigger,1010,1,1,0.7959999999999994
sensitivity,allowance07,excited,60,always_probe,1001,1,1,0.7959999999999923
sensitivity,allowance07,excited,60,always_probe,1002,1,1,0.7959999999999923
sensitivity,allowance07,excited,60,always_probe,1003,1,1,0.7959999999999923
sensitivity,allowance07,excited,60,always_probe,1004,0,0,0.0
sensitivity,allowance07,excited,60,always_probe,1005,1,1,0.7959999999999923
sensitivity,allowance07,excited,60,always_probe,1006,1,1,0.7960000000000065
sensitivity,allowance07,excited,60,always_probe,1007,1,1,0.7959999999999923
sensitivity,allowance07,excited,60,always_probe,1008,1,1,0.7959999999999923
sensitivity,allowance07,excited,60,always_probe,1009,1,1,0.7959999999999923
sensitivity,allowance07,excited,60,always_probe,1010,1,1,0.7960000000000065
sensitivity,allowance07,excited,60,batch_aware,1001,1,1,0.0
sensitivity,allowance07,excited,60,batch_aware,1002,1,1,0.0
sensitivity,allowance07,excited,60,batch_aware,1003,1,1,0.0
sensitivity,allowance07,excited,60,batch_aware,1004,0,0,0.0
sensitivity,allowance07,excited,60,batch_aware,1005,1,1,0.0
sensitivity,allowance07,excited,60,batch_aware,1006,1,1,0.0
sensitivity,allowance07,excited,60,batch_aware,1007,1,1,0.0
sensitivity,allowance07,excited,60,batch_aware,1008,1,1,0.0
sensitivity,allowance07,excited,60,batch_aware,1009,1,1,0.0
sensitivity,allowance07,excited,60,batch_aware,1010,1,1,0.0
sensitivity,allowance07,excited,60,ignore_passive,1001,1,1,0.7959999999999923
sensitivity,allowance07,excited,60,ignore_passive,1002,1,1,0.7959999999999923
sensitivity,allowance07,excited,60,ignore_passive,1003,1,1,0.7959999999999923
sensitivity,allowance07,excited,60,ignore_passive,1004,0,0,0.0
sensitivity,allowance07,excited,60,ignore_passive,1005,1,1,0.7959999999999923
sensitivity,allowance07,excited,60,ignore_passive,1006,1,1,0.7960000000000065
sensitivity,allowance07,excited,60,ignore_passive,1007,1,1,0.7959999999999923
sensitivity,allowance07,excited,60,ignore_passive,1008,1,1,0.7959999999999923
sensitivity,allowance07,excited,60,ignore_passive,1009,1,1,0.7959999999999923
sensitivity,allowance07,excited,60,ignore_passive,1010,1,1,0.7960000000000065
sensitivity,allowance07,excited,60,uncertainty_trigger,1001,1,1,0.7959999999999923
sensitivity,allowance07,excited,60,uncertainty_trigger,1002,1,1,0.7959999999999923
sensitivity,allowance07,excited,60,uncertainty_trigger,1003,1,1,0.7959999999999923
sensitivity,allowance07,excited,60,uncertainty_trigger,1004,0,0,0.0
sensitivity,allowance07,excited,60,uncertainty_trigger,1005,1,1,0.7959999999999923
sensitivity,allowance07,excited,60,uncertainty_trigger,1006,1,1,0.7960000000000065
sensitivity,allowance07,excited,60,uncertainty_trigger,1007,1,1,0.7959999999999923
sensitivity,allowance07,excited,60,uncertainty_trigger,1008,1,1,0.7959999999999923
sensitivity,allowance07,excited,60,uncertainty_trigger,1009,1,1,0.7959999999999923
sensitivity,allowance07,excited,60,uncertainty_trigger,1010,1,1,0.7960000000000065
sensitivity,allowance07,low_yaw,20,always_probe,1001,1,1,0.23000000000000398
sensitivity,allowance07,low_yaw,20,always_probe,1002,1,1,0.2779999999999845
sensitivity,allowance07,low_yaw,20,always_probe,1003,1,1,0.31400000000000716
sensitivity,allowance07,low_yaw,20,always_probe,1004,0,0,0.0
sensitivity,allowance07,low_yaw,20,always_probe,1005,1,1,0.6039999999999992
sensitivity,allowance07,low_yaw,20,always_probe,1006,1,1,0.5319999999999965
sensitivity,allowance07,low_yaw,20,always_probe,1007,1,1,0.5360000000000014
sensitivity,allowance07,low_yaw,20,always_probe,1008,1,1,0.588000000000001
sensitivity,allowance07,low_yaw,20,always_probe,1009,1,1,0.3299999999999983
sensitivity,allowance07,low_yaw,20,always_probe,1010,1,1,0.40799999999999415
sensitivity,allowance07,low_yaw,20,batch_aware,1001,1,1,0.0
sensitivity,allowance07,low_yaw,20,batch_aware,1002,1,1,0.0
sensitivity,allowance07,low_yaw,20,batch_aware,1003,1,1,0.0
sensitivity,allowance07,low_yaw,20,batch_aware,1004,0,0,0.0
sensitivity,allowance07,low_yaw,20,batch_aware,1005,1,1,0.0
sensitivity,allowance07,low_yaw,20,batch_aware,1006,1,1,0.0
sensitivity,allowance07,low_yaw,20,batch_aware,1007,1,1,0.0
sensitivity,allowance07,low_yaw,20,batch_aware,1008,1,1,0.0
sensitivity,allowance07,low_yaw,20,batch_aware,1009,1,1,0.0
sensitivity,allowance07,low_yaw,20,batch_aware,1010,1,1,0.0
sensitivity,allowance07,low_yaw,20,ignore_passive,1001,1,1,0.23000000000000398
sensitivity,allowance07,low_yaw,20,ignore_passive,1002,1,1,0.2779999999999845
sensitivity,allowance07,low_yaw,20,ignore_passive,1003,1,1,0.31400000000000716
sensitivity,allowance07,low_yaw,20,ignore_passive,1004,0,0,0.0
sensitivity,allowance07,low_yaw,20,ignore_passive,1005,1,1,0.6039999999999992
sensitivity,allowance07,low_yaw,20,ignore_passive,1006,1,1,0.5319999999999965
sensitivity,allowance07,low_yaw,20,ignore_passive,1007,1,1,0.5360000000000014
sensitivity,allowance07,low_yaw,20,ignore_passive,1008,1,1,0.588000000000001
sensitivity,allowance07,low_yaw,20,ignore_passive,1009,1,1,0.3299999999999983
sensitivity,allowance07,low_yaw,20,ignore_passive,1010,1,1,0.40799999999999415
sensitivity,allowance07,low_yaw,20,uncertainty_trigger,1001,1,1,0.23000000000000398
sensitivity,allowance07,low_yaw,20,uncertainty_trigger,1002,1,1,0.2779999999999845
sensitivity,allowance07,low_yaw,20,uncertainty_trigger,1003,1,1,0.31400000000000716
sensitivity,allowance07,low_yaw,20,uncertainty_trigger,1004,0,0,0.0
sensitivity,allowance07,low_yaw,20,uncertainty_trigger,1005,1,1,0.6039999999999992
sensitivity,allowance07,low_yaw,20,uncertainty_trigger,1006,1,1,0.5319999999999965
sensitivity,allowance07,low_yaw,20,uncertainty_trigger,1007,1,1,0.5360000000000014
sensitivity,allowance07,low_yaw,20,uncertainty_trigger,1008,1,1,0.588000000000001
sensitivity,allowance07,low_yaw,20,uncertainty_trigger,1009,1,1,0.3299999999999983
sensitivity,allowance07,low_yaw,20,uncertainty_trigger,1010,1,1,0.40799999999999415
sensitivity,allowance07,low_yaw,60,always_probe,1001,1,1,-0.4199999999999875
sensitivity,allowance07,low_yaw,60,always_probe,1002,1,1,0.2779999999999916
sensitivity,allowance07,low_yaw,60,always_probe,1003,1,1,0.21800000000000352
sensitivity,allowance07,low_yaw,60,always_probe,1004,0,0,0.0
sensitivity,allowance07,low_yaw,60,always_probe,1005,1,1,0.6039999999999992
sensitivity,allowance07,low_yaw,60,always_probe,1006,1,1,0.5319999999999965
sensitivity,allowance07,low_yaw,60,always_probe,1007,1,1,0.5360000000000014
sensitivity,allowance07,low_yaw,60,always_probe,1008,1,1,0.5879999999999939
sensitivity,allowance07,low_yaw,60,always_probe,1009,1,1,0.3299999999999841
sensitivity,allowance07,low_yaw,60,always_probe,1010,1,1,0.40800000000000125
sensitivity,allowance07,low_yaw,60,batch_aware,1001,1,1,0.0
sensitivity,allowance07,low_yaw,60,batch_aware,1002,1,1,0.0
sensitivity,allowance07,low_yaw,60,batch_aware,1003,1,1,0.0
sensitivity,allowance07,low_yaw,60,batch_aware,1004,0,0,0.0
sensitivity,allowance07,low_yaw,60,batch_aware,1005,1,1,0.0
sensitivity,allowance07,low_yaw,60,batch_aware,1006,1,1,0.0
sensitivity,allowance07,low_yaw,60,batch_aware,1007,1,1,0.0
sensitivity,allowance07,low_yaw,60,batch_aware,1008,1,1,0.0
sensitivity,allowance07,low_yaw,60,batch_aware,1009,1,1,0.0
sensitivity,allowance07,low_yaw,60,batch_aware,1010,1,1,0.0
sensitivity,allowance07,low_yaw,60,ignore_passive,1001,1,1,-0.4199999999999875
sensitivity,allowance07,low_yaw,60,ignore_passive,1002,1,1,0.2779999999999916
sensitivity,allowance07,low_yaw,60,ignore_passive,1003,1,1,0.21800000000000352
sensitivity,allowance07,low_yaw,60,ignore_passive,1004,0,0,0.0
sensitivity,allowance07,low_yaw,60,ignore_passive,1005,1,1,0.6039999999999992
sensitivity,allowance07,low_yaw,60,ignore_passive,1006,1,1,0.5319999999999965
sensitivity,allowance07,low_yaw,60,ignore_passive,1007,1,1,0.5360000000000014
sensitivity,allowance07,low_yaw,60,ignore_passive,1008,1,1,0.5879999999999939
sensitivity,allowance07,low_yaw,60,ignore_passive,1009,1,1,0.3299999999999841
sensitivity,allowance07,low_yaw,60,ignore_passive,1010,1,1,0.40800000000000125
sensitivity,allowance07,low_yaw,60,uncertainty_trigger,1001,1,1,-0.4199999999999875
sensitivity,allowance07,low_yaw,60,uncertainty_trigger,1002,1,1,0.2779999999999916
sensitivity,allowance07,low_yaw,60,uncertainty_trigger,1003,1,1,0.21800000000000352
sensitivity,allowance07,low_yaw,60,uncertainty_trigger,1004,0,0,0.0
sensitivity,allowance07,low_yaw,60,uncertainty_trigger,1005,1,1,0.6039999999999992
sensitivity,allowance07,low_yaw,60,uncertainty_trigger,1006,1,1,0.5319999999999965
sensitivity,allowance07,low_yaw,60,uncertainty_trigger,1007,1,1,0.5360000000000014
sensitivity,allowance07,low_yaw,60,uncertainty_trigger,1008,1,1,0.5879999999999939
sensitivity,allowance07,low_yaw,60,uncertainty_trigger,1009,1,1,0.3299999999999841
sensitivity,allowance07,low_yaw,60,uncertainty_trigger,1010,1,1,0.40800000000000125
sensitivity,allowance11,excited,20,always_probe,1001,1,1,0.7959999999999994
sensitivity,allowance11,excited,20,always_probe,1002,1,1,0.7959999999999994
sensitivity,allowance11,excited,20,always_probe,1003,1,1,0.7959999999999994
sensitivity,allowance11,excited,20,always_probe,1004,0,0,0.0
sensitivity,allowance11,excited,20,always_probe,1005,1,1,0.7959999999999994
sensitivity,allowance11,excited,20,always_probe,1006,1,1,0.7959999999999994
sensitivity,allowance11,excited,20,always_probe,1007,1,1,0.7959999999999994
sensitivity,allowance11,excited,20,always_probe,1008,1,1,0.7960000000000029
sensitivity,allowance11,excited,20,always_probe,1009,1,1,0.7959999999999994
sensitivity,allowance11,excited,20,always_probe,1010,1,1,0.7959999999999994
sensitivity,allowance11,excited,20,batch_aware,1001,1,1,0.0
sensitivity,allowance11,excited,20,batch_aware,1002,1,1,0.0
sensitivity,allowance11,excited,20,batch_aware,1003,1,1,0.0
sensitivity,allowance11,excited,20,batch_aware,1004,0,0,0.0
sensitivity,allowance11,excited,20,batch_aware,1005,1,1,0.0
sensitivity,allowance11,excited,20,batch_aware,1006,1,1,0.0
sensitivity,allowance11,excited,20,batch_aware,1007,1,1,0.0
sensitivity,allowance11,excited,20,batch_aware,1008,1,1,0.0
sensitivity,allowance11,excited,20,batch_aware,1009,1,1,0.0
sensitivity,allowance11,excited,20,batch_aware,1010,1,1,0.0
sensitivity,allowance11,excited,20,ignore_passive,1001,1,1,0.7959999999999994
sensitivity,allowance11,excited,20,ignore_passive,1002,1,1,0.7959999999999994
sensitivity,allowance11,excited,20,ignore_passive,1003,1,1,0.7959999999999994
sensitivity,allowance11,excited,20,ignore_passive,1004,0,0,0.0
sensitivity,allowance11,excited,20,ignore_passive,1005,1,1,0.7959999999999994
sensitivity,allowance11,excited,20,ignore_passive,1006,1,1,0.7959999999999994
sensitivity,allowance11,excited,20,ignore_passive,1007,1,1,0.7959999999999994
sensitivity,allowance11,excited,20,ignore_passive,1008,1,1,0.7960000000000029
sensitivity,allowance11,excited,20,ignore_passive,1009,1,1,0.7959999999999994
sensitivity,allowance11,excited,20,ignore_passive,1010,1,1,0.7959999999999994
sensitivity,allowance11,excited,20,uncertainty_trigger,1001,1,1,0.7959999999999994
sensitivity,allowance11,excited,20,uncertainty_trigger,1002,1,1,0.7959999999999994
sensitivity,allowance11,excited,20,uncertainty_trigger,1003,1,1,0.7959999999999994
sensitivity,allowance11,excited,20,uncertainty_trigger,1004,0,0,0.0
sensitivity,allowance11,excited,20,uncertainty_trigger,1005,1,1,0.7959999999999994
sensitivity,allowance11,excited,20,uncertainty_trigger,1006,1,1,0.7959999999999994
sensitivity,allowance11,excited,20,uncertainty_trigger,1007,1,1,0.7959999999999994
sensitivity,allowance11,excited,20,uncertainty_trigger,1008,1,1,0.7960000000000029
sensitivity,allowance11,excited,20,uncertainty_trigger,1009,1,1,0.7959999999999994
sensitivity,allowance11,excited,20,uncertainty_trigger,1010,1,1,0.7959999999999994
sensitivity,allowance11,excited,60,always_probe,1001,1,1,0.7959999999999923
sensitivity,allowance11,excited,60,always_probe,1002,1,1,0.7959999999999923
sensitivity,allowance11,excited,60,always_probe,1003,1,1,0.7959999999999923
sensitivity,allowance11,excited,60,always_probe,1004,0,0,0.0
sensitivity,allowance11,excited,60,always_probe,1005,1,1,0.7959999999999923
sensitivity,allowance11,excited,60,always_probe,1006,1,1,0.7960000000000065
sensitivity,allowance11,excited,60,always_probe,1007,1,1,0.7959999999999923
sensitivity,allowance11,excited,60,always_probe,1008,1,1,0.7959999999999923
sensitivity,allowance11,excited,60,always_probe,1009,1,1,0.7959999999999923
sensitivity,allowance11,excited,60,always_probe,1010,1,1,0.7960000000000065
sensitivity,allowance11,excited,60,batch_aware,1001,1,1,0.0
sensitivity,allowance11,excited,60,batch_aware,1002,1,1,0.0
sensitivity,allowance11,excited,60,batch_aware,1003,1,1,0.0
sensitivity,allowance11,excited,60,batch_aware,1004,0,0,0.0
sensitivity,allowance11,excited,60,batch_aware,1005,1,1,0.0
sensitivity,allowance11,excited,60,batch_aware,1006,1,1,0.0
sensitivity,allowance11,excited,60,batch_aware,1007,1,1,0.0
sensitivity,allowance11,excited,60,batch_aware,1008,1,1,0.0
sensitivity,allowance11,excited,60,batch_aware,1009,1,1,0.0
sensitivity,allowance11,excited,60,batch_aware,1010,1,1,0.0
sensitivity,allowance11,excited,60,ignore_passive,1001,1,1,0.7959999999999923
sensitivity,allowance11,excited,60,ignore_passive,1002,1,1,0.7959999999999923
sensitivity,allowance11,excited,60,ignore_passive,1003,1,1,0.7959999999999923
sensitivity,allowance11,excited,60,ignore_passive,1004,0,0,0.0
sensitivity,allowance11,excited,60,ignore_passive,1005,1,1,0.7959999999999923
sensitivity,allowance11,excited,60,ignore_passive,1006,1,1,0.7960000000000065
sensitivity,allowance11,excited,60,ignore_passive,1007,1,1,0.7959999999999923
sensitivity,allowance11,excited,60,ignore_passive,1008,1,1,0.7959999999999923
sensitivity,allowance11,excited,60,ignore_passive,1009,1,1,0.7959999999999923
sensitivity,allowance11,excited,60,ignore_passive,1010,1,1,0.7960000000000065
sensitivity,allowance11,excited,60,uncertainty_trigger,1001,1,1,0.7959999999999923
sensitivity,allowance11,excited,60,uncertainty_trigger,1002,1,1,0.7959999999999923
sensitivity,allowance11,excited,60,uncertainty_trigger,1003,1,1,0.7959999999999923
sensitivity,allowance11,excited,60,uncertainty_trigger,1004,0,0,0.0
sensitivity,allowance11,excited,60,uncertainty_trigger,1005,1,1,0.7959999999999923
sensitivity,allowance11,excited,60,uncertainty_trigger,1006,1,1,0.7960000000000065
sensitivity,allowance11,excited,60,uncertainty_trigger,1007,1,1,0.7959999999999923
sensitivity,allowance11,excited,60,uncertainty_trigger,1008,1,1,0.7959999999999923
sensitivity,allowance11,excited,60,uncertainty_trigger,1009,1,1,0.7959999999999923
sensitivity,allowance11,excited,60,uncertainty_trigger,1010,1,1,0.7960000000000065
sensitivity,allowance11,low_yaw,20,always_probe,1001,1,1,0.23000000000000398
sensitivity,allowance11,low_yaw,20,always_probe,1002,1,1,0.2779999999999845
sensitivity,allowance11,low_yaw,20,always_probe,1003,1,1,0.31400000000000716
sensitivity,allowance11,low_yaw,20,always_probe,1004,0,0,0.0
sensitivity,allowance11,low_yaw,20,always_probe,1005,1,1,0.6039999999999992
sensitivity,allowance11,low_yaw,20,always_probe,1006,1,1,0.5319999999999965
sensitivity,allowance11,low_yaw,20,always_probe,1007,1,1,0.5360000000000014
sensitivity,allowance11,low_yaw,20,always_probe,1008,1,1,0.588000000000001
sensitivity,allowance11,low_yaw,20,always_probe,1009,1,1,0.3299999999999983
sensitivity,allowance11,low_yaw,20,always_probe,1010,1,1,0.40799999999999415
sensitivity,allowance11,low_yaw,20,batch_aware,1001,1,1,0.0
sensitivity,allowance11,low_yaw,20,batch_aware,1002,1,1,0.0
sensitivity,allowance11,low_yaw,20,batch_aware,1003,1,1,0.0
sensitivity,allowance11,low_yaw,20,batch_aware,1004,0,0,0.0
sensitivity,allowance11,low_yaw,20,batch_aware,1005,1,1,0.0
sensitivity,allowance11,low_yaw,20,batch_aware,1006,1,1,0.0
sensitivity,allowance11,low_yaw,20,batch_aware,1007,1,1,0.0
sensitivity,allowance11,low_yaw,20,batch_aware,1008,1,1,0.0
sensitivity,allowance11,low_yaw,20,batch_aware,1009,1,1,0.0
sensitivity,allowance11,low_yaw,20,batch_aware,1010,1,1,0.0
sensitivity,allowance11,low_yaw,20,ignore_passive,1001,1,1,0.23000000000000398
sensitivity,allowance11,low_yaw,20,ignore_passive,1002,1,1,0.2779999999999845
sensitivity,allowance11,low_yaw,20,ignore_passive,1003,1,1,0.31400000000000716
sensitivity,allowance11,low_yaw,20,ignore_passive,1004,0,0,0.0
sensitivity,allowance11,low_yaw,20,ignore_passive,1005,1,1,0.6039999999999992
sensitivity,allowance11,low_yaw,20,ignore_passive,1006,1,1,0.5319999999999965
sensitivity,allowance11,low_yaw,20,ignore_passive,1007,1,1,0.5360000000000014
sensitivity,allowance11,low_yaw,20,ignore_passive,1008,1,1,0.588000000000001
sensitivity,allowance11,low_yaw,20,ignore_passive,1009,1,1,0.3299999999999983
sensitivity,allowance11,low_yaw,20,ignore_passive,1010,1,1,0.40799999999999415
sensitivity,allowance11,low_yaw,20,uncertainty_trigger,1001,1,1,0.23000000000000398
sensitivity,allowance11,low_yaw,20,uncertainty_trigger,1002,1,1,0.2779999999999845
sensitivity,allowance11,low_yaw,20,uncertainty_trigger,1003,1,1,0.31400000000000716
sensitivity,allowance11,low_yaw,20,uncertainty_trigger,1004,0,0,0.0
sensitivity,allowance11,low_yaw,20,uncertainty_trigger,1005,1,1,0.6039999999999992
sensitivity,allowance11,low_yaw,20,uncertainty_trigger,1006,1,1,0.5319999999999965
sensitivity,allowance11,low_yaw,20,uncertainty_trigger,1007,1,1,0.5360000000000014
sensitivity,allowance11,low_yaw,20,uncertainty_trigger,1008,1,1,0.588000000000001
sensitivity,allowance11,low_yaw,20,uncertainty_trigger,1009,1,1,0.3299999999999983
sensitivity,allowance11,low_yaw,20,uncertainty_trigger,1010,1,1,0.40799999999999415
sensitivity,allowance11,low_yaw,60,always_probe,1001,1,1,-0.4199999999999875
sensitivity,allowance11,low_yaw,60,always_probe,1002,1,1,0.2779999999999916
sensitivity,allowance11,low_yaw,60,always_probe,1003,1,1,0.21800000000000352
sensitivity,allowance11,low_yaw,60,always_probe,1004,0,0,0.0
sensitivity,allowance11,low_yaw,60,always_probe,1005,1,1,0.6039999999999992
sensitivity,allowance11,low_yaw,60,always_probe,1006,1,1,0.5319999999999965
sensitivity,allowance11,low_yaw,60,always_probe,1007,1,1,0.5360000000000014
sensitivity,allowance11,low_yaw,60,always_probe,1008,1,1,0.5879999999999939
sensitivity,allowance11,low_yaw,60,always_probe,1009,1,1,0.3299999999999841
sensitivity,allowance11,low_yaw,60,always_probe,1010,1,1,0.40800000000000125
sensitivity,allowance11,low_yaw,60,batch_aware,1001,1,1,0.0
sensitivity,allowance11,low_yaw,60,batch_aware,1002,1,1,0.0
sensitivity,allowance11,low_yaw,60,batch_aware,1003,1,1,0.0
sensitivity,allowance11,low_yaw,60,batch_aware,1004,0,0,0.0
sensitivity,allowance11,low_yaw,60,batch_aware,1005,1,1,0.0
sensitivity,allowance11,low_yaw,60,batch_aware,1006,1,1,0.0
sensitivity,allowance11,low_yaw,60,batch_aware,1007,1,1,0.0
sensitivity,allowance11,low_yaw,60,batch_aware,1008,1,1,0.0
sensitivity,allowance11,low_yaw,60,batch_aware,1009,1,1,0.0
sensitivity,allowance11,low_yaw,60,batch_aware,1010,1,1,0.0
sensitivity,allowance11,low_yaw,60,ignore_passive,1001,1,1,-0.4199999999999875
sensitivity,allowance11,low_yaw,60,ignore_passive,1002,1,1,0.2779999999999916
sensitivity,allowance11,low_yaw,60,ignore_passive,1003,1,1,0.21800000000000352
sensitivity,allowance11,low_yaw,60,ignore_passive,1004,0,0,0.0
sensitivity,allowance11,low_yaw,60,ignore_passive,1005,1,1,0.6039999999999992
sensitivity,allowance11,low_yaw,60,ignore_passive,1006,1,1,0.5319999999999965
sensitivity,allowance11,low_yaw,60,ignore_passive,1007,1,1,0.5360000000000014
sensitivity,allowance11,low_yaw,60,ignore_passive,1008,1,1,0.5879999999999939
sensitivity,allowance11,low_yaw,60,ignore_passive,1009,1,1,0.3299999999999841
sensitivity,allowance11,low_yaw,60,ignore_passive,1010,1,1,0.40800000000000125
sensitivity,allowance11,low_yaw,60,uncertainty_trigger,1001,1,1,-0.4199999999999875
sensitivity,allowance11,low_yaw,60,uncertainty_trigger,1002,1,1,0.2779999999999916
sensitivity,allowance11,low_yaw,60,uncertainty_trigger,1003,1,1,0.21800000000000352
sensitivity,allowance11,low_yaw,60,uncertainty_trigger,1004,0,0,0.0
sensitivity,allowance11,low_yaw,60,uncertainty_trigger,1005,1,1,0.6039999999999992
sensitivity,allowance11,low_yaw,60,uncertainty_trigger,1006,1,1,0.5319999999999965
sensitivity,allowance11,low_yaw,60,uncertainty_trigger,1007,1,1,0.5360000000000014
sensitivity,allowance11,low_yaw,60,uncertainty_trigger,1008,1,1,0.5879999999999939
sensitivity,allowance11,low_yaw,60,uncertainty_trigger,1009,1,1,0.3299999999999841
sensitivity,allowance11,low_yaw,60,uncertainty_trigger,1010,1,1,0.40800000000000125
mismatch,friction075,excited,20,always_probe,1001,1,1,0.7959999999999994
mismatch,friction075,excited,20,always_probe,1002,1,1,0.7959999999999994
mismatch,friction075,excited,20,always_probe,1003,1,1,0.7959999999999994
mismatch,friction075,excited,20,always_probe,1004,0,0,0.0
mismatch,friction075,excited,20,always_probe,1005,1,1,0.7959999999999994
mismatch,friction075,excited,20,always_probe,1006,1,1,0.7959999999999994
mismatch,friction075,excited,20,always_probe,1007,1,1,0.7959999999999994
mismatch,friction075,excited,20,always_probe,1008,1,1,0.7960000000000029
mismatch,friction075,excited,20,always_probe,1009,1,1,0.7959999999999994
mismatch,friction075,excited,20,always_probe,1010,1,1,0.7959999999999994
mismatch,friction075,excited,20,always_probe,1011,1,1,0.7959999999999994
mismatch,friction075,excited,20,always_probe,1012,1,1,0.7959999999999994
mismatch,friction075,excited,20,always_probe,1013,1,1,0.7959999999999994
mismatch,friction075,excited,20,always_probe,1014,1,1,0.7959999999999994
mismatch,friction075,excited,20,always_probe,1015,1,1,0.7959999999999994
mismatch,friction075,excited,20,always_probe,1016,1,1,0.7959999999999994
mismatch,friction075,excited,20,always_probe,1017,1,1,0.7959999999999923
mismatch,friction075,excited,20,always_probe,1018,1,1,0.7959999999999994
mismatch,friction075,excited,20,always_probe,1019,1,1,0.7959999999999994
mismatch,friction075,excited,20,always_probe,1020,1,1,0.7959999999999994
mismatch,friction075,excited,20,always_probe,1021,1,1,0.7959999999999994
mismatch,friction075,excited,20,always_probe,1022,0,0,0.0
mismatch,friction075,excited,20,always_probe,1023,1,1,0.7959999999999994
mismatch,friction075,excited,20,always_probe,1024,1,1,0.7959999999999994
mismatch,friction075,excited,20,always_probe,1025,1,1,0.7959999999999994
mismatch,friction075,excited,20,always_probe,1026,1,1,0.7959999999999994
mismatch,friction075,excited,20,always_probe,1027,0,0,0.0
mismatch,friction075,excited,20,always_probe,1028,1,1,0.7959999999999994
mismatch,friction075,excited,20,always_probe,1029,1,1,0.7959999999999994
mismatch,friction075,excited,20,always_probe,1030,1,1,0.7959999999999994
mismatch,friction075,excited,20,batch_aware,1001,1,1,0.0
mismatch,friction075,excited,20,batch_aware,1002,1,1,0.0
mismatch,friction075,excited,20,batch_aware,1003,1,1,0.0
mismatch,friction075,excited,20,batch_aware,1004,0,0,0.0
mismatch,friction075,excited,20,batch_aware,1005,1,1,0.0
mismatch,friction075,excited,20,batch_aware,1006,1,1,0.0
mismatch,friction075,excited,20,batch_aware,1007,1,1,0.0
mismatch,friction075,excited,20,batch_aware,1008,1,1,0.0
mismatch,friction075,excited,20,batch_aware,1009,1,1,0.0
mismatch,friction075,excited,20,batch_aware,1010,1,1,0.0
mismatch,friction075,excited,20,batch_aware,1011,1,1,0.0
mismatch,friction075,excited,20,batch_aware,1012,1,1,0.0
mismatch,friction075,excited,20,batch_aware,1013,1,1,0.0
mismatch,friction075,excited,20,batch_aware,1014,1,1,0.0
mismatch,friction075,excited,20,batch_aware,1015,1,1,0.0
mismatch,friction075,excited,20,batch_aware,1016,1,1,0.0
mismatch,friction075,excited,20,batch_aware,1017,1,1,0.0
mismatch,friction075,excited,20,batch_aware,1018,1,1,0.0
mismatch,friction075,excited,20,batch_aware,1019,1,1,0.0
mismatch,friction075,excited,20,batch_aware,1020,1,1,0.0
mismatch,friction075,excited,20,batch_aware,1021,1,1,0.0
mismatch,friction075,excited,20,batch_aware,1022,0,0,0.0
mismatch,friction075,excited,20,batch_aware,1023,1,1,0.0
mismatch,friction075,excited,20,batch_aware,1024,1,1,0.0
mismatch,friction075,excited,20,batch_aware,1025,1,1,0.0
mismatch,friction075,excited,20,batch_aware,1026,1,1,0.0
mismatch,friction075,excited,20,batch_aware,1027,0,0,0.0
mismatch,friction075,excited,20,batch_aware,1028,1,1,0.0
mismatch,friction075,excited,20,batch_aware,1029,1,1,0.0
mismatch,friction075,excited,20,batch_aware,1030,1,1,0.0
mismatch,friction075,excited,20,ignore_passive,1001,1,1,0.7959999999999994
mismatch,friction075,excited,20,ignore_passive,1002,1,1,0.7959999999999994
mismatch,friction075,excited,20,ignore_passive,1003,1,1,0.7959999999999994
mismatch,friction075,excited,20,ignore_passive,1004,0,0,0.0
mismatch,friction075,excited,20,ignore_passive,1005,1,1,0.7959999999999994
mismatch,friction075,excited,20,ignore_passive,1006,1,1,0.7959999999999994
mismatch,friction075,excited,20,ignore_passive,1007,1,1,0.7959999999999994
mismatch,friction075,excited,20,ignore_passive,1008,1,1,0.7960000000000029
mismatch,friction075,excited,20,ignore_passive,1009,1,1,0.7959999999999994
mismatch,friction075,excited,20,ignore_passive,1010,1,1,0.7959999999999994
mismatch,friction075,excited,20,ignore_passive,1011,1,1,0.7959999999999994
mismatch,friction075,excited,20,ignore_passive,1012,1,1,0.7959999999999994
mismatch,friction075,excited,20,ignore_passive,1013,1,1,0.7959999999999994
mismatch,friction075,excited,20,ignore_passive,1014,1,1,0.7959999999999994
mismatch,friction075,excited,20,ignore_passive,1015,1,1,0.7959999999999994
mismatch,friction075,excited,20,ignore_passive,1016,1,1,0.7959999999999994
mismatch,friction075,excited,20,ignore_passive,1017,1,1,0.7959999999999923
mismatch,friction075,excited,20,ignore_passive,1018,1,1,0.7959999999999994
mismatch,friction075,excited,20,ignore_passive,1019,1,1,0.7959999999999994
mismatch,friction075,excited,20,ignore_passive,1020,1,1,0.7959999999999994
mismatch,friction075,excited,20,ignore_passive,1021,1,1,0.7959999999999994
mismatch,friction075,excited,20,ignore_passive,1022,0,0,0.0
mismatch,friction075,excited,20,ignore_passive,1023,1,1,0.7959999999999994
mismatch,friction075,excited,20,ignore_passive,1024,1,1,0.7959999999999994
mismatch,friction075,excited,20,ignore_passive,1025,1,1,0.7959999999999994
mismatch,friction075,excited,20,ignore_passive,1026,1,1,0.7959999999999994
mismatch,friction075,excited,20,ignore_passive,1027,0,0,0.0
mismatch,friction075,excited,20,ignore_passive,1028,1,1,0.7959999999999994
mismatch,friction075,excited,20,ignore_passive,1029,1,1,0.7959999999999994
mismatch,friction075,excited,20,ignore_passive,1030,1,1,0.7959999999999994
mismatch,friction075,excited,20,oracle,1001,1,1,-0.09999999999999787
mismatch,friction075,excited,20,oracle,1002,1,1,-0.10000000000000142
mismatch,friction075,excited,20,oracle,1003,1,1,-0.132000000000005
mismatch,friction075,excited,20,oracle,1004,0,0,31.684000000000015
mismatch,friction075,excited,20,oracle,1005,1,1,-0.15000000000000568
mismatch,friction075,excited,20,oracle,1006,1,1,-0.10000000000000142
mismatch,friction075,excited,20,oracle,1007,1,1,-0.15200000000000102
mismatch,friction075,excited,20,oracle,1008,1,1,-0.13799999999999812
mismatch,friction075,excited,20,oracle,1009,1,1,-0.15199999999999747
mismatch,friction075,excited,20,oracle,1010,1,1,-0.14800000000000324
mismatch,friction075,excited,20,oracle,1011,1,1,-0.09999999999999787
mismatch,friction075,excited,20,oracle,1012,1,1,-0.10000000000000142
mismatch,friction075,excited,20,oracle,1013,1,1,-0.15000000000000568
mismatch,friction075,excited,20,oracle,1014,1,1,-0.10000000000000142
mismatch,friction075,excited,20,oracle,1015,1,1,-0.10000000000000142
mismatch,friction075,excited,20,oracle,1016,1,1,-0.10000000000000142
mismatch,friction075,excited,20,oracle,1017,1,1,-0.1600000000000037
mismatch,friction075,excited,20,oracle,1018,1,1,-0.10000000000000142
mismatch,friction075,excited,20,oracle,1019,1,1,-0.12200000000000699
mismatch,friction075,excited,20,oracle,1020,1,1,-0.09999999999999787
mismatch,friction075,excited,20,oracle,1021,1,1,-0.10000000000000142
mismatch,friction075,excited,20,oracle,1022,0,0,33.685999999999986
mismatch,friction075,excited,20,oracle,1023,1,1,-0.10000000000000142
mismatch,friction075,excited,20,oracle,1024,1,1,-0.10000000000000142
mismatch,friction075,excited,20,oracle,1025,1,1,-0.15199999999999747
mismatch,friction075,excited,20,oracle,1026,1,1,-0.13599999999999923
mismatch,friction075,excited,20,oracle,1027,0,0,32.726
mismatch,friction075,excited,20,oracle,1028,1,1,-0.15200000000000102
mismatch,friction075,excited,20,oracle,1029,1,1,-0.15399999999999991
mismatch,friction075,excited,20,oracle,1030,1,1,-0.10000000000000142
mismatch,friction075,excited,20,uncertainty_trigger,1001,1,1,0.7959999999999994
mismatch,friction075,excited,20,uncertainty_trigger,1002,1,1,0.7959999999999994
mismatch,friction075,excited,20,uncertainty_trigger,1003,1,1,0.7959999999999994
mismatch,friction075,excited,20,uncertainty_trigger,1004,0,0,0.0
mismatch,friction075,excited,20,uncertainty_trigger,1005,1,1,0.7959999999999994
mismatch,friction075,excited,20,uncertainty_trigger,1006,1,1,0.7959999999999994
mismatch,friction075,excited,20,uncertainty_trigger,1007,1,1,0.7959999999999994
mismatch,friction075,excited,20,uncertainty_trigger,1008,1,1,0.7960000000000029
mismatch,friction075,excited,20,uncertainty_trigger,1009,1,1,0.7959999999999994
mismatch,friction075,excited,20,uncertainty_trigger,1010,1,1,0.7959999999999994
mismatch,friction075,excited,20,uncertainty_trigger,1011,1,1,0.7959999999999994
mismatch,friction075,excited,20,uncertainty_trigger,1012,1,1,0.7959999999999994
mismatch,friction075,excited,20,uncertainty_trigger,1013,1,1,0.7959999999999994
mismatch,friction075,excited,20,uncertainty_trigger,1014,1,1,0.7959999999999994
mismatch,friction075,excited,20,uncertainty_trigger,1015,1,1,0.7959999999999994
mismatch,friction075,excited,20,uncertainty_trigger,1016,1,1,0.7959999999999994
mismatch,friction075,excited,20,uncertainty_trigger,1017,1,1,0.7959999999999923
mismatch,friction075,excited,20,uncertainty_trigger,1018,1,1,0.7959999999999994
mismatch,friction075,excited,20,uncertainty_trigger,1019,1,1,0.7959999999999994
mismatch,friction075,excited,20,uncertainty_trigger,1020,1,1,0.7959999999999994
mismatch,friction075,excited,20,uncertainty_trigger,1021,1,1,0.7959999999999994
mismatch,friction075,excited,20,uncertainty_trigger,1022,0,0,0.0
mismatch,friction075,excited,20,uncertainty_trigger,1023,1,1,0.7959999999999994
mismatch,friction075,excited,20,uncertainty_trigger,1024,1,1,0.7959999999999994
mismatch,friction075,excited,20,uncertainty_trigger,1025,1,1,0.7959999999999994
mismatch,friction075,excited,20,uncertainty_trigger,1026,1,1,0.7959999999999994
mismatch,friction075,excited,20,uncertainty_trigger,1027,0,0,0.0
mismatch,friction075,excited,20,uncertainty_trigger,1028,1,1,0.7959999999999994
mismatch,friction075,excited,20,uncertainty_trigger,1029,1,1,0.7959999999999994
mismatch,friction075,excited,20,uncertainty_trigger,1030,1,1,0.7959999999999994
mismatch,friction075,low_yaw,20,always_probe,1001,1,1,0.23000000000000398
mismatch,friction075,low_yaw,20,always_probe,1002,1,1,0.2779999999999845
mismatch,friction075,low_yaw,20,always_probe,1003,1,1,0.31400000000000716
mismatch,friction075,low_yaw,20,always_probe,1004,0,0,0.0
mismatch,friction075,low_yaw,20,always_probe,1005,1,1,0.6039999999999992
mismatch,friction075,low_yaw,20,always_probe,1006,1,1,0.5319999999999965
mismatch,friction075,low_yaw,20,always_probe,1007,1,1,0.5360000000000014
mismatch,friction075,low_yaw,20,always_probe,1008,1,1,0.588000000000001
mismatch,friction075,low_yaw,20,always_probe,1009,1,1,0.3299999999999983
mismatch,friction075,low_yaw,20,always_probe,1010,1,1,0.40799999999999415
mismatch,friction075,low_yaw,20,always_probe,1011,1,1,0.509999999999998
mismatch,friction075,low_yaw,20,always_probe,1012,1,1,0.5799999999999983
mismatch,friction075,low_yaw,20,always_probe,1013,1,1,0.22999999999998977
mismatch,friction075,low_yaw,20,always_probe,1014,1,1,0.4339999999999975
mismatch,friction075,low_yaw,20,always_probe,1015,1,1,0.4339999999999975
mismatch,friction075,low_yaw,20,always_probe,1016,1,1,0.4100000000000037
mismatch,friction075,low_yaw,20,always_probe,1017,1,1,0.5319999999999965
mismatch,friction075,low_yaw,20,always_probe,1018,1,1,0.35599999999999454
mismatch,friction075,low_yaw,20,always_probe,1019,1,1,0.3860000000000099
mismatch,friction075,low_yaw,20,always_probe,1020,1,1,0.2779999999999987
mismatch,friction075,low_yaw,20,always_probe,1021,1,1,0.26200000000000756
mismatch,friction075,low_yaw,20,always_probe,1022,0,0,0.0
mismatch,friction075,low_yaw,20,always_probe,1023,1,1,0.5619999999999976
mismatch,friction075,low_yaw,20,always_probe,1024,1,1,0.31400000000000716
mismatch,friction075,low_yaw,20,always_probe,1025,1,1,0.5360000000000014
mismatch,friction075,low_yaw,20,always_probe,1026,1,1,0.5360000000000014
mismatch,friction075,low_yaw,20,always_probe,1027,0,0,0.0
mismatch,friction075,low_yaw,20,always_probe,1028,1,1,0.2779999999999845
mismatch,friction075,low_yaw,20,always_probe,1029,1,1,0.588000000000001
mismatch,friction075,low_yaw,20,always_probe,1030,1,1,0.22999999999998266
mismatch,friction075,low_yaw,20,batch_aware,1001,1,1,0.0
mismatch,friction075,low_yaw,20,batch_aware,1002,1,1,0.0
mismatch,friction075,low_yaw,20,batch_aware,1003,1,1,0.0
mismatch,friction075,low_yaw,20,batch_aware,1004,0,0,0.0
mismatch,friction075,low_yaw,20,batch_aware,1005,1,1,0.0
mismatch,friction075,low_yaw,20,batch_aware,1006,1,1,0.0
mismatch,friction075,low_yaw,20,batch_aware,1007,1,1,0.0
mismatch,friction075,low_yaw,20,batch_aware,1008,1,1,0.0
mismatch,friction075,low_yaw,20,batch_aware,1009,1,1,0.0
mismatch,friction075,low_yaw,20,batch_aware,1010,1,1,0.0
mismatch,friction075,low_yaw,20,batch_aware,1011,1,1,0.0
mismatch,friction075,low_yaw,20,batch_aware,1012,1,1,0.0
mismatch,friction075,low_yaw,20,batch_aware,1013,1,1,0.0
mismatch,friction075,low_yaw,20,batch_aware,1014,1,1,0.0
mismatch,friction075,low_yaw,20,batch_aware,1015,1,1,0.0
mismatch,friction075,low_yaw,20,batch_aware,1016,1,1,0.0
mismatch,friction075,low_yaw,20,batch_aware,1017,1,1,0.0
mismatch,friction075,low_yaw,20,batch_aware,1018,1,1,0.0
mismatch,friction075,low_yaw,20,batch_aware,1019,1,1,0.0
mismatch,friction075,low_yaw,20,batch_aware,1020,1,1,0.0
mismatch,friction075,low_yaw,20,batch_aware,1021,1,1,0.0
mismatch,friction075,low_yaw,20,batch_aware,1022,0,0,0.0
mismatch,friction075,low_yaw,20,batch_aware,1023,1,1,0.0
mismatch,friction075,low_yaw,20,batch_aware,1024,1,1,0.0
mismatch,friction075,low_yaw,20,batch_aware,1025,1,1,0.0
mismatch,friction075,low_yaw,20,batch_aware,1026,1,1,0.0
mismatch,friction075,low_yaw,20,batch_aware,1027,0,0,0.0
mismatch,friction075,low_yaw,20,batch_aware,1028,1,1,0.0
mismatch,friction075,low_yaw,20,batch_aware,1029,1,1,0.0
mismatch,friction075,low_yaw,20,batch_aware,1030,1,1,0.0
mismatch,friction075,low_yaw,20,ignore_passive,1001,1,1,0.23000000000000398
mismatch,friction075,low_yaw,20,ignore_passive,1002,1,1,0.2779999999999845
mismatch,friction075,low_yaw,20,ignore_passive,1003,1,1,0.31400000000000716
mismatch,friction075,low_yaw,20,ignore_passive,1004,0,0,0.0
mismatch,friction075,low_yaw,20,ignore_passive,1005,1,1,0.6039999999999992
mismatch,friction075,low_yaw,20,ignore_passive,1006,1,1,0.5319999999999965
mismatch,friction075,low_yaw,20,ignore_passive,1007,1,1,0.5360000000000014
mismatch,friction075,low_yaw,20,ignore_passive,1008,1,1,0.588000000000001
mismatch,friction075,low_yaw,20,ignore_passive,1009,1,1,0.3299999999999983
mismatch,friction075,low_yaw,20,ignore_passive,1010,1,1,0.40799999999999415
mismatch,friction075,low_yaw,20,ignore_passive,1011,1,1,0.509999999999998
mismatch,friction075,low_yaw,20,ignore_passive,1012,1,1,0.5799999999999983
mismatch,friction075,low_yaw,20,ignore_passive,1013,1,1,0.22999999999998977
mismatch,friction075,low_yaw,20,ignore_passive,1014,1,1,0.4339999999999975
mismatch,friction075,low_yaw,20,ignore_passive,1015,1,1,0.4339999999999975
mismatch,friction075,low_yaw,20,ignore_passive,1016,1,1,0.4100000000000037
mismatch,friction075,low_yaw,20,ignore_passive,1017,1,1,0.5319999999999965
mismatch,friction075,low_yaw,20,ignore_passive,1018,1,1,0.35599999999999454
mismatch,friction075,low_yaw,20,ignore_passive,1019,1,1,0.3860000000000099
mismatch,friction075,low_yaw,20,ignore_passive,1020,1,1,0.2779999999999987
mismatch,friction075,low_yaw,20,ignore_passive,1021,1,1,0.26200000000000756
mismatch,friction075,low_yaw,20,ignore_passive,1022,0,0,0.0
mismatch,friction075,low_yaw,20,ignore_passive,1023,1,1,0.5619999999999976
mismatch,friction075,low_yaw,20,ignore_passive,1024,1,1,0.31400000000000716
mismatch,friction075,low_yaw,20,ignore_passive,1025,1,1,0.5360000000000014
mismatch,friction075,low_yaw,20,ignore_passive,1026,1,1,0.5360000000000014
mismatch,friction075,low_yaw,20,ignore_passive,1027,0,0,0.0
mismatch,friction075,low_yaw,20,ignore_passive,1028,1,1,0.2779999999999845
mismatch,friction075,low_yaw,20,ignore_passive,1029,1,1,0.588000000000001
mismatch,friction075,low_yaw,20,ignore_passive,1030,1,1,0.22999999999998266
mismatch,friction075,low_yaw,20,oracle,1001,1,1,-0.6659999999999933
mismatch,friction075,low_yaw,20,oracle,1002,1,1,-0.6180000000000163
mismatch,friction075,low_yaw,20,oracle,1003,1,1,-0.6139999999999972
mismatch,friction075,low_yaw,20,oracle,1004,0,0,31.684000000000015
mismatch,friction075,low_yaw,20,oracle,1005,1,1,-0.34200000000000585
mismatch,friction075,low_yaw,20,oracle,1006,1,1,-0.3640000000000043
mismatch,friction075,low_yaw,20,oracle,1007,1,1,-0.41199999999999903
mismatch,friction075,low_yaw,20,oracle,1008,1,1,-0.3460000000000001
mismatch,friction075,low_yaw,20,oracle,1009,1,1,-0.6179999999999986
mismatch,friction075,low_yaw,20,oracle,1010,1,1,-0.5360000000000085
mismatch,friction075,low_yaw,20,oracle,1011,1,1,-0.38599999999999923
mismatch,friction075,low_yaw,20,oracle,1012,1,1,-0.3160000000000025
mismatch,friction075,low_yaw,20,oracle,1013,1,1,-0.7160000000000153
mismatch,friction075,low_yaw,20,oracle,1014,1,1,-0.4620000000000033
mismatch,friction075,low_yaw,20,oracle,1015,1,1,-0.4620000000000033
mismatch,friction075,low_yaw,20,oracle,1016,1,1,-0.4859999999999971
mismatch,friction075,low_yaw,20,oracle,1017,1,1,-0.4239999999999995
mismatch,friction075,low_yaw,20,oracle,1018,1,1,-0.5400000000000063
mismatch,friction075,low_yaw,20,oracle,1019,1,1,-0.5319999999999965
mismatch,friction075,low_yaw,20,oracle,1020,1,1,-0.6179999999999986
mismatch,friction075,low_yaw,20,oracle,1021,1,1,-0.6339999999999932
mismatch,friction075,low_yaw,20,oracle,1022,0,0,33.685999999999986
mismatch,friction075,low_yaw,20,oracle,1023,1,1,-0.3340000000000032
mismatch,friction075,low_yaw,20,oracle,1024,1,1,-0.5819999999999936
mismatch,friction075,low_yaw,20,oracle,1025,1,1,-0.4119999999999955
mismatch,friction075,low_yaw,20,oracle,1026,1,1,-0.39599999999999724
mismatch,friction075,low_yaw,20,oracle,1027,0,0,32.726
mismatch,friction075,low_yaw,20,oracle,1028,1,1,-0.6700000000000159
mismatch,friction075,low_yaw,20,oracle,1029,1,1,-0.3619999999999983
mismatch,friction075,low_yaw,20,oracle,1030,1,1,-0.6660000000000181
mismatch,friction075,low_yaw,20,uncertainty_trigger,1001,1,1,0.23000000000000398
mismatch,friction075,low_yaw,20,uncertainty_trigger,1002,1,1,0.2779999999999845
mismatch,friction075,low_yaw,20,uncertainty_trigger,1003,1,1,0.31400000000000716
mismatch,friction075,low_yaw,20,uncertainty_trigger,1004,0,0,0.0
mismatch,friction075,low_yaw,20,uncertainty_trigger,1005,1,1,0.6039999999999992
mismatch,friction075,low_yaw,20,uncertainty_trigger,1006,1,1,0.5319999999999965
mismatch,friction075,low_yaw,20,uncertainty_trigger,1007,1,1,0.5360000000000014
mismatch,friction075,low_yaw,20,uncertainty_trigger,1008,1,1,0.588000000000001
mismatch,friction075,low_yaw,20,uncertainty_trigger,1009,1,1,0.3299999999999983
mismatch,friction075,low_yaw,20,uncertainty_trigger,1010,1,1,0.40799999999999415
mismatch,friction075,low_yaw,20,uncertainty_trigger,1011,1,1,0.509999999999998
mismatch,friction075,low_yaw,20,uncertainty_trigger,1012,1,1,0.5799999999999983
mismatch,friction075,low_yaw,20,uncertainty_trigger,1013,1,1,0.22999999999998977
mismatch,friction075,low_yaw,20,uncertainty_trigger,1014,1,1,0.4339999999999975
mismatch,friction075,low_yaw,20,uncertainty_trigger,1015,1,1,0.4339999999999975
mismatch,friction075,low_yaw,20,uncertainty_trigger,1016,1,1,0.4100000000000037
mismatch,friction075,low_yaw,20,uncertainty_trigger,1017,1,1,0.5319999999999965
mismatch,friction075,low_yaw,20,uncertainty_trigger,1018,1,1,0.35599999999999454
mismatch,friction075,low_yaw,20,uncertainty_trigger,1019,1,1,0.3860000000000099
mismatch,friction075,low_yaw,20,uncertainty_trigger,1020,1,1,0.2779999999999987
mismatch,friction075,low_yaw,20,uncertainty_trigger,1021,1,1,0.26200000000000756
mismatch,friction075,low_yaw,20,uncertainty_trigger,1022,0,0,0.0
mismatch,friction075,low_yaw,20,uncertainty_trigger,1023,1,1,0.5619999999999976
mismatch,friction075,low_yaw,20,uncertainty_trigger,1024,1,1,0.31400000000000716
mismatch,friction075,low_yaw,20,uncertainty_trigger,1025,1,1,0.5360000000000014
mismatch,friction075,low_yaw,20,uncertainty_trigger,1026,1,1,0.5360000000000014
mismatch,friction075,low_yaw,20,uncertainty_trigger,1027,0,0,0.0
mismatch,friction075,low_yaw,20,uncertainty_trigger,1028,1,1,0.2779999999999845
mismatch,friction075,low_yaw,20,uncertainty_trigger,1029,1,1,0.588000000000001
mismatch,friction075,low_yaw,20,uncertainty_trigger,1030,1,1,0.22999999999998266
mismatch,friction125,excited,20,always_probe,1001,1,1,0.7959999999999994
mismatch,friction125,excited,20,always_probe,1002,1,1,0.7959999999999994
mismatch,friction125,excited,20,always_probe,1003,1,1,0.7959999999999994
mismatch,friction125,excited,20,always_probe,1004,0,0,0.0
mismatch,friction125,excited,20,always_probe,1005,1,1,0.7959999999999994
mismatch,friction125,excited,20,always_probe,1006,1,1,0.7959999999999994
mismatch,friction125,excited,20,always_probe,1007,1,1,0.7959999999999994
mismatch,friction125,excited,20,always_probe,1008,1,1,0.7960000000000029
mismatch,friction125,excited,20,always_probe,1009,1,1,0.7959999999999994
mismatch,friction125,excited,20,always_probe,1010,1,1,0.7959999999999994
mismatch,friction125,excited,20,always_probe,1011,1,1,0.7959999999999994
mismatch,friction125,excited,20,always_probe,1012,1,1,0.7959999999999994
mismatch,friction125,excited,20,always_probe,1013,1,1,0.7959999999999994
mismatch,friction125,excited,20,always_probe,1014,1,1,0.7959999999999994
mismatch,friction125,excited,20,always_probe,1015,1,1,0.7959999999999994
mismatch,friction125,excited,20,always_probe,1016,1,1,0.7959999999999994
mismatch,friction125,excited,20,always_probe,1017,1,1,0.7959999999999923
mismatch,friction125,excited,20,always_probe,1018,1,1,0.7959999999999994
mismatch,friction125,excited,20,always_probe,1019,1,1,0.7959999999999994
mismatch,friction125,excited,20,always_probe,1020,1,1,0.7959999999999994
mismatch,friction125,excited,20,always_probe,1021,1,1,0.7959999999999994
mismatch,friction125,excited,20,always_probe,1022,0,0,0.0
mismatch,friction125,excited,20,always_probe,1023,1,1,0.7959999999999994
mismatch,friction125,excited,20,always_probe,1024,1,1,0.7959999999999994
mismatch,friction125,excited,20,always_probe,1025,1,1,0.7959999999999994
mismatch,friction125,excited,20,always_probe,1026,1,1,0.7959999999999994
mismatch,friction125,excited,20,always_probe,1027,0,0,0.0
mismatch,friction125,excited,20,always_probe,1028,1,1,0.7959999999999994
mismatch,friction125,excited,20,always_probe,1029,1,1,0.7959999999999994
mismatch,friction125,excited,20,always_probe,1030,1,1,0.7959999999999994
mismatch,friction125,excited,20,batch_aware,1001,1,1,0.0
mismatch,friction125,excited,20,batch_aware,1002,1,1,0.0
mismatch,friction125,excited,20,batch_aware,1003,1,1,0.0
mismatch,friction125,excited,20,batch_aware,1004,0,0,0.0
mismatch,friction125,excited,20,batch_aware,1005,1,1,0.0
mismatch,friction125,excited,20,batch_aware,1006,1,1,0.0
mismatch,friction125,excited,20,batch_aware,1007,1,1,0.0
mismatch,friction125,excited,20,batch_aware,1008,1,1,0.0
mismatch,friction125,excited,20,batch_aware,1009,1,1,0.0
mismatch,friction125,excited,20,batch_aware,1010,1,1,0.0
mismatch,friction125,excited,20,batch_aware,1011,1,1,0.0
mismatch,friction125,excited,20,batch_aware,1012,1,1,0.0
mismatch,friction125,excited,20,batch_aware,1013,1,1,0.0
mismatch,friction125,excited,20,batch_aware,1014,1,1,0.0
mismatch,friction125,excited,20,batch_aware,1015,1,1,0.0
mismatch,friction125,excited,20,batch_aware,1016,1,1,0.0
mismatch,friction125,excited,20,batch_aware,1017,1,1,0.0
mismatch,friction125,excited,20,batch_aware,1018,1,1,0.0
mismatch,friction125,excited,20,batch_aware,1019,1,1,0.0
mismatch,friction125,excited,20,batch_aware,1020,1,1,0.0
mismatch,friction125,excited,20,batch_aware,1021,1,1,0.0
mismatch,friction125,excited,20,batch_aware,1022,0,0,0.0
mismatch,friction125,excited,20,batch_aware,1023,1,1,0.0
mismatch,friction125,excited,20,batch_aware,1024,1,1,0.0
mismatch,friction125,excited,20,batch_aware,1025,1,1,0.0
mismatch,friction125,excited,20,batch_aware,1026,1,1,0.0
mismatch,friction125,excited,20,batch_aware,1027,0,0,0.0
mismatch,friction125,excited,20,batch_aware,1028,1,1,0.0
mismatch,friction125,excited,20,batch_aware,1029,1,1,0.0
mismatch,friction125,excited,20,batch_aware,1030,1,1,0.0
mismatch,friction125,excited,20,ignore_passive,1001,1,1,0.7959999999999994
mismatch,friction125,excited,20,ignore_passive,1002,1,1,0.7959999999999994
mismatch,friction125,excited,20,ignore_passive,1003,1,1,0.7959999999999994
mismatch,friction125,excited,20,ignore_passive,1004,0,0,0.0
mismatch,friction125,excited,20,ignore_passive,1005,1,1,0.7959999999999994
mismatch,friction125,excited,20,ignore_passive,1006,1,1,0.7959999999999994
mismatch,friction125,excited,20,ignore_passive,1007,1,1,0.7959999999999994
mismatch,friction125,excited,20,ignore_passive,1008,1,1,0.7960000000000029
mismatch,friction125,excited,20,ignore_passive,1009,1,1,0.7959999999999994
mismatch,friction125,excited,20,ignore_passive,1010,1,1,0.7959999999999994
mismatch,friction125,excited,20,ignore_passive,1011,1,1,0.7959999999999994
mismatch,friction125,excited,20,ignore_passive,1012,1,1,0.7959999999999994
mismatch,friction125,excited,20,ignore_passive,1013,1,1,0.7959999999999994
mismatch,friction125,excited,20,ignore_passive,1014,1,1,0.7959999999999994
mismatch,friction125,excited,20,ignore_passive,1015,1,1,0.7959999999999994
mismatch,friction125,excited,20,ignore_passive,1016,1,1,0.7959999999999994
mismatch,friction125,excited,20,ignore_passive,1017,1,1,0.7959999999999923
mismatch,friction125,excited,20,ignore_passive,1018,1,1,0.7959999999999994
mismatch,friction125,excited,20,ignore_passive,1019,1,1,0.7959999999999994
mismatch,friction125,excited,20,ignore_passive,1020,1,1,0.7959999999999994
mismatch,friction125,excited,20,ignore_passive,1021,1,1,0.7959999999999994
mismatch,friction125,excited,20,ignore_passive,1022,0,0,0.0
mismatch,friction125,excited,20,ignore_passive,1023,1,1,0.7959999999999994
mismatch,friction125,excited,20,ignore_passive,1024,1,1,0.7959999999999994
mismatch,friction125,excited,20,ignore_passive,1025,1,1,0.7959999999999994
mismatch,friction125,excited,20,ignore_passive,1026,1,1,0.7959999999999994
mismatch,friction125,excited,20,ignore_passive,1027,0,0,0.0
mismatch,friction125,excited,20,ignore_passive,1028,1,1,0.7959999999999994
mismatch,friction125,excited,20,ignore_passive,1029,1,1,0.7959999999999994
mismatch,friction125,excited,20,ignore_passive,1030,1,1,0.7959999999999994
mismatch,friction125,excited,20,oracle,1001,1,1,-0.09999999999999787
mismatch,friction125,excited,20,oracle,1002,1,1,-0.10000000000000142
mismatch,friction125,excited,20,oracle,1003,1,1,-0.132000000000005
mismatch,friction125,excited,20,oracle,1004,0,0,31.684000000000015
mismatch,friction125,excited,20,oracle,1005,1,1,-0.15200000000000102
mismatch,friction125,excited,20,oracle,1006,1,1,-0.10000000000000142
mismatch,friction125,excited,20,oracle,1007,1,1,-0.15200000000000102
mismatch,friction125,excited,20,oracle,1008,1,1,-0.13799999999999812
mismatch,friction125,excited,20,oracle,1009,1,1,-0.15399999999999991
mismatch,friction125,excited,20,oracle,1010,1,1,-0.15000000000000568
mismatch,friction125,excited,20,oracle,1011,1,1,-0.09999999999999787
mismatch,friction125,excited,20,oracle,1012,1,1,-0.10000000000000142
mismatch,friction125,excited,20,oracle,1013,1,1,-0.15000000000000568
mismatch,friction125,excited,20,oracle,1014,1,1,-0.10000000000000142
mismatch,friction125,excited,20,oracle,1015,1,1,-0.10000000000000142
mismatch,friction125,excited,20,oracle,1016,1,1,-0.10000000000000142
mismatch,friction125,excited,20,oracle,1017,1,1,-0.1600000000000037
mismatch,friction125,excited,20,oracle,1018,1,1,-0.10000000000000142
mismatch,friction125,excited,20,oracle,1019,1,1,-0.12000000000000455
mismatch,friction125,excited,20,oracle,1020,1,1,-0.09999999999999787
mismatch,friction125,excited,20,oracle,1021,1,1,-0.10000000000000142
mismatch,friction125,excited,20,oracle,1022,0,0,33.68399999999999
mismatch,friction125,excited,20,oracle,1023,1,1,-0.10000000000000142
mismatch,friction125,excited,20,oracle,1024,1,1,-0.10000000000000142
mismatch,friction125,excited,20,oracle,1025,1,1,-0.15199999999999747
mismatch,friction125,excited,20,oracle,1026,1,1,-0.13599999999999923
mismatch,friction125,excited,20,oracle,1027,0,0,32.724000000000004
mismatch,friction125,excited,20,oracle,1028,1,1,-0.15200000000000102
mismatch,friction125,excited,20,oracle,1029,1,1,-0.15399999999999991
mismatch,friction125,excited,20,oracle,1030,1,1,-0.10000000000000142
mismatch,friction125,excited,20,uncertainty_trigger,1001,1,1,0.7959999999999994
mismatch,friction125,excited,20,uncertainty_trigger,1002,1,1,0.7959999999999994
mismatch,friction125,excited,20,uncertainty_trigger,1003,1,1,0.7959999999999994
mismatch,friction125,excited,20,uncertainty_trigger,1004,0,0,0.0
mismatch,friction125,excited,20,uncertainty_trigger,1005,1,1,0.7959999999999994
mismatch,friction125,excited,20,uncertainty_trigger,1006,1,1,0.7959999999999994
mismatch,friction125,excited,20,uncertainty_trigger,1007,1,1,0.7959999999999994
mismatch,friction125,excited,20,uncertainty_trigger,1008,1,1,0.7960000000000029
mismatch,friction125,excited,20,uncertainty_trigger,1009,1,1,0.7959999999999994
mismatch,friction125,excited,20,uncertainty_trigger,1010,1,1,0.7959999999999994
mismatch,friction125,excited,20,uncertainty_trigger,1011,1,1,0.7959999999999994
mismatch,friction125,excited,20,uncertainty_trigger,1012,1,1,0.7959999999999994
mismatch,friction125,excited,20,uncertainty_trigger,1013,1,1,0.7959999999999994
mismatch,friction125,excited,20,uncertainty_trigger,1014,1,1,0.7959999999999994
mismatch,friction125,excited,20,uncertainty_trigger,1015,1,1,0.7959999999999994
mismatch,friction125,excited,20,uncertainty_trigger,1016,1,1,0.7959999999999994
mismatch,friction125,excited,20,uncertainty_trigger,1017,1,1,0.7959999999999923
mismatch,friction125,excited,20,uncertainty_trigger,1018,1,1,0.7959999999999994
mismatch,friction125,excited,20,uncertainty_trigger,1019,1,1,0.7959999999999994
mismatch,friction125,excited,20,uncertainty_trigger,1020,1,1,0.7959999999999994
mismatch,friction125,excited,20,uncertainty_trigger,1021,1,1,0.7959999999999994
mismatch,friction125,excited,20,uncertainty_trigger,1022,0,0,0.0
mismatch,friction125,excited,20,uncertainty_trigger,1023,1,1,0.7959999999999994
mismatch,friction125,excited,20,uncertainty_trigger,1024,1,1,0.7959999999999994
mismatch,friction125,excited,20,uncertainty_trigger,1025,1,1,0.7959999999999994
mismatch,friction125,excited,20,uncertainty_trigger,1026,1,1,0.7959999999999994
mismatch,friction125,excited,20,uncertainty_trigger,1027,0,0,0.0
mismatch,friction125,excited,20,uncertainty_trigger,1028,1,1,0.7959999999999994
mismatch,friction125,excited,20,uncertainty_trigger,1029,1,1,0.7959999999999994
mismatch,friction125,excited,20,uncertainty_trigger,1030,1,1,0.7959999999999994
mismatch,friction125,low_yaw,20,always_probe,1001,1,1,0.23000000000000398
mismatch,friction125,low_yaw,20,always_probe,1002,1,1,0.2779999999999845
mismatch,friction125,low_yaw,20,always_probe,1003,1,1,0.31400000000000716
mismatch,friction125,low_yaw,20,always_probe,1004,0,0,0.0
mismatch,friction125,low_yaw,20,always_probe,1005,1,1,0.6280000000000001
mismatch,friction125,low_yaw,20,always_probe,1006,1,1,0.5319999999999965
mismatch,friction125,low_yaw,20,always_probe,1007,1,1,0.5619999999999976
mismatch,friction125,low_yaw,20,always_probe,1008,1,1,0.588000000000001
mismatch,friction125,low_yaw,20,always_probe,1009,1,1,0.3300000000000054
mismatch,friction125,low_yaw,20,always_probe,1010,1,1,0.40800000000000125
mismatch,friction125,low_yaw,20,always_probe,1011,1,1,0.509999999999998
mismatch,friction125,low_yaw,20,always_probe,1012,1,1,0.5799999999999983
mismatch,friction125,low_yaw,20,always_probe,1013,1,1,0.2539999999999907
mismatch,friction125,low_yaw,20,always_probe,1014,1,1,0.4339999999999975
mismatch,friction125,low_yaw,20,always_probe,1015,1,1,0.4339999999999975
mismatch,friction125,low_yaw,20,always_probe,1016,1,1,0.4100000000000037
mismatch,friction125,low_yaw,20,always_probe,1017,1,1,0.5559999999999974
mismatch,friction125,low_yaw,20,always_probe,1018,1,1,0.35599999999999454
mismatch,friction125,low_yaw,20,always_probe,1019,1,1,0.3860000000000028
mismatch,friction125,low_yaw,20,always_probe,1020,1,1,0.30400000000000205
mismatch,friction125,low_yaw,20,always_probe,1021,1,1,0.26200000000000756
mismatch,friction125,low_yaw,20,always_probe,1022,0,0,0.0
mismatch,friction125,low_yaw,20,always_probe,1023,1,1,0.5619999999999976
mismatch,friction125,low_yaw,20,always_probe,1024,1,1,0.31400000000000716
mismatch,friction125,low_yaw,20,always_probe,1025,1,1,0.5360000000000014
mismatch,friction125,low_yaw,20,always_probe,1026,1,1,0.5360000000000014
mismatch,friction125,low_yaw,20,always_probe,1027,0,0,0.0
mismatch,friction125,low_yaw,20,always_probe,1028,1,1,0.30399999999998784
mismatch,friction125,low_yaw,20,always_probe,1029,1,1,0.588000000000001
mismatch,friction125,low_yaw,20,always_probe,1030,1,1,0.22999999999998266
mismatch,friction125,low_yaw,20,batch_aware,1001,1,1,0.0
mismatch,friction125,low_yaw,20,batch_aware,1002,1,1,0.0
mismatch,friction125,low_yaw,20,batch_aware,1003,1,1,0.0
mismatch,friction125,low_yaw,20,batch_aware,1004,0,0,0.0
mismatch,friction125,low_yaw,20,batch_aware,1005,1,1,0.0
mismatch,friction125,low_yaw,20,batch_aware,1006,1,1,0.0
mismatch,friction125,low_yaw,20,batch_aware,1007,1,1,0.0
mismatch,friction125,low_yaw,20,batch_aware,1008,1,1,0.0
mismatch,friction125,low_yaw,20,batch_aware,1009,1,1,0.0
mismatch,friction125,low_yaw,20,batch_aware,1010,1,1,0.0
mismatch,friction125,low_yaw,20,batch_aware,1011,1,1,0.0
mismatch,friction125,low_yaw,20,batch_aware,1012,1,1,0.0
mismatch,friction125,low_yaw,20,batch_aware,1013,1,1,0.0
mismatch,friction125,low_yaw,20,batch_aware,1014,1,1,0.0
mismatch,friction125,low_yaw,20,batch_aware,1015,1,1,0.0
mismatch,friction125,low_yaw,20,batch_aware,1016,1,1,0.0
mismatch,friction125,low_yaw,20,batch_aware,1017,1,1,0.0
mismatch,friction125,low_yaw,20,batch_aware,1018,1,1,0.0
mismatch,friction125,low_yaw,20,batch_aware,1019,1,1,0.0
mismatch,friction125,low_yaw,20,batch_aware,1020,1,1,0.0
mismatch,friction125,low_yaw,20,batch_aware,1021,1,1,0.0
mismatch,friction125,low_yaw,20,batch_aware,1022,0,0,0.0
mismatch,friction125,low_yaw,20,batch_aware,1023,1,1,0.0
mismatch,friction125,low_yaw,20,batch_aware,1024,1,1,0.0
mismatch,friction125,low_yaw,20,batch_aware,1025,1,1,0.0
mismatch,friction125,low_yaw,20,batch_aware,1026,1,1,0.0
mismatch,friction125,low_yaw,20,batch_aware,1027,0,0,0.0
mismatch,friction125,low_yaw,20,batch_aware,1028,1,1,0.0
mismatch,friction125,low_yaw,20,batch_aware,1029,1,1,0.0
mismatch,friction125,low_yaw,20,batch_aware,1030,1,1,0.0
mismatch,friction125,low_yaw,20,ignore_passive,1001,1,1,0.23000000000000398
mismatch,friction125,low_yaw,20,ignore_passive,1002,1,1,0.2779999999999845
mismatch,friction125,low_yaw,20,ignore_passive,1003,1,1,0.31400000000000716
mismatch,friction125,low_yaw,20,ignore_passive,1004,0,0,0.0
mismatch,friction125,low_yaw,20,ignore_passive,1005,1,1,0.6280000000000001
mismatch,friction125,low_yaw,20,ignore_passive,1006,1,1,0.5319999999999965
mismatch,friction125,low_yaw,20,ignore_passive,1007,1,1,0.5619999999999976
mismatch,friction125,low_yaw,20,ignore_passive,1008,1,1,0.588000000000001
mismatch,friction125,low_yaw,20,ignore_passive,1009,1,1,0.3300000000000054
mismatch,friction125,low_yaw,20,ignore_passive,1010,1,1,0.40800000000000125
mismatch,friction125,low_yaw,20,ignore_passive,1011,1,1,0.509999999999998
mismatch,friction125,low_yaw,20,ignore_passive,1012,1,1,0.5799999999999983
mismatch,friction125,low_yaw,20,ignore_passive,1013,1,1,0.2539999999999907
mismatch,friction125,low_yaw,20,ignore_passive,1014,1,1,0.4339999999999975
mismatch,friction125,low_yaw,20,ignore_passive,1015,1,1,0.4339999999999975
mismatch,friction125,low_yaw,20,ignore_passive,1016,1,1,0.4100000000000037
mismatch,friction125,low_yaw,20,ignore_passive,1017,1,1,0.5559999999999974
mismatch,friction125,low_yaw,20,ignore_passive,1018,1,1,0.35599999999999454
mismatch,friction125,low_yaw,20,ignore_passive,1019,1,1,0.3860000000000028
mismatch,friction125,low_yaw,20,ignore_passive,1020,1,1,0.30400000000000205
mismatch,friction125,low_yaw,20,ignore_passive,1021,1,1,0.26200000000000756
mismatch,friction125,low_yaw,20,ignore_passive,1022,0,0,0.0
mismatch,friction125,low_yaw,20,ignore_passive,1023,1,1,0.5619999999999976
mismatch,friction125,low_yaw,20,ignore_passive,1024,1,1,0.31400000000000716
mismatch,friction125,low_yaw,20,ignore_passive,1025,1,1,0.5360000000000014
mismatch,friction125,low_yaw,20,ignore_passive,1026,1,1,0.5360000000000014
mismatch,friction125,low_yaw,20,ignore_passive,1027,0,0,0.0
mismatch,friction125,low_yaw,20,ignore_passive,1028,1,1,0.30399999999998784
mismatch,friction125,low_yaw,20,ignore_passive,1029,1,1,0.588000000000001
mismatch,friction125,low_yaw,20,ignore_passive,1030,1,1,0.22999999999998266
mismatch,friction125,low_yaw,20,oracle,1001,1,1,-0.6659999999999933
mismatch,friction125,low_yaw,20,oracle,1002,1,1,-0.6180000000000163
mismatch,friction125,low_yaw,20,oracle,1003,1,1,-0.6139999999999972
mismatch,friction125,low_yaw,20,oracle,1004,0,0,31.684000000000015
mismatch,friction125,low_yaw,20,oracle,1005,1,1,-0.3200000000000003
mismatch,friction125,low_yaw,20,oracle,1006,1,1,-0.3640000000000043
mismatch,friction125,low_yaw,20,oracle,1007,1,1,-0.3860000000000028
mismatch,friction125,low_yaw,20,oracle,1008,1,1,-0.3460000000000001
mismatch,friction125,low_yaw,20,oracle,1009,1,1,-0.6199999999999939
mismatch,friction125,low_yaw,20,oracle,1010,1,1,-0.5380000000000038
mismatch,friction125,low_yaw,20,oracle,1011,1,1,-0.38599999999999923
mismatch,friction125,low_yaw,20,oracle,1012,1,1,-0.3160000000000025
mismatch,friction125,low_yaw,20,oracle,1013,1,1,-0.6920000000000144
mismatch,friction125,low_yaw,20,oracle,1014,1,1,-0.4620000000000033
mismatch,friction125,low_yaw,20,oracle,1015,1,1,-0.4620000000000033
mismatch,friction125,low_yaw,20,oracle,1016,1,1,-0.4859999999999971
mismatch,friction125,low_yaw,20,oracle,1017,1,1,-0.3999999999999986
mismatch,friction125,low_yaw,20,oracle,1018,1,1,-0.5400000000000063
mismatch,friction125,low_yaw,20,oracle,1019,1,1,-0.5300000000000011
mismatch,friction125,low_yaw,20,oracle,1020,1,1,-0.5919999999999952
mismatch,friction125,low_yaw,20,oracle,1021,1,1,-0.6339999999999932
mismatch,friction125,low_yaw,20,oracle,1022,0,0,33.68399999999999
mismatch,friction125,low_yaw,20,oracle,1023,1,1,-0.3340000000000032
mismatch,friction125,low_yaw,20,oracle,1024,1,1,-0.5819999999999936
mismatch,friction125,low_yaw,20,oracle,1025,1,1,-0.4119999999999955
mismatch,friction125,low_yaw,20,oracle,1026,1,1,-0.39599999999999724
mismatch,friction125,low_yaw,20,oracle,1027,0,0,32.724000000000004
mismatch,friction125,low_yaw,20,oracle,1028,1,1,-0.6440000000000126
mismatch,friction125,low_yaw,20,oracle,1029,1,1,-0.3619999999999983
mismatch,friction125,low_yaw,20,oracle,1030,1,1,-0.6660000000000181
mismatch,friction125,low_yaw,20,uncertainty_trigger,1001,1,1,0.23000000000000398
mismatch,friction125,low_yaw,20,uncertainty_trigger,1002,1,1,0.2779999999999845
mismatch,friction125,low_yaw,20,uncertainty_trigger,1003,1,1,0.31400000000000716
mismatch,friction125,low_yaw,20,uncertainty_trigger,1004,0,0,0.0
mismatch,friction125,low_yaw,20,uncertainty_trigger,1005,1,1,0.6280000000000001
mismatch,friction125,low_yaw,20,uncertainty_trigger,1006,1,1,0.5319999999999965
mismatch,friction125,low_yaw,20,uncertainty_trigger,1007,1,1,0.5619999999999976
mismatch,friction125,low_yaw,20,uncertainty_trigger,1008,1,1,0.588000000000001
mismatch,friction125,low_yaw,20,uncertainty_trigger,1009,1,1,0.3300000000000054
mismatch,friction125,low_yaw,20,uncertainty_trigger,1010,1,1,0.40800000000000125
mismatch,friction125,low_yaw,20,uncertainty_trigger,1011,1,1,0.509999999999998
mismatch,friction125,low_yaw,20,uncertainty_trigger,1012,1,1,0.5799999999999983
mismatch,friction125,low_yaw,20,uncertainty_trigger,1013,1,1,0.2539999999999907
mismatch,friction125,low_yaw,20,uncertainty_trigger,1014,1,1,0.4339999999999975
mismatch,friction125,low_yaw,20,uncertainty_trigger,1015,1,1,0.4339999999999975
mismatch,friction125,low_yaw,20,uncertainty_trigger,1016,1,1,0.4100000000000037
mismatch,friction125,low_yaw,20,uncertainty_trigger,1017,1,1,0.5559999999999974
mismatch,friction125,low_yaw,20,uncertainty_trigger,1018,1,1,0.35599999999999454
mismatch,friction125,low_yaw,20,uncertainty_trigger,1019,1,1,0.3860000000000028
mismatch,friction125,low_yaw,20,uncertainty_trigger,1020,1,1,0.30400000000000205
mismatch,friction125,low_yaw,20,uncertainty_trigger,1021,1,1,0.26200000000000756
mismatch,friction125,low_yaw,20,uncertainty_trigger,1022,0,0,0.0
mismatch,friction125,low_yaw,20,uncertainty_trigger,1023,1,1,0.5619999999999976
mismatch,friction125,low_yaw,20,uncertainty_trigger,1024,1,1,0.31400000000000716
mismatch,friction125,low_yaw,20,uncertainty_trigger,1025,1,1,0.5360000000000014
mismatch,friction125,low_yaw,20,uncertainty_trigger,1026,1,1,0.5360000000000014
mismatch,friction125,low_yaw,20,uncertainty_trigger,1027,0,0,0.0
mismatch,friction125,low_yaw,20,uncertainty_trigger,1028,1,1,0.30399999999998784
mismatch,friction125,low_yaw,20,uncertainty_trigger,1029,1,1,0.588000000000001
mismatch,friction125,low_yaw,20,uncertainty_trigger,1030,1,1,0.22999999999998266
mismatch,asymmetric,excited,20,always_probe,1001,1,1,0.7959999999999994
mismatch,asymmetric,excited,20,always_probe,1002,1,1,0.7959999999999994
mismatch,asymmetric,excited,20,always_probe,1003,1,1,0.7959999999999994
mismatch,asymmetric,excited,20,always_probe,1004,0,0,0.0
mismatch,asymmetric,excited,20,always_probe,1005,1,1,0.7959999999999994
mismatch,asymmetric,excited,20,always_probe,1006,1,1,0.7959999999999994
mismatch,asymmetric,excited,20,always_probe,1007,1,1,0.7959999999999994
mismatch,asymmetric,excited,20,always_probe,1008,1,1,0.7959999999999994
mismatch,asymmetric,excited,20,always_probe,1009,1,1,0.7959999999999994
mismatch,asymmetric,excited,20,always_probe,1010,1,1,0.7959999999999994
mismatch,asymmetric,excited,20,always_probe,1011,1,1,0.7959999999999994
mismatch,asymmetric,excited,20,always_probe,1012,1,1,0.7959999999999994
mismatch,asymmetric,excited,20,always_probe,1013,1,1,0.7959999999999994
mismatch,asymmetric,excited,20,always_probe,1014,1,1,0.7959999999999994
mismatch,asymmetric,excited,20,always_probe,1015,1,1,0.7959999999999994
mismatch,asymmetric,excited,20,always_probe,1016,1,1,0.7959999999999994
mismatch,asymmetric,excited,20,always_probe,1017,1,1,0.7959999999999994
mismatch,asymmetric,excited,20,always_probe,1018,1,1,0.7959999999999994
mismatch,asymmetric,excited,20,always_probe,1019,1,1,0.7959999999999994
mismatch,asymmetric,excited,20,always_probe,1020,1,1,0.7959999999999994
mismatch,asymmetric,excited,20,always_probe,1021,1,1,0.7959999999999994
mismatch,asymmetric,excited,20,always_probe,1022,0,0,0.0
mismatch,asymmetric,excited,20,always_probe,1023,1,1,0.7959999999999994
mismatch,asymmetric,excited,20,always_probe,1024,1,1,0.7959999999999994
mismatch,asymmetric,excited,20,always_probe,1025,1,1,0.7959999999999994
mismatch,asymmetric,excited,20,always_probe,1026,1,1,0.7959999999999994
mismatch,asymmetric,excited,20,always_probe,1027,0,0,0.0
mismatch,asymmetric,excited,20,always_probe,1028,1,1,0.7959999999999994
mismatch,asymmetric,excited,20,always_probe,1029,1,1,0.7960000000000029
mismatch,asymmetric,excited,20,always_probe,1030,1,1,0.7959999999999994
mismatch,asymmetric,excited,20,batch_aware,1001,1,1,0.0
mismatch,asymmetric,excited,20,batch_aware,1002,1,1,0.0
mismatch,asymmetric,excited,20,batch_aware,1003,1,1,0.0
mismatch,asymmetric,excited,20,batch_aware,1004,0,0,0.0
mismatch,asymmetric,excited,20,batch_aware,1005,1,1,0.0
mismatch,asymmetric,excited,20,batch_aware,1006,1,1,0.0
mismatch,asymmetric,excited,20,batch_aware,1007,1,1,0.0
mismatch,asymmetric,excited,20,batch_aware,1008,1,1,0.0
mismatch,asymmetric,excited,20,batch_aware,1009,1,1,0.0
mismatch,asymmetric,excited,20,batch_aware,1010,1,1,0.0
mismatch,asymmetric,excited,20,batch_aware,1011,1,1,0.0
mismatch,asymmetric,excited,20,batch_aware,1012,1,1,0.0
mismatch,asymmetric,excited,20,batch_aware,1013,1,1,0.0
mismatch,asymmetric,excited,20,batch_aware,1014,1,1,0.0
mismatch,asymmetric,excited,20,batch_aware,1015,1,1,0.0
mismatch,asymmetric,excited,20,batch_aware,1016,1,1,0.0
mismatch,asymmetric,excited,20,batch_aware,1017,1,1,0.0
mismatch,asymmetric,excited,20,batch_aware,1018,1,1,0.0
mismatch,asymmetric,excited,20,batch_aware,1019,1,1,0.0
mismatch,asymmetric,excited,20,batch_aware,1020,1,1,0.0
mismatch,asymmetric,excited,20,batch_aware,1021,1,1,0.0
mismatch,asymmetric,excited,20,batch_aware,1022,0,0,0.0
mismatch,asymmetric,excited,20,batch_aware,1023,1,1,0.0
mismatch,asymmetric,excited,20,batch_aware,1024,1,1,0.0
mismatch,asymmetric,excited,20,batch_aware,1025,1,1,0.0
mismatch,asymmetric,excited,20,batch_aware,1026,1,1,0.0
mismatch,asymmetric,excited,20,batch_aware,1027,0,0,0.0
mismatch,asymmetric,excited,20,batch_aware,1028,1,1,0.0
mismatch,asymmetric,excited,20,batch_aware,1029,1,1,0.0
mismatch,asymmetric,excited,20,batch_aware,1030,1,1,0.0
mismatch,asymmetric,excited,20,ignore_passive,1001,1,1,0.7959999999999994
mismatch,asymmetric,excited,20,ignore_passive,1002,1,1,0.7959999999999994
mismatch,asymmetric,excited,20,ignore_passive,1003,1,1,0.7959999999999994
mismatch,asymmetric,excited,20,ignore_passive,1004,0,0,0.0
mismatch,asymmetric,excited,20,ignore_passive,1005,1,1,0.7959999999999994
mismatch,asymmetric,excited,20,ignore_passive,1006,1,1,0.7959999999999994
mismatch,asymmetric,excited,20,ignore_passive,1007,1,1,0.7959999999999994
mismatch,asymmetric,excited,20,ignore_passive,1008,1,1,0.7959999999999994
mismatch,asymmetric,excited,20,ignore_passive,1009,1,1,0.7959999999999994
mismatch,asymmetric,excited,20,ignore_passive,1010,1,1,0.7959999999999994
mismatch,asymmetric,excited,20,ignore_passive,1011,1,1,0.7959999999999994
mismatch,asymmetric,excited,20,ignore_passive,1012,1,1,0.7959999999999994
mismatch,asymmetric,excited,20,ignore_passive,1013,1,1,0.7959999999999994
mismatch,asymmetric,excited,20,ignore_passive,1014,1,1,0.7959999999999994
mismatch,asymmetric,excited,20,ignore_passive,1015,1,1,0.7959999999999994
mismatch,asymmetric,excited,20,ignore_passive,1016,1,1,0.7959999999999994
mismatch,asymmetric,excited,20,ignore_passive,1017,1,1,0.7959999999999994
mismatch,asymmetric,excited,20,ignore_passive,1018,1,1,0.7959999999999994
mismatch,asymmetric,excited,20,ignore_passive,1019,1,1,0.7959999999999994
mismatch,asymmetric,excited,20,ignore_passive,1020,1,1,0.7959999999999994
mismatch,asymmetric,excited,20,ignore_passive,1021,1,1,0.7959999999999994
mismatch,asymmetric,excited,20,ignore_passive,1022,0,0,0.0
mismatch,asymmetric,excited,20,ignore_passive,1023,1,1,0.7959999999999994
mismatch,asymmetric,excited,20,ignore_passive,1024,1,1,0.7959999999999994
mismatch,asymmetric,excited,20,ignore_passive,1025,1,1,0.7959999999999994
mismatch,asymmetric,excited,20,ignore_passive,1026,1,1,0.7959999999999994
mismatch,asymmetric,excited,20,ignore_passive,1027,0,0,0.0
mismatch,asymmetric,excited,20,ignore_passive,1028,1,1,0.7959999999999994
mismatch,asymmetric,excited,20,ignore_passive,1029,1,1,0.7960000000000029
mismatch,asymmetric,excited,20,ignore_passive,1030,1,1,0.7959999999999994
mismatch,asymmetric,excited,20,oracle,1001,1,1,-0.09999999999999787
mismatch,asymmetric,excited,20,oracle,1002,1,1,-0.10000000000000142
mismatch,asymmetric,excited,20,oracle,1003,1,1,-0.13000000000000256
mismatch,asymmetric,excited,20,oracle,1004,0,0,31.682000000000013
mismatch,asymmetric,excited,20,oracle,1005,1,1,-0.15200000000000102
mismatch,asymmetric,excited,20,oracle,1006,1,1,-0.10000000000000142
mismatch,asymmetric,excited,20,oracle,1007,1,1,-0.15400000000000347
mismatch,asymmetric,excited,20,oracle,1008,1,1,-0.13599999999999923
mismatch,asymmetric,excited,20,oracle,1009,1,1,-0.15399999999999991
mismatch,asymmetric,excited,20,oracle,1010,1,1,-0.15000000000000568
mismatch,asymmetric,excited,20,oracle,1011,1,1,-0.09999999999999787
mismatch,asymmetric,excited,20,oracle,1012,1,1,-0.10000000000000142
mismatch,asymmetric,excited,20,oracle,1013,1,1,-0.15200000000000102
mismatch,asymmetric,excited,20,oracle,1014,1,1,-0.10000000000000142
mismatch,asymmetric,excited,20,oracle,1015,1,1,-0.10000000000000142
mismatch,asymmetric,excited,20,oracle,1016,1,1,-0.10000000000000142
mismatch,asymmetric,excited,20,oracle,1017,1,1,-0.16199999999999903
mismatch,asymmetric,excited,20,oracle,1018,1,1,-0.10000000000000142
mismatch,asymmetric,excited,20,oracle,1019,1,1,-0.10000000000000142
mismatch,asymmetric,excited,20,oracle,1020,1,1,-0.09999999999999787
mismatch,asymmetric,excited,20,oracle,1021,1,1,-0.10000000000000142
mismatch,asymmetric,excited,20,oracle,1022,0,0,33.68199999999999
mismatch,asymmetric,excited,20,oracle,1023,1,1,-0.10000000000000142
mismatch,asymmetric,excited,20,oracle,1024,1,1,-0.10000000000000142
mismatch,asymmetric,excited,20,oracle,1025,1,1,-0.15399999999999991
mismatch,asymmetric,excited,20,oracle,1026,1,1,-0.13599999999999923
mismatch,asymmetric,excited,20,oracle,1027,0,0,32.724000000000004
mismatch,asymmetric,excited,20,oracle,1028,1,1,-0.15400000000000347
mismatch,asymmetric,excited,20,oracle,1029,1,1,-0.1559999999999988
mismatch,asymmetric,excited,20,oracle,1030,1,1,-0.10000000000000142
mismatch,asymmetric,excited,20,uncertainty_trigger,1001,1,1,0.7959999999999994
mismatch,asymmetric,excited,20,uncertainty_trigger,1002,1,1,0.7959999999999994
mismatch,asymmetric,excited,20,uncertainty_trigger,1003,1,1,0.7959999999999994
mismatch,asymmetric,excited,20,uncertainty_trigger,1004,0,0,0.0
mismatch,asymmetric,excited,20,uncertainty_trigger,1005,1,1,0.7959999999999994
mismatch,asymmetric,excited,20,uncertainty_trigger,1006,1,1,0.7959999999999994
mismatch,asymmetric,excited,20,uncertainty_trigger,1007,1,1,0.7959999999999994
mismatch,asymmetric,excited,20,uncertainty_trigger,1008,1,1,0.7959999999999994
mismatch,asymmetric,excited,20,uncertainty_trigger,1009,1,1,0.7959999999999994
mismatch,asymmetric,excited,20,uncertainty_trigger,1010,1,1,0.7959999999999994
mismatch,asymmetric,excited,20,uncertainty_trigger,1011,1,1,0.7959999999999994
mismatch,asymmetric,excited,20,uncertainty_trigger,1012,1,1,0.7959999999999994
mismatch,asymmetric,excited,20,uncertainty_trigger,1013,1,1,0.7959999999999994
mismatch,asymmetric,excited,20,uncertainty_trigger,1014,1,1,0.7959999999999994
mismatch,asymmetric,excited,20,uncertainty_trigger,1015,1,1,0.7959999999999994
mismatch,asymmetric,excited,20,uncertainty_trigger,1016,1,1,0.7959999999999994
mismatch,asymmetric,excited,20,uncertainty_trigger,1017,1,1,0.7959999999999994
mismatch,asymmetric,excited,20,uncertainty_trigger,1018,1,1,0.7959999999999994
mismatch,asymmetric,excited,20,uncertainty_trigger,1019,1,1,0.7959999999999994
mismatch,asymmetric,excited,20,uncertainty_trigger,1020,1,1,0.7959999999999994
mismatch,asymmetric,excited,20,uncertainty_trigger,1021,1,1,0.7959999999999994
mismatch,asymmetric,excited,20,uncertainty_trigger,1022,0,0,0.0
mismatch,asymmetric,excited,20,uncertainty_trigger,1023,1,1,0.7959999999999994
mismatch,asymmetric,excited,20,uncertainty_trigger,1024,1,1,0.7959999999999994
mismatch,asymmetric,excited,20,uncertainty_trigger,1025,1,1,0.7959999999999994
mismatch,asymmetric,excited,20,uncertainty_trigger,1026,1,1,0.7959999999999994
mismatch,asymmetric,excited,20,uncertainty_trigger,1027,0,0,0.0
mismatch,asymmetric,excited,20,uncertainty_trigger,1028,1,1,0.7959999999999994
mismatch,asymmetric,excited,20,uncertainty_trigger,1029,1,1,0.7960000000000029
mismatch,asymmetric,excited,20,uncertainty_trigger,1030,1,1,0.7959999999999994
mismatch,asymmetric,low_yaw,20,always_probe,1001,1,1,0.23000000000000398
mismatch,asymmetric,low_yaw,20,always_probe,1002,1,1,0.2779999999999845
mismatch,asymmetric,low_yaw,20,always_probe,1003,1,1,0.31400000000000716
mismatch,asymmetric,low_yaw,20,always_probe,1004,0,0,0.0
mismatch,asymmetric,low_yaw,20,always_probe,1005,1,1,0.6039999999999992
mismatch,asymmetric,low_yaw,20,always_probe,1006,1,1,0.5319999999999965
mismatch,asymmetric,low_yaw,20,always_probe,1007,1,1,0.5620000000000047
mismatch,asymmetric,low_yaw,20,always_probe,1008,1,1,0.588000000000001
mismatch,asymmetric,low_yaw,20,always_probe,1009,1,1,0.3300000000000054
mismatch,asymmetric,low_yaw,20,always_probe,1010,1,1,0.40800000000000125
mismatch,asymmetric,low_yaw,20,always_probe,1011,1,1,0.509999999999998
mismatch,asymmetric,low_yaw,20,always_probe,1012,1,1,0.5799999999999983
mismatch,asymmetric,low_yaw,20,always_probe,1013,1,1,0.2539999999999836
mismatch,asymmetric,low_yaw,20,always_probe,1014,1,1,0.4339999999999975
mismatch,asymmetric,low_yaw,20,always_probe,1015,1,1,0.4339999999999975
mismatch,asymmetric,low_yaw,20,always_probe,1016,1,1,0.4100000000000037
mismatch,asymmetric,low_yaw,20,always_probe,1017,1,1,0.5559999999999974
mismatch,asymmetric,low_yaw,20,always_probe,1018,1,1,0.35599999999999454
mismatch,asymmetric,low_yaw,20,always_probe,1019,1,1,0.3860000000000028
mismatch,asymmetric,low_yaw,20,always_probe,1020,1,1,0.30400000000000205
mismatch,asymmetric,low_yaw,20,always_probe,1021,1,1,0.26200000000000756
mismatch,asymmetric,low_yaw,20,always_probe,1022,0,0,0.0
mismatch,asymmetric,low_yaw,20,always_probe,1023,1,1,0.5619999999999976
mismatch,asymmetric,low_yaw,20,always_probe,1024,1,1,0.31400000000000716
mismatch,asymmetric,low_yaw,20,always_probe,1025,1,1,0.5360000000000014
mismatch,asymmetric,low_yaw,20,always_probe,1026,1,1,0.5360000000000014
mismatch,asymmetric,low_yaw,20,always_probe,1027,0,0,0.0
mismatch,asymmetric,low_yaw,20,always_probe,1028,1,1,0.2779999999999916
mismatch,asymmetric,low_yaw,20,always_probe,1029,1,1,0.588000000000001
mismatch,asymmetric,low_yaw,20,always_probe,1030,1,1,0.22999999999998266
mismatch,asymmetric,low_yaw,20,batch_aware,1001,1,1,0.0
mismatch,asymmetric,low_yaw,20,batch_aware,1002,1,1,0.0
mismatch,asymmetric,low_yaw,20,batch_aware,1003,1,1,0.0
mismatch,asymmetric,low_yaw,20,batch_aware,1004,0,0,0.0
mismatch,asymmetric,low_yaw,20,batch_aware,1005,1,1,0.0
mismatch,asymmetric,low_yaw,20,batch_aware,1006,1,1,0.0
mismatch,asymmetric,low_yaw,20,batch_aware,1007,1,1,0.0
mismatch,asymmetric,low_yaw,20,batch_aware,1008,1,1,0.0
mismatch,asymmetric,low_yaw,20,batch_aware,1009,1,1,0.0
mismatch,asymmetric,low_yaw,20,batch_aware,1010,1,1,0.0
mismatch,asymmetric,low_yaw,20,batch_aware,1011,1,1,0.0
mismatch,asymmetric,low_yaw,20,batch_aware,1012,1,1,0.0
mismatch,asymmetric,low_yaw,20,batch_aware,1013,1,1,0.0
mismatch,asymmetric,low_yaw,20,batch_aware,1014,1,1,0.0
mismatch,asymmetric,low_yaw,20,batch_aware,1015,1,1,0.0
mismatch,asymmetric,low_yaw,20,batch_aware,1016,1,1,0.0
mismatch,asymmetric,low_yaw,20,batch_aware,1017,1,1,0.0
mismatch,asymmetric,low_yaw,20,batch_aware,1018,1,1,0.0
mismatch,asymmetric,low_yaw,20,batch_aware,1019,1,1,0.0
mismatch,asymmetric,low_yaw,20,batch_aware,1020,1,1,0.0
mismatch,asymmetric,low_yaw,20,batch_aware,1021,1,1,0.0
mismatch,asymmetric,low_yaw,20,batch_aware,1022,0,0,0.0
mismatch,asymmetric,low_yaw,20,batch_aware,1023,1,1,0.0
mismatch,asymmetric,low_yaw,20,batch_aware,1024,1,1,0.0
mismatch,asymmetric,low_yaw,20,batch_aware,1025,1,1,0.0
mismatch,asymmetric,low_yaw,20,batch_aware,1026,1,1,0.0
mismatch,asymmetric,low_yaw,20,batch_aware,1027,0,0,0.0
mismatch,asymmetric,low_yaw,20,batch_aware,1028,1,1,0.0
mismatch,asymmetric,low_yaw,20,batch_aware,1029,1,1,0.0
mismatch,asymmetric,low_yaw,20,batch_aware,1030,1,1,0.0
mismatch,asymmetric,low_yaw,20,ignore_passive,1001,1,1,0.23000000000000398
mismatch,asymmetric,low_yaw,20,ignore_passive,1002,1,1,0.2779999999999845
mismatch,asymmetric,low_yaw,20,ignore_passive,1003,1,1,0.31400000000000716
mismatch,asymmetric,low_yaw,20,ignore_passive,1004,0,0,0.0
mismatch,asymmetric,low_yaw,20,ignore_passive,1005,1,1,0.6039999999999992
mismatch,asymmetric,low_yaw,20,ignore_passive,1006,1,1,0.5319999999999965
mismatch,asymmetric,low_yaw,20,ignore_passive,1007,1,1,0.5620000000000047
mismatch,asymmetric,low_yaw,20,ignore_passive,1008,1,1,0.588000000000001
mismatch,asymmetric,low_yaw,20,ignore_passive,1009,1,1,0.3300000000000054
mismatch,asymmetric,low_yaw,20,ignore_passive,1010,1,1,0.40800000000000125
mismatch,asymmetric,low_yaw,20,ignore_passive,1011,1,1,0.509999999999998
mismatch,asymmetric,low_yaw,20,ignore_passive,1012,1,1,0.5799999999999983
mismatch,asymmetric,low_yaw,20,ignore_passive,1013,1,1,0.2539999999999836
mismatch,asymmetric,low_yaw,20,ignore_passive,1014,1,1,0.4339999999999975
mismatch,asymmetric,low_yaw,20,ignore_passive,1015,1,1,0.4339999999999975
mismatch,asymmetric,low_yaw,20,ignore_passive,1016,1,1,0.4100000000000037
mismatch,asymmetric,low_yaw,20,ignore_passive,1017,1,1,0.5559999999999974
mismatch,asymmetric,low_yaw,20,ignore_passive,1018,1,1,0.35599999999999454
mismatch,asymmetric,low_yaw,20,ignore_passive,1019,1,1,0.3860000000000028
mismatch,asymmetric,low_yaw,20,ignore_passive,1020,1,1,0.30400000000000205
mismatch,asymmetric,low_yaw,20,ignore_passive,1021,1,1,0.26200000000000756
mismatch,asymmetric,low_yaw,20,ignore_passive,1022,0,0,0.0
mismatch,asymmetric,low_yaw,20,ignore_passive,1023,1,1,0.5619999999999976
mismatch,asymmetric,low_yaw,20,ignore_passive,1024,1,1,0.31400000000000716
mismatch,asymmetric,low_yaw,20,ignore_passive,1025,1,1,0.5360000000000014
mismatch,asymmetric,low_yaw,20,ignore_passive,1026,1,1,0.5360000000000014
mismatch,asymmetric,low_yaw,20,ignore_passive,1027,0,0,0.0
mismatch,asymmetric,low_yaw,20,ignore_passive,1028,1,1,0.2779999999999916
mismatch,asymmetric,low_yaw,20,ignore_passive,1029,1,1,0.588000000000001
mismatch,asymmetric,low_yaw,20,ignore_passive,1030,1,1,0.22999999999998266
mismatch,asymmetric,low_yaw,20,oracle,1001,1,1,-0.6659999999999933
mismatch,asymmetric,low_yaw,20,oracle,1002,1,1,-0.6180000000000163
mismatch,asymmetric,low_yaw,20,oracle,1003,1,1,-0.6119999999999948
mismatch,asymmetric,low_yaw,20,oracle,1004,0,0,31.682000000000013
mismatch,asymmetric,low_yaw,20,oracle,1005,1,1,-0.3440000000000012
mismatch,asymmetric,low_yaw,20,oracle,1006,1,1,-0.3640000000000043
mismatch,asymmetric,low_yaw,20,oracle,1007,1,1,-0.3879999999999981
mismatch,asymmetric,low_yaw,20,oracle,1008,1,1,-0.34399999999999764
mismatch,asymmetric,low_yaw,20,oracle,1009,1,1,-0.6199999999999939
mismatch,asymmetric,low_yaw,20,oracle,1010,1,1,-0.5380000000000038
mismatch,asymmetric,low_yaw,20,oracle,1011,1,1,-0.38599999999999923
mismatch,asymmetric,low_yaw,20,oracle,1012,1,1,-0.3160000000000025
mismatch,asymmetric,low_yaw,20,oracle,1013,1,1,-0.6940000000000168
mismatch,asymmetric,low_yaw,20,oracle,1014,1,1,-0.4620000000000033
mismatch,asymmetric,low_yaw,20,oracle,1015,1,1,-0.4620000000000033
mismatch,asymmetric,low_yaw,20,oracle,1016,1,1,-0.4859999999999971
mismatch,asymmetric,low_yaw,20,oracle,1017,1,1,-0.402000000000001
mismatch,asymmetric,low_yaw,20,oracle,1018,1,1,-0.5400000000000063
mismatch,asymmetric,low_yaw,20,oracle,1019,1,1,-0.509999999999998
mismatch,asymmetric,low_yaw,20,oracle,1020,1,1,-0.5919999999999952
mismatch,asymmetric,low_yaw,20,oracle,1021,1,1,-0.6339999999999932
mismatch,asymmetric,low_yaw,20,oracle,1022,0,0,33.68199999999999
mismatch,asymmetric,low_yaw,20,oracle,1023,1,1,-0.3340000000000032
mismatch,asymmetric,low_yaw,20,oracle,1024,1,1,-0.5819999999999936
mismatch,asymmetric,low_yaw,20,oracle,1025,1,1,-0.4139999999999979
mismatch,asymmetric,low_yaw,20,oracle,1026,1,1,-0.39599999999999724
mismatch,asymmetric,low_yaw,20,oracle,1027,0,0,32.724000000000004
mismatch,asymmetric,low_yaw,20,oracle,1028,1,1,-0.6720000000000113
mismatch,asymmetric,low_yaw,20,oracle,1029,1,1,-0.36400000000000077
mismatch,asymmetric,low_yaw,20,oracle,1030,1,1,-0.6660000000000181
mismatch,asymmetric,low_yaw,20,uncertainty_trigger,1001,1,1,0.23000000000000398
mismatch,asymmetric,low_yaw,20,uncertainty_trigger,1002,1,1,0.2779999999999845
mismatch,asymmetric,low_yaw,20,uncertainty_trigger,1003,1,1,0.31400000000000716
mismatch,asymmetric,low_yaw,20,uncertainty_trigger,1004,0,0,0.0
mismatch,asymmetric,low_yaw,20,uncertainty_trigger,1005,1,1,0.6039999999999992
mismatch,asymmetric,low_yaw,20,uncertainty_trigger,1006,1,1,0.5319999999999965
mismatch,asymmetric,low_yaw,20,uncertainty_trigger,1007,1,1,0.5620000000000047
mismatch,asymmetric,low_yaw,20,uncertainty_trigger,1008,1,1,0.588000000000001
mismatch,asymmetric,low_yaw,20,uncertainty_trigger,1009,1,1,0.3300000000000054
mismatch,asymmetric,low_yaw,20,uncertainty_trigger,1010,1,1,0.40800000000000125
mismatch,asymmetric,low_yaw,20,uncertainty_trigger,1011,1,1,0.509999999999998
mismatch,asymmetric,low_yaw,20,uncertainty_trigger,1012,1,1,0.5799999999999983
mismatch,asymmetric,low_yaw,20,uncertainty_trigger,1013,1,1,0.2539999999999836
mismatch,asymmetric,low_yaw,20,uncertainty_trigger,1014,1,1,0.4339999999999975
mismatch,asymmetric,low_yaw,20,uncertainty_trigger,1015,1,1,0.4339999999999975
mismatch,asymmetric,low_yaw,20,uncertainty_trigger,1016,1,1,0.4100000000000037
mismatch,asymmetric,low_yaw,20,uncertainty_trigger,1017,1,1,0.5559999999999974
mismatch,asymmetric,low_yaw,20,uncertainty_trigger,1018,1,1,0.35599999999999454
mismatch,asymmetric,low_yaw,20,uncertainty_trigger,1019,1,1,0.3860000000000028
mismatch,asymmetric,low_yaw,20,uncertainty_trigger,1020,1,1,0.30400000000000205
mismatch,asymmetric,low_yaw,20,uncertainty_trigger,1021,1,1,0.26200000000000756
mismatch,asymmetric,low_yaw,20,uncertainty_trigger,1022,0,0,0.0
mismatch,asymmetric,low_yaw,20,uncertainty_trigger,1023,1,1,0.5619999999999976
mismatch,asymmetric,low_yaw,20,uncertainty_trigger,1024,1,1,0.31400000000000716
mismatch,asymmetric,low_yaw,20,uncertainty_trigger,1025,1,1,0.5360000000000014
mismatch,asymmetric,low_yaw,20,uncertainty_trigger,1026,1,1,0.5360000000000014
mismatch,asymmetric,low_yaw,20,uncertainty_trigger,1027,0,0,0.0
mismatch,asymmetric,low_yaw,20,uncertainty_trigger,1028,1,1,0.2779999999999916
mismatch,asymmetric,low_yaw,20,uncertainty_trigger,1029,1,1,0.588000000000001
mismatch,asymmetric,low_yaw,20,uncertainty_trigger,1030,1,1,0.22999999999998266
mismatch,physical_payload,excited,20,always_probe,1001,1,1,0.7959999999999994
mismatch,physical_payload,excited,20,always_probe,1002,1,1,0.7959999999999994
mismatch,physical_payload,excited,20,always_probe,1003,1,1,0.7959999999999994
mismatch,physical_payload,excited,20,always_probe,1004,0,0,0.0
mismatch,physical_payload,excited,20,always_probe,1005,1,1,0.7959999999999994
mismatch,physical_payload,excited,20,always_probe,1006,1,1,0.7959999999999994
mismatch,physical_payload,excited,20,always_probe,1007,1,1,0.7959999999999994
mismatch,physical_payload,excited,20,always_probe,1008,1,1,0.7960000000000029
mismatch,physical_payload,excited,20,always_probe,1009,1,1,0.7959999999999994
mismatch,physical_payload,excited,20,always_probe,1010,1,1,0.7959999999999994
mismatch,physical_payload,excited,20,always_probe,1011,1,1,0.7959999999999994
mismatch,physical_payload,excited,20,always_probe,1012,1,1,0.7959999999999994
mismatch,physical_payload,excited,20,always_probe,1013,1,1,0.7959999999999994
mismatch,physical_payload,excited,20,always_probe,1014,1,1,0.7959999999999994
mismatch,physical_payload,excited,20,always_probe,1015,1,1,0.7959999999999994
mismatch,physical_payload,excited,20,always_probe,1016,1,1,0.7959999999999994
mismatch,physical_payload,excited,20,always_probe,1017,1,1,0.7959999999999923
mismatch,physical_payload,excited,20,always_probe,1018,1,1,0.7959999999999994
mismatch,physical_payload,excited,20,always_probe,1019,1,1,0.7959999999999994
mismatch,physical_payload,excited,20,always_probe,1020,1,1,0.7959999999999994
mismatch,physical_payload,excited,20,always_probe,1021,1,1,0.7959999999999994
mismatch,physical_payload,excited,20,always_probe,1022,0,0,0.0
mismatch,physical_payload,excited,20,always_probe,1023,1,1,0.7959999999999994
mismatch,physical_payload,excited,20,always_probe,1024,1,1,0.7959999999999994
mismatch,physical_payload,excited,20,always_probe,1025,1,1,0.7959999999999994
mismatch,physical_payload,excited,20,always_probe,1026,1,1,0.7959999999999994
mismatch,physical_payload,excited,20,always_probe,1027,0,0,0.0
mismatch,physical_payload,excited,20,always_probe,1028,1,1,0.7959999999999994
mismatch,physical_payload,excited,20,always_probe,1029,1,1,0.7959999999999994
mismatch,physical_payload,excited,20,always_probe,1030,1,1,0.7959999999999994
mismatch,physical_payload,excited,20,batch_aware,1001,1,1,0.0
mismatch,physical_payload,excited,20,batch_aware,1002,1,1,0.0
mismatch,physical_payload,excited,20,batch_aware,1003,1,1,0.0
mismatch,physical_payload,excited,20,batch_aware,1004,0,0,0.0
mismatch,physical_payload,excited,20,batch_aware,1005,1,1,0.0
mismatch,physical_payload,excited,20,batch_aware,1006,1,1,0.0
mismatch,physical_payload,excited,20,batch_aware,1007,1,1,0.0
mismatch,physical_payload,excited,20,batch_aware,1008,1,1,0.0
mismatch,physical_payload,excited,20,batch_aware,1009,1,1,0.0
mismatch,physical_payload,excited,20,batch_aware,1010,1,1,0.0
mismatch,physical_payload,excited,20,batch_aware,1011,1,1,0.0
mismatch,physical_payload,excited,20,batch_aware,1012,1,1,0.0
mismatch,physical_payload,excited,20,batch_aware,1013,1,1,0.0
mismatch,physical_payload,excited,20,batch_aware,1014,1,1,0.0
mismatch,physical_payload,excited,20,batch_aware,1015,1,1,0.0
mismatch,physical_payload,excited,20,batch_aware,1016,1,1,0.0
mismatch,physical_payload,excited,20,batch_aware,1017,1,1,0.0
mismatch,physical_payload,excited,20,batch_aware,1018,1,1,0.0
mismatch,physical_payload,excited,20,batch_aware,1019,1,1,0.0
mismatch,physical_payload,excited,20,batch_aware,1020,1,1,0.0
mismatch,physical_payload,excited,20,batch_aware,1021,1,1,0.0
mismatch,physical_payload,excited,20,batch_aware,1022,0,0,0.0
mismatch,physical_payload,excited,20,batch_aware,1023,1,1,0.0
mismatch,physical_payload,excited,20,batch_aware,1024,1,1,0.0
mismatch,physical_payload,excited,20,batch_aware,1025,1,1,0.0
mismatch,physical_payload,excited,20,batch_aware,1026,1,1,0.0
mismatch,physical_payload,excited,20,batch_aware,1027,0,0,0.0
mismatch,physical_payload,excited,20,batch_aware,1028,1,1,0.0
mismatch,physical_payload,excited,20,batch_aware,1029,1,1,0.0
mismatch,physical_payload,excited,20,batch_aware,1030,1,1,0.0
mismatch,physical_payload,excited,20,ignore_passive,1001,1,1,0.7959999999999994
mismatch,physical_payload,excited,20,ignore_passive,1002,1,1,0.7959999999999994
mismatch,physical_payload,excited,20,ignore_passive,1003,1,1,0.7959999999999994
mismatch,physical_payload,excited,20,ignore_passive,1004,0,0,0.0
mismatch,physical_payload,excited,20,ignore_passive,1005,1,1,0.7959999999999994
mismatch,physical_payload,excited,20,ignore_passive,1006,1,1,0.7959999999999994
mismatch,physical_payload,excited,20,ignore_passive,1007,1,1,0.7959999999999994
mismatch,physical_payload,excited,20,ignore_passive,1008,1,1,0.7960000000000029
mismatch,physical_payload,excited,20,ignore_passive,1009,1,1,0.7959999999999994
mismatch,physical_payload,excited,20,ignore_passive,1010,1,1,0.7959999999999994
mismatch,physical_payload,excited,20,ignore_passive,1011,1,1,0.7959999999999994
mismatch,physical_payload,excited,20,ignore_passive,1012,1,1,0.7959999999999994
mismatch,physical_payload,excited,20,ignore_passive,1013,1,1,0.7959999999999994
mismatch,physical_payload,excited,20,ignore_passive,1014,1,1,0.7959999999999994
mismatch,physical_payload,excited,20,ignore_passive,1015,1,1,0.7959999999999994
mismatch,physical_payload,excited,20,ignore_passive,1016,1,1,0.7959999999999994
mismatch,physical_payload,excited,20,ignore_passive,1017,1,1,0.7959999999999923
mismatch,physical_payload,excited,20,ignore_passive,1018,1,1,0.7959999999999994
mismatch,physical_payload,excited,20,ignore_passive,1019,1,1,0.7959999999999994
mismatch,physical_payload,excited,20,ignore_passive,1020,1,1,0.7959999999999994
mismatch,physical_payload,excited,20,ignore_passive,1021,1,1,0.7959999999999994
mismatch,physical_payload,excited,20,ignore_passive,1022,0,0,0.0
mismatch,physical_payload,excited,20,ignore_passive,1023,1,1,0.7959999999999994
mismatch,physical_payload,excited,20,ignore_passive,1024,1,1,0.7959999999999994
mismatch,physical_payload,excited,20,ignore_passive,1025,1,1,0.7959999999999994
mismatch,physical_payload,excited,20,ignore_passive,1026,1,1,0.7959999999999994
mismatch,physical_payload,excited,20,ignore_passive,1027,0,0,0.0
mismatch,physical_payload,excited,20,ignore_passive,1028,1,1,0.7959999999999994
mismatch,physical_payload,excited,20,ignore_passive,1029,1,1,0.7959999999999994
mismatch,physical_payload,excited,20,ignore_passive,1030,1,1,0.7959999999999994
mismatch,physical_payload,excited,20,oracle,1001,1,1,-0.09999999999999787
mismatch,physical_payload,excited,20,oracle,1002,1,1,-0.10000000000000142
mismatch,physical_payload,excited,20,oracle,1003,1,1,-0.132000000000005
mismatch,physical_payload,excited,20,oracle,1004,0,0,31.684000000000015
mismatch,physical_payload,excited,20,oracle,1005,1,1,-0.15000000000000568
mismatch,physical_payload,excited,20,oracle,1006,1,1,-0.10000000000000142
mismatch,physical_payload,excited,20,oracle,1007,1,1,-0.15200000000000102
mismatch,physical_payload,excited,20,oracle,1008,1,1,-0.13799999999999812
mismatch,physical_payload,excited,20,oracle,1009,1,1,-0.15199999999999747
mismatch,physical_payload,excited,20,oracle,1010,1,1,-0.14800000000000324
mismatch,physical_payload,excited,20,oracle,1011,1,1,-0.09999999999999787
mismatch,physical_payload,excited,20,oracle,1012,1,1,-0.10000000000000142
mismatch,physical_payload,excited,20,oracle,1013,1,1,-0.15000000000000568
mismatch,physical_payload,excited,20,oracle,1014,1,1,-0.10000000000000142
mismatch,physical_payload,excited,20,oracle,1015,1,1,-0.10000000000000142
mismatch,physical_payload,excited,20,oracle,1016,1,1,-0.10000000000000142
mismatch,physical_payload,excited,20,oracle,1017,1,1,-0.1600000000000037
mismatch,physical_payload,excited,20,oracle,1018,1,1,-0.10000000000000142
mismatch,physical_payload,excited,20,oracle,1019,1,1,-0.12000000000000455
mismatch,physical_payload,excited,20,oracle,1020,1,1,-0.09999999999999787
mismatch,physical_payload,excited,20,oracle,1021,1,1,-0.10000000000000142
mismatch,physical_payload,excited,20,oracle,1022,0,0,33.68399999999999
mismatch,physical_payload,excited,20,oracle,1023,1,1,-0.10000000000000142
mismatch,physical_payload,excited,20,oracle,1024,1,1,-0.10000000000000142
mismatch,physical_payload,excited,20,oracle,1025,1,1,-0.15199999999999747
mismatch,physical_payload,excited,20,oracle,1026,1,1,-0.13599999999999923
mismatch,physical_payload,excited,20,oracle,1027,0,0,32.726
mismatch,physical_payload,excited,20,oracle,1028,1,1,-0.15200000000000102
mismatch,physical_payload,excited,20,oracle,1029,1,1,-0.15399999999999991
mismatch,physical_payload,excited,20,oracle,1030,1,1,-0.10000000000000142
mismatch,physical_payload,excited,20,uncertainty_trigger,1001,1,1,0.7959999999999994
mismatch,physical_payload,excited,20,uncertainty_trigger,1002,1,1,0.7959999999999994
mismatch,physical_payload,excited,20,uncertainty_trigger,1003,1,1,0.7959999999999994
mismatch,physical_payload,excited,20,uncertainty_trigger,1004,0,0,0.0
mismatch,physical_payload,excited,20,uncertainty_trigger,1005,1,1,0.7959999999999994
mismatch,physical_payload,excited,20,uncertainty_trigger,1006,1,1,0.7959999999999994
mismatch,physical_payload,excited,20,uncertainty_trigger,1007,1,1,0.7959999999999994
mismatch,physical_payload,excited,20,uncertainty_trigger,1008,1,1,0.7960000000000029
mismatch,physical_payload,excited,20,uncertainty_trigger,1009,1,1,0.7959999999999994
mismatch,physical_payload,excited,20,uncertainty_trigger,1010,1,1,0.7959999999999994
mismatch,physical_payload,excited,20,uncertainty_trigger,1011,1,1,0.7959999999999994
mismatch,physical_payload,excited,20,uncertainty_trigger,1012,1,1,0.7959999999999994
mismatch,physical_payload,excited,20,uncertainty_trigger,1013,1,1,0.7959999999999994
mismatch,physical_payload,excited,20,uncertainty_trigger,1014,1,1,0.7959999999999994
mismatch,physical_payload,excited,20,uncertainty_trigger,1015,1,1,0.7959999999999994
mismatch,physical_payload,excited,20,uncertainty_trigger,1016,1,1,0.7959999999999994
mismatch,physical_payload,excited,20,uncertainty_trigger,1017,1,1,0.7959999999999923
mismatch,physical_payload,excited,20,uncertainty_trigger,1018,1,1,0.7959999999999994
mismatch,physical_payload,excited,20,uncertainty_trigger,1019,1,1,0.7959999999999994
mismatch,physical_payload,excited,20,uncertainty_trigger,1020,1,1,0.7959999999999994
mismatch,physical_payload,excited,20,uncertainty_trigger,1021,1,1,0.7959999999999994
mismatch,physical_payload,excited,20,uncertainty_trigger,1022,0,0,0.0
mismatch,physical_payload,excited,20,uncertainty_trigger,1023,1,1,0.7959999999999994
mismatch,physical_payload,excited,20,uncertainty_trigger,1024,1,1,0.7959999999999994
mismatch,physical_payload,excited,20,uncertainty_trigger,1025,1,1,0.7959999999999994
mismatch,physical_payload,excited,20,uncertainty_trigger,1026,1,1,0.7959999999999994
mismatch,physical_payload,excited,20,uncertainty_trigger,1027,0,0,0.0
mismatch,physical_payload,excited,20,uncertainty_trigger,1028,1,1,0.7959999999999994
mismatch,physical_payload,excited,20,uncertainty_trigger,1029,1,1,0.7959999999999994
mismatch,physical_payload,excited,20,uncertainty_trigger,1030,1,1,0.7959999999999994
mismatch,physical_payload,low_yaw,20,always_probe,1001,1,1,0.2779999999999987
mismatch,physical_payload,low_yaw,20,always_probe,1002,1,1,0.35599999999999454
mismatch,physical_payload,low_yaw,20,always_probe,1003,1,1,0.26200000000000756
mismatch,physical_payload,low_yaw,20,always_probe,1004,0,0,0.0
mismatch,physical_payload,low_yaw,20,always_probe,1005,1,1,0.2880000000000109
mismatch,physical_payload,low_yaw,20,always_probe,1006,1,1,0.2880000000000038
mismatch,physical_payload,low_yaw,20,always_probe,1007,1,1,0.22999999999998266
mismatch,physical_payload,low_yaw,20,always_probe,1008,1,1,0.2780000000000058
mismatch,physical_payload,low_yaw,20,always_probe,1009,1,1,0.23000000000000398
mismatch,physical_payload,low_yaw,20,always_probe,1010,1,1,0.22999999999998977
mismatch,physical_payload,low_yaw,20,always_probe,1011,1,1,0.23000000000000398
mismatch,physical_payload,low_yaw,20,always_probe,1012,1,1,0.2880000000000038
mismatch,physical_payload,low_yaw,20,always_probe,1013,1,1,0.35599999999999454
mismatch,physical_payload,low_yaw,20,always_probe,1014,1,1,0.22999999999998266
mismatch,physical_payload,low_yaw,20,always_probe,1015,1,1,0.2539999999999836
mismatch,physical_payload,low_yaw,20,always_probe,1016,1,1,0.26200000000000756
mismatch,physical_payload,low_yaw,20,always_probe,1017,1,1,0.31400000000000006
mismatch,physical_payload,low_yaw,20,always_probe,1018,1,1,0.509999999999998
mismatch,physical_payload,low_yaw,20,always_probe,1019,1,1,0.26200000000000756
mismatch,physical_payload,low_yaw,20,always_probe,1020,1,1,0.509999999999998
mismatch,physical_payload,low_yaw,20,always_probe,1021,1,1,0.26200000000000756
mismatch,physical_payload,low_yaw,20,always_probe,1022,0,0,0.0
mismatch,physical_payload,low_yaw,20,always_probe,1023,1,1,0.3299999999999912
mismatch,physical_payload,low_yaw,20,always_probe,1024,1,1,0.2880000000000038
mismatch,physical_payload,low_yaw,20,always_probe,1025,1,1,0.5619999999999976
mismatch,physical_payload,low_yaw,20,always_probe,1026,1,1,0.2540000000000049
mismatch,physical_payload,low_yaw,20,always_probe,1027,0,0,0.0
mismatch,physical_payload,low_yaw,20,always_probe,1028,1,1,0.2539999999999836
mismatch,physical_payload,low_yaw,20,always_probe,1029,1,1,0.382000000000005
mismatch,physical_payload,low_yaw,20,always_probe,1030,1,1,0.2779999999999845
mismatch,physical_payload,low_yaw,20,batch_aware,1001,1,1,0.0
mismatch,physical_payload,low_yaw,20,batch_aware,1002,1,1,0.0
mismatch,physical_payload,low_yaw,20,batch_aware,1003,1,1,0.0
mismatch,physical_payload,low_yaw,20,batch_aware,1004,0,0,0.0
mismatch,physical_payload,low_yaw,20,batch_aware,1005,1,1,0.0
mismatch,physical_payload,low_yaw,20,batch_aware,1006,1,1,0.0
mismatch,physical_payload,low_yaw,20,batch_aware,1007,1,1,0.0
mismatch,physical_payload,low_yaw,20,batch_aware,1008,1,1,0.0
mismatch,physical_payload,low_yaw,20,batch_aware,1009,1,1,0.0
mismatch,physical_payload,low_yaw,20,batch_aware,1010,1,1,0.0
mismatch,physical_payload,low_yaw,20,batch_aware,1011,1,1,0.0
mismatch,physical_payload,low_yaw,20,batch_aware,1012,1,1,0.0
mismatch,physical_payload,low_yaw,20,batch_aware,1013,1,1,0.0
mismatch,physical_payload,low_yaw,20,batch_aware,1014,1,1,0.0
mismatch,physical_payload,low_yaw,20,batch_aware,1015,1,1,0.0
mismatch,physical_payload,low_yaw,20,batch_aware,1016,1,1,0.0
mismatch,physical_payload,low_yaw,20,batch_aware,1017,1,1,0.0
mismatch,physical_payload,low_yaw,20,batch_aware,1018,1,1,0.0
mismatch,physical_payload,low_yaw,20,batch_aware,1019,1,1,0.0
mismatch,physical_payload,low_yaw,20,batch_aware,1020,1,1,0.0
mismatch,physical_payload,low_yaw,20,batch_aware,1021,1,1,0.0
mismatch,physical_payload,low_yaw,20,batch_aware,1022,0,0,0.0
mismatch,physical_payload,low_yaw,20,batch_aware,1023,1,1,0.0
mismatch,physical_payload,low_yaw,20,batch_aware,1024,1,1,0.0
mismatch,physical_payload,low_yaw,20,batch_aware,1025,1,1,0.0
mismatch,physical_payload,low_yaw,20,batch_aware,1026,1,1,0.0
mismatch,physical_payload,low_yaw,20,batch_aware,1027,0,0,0.0
mismatch,physical_payload,low_yaw,20,batch_aware,1028,1,1,0.0
mismatch,physical_payload,low_yaw,20,batch_aware,1029,1,1,0.0
mismatch,physical_payload,low_yaw,20,batch_aware,1030,1,1,0.0
mismatch,physical_payload,low_yaw,20,ignore_passive,1001,1,1,0.2779999999999987
mismatch,physical_payload,low_yaw,20,ignore_passive,1002,1,1,0.35599999999999454
mismatch,physical_payload,low_yaw,20,ignore_passive,1003,1,1,0.26200000000000756
mismatch,physical_payload,low_yaw,20,ignore_passive,1004,0,0,0.0
mismatch,physical_payload,low_yaw,20,ignore_passive,1005,1,1,0.2880000000000109
mismatch,physical_payload,low_yaw,20,ignore_passive,1006,1,1,0.2880000000000038
mismatch,physical_payload,low_yaw,20,ignore_passive,1007,1,1,0.22999999999998266
mismatch,physical_payload,low_yaw,20,ignore_passive,1008,1,1,0.2780000000000058
mismatch,physical_payload,low_yaw,20,ignore_passive,1009,1,1,0.23000000000000398
mismatch,physical_payload,low_yaw,20,ignore_passive,1010,1,1,0.22999999999998977
mismatch,physical_payload,low_yaw,20,ignore_passive,1011,1,1,0.23000000000000398
mismatch,physical_payload,low_yaw,20,ignore_passive,1012,1,1,0.2880000000000038
mismatch,physical_payload,low_yaw,20,ignore_passive,1013,1,1,0.35599999999999454
mismatch,physical_payload,low_yaw,20,ignore_passive,1014,1,1,0.22999999999998266
mismatch,physical_payload,low_yaw,20,ignore_passive,1015,1,1,0.2539999999999836
mismatch,physical_payload,low_yaw,20,ignore_passive,1016,1,1,0.26200000000000756
mismatch,physical_payload,low_yaw,20,ignore_passive,1017,1,1,0.31400000000000006
mismatch,physical_payload,low_yaw,20,ignore_passive,1018,1,1,0.509999999999998
mismatch,physical_payload,low_yaw,20,ignore_passive,1019,1,1,0.26200000000000756
mismatch,physical_payload,low_yaw,20,ignore_passive,1020,1,1,0.509999999999998
mismatch,physical_payload,low_yaw,20,ignore_passive,1021,1,1,0.26200000000000756
mismatch,physical_payload,low_yaw,20,ignore_passive,1022,0,0,0.0
mismatch,physical_payload,low_yaw,20,ignore_passive,1023,1,1,0.3299999999999912
mismatch,physical_payload,low_yaw,20,ignore_passive,1024,1,1,0.2880000000000038
mismatch,physical_payload,low_yaw,20,ignore_passive,1025,1,1,0.5619999999999976
mismatch,physical_payload,low_yaw,20,ignore_passive,1026,1,1,0.2540000000000049
mismatch,physical_payload,low_yaw,20,ignore_passive,1027,0,0,0.0
mismatch,physical_payload,low_yaw,20,ignore_passive,1028,1,1,0.2539999999999836
mismatch,physical_payload,low_yaw,20,ignore_passive,1029,1,1,0.382000000000005
mismatch,physical_payload,low_yaw,20,ignore_passive,1030,1,1,0.2779999999999845
mismatch,physical_payload,low_yaw,20,oracle,1001,1,1,-0.6179999999999986
mismatch,physical_payload,low_yaw,20,oracle,1002,1,1,-0.5400000000000063
mismatch,physical_payload,low_yaw,20,oracle,1003,1,1,-0.6659999999999968
mismatch,physical_payload,low_yaw,20,oracle,1004,0,0,31.684000000000015
mismatch,physical_payload,low_yaw,20,oracle,1005,1,1,-0.6579999999999941
mismatch,physical_payload,low_yaw,20,oracle,1006,1,1,-0.607999999999997
mismatch,physical_payload,low_yaw,20,oracle,1007,1,1,-0.7180000000000177
mismatch,physical_payload,low_yaw,20,oracle,1008,1,1,-0.6559999999999953
mismatch,physical_payload,low_yaw,20,oracle,1009,1,1,-0.7179999999999929
mismatch,physical_payload,low_yaw,20,oracle,1010,1,1,-0.7140000000000128
mismatch,physical_payload,low_yaw,20,oracle,1011,1,1,-0.6659999999999933
mismatch,physical_payload,low_yaw,20,oracle,1012,1,1,-0.607999999999997
mismatch,physical_payload,low_yaw,20,oracle,1013,1,1,-0.5900000000000105
mismatch,physical_payload,low_yaw,20,oracle,1014,1,1,-0.6660000000000181
mismatch,physical_payload,low_yaw,20,oracle,1015,1,1,-0.6420000000000172
mismatch,physical_payload,low_yaw,20,oracle,1016,1,1,-0.6339999999999932
mismatch,physical_payload,low_yaw,20,oracle,1017,1,1,-0.6419999999999959
mismatch,physical_payload,low_yaw,20,oracle,1018,1,1,-0.3860000000000028
mismatch,physical_payload,low_yaw,20,oracle,1019,1,1,-0.6539999999999964
mismatch,physical_payload,low_yaw,20,oracle,1020,1,1,-0.38599999999999923
mismatch,physical_payload,low_yaw,20,oracle,1021,1,1,-0.6339999999999932
mismatch,physical_payload,low_yaw,20,oracle,1022,0,0,33.68399999999999
mismatch,physical_payload,low_yaw,20,oracle,1023,1,1,-0.5660000000000096
mismatch,physical_payload,low_yaw,20,oracle,1024,1,1,-0.607999999999997
mismatch,physical_payload,low_yaw,20,oracle,1025,1,1,-0.38599999999999923
mismatch,physical_payload,low_yaw,20,oracle,1026,1,1,-0.6779999999999937
mismatch,physical_payload,low_yaw,20,oracle,1027,0,0,32.726
mismatch,physical_payload,low_yaw,20,oracle,1028,1,1,-0.6940000000000168
mismatch,physical_payload,low_yaw,20,oracle,1029,1,1,-0.5679999999999943
mismatch,physical_payload,low_yaw,20,oracle,1030,1,1,-0.6180000000000163
mismatch,physical_payload,low_yaw,20,uncertainty_trigger,1001,1,1,0.2779999999999987
mismatch,physical_payload,low_yaw,20,uncertainty_trigger,1002,1,1,0.35599999999999454
mismatch,physical_payload,low_yaw,20,uncertainty_trigger,1003,1,1,0.26200000000000756
mismatch,physical_payload,low_yaw,20,uncertainty_trigger,1004,0,0,0.0
mismatch,physical_payload,low_yaw,20,uncertainty_trigger,1005,1,1,0.2880000000000109
mismatch,physical_payload,low_yaw,20,uncertainty_trigger,1006,1,1,0.2880000000000038
mismatch,physical_payload,low_yaw,20,uncertainty_trigger,1007,1,1,0.22999999999998266
mismatch,physical_payload,low_yaw,20,uncertainty_trigger,1008,1,1,0.2780000000000058
mismatch,physical_payload,low_yaw,20,uncertainty_trigger,1009,1,1,0.23000000000000398
mismatch,physical_payload,low_yaw,20,uncertainty_trigger,1010,1,1,0.22999999999998977
mismatch,physical_payload,low_yaw,20,uncertainty_trigger,1011,1,1,0.23000000000000398
mismatch,physical_payload,low_yaw,20,uncertainty_trigger,1012,1,1,0.2880000000000038
mismatch,physical_payload,low_yaw,20,uncertainty_trigger,1013,1,1,0.35599999999999454
mismatch,physical_payload,low_yaw,20,uncertainty_trigger,1014,1,1,0.22999999999998266
mismatch,physical_payload,low_yaw,20,uncertainty_trigger,1015,1,1,0.2539999999999836
mismatch,physical_payload,low_yaw,20,uncertainty_trigger,1016,1,1,0.26200000000000756
mismatch,physical_payload,low_yaw,20,uncertainty_trigger,1017,1,1,0.31400000000000006
mismatch,physical_payload,low_yaw,20,uncertainty_trigger,1018,1,1,0.509999999999998
mismatch,physical_payload,low_yaw,20,uncertainty_trigger,1019,1,1,0.26200000000000756
mismatch,physical_payload,low_yaw,20,uncertainty_trigger,1020,1,1,0.509999999999998
mismatch,physical_payload,low_yaw,20,uncertainty_trigger,1021,1,1,0.26200000000000756
mismatch,physical_payload,low_yaw,20,uncertainty_trigger,1022,0,0,0.0
mismatch,physical_payload,low_yaw,20,uncertainty_trigger,1023,1,1,0.3299999999999912
mismatch,physical_payload,low_yaw,20,uncertainty_trigger,1024,1,1,0.2880000000000038
mismatch,physical_payload,low_yaw,20,uncertainty_trigger,1025,1,1,0.5619999999999976
mismatch,physical_payload,low_yaw,20,uncertainty_trigger,1026,1,1,0.2540000000000049
mismatch,physical_payload,low_yaw,20,uncertainty_trigger,1027,0,0,0.0
mismatch,physical_payload,low_yaw,20,uncertainty_trigger,1028,1,1,0.2539999999999836
mismatch,physical_payload,low_yaw,20,uncertainty_trigger,1029,1,1,0.382000000000005
mismatch,physical_payload,low_yaw,20,uncertainty_trigger,1030,1,1,0.2779999999999845
break_even,noise10,low_yaw,5,always_probe,1001,1,1,0.6199999999999992
break_even,noise10,low_yaw,5,always_probe,1002,1,1,0.5719999999999992
break_even,noise10,low_yaw,5,always_probe,1003,1,1,0.6199999999999992
break_even,noise10,low_yaw,5,always_probe,1004,0,0,0.0
break_even,noise10,low_yaw,5,always_probe,1005,1,1,0.5939999999999994
break_even,noise10,low_yaw,5,always_probe,1006,1,1,0.5700000000000003
break_even,noise10,low_yaw,5,always_probe,1007,1,1,0.5980000000000008
break_even,noise10,low_yaw,5,always_probe,1008,1,1,0.5980000000000008
break_even,noise10,low_yaw,5,always_probe,1009,1,1,0.597999999999999
break_even,noise10,low_yaw,5,always_probe,1010,1,1,0.5980000000000008
break_even,noise10,low_yaw,5,batch_aware,1001,1,1,0.0
break_even,noise10,low_yaw,5,batch_aware,1002,1,1,0.0
break_even,noise10,low_yaw,5,batch_aware,1003,1,1,0.0
break_even,noise10,low_yaw,5,batch_aware,1004,0,0,0.0
break_even,noise10,low_yaw,5,batch_aware,1005,1,1,0.0
break_even,noise10,low_yaw,5,batch_aware,1006,1,1,0.0
break_even,noise10,low_yaw,5,batch_aware,1007,1,1,0.0
break_even,noise10,low_yaw,5,batch_aware,1008,1,1,0.0
break_even,noise10,low_yaw,5,batch_aware,1009,1,1,0.0
break_even,noise10,low_yaw,5,batch_aware,1010,1,1,0.0
break_even,noise10,low_yaw,5,ignore_passive,1001,1,1,0.0
break_even,noise10,low_yaw,5,ignore_passive,1002,1,1,0.0
break_even,noise10,low_yaw,5,ignore_passive,1003,1,1,0.0
break_even,noise10,low_yaw,5,ignore_passive,1004,0,0,0.0
break_even,noise10,low_yaw,5,ignore_passive,1005,1,1,0.0
break_even,noise10,low_yaw,5,ignore_passive,1006,1,1,0.0
break_even,noise10,low_yaw,5,ignore_passive,1007,1,1,0.0
break_even,noise10,low_yaw,5,ignore_passive,1008,1,1,0.0
break_even,noise10,low_yaw,5,ignore_passive,1009,1,1,0.0
break_even,noise10,low_yaw,5,ignore_passive,1010,1,1,0.0
break_even,noise10,low_yaw,5,uncertainty_trigger,1001,1,1,0.6199999999999992
break_even,noise10,low_yaw,5,uncertainty_trigger,1002,1,1,0.5719999999999992
break_even,noise10,low_yaw,5,uncertainty_trigger,1003,1,1,0.6199999999999992
break_even,noise10,low_yaw,5,uncertainty_trigger,1004,0,0,0.0
break_even,noise10,low_yaw,5,uncertainty_trigger,1005,1,1,0.5939999999999994
break_even,noise10,low_yaw,5,uncertainty_trigger,1006,1,1,0.5700000000000003
break_even,noise10,low_yaw,5,uncertainty_trigger,1007,1,1,0.5980000000000008
break_even,noise10,low_yaw,5,uncertainty_trigger,1008,1,1,0.5980000000000008
break_even,noise10,low_yaw,5,uncertainty_trigger,1009,1,1,0.597999999999999
break_even,noise10,low_yaw,5,uncertainty_trigger,1010,1,1,0.5980000000000008
break_even,noise10,low_yaw,10,always_probe,1001,1,1,0.3940000000000019
break_even,noise10,low_yaw,10,always_probe,1002,1,1,0.32200000000000273
break_even,noise10,low_yaw,10,always_probe,1003,1,1,0.37000000000000455
break_even,noise10,low_yaw,10,always_probe,1004,0,0,0.0
break_even,noise10,low_yaw,10,always_probe,1005,1,1,0.3440000000000012
break_even,noise10,low_yaw,10,always_probe,1006,1,1,0.3200000000000003
break_even,noise10,low_yaw,10,always_probe,1007,1,1,0.347999999999999
break_even,noise10,low_yaw,10,always_probe,1008,1,1,0.34800000000000253
break_even,noise10,low_yaw,10,always_probe,1009,1,1,0.34800000000000253
break_even,noise10,low_yaw,10,always_probe,1010,1,1,0.34800000000000253
break_even,noise10,low_yaw,10,batch_aware,1001,1,1,0.0
break_even,noise10,low_yaw,10,batch_aware,1002,1,1,0.0
break_even,noise10,low_yaw,10,batch_aware,1003,1,1,0.0
break_even,noise10,low_yaw,10,batch_aware,1004,0,0,0.0
break_even,noise10,low_yaw,10,batch_aware,1005,1,1,0.0
break_even,noise10,low_yaw,10,batch_aware,1006,1,1,0.0
break_even,noise10,low_yaw,10,batch_aware,1007,1,1,0.0
break_even,noise10,low_yaw,10,batch_aware,1008,1,1,0.0
break_even,noise10,low_yaw,10,batch_aware,1009,1,1,0.0
break_even,noise10,low_yaw,10,batch_aware,1010,1,1,0.0
break_even,noise10,low_yaw,10,ignore_passive,1001,1,1,0.3940000000000019
break_even,noise10,low_yaw,10,ignore_passive,1002,1,1,0.32200000000000273
break_even,noise10,low_yaw,10,ignore_passive,1003,1,1,0.0
break_even,noise10,low_yaw,10,ignore_passive,1004,0,0,0.0
break_even,noise10,low_yaw,10,ignore_passive,1005,1,1,0.0
break_even,noise10,low_yaw,10,ignore_passive,1006,1,1,0.3200000000000003
break_even,noise10,low_yaw,10,ignore_passive,1007,1,1,0.0
break_even,noise10,low_yaw,10,ignore_passive,1008,1,1,0.0
break_even,noise10,low_yaw,10,ignore_passive,1009,1,1,0.0
break_even,noise10,low_yaw,10,ignore_passive,1010,1,1,0.0
break_even,noise10,low_yaw,10,uncertainty_trigger,1001,1,1,0.3940000000000019
break_even,noise10,low_yaw,10,uncertainty_trigger,1002,1,1,0.32200000000000273
break_even,noise10,low_yaw,10,uncertainty_trigger,1003,1,1,0.37000000000000455
break_even,noise10,low_yaw,10,uncertainty_trigger,1004,0,0,0.0
break_even,noise10,low_yaw,10,uncertainty_trigger,1005,1,1,0.3440000000000012
break_even,noise10,low_yaw,10,uncertainty_trigger,1006,1,1,0.3200000000000003
break_even,noise10,low_yaw,10,uncertainty_trigger,1007,1,1,0.347999999999999
break_even,noise10,low_yaw,10,uncertainty_trigger,1008,1,1,0.34800000000000253
break_even,noise10,low_yaw,10,uncertainty_trigger,1009,1,1,0.34800000000000253
break_even,noise10,low_yaw,10,uncertainty_trigger,1010,1,1,0.34800000000000253
break_even,noise10,low_yaw,15,always_probe,1001,1,1,0.23999999999999488
break_even,noise10,low_yaw,15,always_probe,1002,1,1,0.07200000000000628
break_even,noise10,low_yaw,15,always_probe,1003,1,1,0.11999999999999744
break_even,noise10,low_yaw,15,always_probe,1004,0,0,0.0
break_even,noise10,low_yaw,15,always_probe,1005,1,1,0.21399999999999508
break_even,noise10,low_yaw,15,always_probe,1006,1,1,0.09399999999999764
break_even,noise10,low_yaw,15,always_probe,1007,1,1,0.17600000000000549
break_even,noise10,low_yaw,15,always_probe,1008,1,1,0.2280000000000051
break_even,noise10,low_yaw,15,always_probe,1009,1,1,0.09799999999999898
break_even,noise10,low_yaw,15,always_probe,1010,1,1,0.09800000000000253
break_even,noise10,low_yaw,15,batch_aware,1001,1,1,0.0
break_even,noise10,low_yaw,15,batch_aware,1002,1,1,0.0
break_even,noise10,low_yaw,15,batch_aware,1003,1,1,0.0
break_even,noise10,low_yaw,15,batch_aware,1004,0,0,0.0
break_even,noise10,low_yaw,15,batch_aware,1005,1,1,0.0
break_even,noise10,low_yaw,15,batch_aware,1006,1,1,0.0
break_even,noise10,low_yaw,15,batch_aware,1007,1,1,0.0
break_even,noise10,low_yaw,15,batch_aware,1008,1,1,0.0
break_even,noise10,low_yaw,15,batch_aware,1009,1,1,0.0
break_even,noise10,low_yaw,15,batch_aware,1010,1,1,0.0
break_even,noise10,low_yaw,15,ignore_passive,1001,1,1,0.23999999999999488
break_even,noise10,low_yaw,15,ignore_passive,1002,1,1,0.07200000000000628
break_even,noise10,low_yaw,15,ignore_passive,1003,1,1,0.11999999999999744
break_even,noise10,low_yaw,15,ignore_passive,1004,0,0,0.0
break_even,noise10,low_yaw,15,ignore_passive,1005,1,1,0.21399999999999508
break_even,noise10,low_yaw,15,ignore_passive,1006,1,1,0.09399999999999764
break_even,noise10,low_yaw,15,ignore_passive,1007,1,1,0.17600000000000549
break_even,noise10,low_yaw,15,ignore_passive,1008,1,1,0.2280000000000051
break_even,noise10,low_yaw,15,ignore_passive,1009,1,1,0.09799999999999898
break_even,noise10,low_yaw,15,ignore_passive,1010,1,1,0.09800000000000253
break_even,noise10,low_yaw,15,uncertainty_trigger,1001,1,1,0.23999999999999488
break_even,noise10,low_yaw,15,uncertainty_trigger,1002,1,1,0.07200000000000628
break_even,noise10,low_yaw,15,uncertainty_trigger,1003,1,1,0.11999999999999744
break_even,noise10,low_yaw,15,uncertainty_trigger,1004,0,0,0.0
break_even,noise10,low_yaw,15,uncertainty_trigger,1005,1,1,0.21399999999999508
break_even,noise10,low_yaw,15,uncertainty_trigger,1006,1,1,0.09399999999999764
break_even,noise10,low_yaw,15,uncertainty_trigger,1007,1,1,0.17600000000000549
break_even,noise10,low_yaw,15,uncertainty_trigger,1008,1,1,0.2280000000000051
break_even,noise10,low_yaw,15,uncertainty_trigger,1009,1,1,0.09799999999999898
break_even,noise10,low_yaw,15,uncertainty_trigger,1010,1,1,0.09800000000000253
break_even,noise10,low_yaw,25,always_probe,1001,1,1,-0.020000000000017337
break_even,noise10,low_yaw,25,always_probe,1002,1,1,-0.2979999999999947
break_even,noise10,low_yaw,25,always_probe,1003,1,1,-0.38000000000000966
break_even,noise10,low_yaw,25,always_probe,1004,0,0,0.0
break_even,noise10,low_yaw,25,always_probe,1005,1,1,-0.046000000000013586
break_even,noise10,low_yaw,25,always_probe,1006,1,1,-0.16600000000001103
break_even,noise10,low_yaw,25,always_probe,1007,1,1,-0.06400000000000006
break_even,noise10,low_yaw,25,always_probe,1008,1,1,-0.012000000000000455
break_even,noise10,low_yaw,25,always_probe,1009,1,1,-0.40200000000000813
break_even,noise10,low_yaw,25,always_probe,1010,1,1,-0.21999999999999176
break_even,noise10,low_yaw,25,batch_aware,1001,1,1,-0.020000000000017337
break_even,noise10,low_yaw,25,batch_aware,1002,1,1,-0.2979999999999947
break_even,noise10,low_yaw,25,batch_aware,1003,1,1,-0.38000000000000966
break_even,noise10,low_yaw,25,batch_aware,1004,0,0,0.0
break_even,noise10,low_yaw,25,batch_aware,1005,1,1,-0.046000000000013586
break_even,noise10,low_yaw,25,batch_aware,1006,1,1,-0.16600000000001103
break_even,noise10,low_yaw,25,batch_aware,1007,1,1,-0.06400000000000006
break_even,noise10,low_yaw,25,batch_aware,1008,1,1,-0.012000000000000455
break_even,noise10,low_yaw,25,batch_aware,1009,1,1,-0.40200000000000813
break_even,noise10,low_yaw,25,batch_aware,1010,1,1,-0.21999999999999176
break_even,noise10,low_yaw,25,ignore_passive,1001,1,1,-0.020000000000017337
break_even,noise10,low_yaw,25,ignore_passive,1002,1,1,-0.2979999999999947
break_even,noise10,low_yaw,25,ignore_passive,1003,1,1,-0.38000000000000966
break_even,noise10,low_yaw,25,ignore_passive,1004,0,0,0.0
break_even,noise10,low_yaw,25,ignore_passive,1005,1,1,-0.046000000000013586
break_even,noise10,low_yaw,25,ignore_passive,1006,1,1,-0.16600000000001103
break_even,noise10,low_yaw,25,ignore_passive,1007,1,1,-0.06400000000000006
break_even,noise10,low_yaw,25,ignore_passive,1008,1,1,-0.012000000000000455
break_even,noise10,low_yaw,25,ignore_passive,1009,1,1,-0.40200000000000813
break_even,noise10,low_yaw,25,ignore_passive,1010,1,1,-0.21999999999999176
break_even,noise10,low_yaw,25,uncertainty_trigger,1001,1,1,-0.020000000000017337
break_even,noise10,low_yaw,25,uncertainty_trigger,1002,1,1,-0.2979999999999947
break_even,noise10,low_yaw,25,uncertainty_trigger,1003,1,1,-0.38000000000000966
break_even,noise10,low_yaw,25,uncertainty_trigger,1004,0,0,0.0
break_even,noise10,low_yaw,25,uncertainty_trigger,1005,1,1,-0.046000000000013586
break_even,noise10,low_yaw,25,uncertainty_trigger,1006,1,1,-0.16600000000001103
break_even,noise10,low_yaw,25,uncertainty_trigger,1007,1,1,-0.06400000000000006
break_even,noise10,low_yaw,25,uncertainty_trigger,1008,1,1,-0.012000000000000455
break_even,noise10,low_yaw,25,uncertainty_trigger,1009,1,1,-0.40200000000000813
break_even,noise10,low_yaw,25,uncertainty_trigger,1010,1,1,-0.21999999999999176
break_even,noise10,low_yaw,30,always_probe,1001,1,1,-0.1500000000000128
break_even,noise10,low_yaw,30,always_probe,1002,1,1,-0.41799999999999216
break_even,noise10,low_yaw,30,always_probe,1003,1,1,-0.6300000000000097
break_even,noise10,low_yaw,30,always_probe,1004,0,0,0.0
break_even,noise10,low_yaw,30,always_probe,1005,1,1,-0.17600000000001614
break_even,noise10,low_yaw,30,always_probe,1006,1,1,-0.2960000000000065
break_even,noise10,low_yaw,30,always_probe,1007,1,1,-0.1839999999999975
break_even,noise10,low_yaw,30,always_probe,1008,1,1,-0.1319999999999979
break_even,noise10,low_yaw,30,always_probe,1009,1,1,-0.5480000000000089
break_even,noise10,low_yaw,30,always_probe,1010,1,1,-0.3399999999999963
break_even,noise10,low_yaw,30,batch_aware,1001,1,1,-0.1500000000000128
break_even,noise10,low_yaw,30,batch_aware,1002,1,1,-0.41799999999999216
break_even,noise10,low_yaw,30,batch_aware,1003,1,1,-0.6300000000000097
break_even,noise10,low_yaw,30,batch_aware,1004,0,0,0.0
break_even,noise10,low_yaw,30,batch_aware,1005,1,1,-0.17600000000001614
break_even,noise10,low_yaw,30,batch_aware,1006,1,1,-0.2960000000000065
break_even,noise10,low_yaw,30,batch_aware,1007,1,1,-0.1839999999999975
break_even,noise10,low_yaw,30,batch_aware,1008,1,1,-0.1319999999999979
break_even,noise10,low_yaw,30,batch_aware,1009,1,1,-0.5480000000000089
break_even,noise10,low_yaw,30,batch_aware,1010,1,1,-0.3399999999999963
break_even,noise10,low_yaw,30,ignore_passive,1001,1,1,-0.1500000000000128
break_even,noise10,low_yaw,30,ignore_passive,1002,1,1,-0.41799999999999216
break_even,noise10,low_yaw,30,ignore_passive,1003,1,1,-0.6300000000000097
break_even,noise10,low_yaw,30,ignore_passive,1004,0,0,0.0
break_even,noise10,low_yaw,30,ignore_passive,1005,1,1,-0.17600000000001614
break_even,noise10,low_yaw,30,ignore_passive,1006,1,1,-0.2960000000000065
break_even,noise10,low_yaw,30,ignore_passive,1007,1,1,-0.1839999999999975
break_even,noise10,low_yaw,30,ignore_passive,1008,1,1,-0.1319999999999979
break_even,noise10,low_yaw,30,ignore_passive,1009,1,1,-0.5480000000000089
break_even,noise10,low_yaw,30,ignore_passive,1010,1,1,-0.3399999999999963
break_even,noise10,low_yaw,30,uncertainty_trigger,1001,1,1,-0.1500000000000128
break_even,noise10,low_yaw,30,uncertainty_trigger,1002,1,1,-0.41799999999999216
break_even,noise10,low_yaw,30,uncertainty_trigger,1003,1,1,-0.6300000000000097
break_even,noise10,low_yaw,30,uncertainty_trigger,1004,0,0,0.0
break_even,noise10,low_yaw,30,uncertainty_trigger,1005,1,1,-0.17600000000001614
break_even,noise10,low_yaw,30,uncertainty_trigger,1006,1,1,-0.2960000000000065
break_even,noise10,low_yaw,30,uncertainty_trigger,1007,1,1,-0.1839999999999975
break_even,noise10,low_yaw,30,uncertainty_trigger,1008,1,1,-0.1319999999999979
break_even,noise10,low_yaw,30,uncertainty_trigger,1009,1,1,-0.5480000000000089
break_even,noise10,low_yaw,30,uncertainty_trigger,1010,1,1,-0.3399999999999963
