group,setting,seed,N,family,method,pred_sd_mass,pred_sd_inertia,sd_mass,sd_inertia
extended,base,1001,1,excited,always_probe,0.004096541872476868,0.00014697459102505102,0.00410211202679113,0.0001378888113323785
extended,base,1001,1,excited,uncertainty_trigger,0.004096541872476868,0.00014697459102505102,0.00410211202679113,0.0001378888113323785
extended,base,1002,1,excited,always_probe,0.004045936433273289,0.00014723702721984675,0.004044254254333677,0.0001447401203605982
extended,base,1002,1,excited,uncertainty_trigger,0.004045936433273289,0.00014723702721984675,0.004044254254333677,0.0001447401203605982
extended,base,1003,1,excited,always_probe,0.003914140143571718,0.00014710824853474103,0.003908016120147591,0.00014226655045152865
extended,base,1003,1,excited,uncertainty_trigger,0.003914140143571718,0.00014710824853474103,0.003908016120147591,0.00014226655045152865
extended,base,1005,1,excited,always_probe,0.0039039876040455218,0.0001472498601924423,0.003896760825688914,0.00016347153551783696
extended,base,1005,1,excited,uncertainty_trigger,0.0039039876040455218,0.0001472498601924423,0.003896760825688914,0.00016347153551783696
extended,base,1006,1,excited,always_probe,0.004037457125764736,0.00014710505818570736,0.004033882575334613,0.00015184576386543413
extended,base,1006,1,excited,uncertainty_trigger,0.004037457125764736,0.00014710505818570736,0.004033882575334613,0.00015184576386543413
extended,base,1007,1,excited,always_probe,0.003794312747598174,0.00014711701150686482,0.003788315359395093,0.00015897768959547768
extended,base,1007,1,excited,uncertainty_trigger,0.003794312747598174,0.00014711701150686482,0.003788315359395093,0.00015897768959547768
extended,base,1008,1,excited,always_probe,0.003912398050149847,0.0001470878192043169,0.00390603233482661,0.0001589701258258737
extended,base,1008,1,excited,uncertainty_trigger,0.003912398050149847,0.0001470878192043169,0.00390603233482661,0.0001589701258258737
extended,base,1009,1,excited,always_probe,0.0037925711861297746,0.00014725062693352045,0.0037859727865259384,0.0001440407207229238
extended,base,1009,1,excited,uncertainty_trigger,0.0037925711861297746,0.00014725062693352045,0.0037859727865259384,0.0001440407207229238
extended,base,1010,1,excited,always_probe,0.003905956665972605,0.00014689048323521928,0.0038990451482950727,0.00014956796591473158
extended,base,1010,1,excited,uncertainty_trigger,0.003905956665972605,0.00014689048323521928,0.0038990451482950727,0.00014956796591473158
extended,base,1011,1,excited,always_probe,0.004027047331906211,0.00014726338244791333,0.004022080381196177,0.00015050162010428944
extended,base,1011,1,excited,uncertainty_trigger,0.004027047331906211,0.00014726338244791333,0.004022080381196177,0.00015050162010428944
extended,base,1012,1,excited,always_probe,0.004031833998642088,0.00014722674355128597,0.0040274442154489875,0.00015763333459467842
extended,base,1012,1,excited,uncertainty_trigger,0.004031833998642088,0.00014722674355128597,0.0040274442154489875,0.00015763333459467842
extended,base,1013,1,excited,always_probe,0.003996092581373047,0.0001471979807815912,0.004002424607253833,0.0001386765972652033
extended,base,1013,1,excited,uncertainty_trigger,0.003996092581373047,0.0001471979807815912,0.004002424607253833,0.0001386765972652033
extended,base,1014,1,excited,always_probe,0.004057318623256181,0.0001473463222250096,0.004057828326929321,0.00015098194630257743
extended,base,1014,1,excited,uncertainty_trigger,0.004057318623256181,0.0001473463222250096,0.004057828326929321,0.00015098194630257743
extended,base,1015,1,excited,always_probe,0.004041749035846931,0.00014724176928533983,0.004039722955034922,0.00015196069210773224
extended,base,1015,1,excited,uncertainty_trigger,0.004041749035846931,0.00014724176928533983,0.004039722955034922,0.00015196069210773224
extended,base,1016,1,excited,always_probe,0.004017579770784056,0.0001471636934423723,0.004010319806089907,0.00014686407322783167
extended,base,1016,1,excited,uncertainty_trigger,0.004017579770784056,0.0001471636934423723,0.004010319806089907,0.00014686407322783167
extended,base,1017,1,excited,always_probe,0.0039157302715515764,0.00014663124394958136,0.0039225278781426474,0.00015890594935765153
extended,base,1017,1,excited,uncertainty_trigger,0.0039157302715515764,0.00014663124394958136,0.0039225278781426474,0.00015890594935765153
extended,base,1018,1,excited,always_probe,0.004092701212492576,0.00014689963511622256,0.004097567938100937,0.00014708508896405558
extended,base,1018,1,excited,uncertainty_trigger,0.004092701212492576,0.00014689963511622256,0.004097567938100937,0.00014708508896405558
extended,base,1019,1,excited,always_probe,0.003916786267615481,0.00014733247268952917,0.003910783024902744,0.00014564017708032918
extended,base,1019,1,excited,uncertainty_trigger,0.003916786267615481,0.00014733247268952917,0.003910783024902744,0.00014564017708032918
extended,base,1020,1,excited,always_probe,0.004087985277193879,0.0001471958964612849,0.004093242373750237,0.0001429491806777334
extended,base,1020,1,excited,uncertainty_trigger,0.004087985277193879,0.0001471958964612849,0.004093242373750237,0.0001429491806777334
extended,base,1021,1,excited,always_probe,0.004044282079106755,0.00014722810970244925,0.004042176509096638,0.00013866225606951166
extended,base,1021,1,excited,uncertainty_trigger,0.004044282079106755,0.00014722810970244925,0.004042176509096638,0.00013866225606951166
extended,base,1023,1,excited,always_probe,0.004037576245351552,0.0001472562574653262,0.00403412463230917,0.0001626481666289996
extended,base,1023,1,excited,uncertainty_trigger,0.004037576245351552,0.0001472562574653262,0.00403412463230917,0.0001626481666289996
extended,base,1024,1,excited,always_probe,0.004034580430332956,0.00014724335611751197,0.004030912612365025,0.00014230904543869276
extended,base,1024,1,excited,uncertainty_trigger,0.004034580430332956,0.00014724335611751197,0.004030912612365025,0.00014230904543869276
extended,base,1025,1,excited,always_probe,0.0038983144920137,0.00014717874723655907,0.0039047044088162284,0.00015249094526880206
extended,base,1025,1,excited,uncertainty_trigger,0.0038983144920137,0.00014717874723655907,0.0039047044088162284,0.00015249094526880206
extended,base,1026,1,excited,always_probe,0.003912486372997154,0.00014725771432834493,0.0039061572013045272,0.00015130542780619196
extended,base,1026,1,excited,uncertainty_trigger,0.003912486372997154,0.00014725771432834493,0.0039061572013045272,0.00015130542780619196
extended,base,1028,1,excited,always_probe,0.003897743001133661,0.00014630551514208077,0.003904043332362493,0.0001451036176712371
extended,base,1028,1,excited,uncertainty_trigger,0.003897743001133661,0.00014630551514208077,0.003904043332362493,0.0001451036176712371
extended,base,1029,1,excited,always_probe,0.0039011108979261676,0.00014708539937814704,0.003907584909746627,0.00015918526314389462
extended,base,1029,1,excited,uncertainty_trigger,0.0039011108979261676,0.00014708539937814704,0.003907584909746627,0.00015918526314389462
extended,base,1030,1,excited,always_probe,0.004019068157034158,0.0001473269004479313,0.004012174234007709,0.00013816927782486692
extended,base,1030,1,excited,uncertainty_trigger,0.004019068157034158,0.0001473269004479313,0.004012174234007709,0.00013816927782486692
extended,base,1001,5,excited,always_probe,0.004096541872476868,0.00014697459102505102,0.00410211202679113,0.0001378888113323785
extended,base,1001,5,excited,uncertainty_trigger,0.004096541872476868,0.00014697459102505102,0.00410211202679113,0.0001378888113323785
extended,base,1002,5,excited,always_probe,0.004045936433273289,0.00014723702721984675,0.004044254254333677,0.0001447401203605982
extended,base,1002,5,excited,uncertainty_trigger,0.004045936433273289,0.00014723702721984675,0.004044254254333677,0.0001447401203605982
extended,base,1003,5,excited,always_probe,0.003914140143571718,0.00014710824853474103,0.003908016120147591,0.00014226655045152865
extended,base,1003,5,excited,uncertainty_trigger,0.003914140143571718,0.00014710824853474103,0.003908016120147591,0.00014226655045152865
extended,base,1005,5,excited,always_probe,0.0039039876040455218,0.0001472498601924423,0.003896760825688914,0.00016347153551783696
extended,base,1005,5,excited,uncertainty_trigger,0.0039039876040455218,0.0001472498601924423,0.003896760825688914,0.00016347153551783696
extended,base,1006,5,excited,always_probe,0.004037457125764736,0.00014710505818570736,0.004033882575334613,0.00015184576386543413
extended,base,1006,5,excited,uncertainty_trigger,0.004037457125764736,0.00014710505818570736,0.004033882575334613,0.00015184576386543413
extended,base,1007,5,excited,always_probe,0.003794312747598174,0.00014711701150686482,0.003788315359395093,0.00015897768959547768
extended,base,1007,5,excited,uncertainty_trigger,0.003794312747598174,0.00014711701150686482,0.003788315359395093,0.00015897768959547768
extended,base,1008,5,excited,always_probe,0.003912398050149847,0.0001470878192043169,0.00390603233482661,0.0001589701258258737
extended,base,1008,5,excited,uncertainty_trigger,0.003912398050149847,0.0001470878192043169,0.00390603233482661,0.0001589701258258737
extended,base,1009,5,excited,always_probe,0.0037925711861297746,0.00014725062693352045,0.0037859727865259384,0.0001440407207229238
extended,base,1009,5,excited,uncertainty_trigger,0.0037925711861297746,0.00014725062693352045,0.0037859727865259384,0.0001440407207229238
extended,base,1010,5,excited,always_probe,0.003905956665972605,0.00014689048323521928,0.0038990451482950727,0.00014956796591473158
extended,base,1010,5,excited,uncertainty_trigger,0.003905956665972605,0.00014689048323521928,0.0038990451482950727,0.00014956796591473158
extended,base,1011,5,excited,always_probe,0.004027047331906211,0.00014726338244791333,0.004022080381196177,0.00015050162010428944
extended,base,1011,5,excited,uncertainty_trigger,0.004027047331906211,0.00014726338244791333,0.004022080381196177,0.00015050162010428944
extended,base,1012,5,excited,always_probe,0.004031833998642088,0.00014722674355128597,0.0040274442154489875,0.00015763333459467842
extended,base,1012,5,excited,uncertainty_trigger,0.004031833998642088,0.00014722674355128597,0.0040274442154489875,0.00015763333459467842
extended,base,1013,5,excited,always_probe,0.003996092581373047,0.0001471979807815912,0.004002424607253833,0.0001386765972652033
extended,base,1013,5,excited,uncertainty_trigger,0.003996092581373047,0.0001471979807815912,0.004002424607253833,0.0001386765972652033
extended,base,1014,5,excited,always_probe,0.004057318623256181,0.0001473463222250096,0.004057828326929321,0.00015098194630257743
extended,base,1014,5,excited,uncertainty_trigger,0.004057318623256181,0.0001473463222250096,0.004057828326929321,0.00015098194630257743
extended,base,1015,5,excited,always_probe,0.004041749035846931,0.00014724176928533983,0.004039722955034922,0.00015196069210773224
extended,base,1015,5,excited,uncertainty_trigger,0.004041749035846931,0.00014724176928533983,0.004039722955034922,0.00015196069210773224
extended,base,1016,5,excited,always_probe,0.004017579770784056,0.0001471636934423723,0.004010319806089907,0.00014686407322783167
extended,base,1016,5,excited,uncertainty_trigger,0.004017579770784056,0.0001471636934423723,0.004010319806089907,0.00014686407322783167
extended,base,1017,5,excited,always_probe,0.0039157302715515764,0.00014663124394958136,0.0039225278781426474,0.00015890594935765153
extended,base,1017,5,excited,uncertainty_trigger,0.0039157302715515764,0.00014663124394958136,0.0039225278781426474,0.00015890594935765153
extended,base,1018,5,excited,always_probe,0.004092701212492576,0.00014689963511622256,0.004097567938100937,0.00014708508896405558
extended,base,1018,5,excited,uncertainty_trigger,0.004092701212492576,0.00014689963511622256,0.004097567938100937,0.00014708508896405558
extended,base,1019,5,excited,always_probe,0.003916786267615481,0.00014733247268952917,0.003910783024902744,0.00014564017708032918
extended,base,1019,5,excited,uncertainty_trigger,0.003916786267615481,0.00014733247268952917,0.003910783024902744,0.00014564017708032918
extended,base,1020,5,excited,always_probe,0.004087985277193879,0.0001471958964612849,0.004093242373750237,0.0001429491806777334
extended,base,1020,5,excited,uncertainty_trigger,0.004087985277193879,0.0001471958964612849,0.004093242373750237,0.0001429491806777334
extended,base,1021,5,excited,always_probe,0.004044282079106755,0.00014722810970244925,0.004042176509096638,0.00013866225606951166
extended,base,1021,5,excited,uncertainty_trigger,0.004044282079106755,0.00014722810970244925,0.004042176509096638,0.00013866225606951166
extended,base,1023,5,excited,always_probe,0.004037576245351552,0.0001472562574653262,0.00403412463230917,0.0001626481666289996
extended,base,1023,5,excited,uncertainty_trigger,0.004037576245351552,0.0001472562574653262,0.00403412463230917,0.0001626481666289996
extended,base,1024,5,excited,always_probe,0.004034580430332956,0.00014724335611751197,0.004030912612365025,0.00014230904543869276
extended,base,1024,5,excited,uncertainty_trigger,0.004034580430332956,0.00014724335611751197,0.004030912612365025,0.00014230904543869276
extended,base,1025,5,excited,always_probe,0.0038983144920137,0.00014717874723655907,0.0039047044088162284,0.00015249094526880206
extended,base,1025,5,excited,uncertainty_trigger,0.0038983144920137,0.00014717874723655907,0.0039047044088162284,0.00015249094526880206
extended,base,1026,5,excited,always_probe,0.003912486372997154,0.00014725771432834493,0.0039061572013045272,0.00015130542780619196
extended,base,1026,5,excited,uncertainty_trigger,0.003912486372997154,0.00014725771432834493,0.0039061572013045272,0.00015130542780619196
extended,base,1028,5,excited,always_probe,0.003897743001133661,0.00014630551514208077,0.003904043332362493,0.0001451036176712371
extended,base,1028,5,excited,uncertainty_trigger,0.003897743001133661,0.00014630551514208077,0.003904043332362493,0.0001451036176712371
extended,base,1029,5,excited,always_probe,0.0039011108979261676,0.00014708539937814704,0.003907584909746627,0.00015918526314389462
extended,base,1029,5,excited,uncertainty_trigger,0.0039011108979261676,0.00014708539937814704,0.003907584909746627,0.00015918526314389462
extended,base,1030,5,excited,always_probe,0.004019068157034158,0.0001473269004479313,0.004012174234007709,0.00013816927782486692
extended,base,1030,5,excited,uncertainty_trigger,0.004019068157034158,0.0001473269004479313,0.004012174234007709,0.00013816927782486692
extended,base,1001,20,excited,always_probe,0.004096541872476868,0.00014697459102505102,0.00410211202679113,0.0001378888113323785
extended,base,1001,20,excited,ignore_passive,0.004096541872476868,0.00014697459102505102,0.00410211202679113,0.0001378888113323785
extended,base,1001,20,excited,uncertainty_trigger,0.004096541872476868,0.00014697459102505102,0.00410211202679113,0.0001378888113323785
extended,base,1002,20,excited,always_probe,0.004045936433273289,0.00014723702721984675,0.004044254254333677,0.0001447401203605982
extended,base,1002,20,excited,ignore_passive,0.004045936433273289,0.00014723702721984675,0.004044254254333677,0.0001447401203605982
extended,base,1002,20,excited,uncertainty_trigger,0.004045936433273289,0.00014723702721984675,0.004044254254333677,0.0001447401203605982
extended,base,1003,20,excited,always_probe,0.003914140143571718,0.00014710824853474103,0.003908016120147591,0.00014226655045152865
extended,base,1003,20,excited,ignore_passive,0.003914140143571718,0.00014710824853474103,0.003908016120147591,0.00014226655045152865
extended,base,1003,20,excited,uncertainty_trigger,0.003914140143571718,0.00014710824853474103,0.003908016120147591,0.00014226655045152865
extended,base,1005,20,excited,always_probe,0.0039039876040455218,0.0001472498601924423,0.003896760825688914,0.00016347153551783696
extended,base,1005,20,excited,ignore_passive,0.0039039876040455218,0.0001472498601924423,0.003896760825688914,0.00016347153551783696
extended,base,1005,20,excited,uncertainty_trigger,0.0039039876040455218,0.0001472498601924423,0.003896760825688914,0.00016347153551783696
extended,base,1006,20,excited,always_probe,0.004037457125764736,0.00014710505818570736,0.004033882575334613,0.00015184576386543413
extended,base,1006,20,excited,ignore_passive,0.004037457125764736,0.00014710505818570736,0.004033882575334613,0.00015184576386543413
extended,base,1006,20,excited,uncertainty_trigger,0.004037457125764736,0.00014710505818570736,0.004033882575334613,0.00015184576386543413
extended,base,1007,20,excited,always_probe,0.003794312747598174,0.00014711701150686482,0.003788315359395093,0.00015897768959547768
extended,base,1007,20,excited,ignore_passive,0.003794312747598174,0.00014711701150686482,0.003788315359395093,0.00015897768959547768
extended,base,1007,20,excited,uncertainty_trigger,0.003794312747598174,0.00014711701150686482,0.003788315359395093,0.00015897768959547768
extended,base,1008,20,excited,always_probe,0.003912398050149847,0.0001470878192043169,0.00390603233482661,0.0001589701258258737
extended,base,1008,20,excited,ignore_passive,0.003912398050149847,0.0001470878192043169,0.00390603233482661,0.0001589701258258737
extended,base,1008,20,excited,uncertainty_trigger,0.003912398050149847,0.0001470878192043169,0.00390603233482661,0.0001589701258258737
extended,base,1009,20,excited,always_probe,0.0037925711861297746,0.00014725062693352045,0.0037859727865259384,0.0001440407207229238
extended,base,1009,20,excited,ignore_passive,0.0037925711861297746,0.00014725062693352045,0.0037859727865259384,0.0001440407207229238
extended,base,1009,20,excited,uncertainty_trigger,0.0037925711861297746,0.00014725062693352045,0.0037859727865259384,0.0001440407207229238
extended,base,1010,20,excited,always_probe,0.003905956665972605,0.00014689048323521928,0.0038990451482950727,0.00014956796591473158
extended,base,1010,20,excited,ignore_passive,0.003905956665972605,0.00014689048323521928,0.0038990451482950727,0.00014956796591473158
extended,base,1010,20,excited,uncertainty_trigger,0.003905956665972605,0.00014689048323521928,0.0038990451482950727,0.00014956796591473158
extended,base,1011,20,excited,always_probe,0.004027047331906211,0.00014726338244791333,0.004022080381196177,0.00015050162010428944
extended,base,1011,20,excited,ignore_passive,0.004027047331906211,0.00014726338244791333,0.004022080381196177,0.00015050162010428944
extended,base,1011,20,excited,uncertainty_trigger,0.004027047331906211,0.00014726338244791333,0.004022080381196177,0.00015050162010428944
extended,base,1012,20,excited,always_probe,0.004031833998642088,0.00014722674355128597,0.0040274442154489875,0.00015763333459467842
extended,base,1012,20,excited,ignore_passive,0.004031833998642088,0.00014722674355128597,0.0040274442154489875,0.00015763333459467842
extended,base,1012,20,excited,uncertainty_trigger,0.004031833998642088,0.00014722674355128597,0.0040274442154489875,0.00015763333459467842
extended,base,1013,20,excited,always_probe,0.003996092581373047,0.0001471979807815912,0.004002424607253833,0.0001386765972652033
extended,base,1013,20,excited,ignore_passive,0.003996092581373047,0.0001471979807815912,0.004002424607253833,0.0001386765972652033
extended,base,1013,20,excited,uncertainty_trigger,0.003996092581373047,0.0001471979807815912,0.004002424607253833,0.0001386765972652033
extended,base,1014,20,excited,always_probe,0.004057318623256181,0.0001473463222250096,0.004057828326929321,0.00015098194630257743
extended,base,1014,20,excited,ignore_passive,0.004057318623256181,0.0001473463222250096,0.004057828326929321,0.00015098194630257743
extended,base,1014,20,excited,uncertainty_trigger,0.004057318623256181,0.0001473463222250096,0.004057828326929321,0.00015098194630257743
extended,base,1015,20,excited,always_probe,0.004041749035846931,0.00014724176928533983,0.004039722955034922,0.00015196069210773224
extended,base,1015,20,excited,ignore_passive,0.004041749035846931,0.00014724176928533983,0.004039722955034922,0.00015196069210773224
extended,base,1015,20,excited,uncertainty_trigger,0.004041749035846931,0.00014724176928533983,0.004039722955034922,0.00015196069210773224
extended,base,1016,20,excited,always_probe,0.004017579770784056,0.0001471636934423723,0.004010319806089907,0.00014686407322783167
extended,base,1016,20,excited,ignore_passive,0.004017579770784056,0.0001471636934423723,0.004010319806089907,0.00014686407322783167
extended,base,1016,20,excited,uncertainty_trigger,0.004017579770784056,0.0001471636934423723,0.004010319806089907,0.00014686407322783167
extended,base,1017,20,excited,always_probe,0.0039157302715515764,0.00014663124394958136,0.0039225278781426474,0.00015890594935765153
extended,base,1017,20,excited,ignore_passive,0.0039157302715515764,0.00014663124394958136,0.0039225278781426474,0.00015890594935765153
extended,base,1017,20,excited,uncertainty_trigger,0.0039157302715515764,0.00014663124394958136,0.0039225278781426474,0.00015890594935765153
extended,base,1018,20,excited,always_probe,0.004092701212492576,0.00014689963511622256,0.004097567938100937,0.00014708508896405558
extended,base,1018,20,excited,ignore_passive,0.004092701212492576,0.00014689963511622256,0.004097567938100937,0.00014708508896405558
extended,base,1018,20,excited,uncertainty_trigger,0.004092701212492576,0.00014689963511622256,0.004097567938100937,0.00014708508896405558
extended,base,1019,20,excited,always_probe,0.003916786267615481,0.00014733247268952917,0.003910783024902744,0.00014564017708032918
extended,base,1019,20,excited,ignore_passive,0.003916786267615481,0.00014733247268952917,0.003910783024902744,0.00014564017708032918
extended,base,1019,20,excited,uncertainty_trigger,0.003916786267615481,0.00014733247268952917,0.003910783024902744,0.00014564017708032918
extended,base,1020,20,excited,always_probe,0.004087985277193879,0.0001471958964612849,0.004093242373750237,0.0001429491806777334
extended,base,1020,20,excited,ignore_passive,0.004087985277193879,0.0001471958964612849,0.004093242373750237,0.0001429491806777334
extended,base,1020,20,excited,uncertainty_trigger,0.004087985277193879,0.0001471958964612849,0.004093242373750237,0.0001429491806777334
extended,base,1021,20,excited,always_probe,0.004044282079106755,0.00014722810970244925,0.004042176509096638,0.00013866225606951166
extended,base,1021,20,excited,ignore_passive,0.004044282079106755,0.00014722810970244925,0.004042176509096638,0.00013866225606951166
extended,base,1021,20,excited,uncertainty_trigger,0.004044282079106755,0.00014722810970244925,0.004042176509096638,0.00013866225606951166
extended,base,1023,20,excited,always_probe,0.004037576245351552,0.0001472562574653262,0.00403412463230917,0.0001626481666289996
extended,base,1023,20,excited,ignore_passive,0.004037576245351552,0.0001472562574653262,0.00403412463230917,0.0001626481666289996
extended,base,1023,20,excited,uncertainty_trigger,0.004037576245351552,0.0001472562574653262,0.00403412463230917,0.0001626481666289996
extended,base,1024,20,excited,always_probe,0.004034580430332956,0.00014724335611751197,0.004030912612365025,0.00014230904543869276
extended,base,1024,20,excited,ignore_passive,0.004034580430332956,0.00014724335611751197,0.004030912612365025,0.00014230904543869276
extended,base,1024,20,excited,uncertainty_trigger,0.004034580430332956,0.00014724335611751197,0.004030912612365025,0.00014230904543869276
extended,base,1025,20,excited,always_probe,0.0038983144920137,0.00014717874723655907,0.0039047044088162284,0.00015249094526880206
extended,base,1025,20,excited,ignore_passive,0.0038983144920137,0.00014717874723655907,0.0039047044088162284,0.00015249094526880206
extended,base,1025,20,excited,uncertainty_trigger,0.0038983144920137,0.00014717874723655907,0.0039047044088162284,0.00015249094526880206
extended,base,1026,20,excited,always_probe,0.003912486372997154,0.00014725771432834493,0.0039061572013045272,0.00015130542780619196
extended,base,1026,20,excited,ignore_passive,0.003912486372997154,0.00014725771432834493,0.0039061572013045272,0.00015130542780619196
extended,base,1026,20,excited,uncertainty_trigger,0.003912486372997154,0.00014725771432834493,0.0039061572013045272,0.00015130542780619196
extended,base,1028,20,excited,always_probe,0.003897743001133661,0.00014630551514208077,0.003904043332362493,0.0001451036176712371
extended,base,1028,20,excited,ignore_passive,0.003897743001133661,0.00014630551514208077,0.003904043332362493,0.0001451036176712371
extended,base,1028,20,excited,uncertainty_trigger,0.003897743001133661,0.00014630551514208077,0.003904043332362493,0.0001451036176712371
extended,base,1029,20,excited,always_probe,0.0039011108979261676,0.00014708539937814704,0.003907584909746627,0.00015918526314389462
extended,base,1029,20,excited,ignore_passive,0.0039011108979261676,0.00014708539937814704,0.003907584909746627,0.00015918526314389462
extended,base,1029,20,excited,uncertainty_trigger,0.0039011108979261676,0.00014708539937814704,0.003907584909746627,0.00015918526314389462
extended,base,1030,20,excited,always_probe,0.004019068157034158,0.0001473269004479313,0.004012174234007709,0.00013816927782486692
extended,base,1030,20,excited,ignore_passive,0.004019068157034158,0.0001473269004479313,0.004012174234007709,0.00013816927782486692
extended,base,1030,20,excited,uncertainty_trigger,0.004019068157034158,0.0001473269004479313,0.004012174234007709,0.00013816927782486692
extended,base,1001,40,excited,always_probe,0.004096541872476868,0.00014697459102505102,0.00410211202679113,0.0001378888113323785
extended,base,1001,40,excited,ignore_passive,0.004096541872476868,0.00014697459102505102,0.00410211202679113,0.0001378888113323785
extended,base,1001,40,excited,uncertainty_trigger,0.004096541872476868,0.00014697459102505102,0.00410211202679113,0.0001378888113323785
extended,base,1002,40,excited,always_probe,0.004045936433273289,0.00014723702721984675,0.004044254254333677,0.0001447401203605982
extended,base,1002,40,excited,ignore_passive,0.004045936433273289,0.00014723702721984675,0.004044254254333677,0.0001447401203605982
extended,base,1002,40,excited,uncertainty_trigger,0.004045936433273289,0.00014723702721984675,0.004044254254333677,0.0001447401203605982
extended,base,1003,40,excited,always_probe,0.003914140143571718,0.00014710824853474103,0.003908016120147591,0.00014226655045152865
extended,base,1003,40,excited,ignore_passive,0.003914140143571718,0.00014710824853474103,0.003908016120147591,0.00014226655045152865
extended,base,1003,40,excited,uncertainty_trigger,0.003914140143571718,0.00014710824853474103,0.003908016120147591,0.00014226655045152865
extended,base,1005,40,excited,always_probe,0.0039039876040455218,0.0001472498601924423,0.003896760825688914,0.00016347153551783696
extended,base,1005,40,excited,ignore_passive,0.0039039876040455218,0.0001472498601924423,0.003896760825688914,0.00016347153551783696
extended,base,1005,40,excited,uncertainty_trigger,0.0039039876040455218,0.0001472498601924423,0.003896760825688914,0.00016347153551783696
extended,base,1006,40,excited,always_probe,0.004037457125764736,0.00014710505818570736,0.004033882575334613,0.00015184576386543413
extended,base,1006,40,excited,ignore_passive,0.004037457125764736,0.00014710505818570736,0.004033882575334613,0.00015184576386543413
extended,base,1006,40,excited,uncertainty_trigger,0.004037457125764736,0.00014710505818570736,0.004033882575334613,0.00015184576386543413
extended,base,1007,40,excited,always_probe,0.003794312747598174,0.00014711701150686482,0.003788315359395093,0.00015897768959547768
extended,base,1007,40,excited,ignore_passive,0.003794312747598174,0.00014711701150686482,0.003788315359395093,0.00015897768959547768
extended,base,1007,40,excited,uncertainty_trigger,0.003794312747598174,0.00014711701150686482,0.003788315359395093,0.00015897768959547768
extended,base,1008,40,excited,always_probe,0.003912398050149847,0.0001470878192043169,0.00390603233482661,0.0001589701258258737
extended,base,1008,40,excited,ignore_passive,0.003912398050149847,0.0001470878192043169,0.00390603233482661,0.0001589701258258737
extended,base,1008,40,excited,uncertainty_trigger,0.003912398050149847,0.0001470878192043169,0.00390603233482661,0.0001589701258258737
extended,base,1009,40,excited,always_probe,0.0037925711861297746,0.00014725062693352045,0.0037859727865259384,0.0001440407207229238
extended,base,1009,40,excited,ignore_passive,0.0037925711861297746,0.00014725062693352045,0.0037859727865259384,0.0001440407207229238
extended,base,1009,40,excited,uncertainty_trigger,0.0037925711861297746,0.00014725062693352045,0.0037859727865259384,0.0001440407207229238
extended,base,1010,40,excited,always_probe,0.003905956665972605,0.00014689048323521928,0.0038990451482950727,0.00014956796591473158
extended,base,1010,40,excited,ignore_passive,0.003905956665972605,0.00014689048323521928,0.0038990451482950727,0.00014956796591473158
extended,base,1010,40,excited,uncertainty_trigger,0.003905956665972605,0.00014689048323521928,0.0038990451482950727,0.00014956796591473158
extended,base,1011,40,excited,always_probe,0.004027047331906211,0.00014726338244791333,0.004022080381196177,0.00015050162010428944
extended,base,1011,40,excited,ignore_passive,0.004027047331906211,0.00014726338244791333,0.004022080381196177,0.00015050162010428944
extended,base,1011,40,excited,uncertainty_trigger,0.004027047331906211,0.00014726338244791333,0.004022080381196177,0.00015050162010428944
extended,base,1012,40,excited,always_probe,0.004031833998642088,0.00014722674355128597,0.0040274442154489875,0.00015763333459467842
extended,base,1012,40,excited,ignore_passive,0.004031833998642088,0.00014722674355128597,0.0040274442154489875,0.00015763333459467842
extended,base,1012,40,excited,uncertainty_trigger,0.004031833998642088,0.00014722674355128597,0.0040274442154489875,0.00015763333459467842
extended,base,1013,40,excited,always_probe,0.003996092581373047,0.0001471979807815912,0.004002424607253833,0.0001386765972652033
extended,base,1013,40,excited,ignore_passive,0.003996092581373047,0.0001471979807815912,0.004002424607253833,0.0001386765972652033
extended,base,1013,40,excited,uncertainty_trigger,0.003996092581373047,0.0001471979807815912,0.004002424607253833,0.0001386765972652033
extended,base,1014,40,excited,always_probe,0.004057318623256181,0.0001473463222250096,0.004057828326929321,0.00015098194630257743
extended,base,1014,40,excited,ignore_passive,0.004057318623256181,0.0001473463222250096,0.004057828326929321,0.00015098194630257743
extended,base,1014,40,excited,uncertainty_trigger,0.004057318623256181,0.0001473463222250096,0.004057828326929321,0.00015098194630257743
extended,base,1015,40,excited,always_probe,0.004041749035846931,0.00014724176928533983,0.004039722955034922,0.00015196069210773224
extended,base,1015,40,excited,ignore_passive,0.004041749035846931,0.00014724176928533983,0.004039722955034922,0.00015196069210773224
extended,base,1015,40,excited,uncertainty_trigger,0.004041749035846931,0.00014724176928533983,0.004039722955034922,0.00015196069210773224
extended,base,1016,40,excited,always_probe,0.004017579770784056,0.0001471636934423723,0.004010319806089907,0.00014686407322783167
extended,base,1016,40,excited,ignore_passive,0.004017579770784056,0.0001471636934423723,0.004010319806089907,0.00014686407322783167
extended,base,1016,40,excited,uncertainty_trigger,0.004017579770784056,0.0001471636934423723,0.004010319806089907,0.00014686407322783167
extended,base,1017,40,excited,always_probe,0.0039157302715515764,0.00014663124394958136,0.0039225278781426474,0.00015890594935765153
extended,base,1017,40,excited,ignore_passive,0.0039157302715515764,0.00014663124394958136,0.0039225278781426474,0.00015890594935765153
extended,base,1017,40,excited,uncertainty_trigger,0.0039157302715515764,0.00014663124394958136,0.0039225278781426474,0.00015890594935765153
extended,base,1018,40,excited,always_probe,0.004092701212492576,0.00014689963511622256,0.004097567938100937,0.00014708508896405558
extended,base,1018,40,excited,ignore_passive,0.004092701212492576,0.00014689963511622256,0.004097567938100937,0.00014708508896405558
extended,base,1018,40,excited,uncertainty_trigger,0.004092701212492576,0.00014689963511622256,0.004097567938100937,0.00014708508896405558
extended,base,1019,40,excited,always_probe,0.003916786267615481,0.00014733247268952917,0.003910783024902744,0.00014564017708032918
extended,base,1019,40,excited,ignore_passive,0.003916786267615481,0.00014733247268952917,0.003910783024902744,0.00014564017708032918
extended,base,1019,40,excited,uncertainty_trigger,0.003916786267615481,0.00014733247268952917,0.003910783024902744,0.00014564017708032918
extended,base,1020,40,excited,always_probe,0.004087985277193879,0.0001471958964612849,0.004093242373750237,0.0001429491806777334
extended,base,1020,40,excited,ignore_passive,0.004087985277193879,0.0001471958964612849,0.004093242373750237,0.0001429491806777334
extended,base,1020,40,excited,uncertainty_trigger,0.004087985277193879,0.0001471958964612849,0.004093242373750237,0.0001429491806777334
extended,base,1021,40,excited,always_probe,0.004044282079106755,0.00014722810970244925,0.004042176509096638,0.00013866225606951166
extended,base,1021,40,excited,ignore_passive,0.004044282079106755,0.00014722810970244925,0.004042176509096638,0.00013866225606951166
extended,base,1021,40,excited,uncertainty_trigger,0.004044282079106755,0.00014722810970244925,0.004042176509096638,0.00013866225606951166
extended,base,1023,40,excited,always_probe,0.004037576245351552,0.0001472562574653262,0.00403412463230917,0.0001626481666289996
extended,base,1023,40,excited,ignore_passive,0.004037576245351552,0.0001472562574653262,0.00403412463230917,0.0001626481666289996
extended,base,1023,40,excited,uncertainty_trigger,0.004037576245351552,0.0001472562574653262,0.00403412463230917,0.0001626481666289996
extended,base,1024,40,excited,always_probe,0.004034580430332956,0.00014724335611751197,0.004030912612365025,0.00014230904543869276
extended,base,1024,40,excited,ignore_passive,0.004034580430332956,0.00014724335611751197,0.004030912612365025,0.00014230904543869276
extended,base,1024,40,excited,uncertainty_trigger,0.004034580430332956,0.00014724335611751197,0.004030912612365025,0.00014230904543869276
extended,base,1025,40,excited,always_probe,0.0038983144920137,0.00014717874723655907,0.0039047044088162284,0.00015249094526880206
extended,base,1025,40,excited,ignore_passive,0.0038983144920137,0.00014717874723655907,0.0039047044088162284,0.00015249094526880206
extended,base,1025,40,excited,uncertainty_trigger,0.0038983144920137,0.00014717874723655907,0.0039047044088162284,0.00015249094526880206
extended,base,1026,40,excited,always_probe,0.003912486372997154,0.00014725771432834493,0.0039061572013045272,0.00015130542780619196
extended,base,1026,40,excited,ignore_passive,0.003912486372997154,0.00014725771432834493,0.0039061572013045272,0.00015130542780619196
extended,base,1026,40,excited,uncertainty_trigger,0.003912486372997154,0.00014725771432834493,0.0039061572013045272,0.00015130542780619196
extended,base,1028,40,excited,always_probe,0.003897743001133661,0.00014630551514208077,0.003904043332362493,0.0001451036176712371
extended,base,1028,40,excited,ignore_passive,0.003897743001133661,0.00014630551514208077,0.003904043332362493,0.0001451036176712371
extended,base,1028,40,excited,uncertainty_trigger,0.003897743001133661,0.00014630551514208077,0.003904043332362493,0.0001451036176712371
extended,base,1029,40,excited,always_probe,0.0039011108979261676,0.00014708539937814704,0.003907584909746627,0.00015918526314389462
extended,base,1029,40,excited,ignore_passive,0.0039011108979261676,0.00014708539937814704,0.003907584909746627,0.00015918526314389462
extended,base,1029,40,excited,uncertainty_trigger,0.0039011108979261676,0.00014708539937814704,0.003907584909746627,0.00015918526314389462
extended,base,1030,40,excited,always_probe,0.004019068157034158,0.0001473269004479313,0.004012174234007709,0.00013816927782486692
extended,base,1030,40,excited,ignore_passive,0.004019068157034158,0.0001473269004479313,0.004012174234007709,0.00013816927782486692
extended,base,1030,40,excited,uncertainty_trigger,0.004019068157034158,0.0001473269004479313,0.004012174234007709,0.00013816927782486692
extended,base,1001,60,excited,always_probe,0.004096541872476868,0.00014697459102505102,0.00410211202679113,0.0001378888113323785
extended,base,1001,60,excited,ignore_passive,0.004096541872476868,0.00014697459102505102,0.00410211202679113,0.0001378888113323785
extended,base,1001,60,excited,uncertainty_trigger,0.004096541872476868,0.00014697459102505102,0.00410211202679113,0.0001378888113323785
extended,base,1002,60,excited,always_probe,0.004045936433273289,0.00014723702721984675,0.004044254254333677,0.0001447401203605982
extended,base,1002,60,excited,ignore_passive,0.004045936433273289,0.00014723702721984675,0.004044254254333677,0.0001447401203605982
extended,base,1002,60,excited,uncertainty_trigger,0.004045936433273289,0.00014723702721984675,0.004044254254333677,0.0001447401203605982
extended,base,1003,60,excited,always_probe,0.003914140143571718,0.00014710824853474103,0.003908016120147591,0.00014226655045152865
extended,base,1003,60,excited,ignore_passive,0.003914140143571718,0.00014710824853474103,0.003908016120147591,0.00014226655045152865
extended,base,1003,60,excited,uncertainty_trigger,0.003914140143571718,0.00014710824853474103,0.003908016120147591,0.00014226655045152865
extended,base,1005,60,excited,always_probe,0.0039039876040455218,0.0001472498601924423,0.003896760825688914,0.00016347153551783696
extended,base,1005,60,excited,ignore_passive,0.0039039876040455218,0.0001472498601924423,0.003896760825688914,0.00016347153551783696
extended,base,1005,60,excited,uncertainty_trigger,0.0039039876040455218,0.0001472498601924423,0.003896760825688914,0.00016347153551783696
extended,base,1006,60,excited,always_probe,0.004037457125764736,0.00014710505818570736,0.004033882575334613,0.00015184576386543413
extended,base,1006,60,excited,ignore_passive,0.004037457125764736,0.00014710505818570736,0.004033882575334613,0.00015184576386543413
extended,base,1006,60,excited,uncertainty_trigger,0.004037457125764736,0.00014710505818570736,0.004033882575334613,0.00015184576386543413
extended,base,1007,60,excited,always_probe,0.003794312747598174,0.00014711701150686482,0.003788315359395093,0.00015897768959547768
extended,base,1007,60,excited,ignore_passive,0.003794312747598174,0.00014711701150686482,0.003788315359395093,0.00015897768959547768
extended,base,1007,60,excited,uncertainty_trigger,0.003794312747598174,0.00014711701150686482,0.003788315359395093,0.00015897768959547768
extended,base,1008,60,excited,always_probe,0.003912398050149847,0.0001470878192043169,0.00390603233482661,0.0001589701258258737
extended,base,1008,60,excited,ignore_passive,0.003912398050149847,0.0001470878192043169,0.00390603233482661,0.0001589701258258737
extended,base,1008,60,excited,uncertainty_trigger,0.003912398050149847,0.0001470878192043169,0.00390603233482661,0.0001589701258258737
extended,base,1009,60,excited,always_probe,0.0037925711861297746,0.00014725062693352045,0.0037859727865259384,0.0001440407207229238
extended,base,1009,60,excited,ignore_passive,0.0037925711861297746,0.00014725062693352045,0.0037859727865259384,0.0001440407207229238
extended,base,1009,60,excited,uncertainty_trigger,0.0037925711861297746,0.00014725062693352045,0.0037859727865259384,0.0001440407207229238
extended,base,1010,60,excited,always_probe,0.003905956665972605,0.00014689048323521928,0.0038990451482950727,0.00014956796591473158
extended,base,1010,60,excited,ignore_passive,0.003905956665972605,0.00014689048323521928,0.0038990451482950727,0.00014956796591473158
extended,base,1010,60,excited,uncertainty_trigger,0.003905956665972605,0.00014689048323521928,0.0038990451482950727,0.00014956796591473158
extended,base,1011,60,excited,always_probe,0.004027047331906211,0.00014726338244791333,0.004022080381196177,0.00015050162010428944
extended,base,1011,60,excited,ignore_passive,0.004027047331906211,0.00014726338244791333,0.004022080381196177,0.00015050162010428944
extended,base,1011,60,excited,uncertainty_trigger,0.004027047331906211,0.00014726338244791333,0.004022080381196177,0.00015050162010428944
extended,base,1012,60,excited,always_probe,0.004031833998642088,0.00014722674355128597,0.0040274442154489875,0.00015763333459467842
extended,base,1012,60,excited,ignore_passive,0.004031833998642088,0.00014722674355128597,0.0040274442154489875,0.00015763333459467842
extended,base,1012,60,excited,uncertainty_trigger,0.004031833998642088,0.00014722674355128597,0.0040274442154489875,0.00015763333459467842
extended,base,1013,60,excited,always_probe,0.003996092581373047,0.0001471979807815912,0.004002424607253833,0.0001386765972652033
extended,base,1013,60,excited,ignore_passive,0.003996092581373047,0.0001471979807815912,0.004002424607253833,0.0001386765972652033
extended,base,1013,60,excited,uncertainty_trigger,0.003996092581373047,0.0001471979807815912,0.004002424607253833,0.0001386765972652033
extended,base,1014,60,excited,always_probe,0.004057318623256181,0.0001473463222250096,0.004057828326929321,0.00015098194630257743
extended,base,1014,60,excited,ignore_passive,0.004057318623256181,0.0001473463222250096,0.004057828326929321,0.00015098194630257743
extended,base,1014,60,excited,uncertainty_trigger,0.004057318623256181,0.0001473463222250096,0.004057828326929321,0.00015098194630257743
extended,base,1015,60,excited,always_probe,0.004041749035846931,0.00014724176928533983,0.004039722955034922,0.00015196069210773224
extended,base,1015,60,excited,ignore_passive,0.004041749035846931,0.00014724176928533983,0.004039722955034922,0.00015196069210773224
extended,base,1015,60,excited,uncertainty_trigger,0.004041749035846931,0.00014724176928533983,0.004039722955034922,0.00015196069210773224
extended,base,1016,60,excited,always_probe,0.004017579770784056,0.0001471636934423723,0.004010319806089907,0.00014686407322783167
extended,base,1016,60,excited,ignore_passive,0.004017579770784056,0.0001471636934423723,0.004010319806089907,0.00014686407322783167
extended,base,1016,60,excited,uncertainty_trigger,0.004017579770784056,0.0001471636934423723,0.004010319806089907,0.00014686407322783167
extended,base,1017,60,excited,always_probe,0.0039157302715515764,0.00014663124394958136,0.0039225278781426474,0.00015890594935765153
extended,base,1017,60,excited,ignore_passive,0.0039157302715515764,0.00014663124394958136,0.0039225278781426474,0.00015890594935765153
extended,base,1017,60,excited,uncertainty_trigger,0.0039157302715515764,0.00014663124394958136,0.0039225278781426474,0.00015890594935765153
extended,base,1018,60,excited,always_probe,0.004092701212492576,0.00014689963511622256,0.004097567938100937,0.00014708508896405558
extended,base,1018,60,excited,ignore_passive,0.004092701212492576,0.00014689963511622256,0.004097567938100937,0.00014708508896405558
extended,base,1018,60,excited,uncertainty_trigger,0.004092701212492576,0.00014689963511622256,0.004097567938100937,0.00014708508896405558
extended,base,1019,60,excited,always_probe,0.003916786267615481,0.00014733247268952917,0.003910783024902744,0.00014564017708032918
extended,base,1019,60,excited,ignore_passive,0.003916786267615481,0.00014733247268952917,0.003910783024902744,0.00014564017708032918
extended,base,1019,60,excited,uncertainty_trigger,0.003916786267615481,0.00014733247268952917,0.003910783024902744,0.00014564017708032918
extended,base,1020,60,excited,always_probe,0.004087985277193879,0.0001471958964612849,0.004093242373750237,0.0001429491806777334
extended,base,1020,60,excited,ignore_passive,0.004087985277193879,0.0001471958964612849,0.004093242373750237,0.0001429491806777334
extended,base,1020,60,excited,uncertainty_trigger,0.004087985277193879,0.0001471958964612849,0.004093242373750237,0.0001429491806777334
extended,base,1021,60,excited,always_probe,0.004044282079106755,0.00014722810970244925,0.004042176509096638,0.00013866225606951166
extended,base,1021,60,excited,ignore_passive,0.004044282079106755,0.00014722810970244925,0.004042176509096638,0.00013866225606951166
extended,base,1021,60,excited,uncertainty_trigger,0.004044282079106755,0.00014722810970244925,0.004042176509096638,0.00013866225606951166
extended,base,1023,60,excited,always_probe,0.004037576245351552,0.0001472562574653262,0.00403412463230917,0.0001626481666289996
extended,base,1023,60,excited,ignore_passive,0.004037576245351552,0.0001472562574653262,0.00403412463230917,0.0001626481666289996
extended,base,1023,60,excited,uncertainty_trigger,0.004037576245351552,0.0001472562574653262,0.00403412463230917,0.0001626481666289996
extended,base,1024,60,excited,always_probe,0.004034580430332956,0.00014724335611751197,0.004030912612365025,0.00014230904543869276
extended,base,1024,60,excited,ignore_passive,0.004034580430332956,0.00014724335611751197,0.004030912612365025,0.00014230904543869276
extended,base,1024,60,excited,uncertainty_trigger,0.004034580430332956,0.00014724335611751197,0.004030912612365025,0.00014230904543869276
extended,base,1025,60,excited,always_probe,0.0038983144920137,0.00014717874723655907,0.0039047044088162284,0.00015249094526880206
extended,base,1025,60,excited,ignore_passive,0.0038983144920137,0.00014717874723655907,0.0039047044088162284,0.00015249094526880206
extended,base,1025,60,excited,uncertainty_trigger,0.0038983144920137,0.00014717874723655907,0.0039047044088162284,0.00015249094526880206
extended,base,1026,60,excited,always_probe,0.003912486372997154,0.00014725771432834493,0.0039061572013045272,0.00015130542780619196
extended,base,1026,60,excited,ignore_passive,0.003912486372997154,0.00014725771432834493,0.0039061572013045272,0.00015130542780619196
extended,base,1026,60,excited,uncertainty_trigger,0.003912486372997154,0.00014725771432834493,0.0039061572013045272,0.00015130542780619196
extended,base,1028,60,excited,always_probe,0.003897743001133661,0.00014630551514208077,0.003904043332362493,0.0001451036176712371
extended,base,1028,60,excited,ignore_passive,0.003897743001133661,0.00014630551514208077,0.003904043332362493,0.0001451036176712371
extended,base,1028,60,excited,uncertainty_trigger,0.003897743001133661,0.00014630551514208077,0.003904043332362493,0.0001451036176712371
extended,base,1029,60,excited,always_probe,0.0039011108979261676,0.00014708539937814704,0.003907584909746627,0.00015918526314389462
extended,base,1029,60,excited,ignore_passive,0.0039011108979261676,0.00014708539937814704,0.003907584909746627,0.00015918526314389462
extended,base,1029,60,excited,uncertainty_trigger,0.0039011108979261676,0.00014708539937814704,0.003907584909746627,0.00015918526314389462
extended,base,1030,60,excited,always_probe,0.004019068157034158,0.0001473269004479313,0.004012174234007709,0.00013816927782486692
extended,base,1030,60,excited,ignore_passive,0.004019068157034158,0.0001473269004479313,0.004012174234007709,0.00013816927782486692
extended,base,1030,60,excited,uncertainty_trigger,0.004019068157034158,0.0001473269004479313,0.004012174234007709,0.00013816927782486692
extended,base,1001,100,excited,always_probe,0.004096541872476868,0.00014697459102505102,0.00410211202679113,0.0001378888113323785
extended,base,1001,100,excited,ignore_passive,0.004096541872476868,0.00014697459102505102,0.00410211202679113,0.0001378888113323785
extended,base,1001,100,excited,uncertainty_trigger,0.004096541872476868,0.00014697459102505102,0.00410211202679113,0.0001378888113323785
extended,base,1002,100,excited,always_probe,0.004045936433273289,0.00014723702721984675,0.004044254254333677,0.0001447401203605982
extended,base,1002,100,excited,ignore_passive,0.004045936433273289,0.00014723702721984675,0.004044254254333677,0.0001447401203605982
extended,base,1002,100,excited,uncertainty_trigger,0.004045936433273289,0.00014723702721984675,0.004044254254333677,0.0001447401203605982
extended,base,1003,100,excited,always_probe,0.003914140143571718,0.00014710824853474103,0.003908016120147591,0.00014226655045152865
extended,base,1003,100,excited,ignore_passive,0.003914140143571718,0.00014710824853474103,0.003908016120147591,0.00014226655045152865
extended,base,1003,100,excited,uncertainty_trigger,0.003914140143571718,0.00014710824853474103,0.003908016120147591,0.00014226655045152865
extended,base,1005,100,excited,always_probe,0.0039039876040455218,0.0001472498601924423,0.003896760825688914,0.00016347153551783696
extended,base,1005,100,excited,ignore_passive,0.0039039876040455218,0.0001472498601924423,0.003896760825688914,0.00016347153551783696
extended,base,1005,100,excited,uncertainty_trigger,0.0039039876040455218,0.0001472498601924423,0.003896760825688914,0.00016347153551783696
extended,base,1006,100,excited,always_probe,0.004037457125764736,0.00014710505818570736,0.004033882575334613,0.00015184576386543413
extended,base,1006,100,excited,ignore_passive,0.004037457125764736,0.00014710505818570736,0.004033882575334613,0.00015184576386543413
extended,base,1006,100,excited,uncertainty_trigger,0.004037457125764736,0.00014710505818570736,0.004033882575334613,0.00015184576386543413
extended,base,1007,100,excited,always_probe,0.003794312747598174,0.00014711701150686482,0.003788315359395093,0.00015897768959547768
extended,base,1007,100,excited,ignore_passive,0.003794312747598174,0.00014711701150686482,0.003788315359395093,0.00015897768959547768
extended,base,1007,100,excited,uncertainty_trigger,0.003794312747598174,0.00014711701150686482,0.003788315359395093,0.00015897768959547768
extended,base,1008,100,excited,always_probe,0.003912398050149847,0.0001470878192043169,0.00390603233482661,0.0001589701258258737
extended,base,1008,100,excited,ignore_passive,0.003912398050149847,0.0001470878192043169,0.00390603233482661,0.0001589701258258737
extended,base,1008,100,excited,uncertainty_trigger,0.003912398050149847,0.0001470878192043169,0.00390603233482661,0.0001589701258258737
extended,base,1009,100,excited,always_probe,0.0037925711861297746,0.00014725062693352045,0.0037859727865259384,0.0001440407207229238
extended,base,1009,100,excited,ignore_passive,0.0037925711861297746,0.00014725062693352045,0.0037859727865259384,0.0001440407207229238
extended,base,1009,100,excited,uncertainty_trigger,0.0037925711861297746,0.00014725062693352045,0.0037859727865259384,0.0001440407207229238
extended,base,1010,100,excited,always_probe,0.003905956665972605,0.00014689048323521928,0.0038990451482950727,0.00014956796591473158
extended,base,1010,100,excited,ignore_passive,0.003905956665972605,0.00014689048323521928,0.0038990451482950727,0.00014956796591473158
extended,base,1010,100,excited,uncertainty_trigger,0.003905956665972605,0.00014689048323521928,0.0038990451482950727,0.00014956796591473158
extended,base,1011,100,excited,always_probe,0.004027047331906211,0.00014726338244791333,0.004022080381196177,0.00015050162010428944
extended,base,1011,100,excited,ignore_passive,0.004027047331906211,0.00014726338244791333,0.004022080381196177,0.00015050162010428944
extended,base,1011,100,excited,uncertainty_trigger,0.004027047331906211,0.00014726338244791333,0.004022080381196177,0.00015050162010428944
extended,base,1012,100,excited,always_probe,0.004031833998642088,0.00014722674355128597,0.0040274442154489875,0.00015763333459467842
extended,base,1012,100,excited,ignore_passive,0.004031833998642088,0.00014722674355128597,0.0040274442154489875,0.00015763333459467842
extended,base,1012,100,excited,uncertainty_trigger,0.004031833998642088,0.00014722674355128597,0.0040274442154489875,0.00015763333459467842
extended,base,1013,100,excited,always_probe,0.003996092581373047,0.0001471979807815912,0.004002424607253833,0.0001386765972652033
extended,base,1013,100,excited,ignore_passive,0.003996092581373047,0.0001471979807815912,0.004002424607253833,0.0001386765972652033
extended,base,1013,100,excited,uncertainty_trigger,0.003996092581373047,0.0001471979807815912,0.004002424607253833,0.0001386765972652033
extended,base,1014,100,excited,always_probe,0.004057318623256181,0.0001473463222250096,0.004057828326929321,0.00015098194630257743
extended,base,1014,100,excited,ignore_passive,0.004057318623256181,0.0001473463222250096,0.004057828326929321,0.00015098194630257743
extended,base,1014,100,excited,uncertainty_trigger,0.004057318623256181,0.0001473463222250096,0.004057828326929321,0.00015098194630257743
extended,base,1015,100,excited,always_probe,0.004041749035846931,0.00014724176928533983,0.004039722955034922,0.00015196069210773224
extended,base,1015,100,excited,ignore_passive,0.004041749035846931,0.00014724176928533983,0.004039722955034922,0.00015196069210773224
extended,base,1015,100,excited,uncertainty_trigger,0.004041749035846931,0.00014724176928533983,0.004039722955034922,0.00015196069210773224
extended,base,1016,100,excited,always_probe,0.004017579770784056,0.0001471636934423723,0.004010319806089907,0.00014686407322783167
extended,base,1016,100,excited,ignore_passive,0.004017579770784056,0.0001471636934423723,0.004010319806089907,0.00014686407322783167
extended,base,1016,100,excited,uncertainty_trigger,0.004017579770784056,0.0001471636934423723,0.004010319806089907,0.00014686407322783167
extended,base,1017,100,excited,always_probe,0.0039157302715515764,0.00014663124394958136,0.0039225278781426474,0.00015890594935765153
extended,base,1017,100,excited,ignore_passive,0.0039157302715515764,0.00014663124394958136,0.0039225278781426474,0.00015890594935765153
extended,base,1017,100,excited,uncertainty_trigger,0.0039157302715515764,0.00014663124394958136,0.0039225278781426474,0.00015890594935765153
extended,base,1018,100,excited,always_probe,0.004092701212492576,0.00014689963511622256,0.004097567938100937,0.00014708508896405558
extended,base,1018,100,excited,ignore_passive,0.004092701212492576,0.00014689963511622256,0.004097567938100937,0.00014708508896405558
extended,base,1018,100,excited,uncertainty_trigger,0.004092701212492576,0.00014689963511622256,0.004097567938100937,0.00014708508896405558
extended,base,1019,100,excited,always_probe,0.003916786267615481,0.00014733247268952917,0.003910783024902744,0.00014564017708032918
extended,base,1019,100,excited,ignore_passive,0.003916786267615481,0.00014733247268952917,0.003910783024902744,0.00014564017708032918
extended,base,1019,100,excited,uncertainty_trigger,0.003916786267615481,0.00014733247268952917,0.003910783024902744,0.00014564017708032918
extended,base,1020,100,excited,always_probe,0.004087985277193879,0.0001471958964612849,0.004093242373750237,0.0001429491806777334
extended,base,1020,100,excited,ignore_passive,0.004087985277193879,0.0001471958964612849,0.004093242373750237,0.0001429491806777334
extended,base,1020,100,excited,uncertainty_trigger,0.004087985277193879,0.0001471958964612849,0.004093242373750237,0.0001429491806777334
extended,base,1021,100,excited,always_probe,0.004044282079106755,0.00014722810970244925,0.004042176509096638,0.00013866225606951166
extended,base,1021,100,excited,ignore_passive,0.004044282079106755,0.00014722810970244925,0.004042176509096638,0.00013866225606951166
extended,base,1021,100,excited,uncertainty_trigger,0.004044282079106755,0.00014722810970244925,0.004042176509096638,0.00013866225606951166
extended,base,1023,100,excited,always_probe,0.004037576245351552,0.0001472562574653262,0.00403412463230917,0.0001626481666289996
extended,base,1023,100,excited,ignore_passive,0.004037576245351552,0.0001472562574653262,0.00403412463230917,0.0001626481666289996
extended,base,1023,100,excited,uncertainty_trigger,0.004037576245351552,0.0001472562574653262,0.00403412463230917,0.0001626481666289996
extended,base,1024,100,excited,always_probe,0.004034580430332956,0.00014724335611751197,0.004030912612365025,0.00014230904543869276
extended,base,1024,100,excited,ignore_passive,0.004034580430332956,0.00014724335611751197,0.004030912612365025,0.00014230904543869276
extended,base,1024,100,excited,uncertainty_trigger,0.004034580430332956,0.00014724335611751197,0.004030912612365025,0.00014230904543869276
extended,base,1025,100,excited,always_probe,0.0038983144920137,0.00014717874723655907,0.0039047044088162284,0.00015249094526880206
extended,base,1025,100,excited,ignore_passive,0.0038983144920137,0.00014717874723655907,0.0039047044088162284,0.00015249094526880206
extended,base,1025,100,excited,uncertainty_trigger,0.0038983144920137,0.00014717874723655907,0.0039047044088162284,0.00015249094526880206
extended,base,1026,100,excited,always_probe,0.003912486372997154,0.00014725771432834493,0.0039061572013045272,0.00015130542780619196
extended,base,1026,100,excited,ignore_passive,0.003912486372997154,0.00014725771432834493,0.0039061572013045272,0.00015130542780619196
extended,base,1026,100,excited,uncertainty_trigger,0.003912486372997154,0.00014725771432834493,0.0039061572013045272,0.00015130542780619196
extended,base,1028,100,excited,always_probe,0.003897743001133661,0.00014630551514208077,0.003904043332362493,0.0001451036176712371
extended,base,1028,100,excited,ignore_passive,0.003897743001133661,0.00014630551514208077,0.003904043332362493,0.0001451036176712371
extended,base,1028,100,excited,uncertainty_trigger,0.003897743001133661,0.00014630551514208077,0.003904043332362493,0.0001451036176712371
extended,base,1029,100,excited,always_probe,0.0039011108979261676,0.00014708539937814704,0.003907584909746627,0.00015918526314389462
extended,base,1029,100,excited,ignore_passive,0.0039011108979261676,0.00014708539937814704,0.003907584909746627,0.00015918526314389462
extended,base,1029,100,excited,uncertainty_trigger,0.0039011108979261676,0.00014708539937814704,0.003907584909746627,0.00015918526314389462
extended,base,1030,100,excited,always_probe,0.004019068157034158,0.0001473269004479313,0.004012174234007709,0.00013816927782486692
extended,base,1030,100,excited,ignore_passive,0.004019068157034158,0.0001473269004479313,0.004012174234007709,0.00013816927782486692
extended,base,1030,100,excited,uncertainty_trigger,0.004019068157034158,0.0001473269004479313,0.004012174234007709,0.00013816927782486692
extended,base,1001,1,low_yaw,always_probe,0.004096541872476868,0.00014697459102505102,0.00410211202679113,0.0001378888113323785
extended,base,1001,1,low_yaw,uncertainty_trigger,0.004096541872476868,0.00014697459102505102,0.00410211202679113,0.0001378888113323785
extended,base,1002,1,low_yaw,always_probe,0.004045936433273289,0.00014723702721984675,0.004044254254333677,0.0001447401203605982
extended,base,1002,1,low_yaw,uncertainty_trigger,0.004045936433273289,0.00014723702721984675,0.004044254254333677,0.0001447401203605982
extended,base,1003,1,low_yaw,always_probe,0.003914140143571718,0.00014710824853474103,0.003908016120147591,0.00014226655045152865
extended,base,1003,1,low_yaw,uncertainty_trigger,0.003914140143571718,0.00014710824853474103,0.003908016120147591,0.00014226655045152865
extended,base,1005,1,low_yaw,always_probe,0.0039039876040455218,0.0001472498601924423,0.003896760825688914,0.00016347153551783696
extended,base,1005,1,low_yaw,uncertainty_trigger,0.0039039876040455218,0.0001472498601924423,0.003896760825688914,0.00016347153551783696
extended,base,1006,1,low_yaw,always_probe,0.004037457125764736,0.00014710505818570736,0.004033882575334613,0.00015184576386543413
extended,base,1006,1,low_yaw,uncertainty_trigger,0.004037457125764736,0.00014710505818570736,0.004033882575334613,0.00015184576386543413
extended,base,1007,1,low_yaw,always_probe,0.003794312747598174,0.00014711701150686482,0.003788315359395093,0.00015897768959547768
extended,base,1007,1,low_yaw,uncertainty_trigger,0.003794312747598174,0.00014711701150686482,0.003788315359395093,0.00015897768959547768
extended,base,1008,1,low_yaw,always_probe,0.003912398050149847,0.0001470878192043169,0.00390603233482661,0.0001589701258258737
extended,base,1008,1,low_yaw,uncertainty_trigger,0.003912398050149847,0.0001470878192043169,0.00390603233482661,0.0001589701258258737
extended,base,1009,1,low_yaw,always_probe,0.0037925711861297746,0.00014725062693352045,0.0037859727865259384,0.0001440407207229238
extended,base,1009,1,low_yaw,uncertainty_trigger,0.0037925711861297746,0.00014725062693352045,0.0037859727865259384,0.0001440407207229238
extended,base,1010,1,low_yaw,always_probe,0.003905956665972605,0.00014689048323521928,0.0038990451482950727,0.00014956796591473158
extended,base,1010,1,low_yaw,uncertainty_trigger,0.003905956665972605,0.00014689048323521928,0.0038990451482950727,0.00014956796591473158
extended,base,1011,1,low_yaw,always_probe,0.004027047331906211,0.00014726338244791333,0.004022080381196177,0.00015050162010428944
extended,base,1011,1,low_yaw,uncertainty_trigger,0.004027047331906211,0.00014726338244791333,0.004022080381196177,0.00015050162010428944
extended,base,1012,1,low_yaw,always_probe,0.004031833998642088,0.00014722674355128597,0.0040274442154489875,0.00015763333459467842
extended,base,1012,1,low_yaw,uncertainty_trigger,0.004031833998642088,0.00014722674355128597,0.0040274442154489875,0.00015763333459467842
extended,base,1013,1,low_yaw,always_probe,0.003996092581373047,0.0001471979807815912,0.004002424607253833,0.0001386765972652033
extended,base,1013,1,low_yaw,uncertainty_trigger,0.003996092581373047,0.0001471979807815912,0.004002424607253833,0.0001386765972652033
extended,base,1014,1,low_yaw,always_probe,0.004057318623256181,0.0001473463222250096,0.004057828326929321,0.00015098194630257743
extended,base,1014,1,low_yaw,uncertainty_trigger,0.004057318623256181,0.0001473463222250096,0.004057828326929321,0.00015098194630257743
extended,base,1015,1,low_yaw,always_probe,0.004041749035846931,0.00014724176928533983,0.004039722955034922,0.00015196069210773224
extended,base,1015,1,low_yaw,uncertainty_trigger,0.004041749035846931,0.00014724176928533983,0.004039722955034922,0.00015196069210773224
extended,base,1016,1,low_yaw,always_probe,0.004017579770784056,0.0001471636934423723,0.004010319806089907,0.00014686407322783167
extended,base,1016,1,low_yaw,uncertainty_trigger,0.004017579770784056,0.0001471636934423723,0.004010319806089907,0.00014686407322783167
extended,base,1017,1,low_yaw,always_probe,0.0039157302715515764,0.00014663124394958136,0.0039225278781426474,0.00015890594935765153
extended,base,1017,1,low_yaw,uncertainty_trigger,0.0039157302715515764,0.00014663124394958136,0.0039225278781426474,0.00015890594935765153
extended,base,1018,1,low_yaw,always_probe,0.004092701212492576,0.00014689963511622256,0.004097567938100937,0.00014708508896405558
extended,base,1018,1,low_yaw,uncertainty_trigger,0.004092701212492576,0.00014689963511622256,0.004097567938100937,0.00014708508896405558
extended,base,1019,1,low_yaw,always_probe,0.003916786267615481,0.00014733247268952917,0.003910783024902744,0.00014564017708032918
extended,base,1019,1,low_yaw,uncertainty_trigger,0.003916786267615481,0.00014733247268952917,0.003910783024902744,0.00014564017708032918
extended,base,1020,1,low_yaw,always_probe,0.004087985277193879,0.0001471958964612849,0.004093242373750237,0.0001429491806777334
extended,base,1020,1,low_yaw,uncertainty_trigger,0.004087985277193879,0.0001471958964612849,0.004093242373750237,0.0001429491806777334
extended,base,1021,1,low_yaw,always_probe,0.004044282079106755,0.00014722810970244925,0.004042176509096638,0.00013866225606951166
extended,base,1021,1,low_yaw,uncertainty_trigger,0.004044282079106755,0.00014722810970244925,0.004042176509096638,0.00013866225606951166
extended,base,1023,1,low_yaw,always_probe,0.004037576245351552,0.0001472562574653262,0.00403412463230917,0.0001626481666289996
extended,base,1023,1,low_yaw,uncertainty_trigger,0.004037576245351552,0.0001472562574653262,0.00403412463230917,0.0001626481666289996
extended,base,1024,1,low_yaw,always_probe,0.004034580430332956,0.00014724335611751197,0.004030912612365025,0.00014230904543869276
extended,base,1024,1,low_yaw,uncertainty_trigger,0.004034580430332956,0.00014724335611751197,0.004030912612365025,0.00014230904543869276
extended,base,1025,1,low_yaw,always_probe,0.0038983144920137,0.00014717874723655907,0.0039047044088162284,0.00015249094526880206
extended,base,1025,1,low_yaw,uncertainty_trigger,0.0038983144920137,0.00014717874723655907,0.0039047044088162284,0.00015249094526880206
extended,base,1026,1,low_yaw,always_probe,0.003912486372997154,0.00014725771432834493,0.0039061572013045272,0.00015130542780619196
extended,base,1026,1,low_yaw,uncertainty_trigger,0.003912486372997154,0.00014725771432834493,0.0039061572013045272,0.00015130542780619196
extended,base,1028,1,low_yaw,always_probe,0.003897743001133661,0.00014630551514208077,0.003904043332362493,0.0001451036176712371
extended,base,1028,1,low_yaw,uncertainty_trigger,0.003897743001133661,0.00014630551514208077,0.003904043332362493,0.0001451036176712371
extended,base,1029,1,low_yaw,always_probe,0.0039011108979261676,0.00014708539937814704,0.003907584909746627,0.00015918526314389462
extended,base,1029,1,low_yaw,uncertainty_trigger,0.0039011108979261676,0.00014708539937814704,0.003907584909746627,0.00015918526314389462
extended,base,1030,1,low_yaw,always_probe,0.004019068157034158,0.0001473269004479313,0.004012174234007709,0.00013816927782486692
extended,base,1030,1,low_yaw,uncertainty_trigger,0.004019068157034158,0.0001473269004479313,0.004012174234007709,0.00013816927782486692
extended,base,1001,5,low_yaw,always_probe,0.004096541872476868,0.00014697459102505102,0.00410211202679113,0.0001378888113323785
extended,base,1001,5,low_yaw,uncertainty_trigger,0.004096541872476868,0.00014697459102505102,0.00410211202679113,0.0001378888113323785
extended,base,1002,5,low_yaw,always_probe,0.004045936433273289,0.00014723702721984675,0.004044254254333677,0.0001447401203605982
extended,base,1002,5,low_yaw,uncertainty_trigger,0.004045936433273289,0.00014723702721984675,0.004044254254333677,0.0001447401203605982
extended,base,1003,5,low_yaw,always_probe,0.003914140143571718,0.00014710824853474103,0.003908016120147591,0.00014226655045152865
extended,base,1003,5,low_yaw,uncertainty_trigger,0.003914140143571718,0.00014710824853474103,0.003908016120147591,0.00014226655045152865
extended,base,1005,5,low_yaw,always_probe,0.0039039876040455218,0.0001472498601924423,0.003896760825688914,0.00016347153551783696
extended,base,1005,5,low_yaw,uncertainty_trigger,0.0039039876040455218,0.0001472498601924423,0.003896760825688914,0.00016347153551783696
extended,base,1006,5,low_yaw,always_probe,0.004037457125764736,0.00014710505818570736,0.004033882575334613,0.00015184576386543413
extended,base,1006,5,low_yaw,uncertainty_trigger,0.004037457125764736,0.00014710505818570736,0.004033882575334613,0.00015184576386543413
extended,base,1007,5,low_yaw,always_probe,0.003794312747598174,0.00014711701150686482,0.003788315359395093,0.00015897768959547768
extended,base,1007,5,low_yaw,uncertainty_trigger,0.003794312747598174,0.00014711701150686482,0.003788315359395093,0.00015897768959547768
extended,base,1008,5,low_yaw,always_probe,0.003912398050149847,0.0001470878192043169,0.00390603233482661,0.0001589701258258737
extended,base,1008,5,low_yaw,uncertainty_trigger,0.003912398050149847,0.0001470878192043169,0.00390603233482661,0.0001589701258258737
extended,base,1009,5,low_yaw,always_probe,0.0037925711861297746,0.00014725062693352045,0.0037859727865259384,0.0001440407207229238
extended,base,1009,5,low_yaw,uncertainty_trigger,0.0037925711861297746,0.00014725062693352045,0.0037859727865259384,0.0001440407207229238
extended,base,1010,5,low_yaw,always_probe,0.003905956665972605,0.00014689048323521928,0.0038990451482950727,0.00014956796591473158
extended,base,1010,5,low_yaw,uncertainty_trigger,0.003905956665972605,0.00014689048323521928,0.0038990451482950727,0.00014956796591473158
extended,base,1011,5,low_yaw,always_probe,0.004027047331906211,0.00014726338244791333,0.004022080381196177,0.00015050162010428944
extended,base,1011,5,low_yaw,uncertainty_trigger,0.004027047331906211,0.00014726338244791333,0.004022080381196177,0.00015050162010428944
extended,base,1012,5,low_yaw,always_probe,0.004031833998642088,0.00014722674355128597,0.0040274442154489875,0.00015763333459467842
extended,base,1012,5,low_yaw,uncertainty_trigger,0.004031833998642088,0.00014722674355128597,0.0040274442154489875,0.00015763333459467842
extended,base,1013,5,low_yaw,always_probe,0.003996092581373047,0.0001471979807815912,0.004002424607253833,0.0001386765972652033
extended,base,1013,5,low_yaw,uncertainty_trigger,0.003996092581373047,0.0001471979807815912,0.004002424607253833,0.0001386765972652033
extended,base,1014,5,low_yaw,always_probe,0.004057318623256181,0.0001473463222250096,0.004057828326929321,0.00015098194630257743
extended,base,1014,5,low_yaw,uncertainty_trigger,0.004057318623256181,0.0001473463222250096,0.004057828326929321,0.00015098194630257743
extended,base,1015,5,low_yaw,always_probe,0.004041749035846931,0.00014724176928533983,0.004039722955034922,0.00015196069210773224
extended,base,1015,5,low_yaw,uncertainty_trigger,0.004041749035846931,0.00014724176928533983,0.004039722955034922,0.00015196069210773224
extended,base,1016,5,low_yaw,always_probe,0.004017579770784056,0.0001471636934423723,0.004010319806089907,0.00014686407322783167
extended,base,1016,5,low_yaw,uncertainty_trigger,0.004017579770784056,0.0001471636934423723,0.004010319806089907,0.00014686407322783167
extended,base,1017,5,low_yaw,always_probe,0.0039157302715515764,0.00014663124394958136,0.0039225278781426474,0.00015890594935765153
extended,base,1017,5,low_yaw,uncertainty_trigger,0.0039157302715515764,0.00014663124394958136,0.0039225278781426474,0.00015890594935765153
extended,base,1018,5,low_yaw,always_probe,0.004092701212492576,0.00014689963511622256,0.004097567938100937,0.00014708508896405558
extended,base,1018,5,low_yaw,uncertainty_trigger,0.004092701212492576,0.00014689963511622256,0.004097567938100937,0.00014708508896405558
extended,base,1019,5,low_yaw,always_probe,0.003916786267615481,0.00014733247268952917,0.003910783024902744,0.00014564017708032918
extended,base,1019,5,low_yaw,uncertainty_trigger,0.003916786267615481,0.00014733247268952917,0.003910783024902744,0.00014564017708032918
extended,base,1020,5,low_yaw,always_probe,0.004087985277193879,0.0001471958964612849,0.004093242373750237,0.0001429491806777334
extended,base,1020,5,low_yaw,uncertainty_trigger,0.004087985277193879,0.0001471958964612849,0.004093242373750237,0.0001429491806777334
extended,base,1021,5,low_yaw,always_probe,0.004044282079106755,0.00014722810970244925,0.004042176509096638,0.00013866225606951166
extended,base,1021,5,low_yaw,uncertainty_trigger,0.004044282079106755,0.00014722810970244925,0.004042176509096638,0.00013866225606951166
extended,base,1023,5,low_yaw,always_probe,0.004037576245351552,0.0001472562574653262,0.00403412463230917,0.0001626481666289996
extended,base,1023,5,low_yaw,uncertainty_trigger,0.004037576245351552,0.0001472562574653262,0.00403412463230917,0.0001626481666289996
extended,base,1024,5,low_yaw,always_probe,0.004034580430332956,0.00014724335611751197,0.004030912612365025,0.00014230904543869276
extended,base,1024,5,low_yaw,uncertainty_trigger,0.004034580430332956,0.00014724335611751197,0.004030912612365025,0.00014230904543869276
extended,base,1025,5,low_yaw,always_probe,0.0038983144920137,0.00014717874723655907,0.0039047044088162284,0.00015249094526880206
extended,base,1025,5,low_yaw,uncertainty_trigger,0.0038983144920137,0.00014717874723655907,0.0039047044088162284,0.00015249094526880206
extended,base,1026,5,low_yaw,always_probe,0.003912486372997154,0.00014725771432834493,0.0039061572013045272,0.00015130542780619196
extended,base,1026,5,low_yaw,uncertainty_trigger,0.003912486372997154,0.00014725771432834493,0.0039061572013045272,0.00015130542780619196
extended,base,1028,5,low_yaw,always_probe,0.003897743001133661,0.00014630551514208077,0.003904043332362493,0.0001451036176712371
extended,base,1028,5,low_yaw,uncertainty_trigger,0.003897743001133661,0.00014630551514208077,0.003904043332362493,0.0001451036176712371
extended,base,1029,5,low_yaw,always_probe,0.0039011108979261676,0.00014708539937814704,0.003907584909746627,0.00015918526314389462
extended,base,1029,5,low_yaw,uncertainty_trigger,0.0039011108979261676,0.00014708539937814704,0.003907584909746627,0.00015918526314389462
extended,base,1030,5,low_yaw,always_probe,0.004019068157034158,0.0001473269004479313,0.004012174234007709,0.00013816927782486692
extended,base,1030,5,low_yaw,uncertainty_trigger,0.004019068157034158,0.0001473269004479313,0.004012174234007709,0.00013816927782486692
extended,base,1001,20,low_yaw,always_probe,0.004096541872476868,0.00014697459102505102,0.00410211202679113,0.0001378888113323785
extended,base,1001,20,low_yaw,ignore_passive,0.004096541872476868,0.00014697459102505102,0.00410211202679113,0.0001378888113323785
extended,base,1001,20,low_yaw,uncertainty_trigger,0.004096541872476868,0.00014697459102505102,0.00410211202679113,0.0001378888113323785
extended,base,1002,20,low_yaw,always_probe,0.004045936433273289,0.00014723702721984675,0.004044254254333677,0.0001447401203605982
extended,base,1002,20,low_yaw,ignore_passive,0.004045936433273289,0.00014723702721984675,0.004044254254333677,0.0001447401203605982
extended,base,1002,20,low_yaw,uncertainty_trigger,0.004045936433273289,0.00014723702721984675,0.004044254254333677,0.0001447401203605982
extended,base,1003,20,low_yaw,always_probe,0.003914140143571718,0.00014710824853474103,0.003908016120147591,0.00014226655045152865
extended,base,1003,20,low_yaw,ignore_passive,0.003914140143571718,0.00014710824853474103,0.003908016120147591,0.00014226655045152865
extended,base,1003,20,low_yaw,uncertainty_trigger,0.003914140143571718,0.00014710824853474103,0.003908016120147591,0.00014226655045152865
extended,base,1005,20,low_yaw,always_probe,0.0039039876040455218,0.0001472498601924423,0.003896760825688914,0.00016347153551783696
extended,base,1005,20,low_yaw,ignore_passive,0.0039039876040455218,0.0001472498601924423,0.003896760825688914,0.00016347153551783696
extended,base,1005,20,low_yaw,uncertainty_trigger,0.0039039876040455218,0.0001472498601924423,0.003896760825688914,0.00016347153551783696
extended,base,1006,20,low_yaw,always_probe,0.004037457125764736,0.00014710505818570736,0.004033882575334613,0.00015184576386543413
extended,base,1006,20,low_yaw,ignore_passive,0.004037457125764736,0.00014710505818570736,0.004033882575334613,0.00015184576386543413
extended,base,1006,20,low_yaw,uncertainty_trigger,0.004037457125764736,0.00014710505818570736,0.004033882575334613,0.00015184576386543413
extended,base,1007,20,low_yaw,always_probe,0.003794312747598174,0.00014711701150686482,0.003788315359395093,0.00015897768959547768
extended,base,1007,20,low_yaw,ignore_passive,0.003794312747598174,0.00014711701150686482,0.003788315359395093,0.00015897768959547768
extended,base,1007,20,low_yaw,uncertainty_trigger,0.003794312747598174,0.00014711701150686482,0.003788315359395093,0.00015897768959547768
extended,base,1008,20,low_yaw,always_probe,0.003912398050149847,0.0001470878192043169,0.00390603233482661,0.0001589701258258737
extended,base,1008,20,low_yaw,ignore_passive,0.003912398050149847,0.0001470878192043169,0.00390603233482661,0.0001589701258258737
extended,base,1008,20,low_yaw,uncertainty_trigger,0.003912398050149847,0.0001470878192043169,0.00390603233482661,0.0001589701258258737
extended,base,1009,20,low_yaw,always_probe,0.0037925711861297746,0.00014725062693352045,0.0037859727865259384,0.0001440407207229238
extended,base,1009,20,low_yaw,ignore_passive,0.0037925711861297746,0.00014725062693352045,0.0037859727865259384,0.0001440407207229238
extended,base,1009,20,low_yaw,uncertainty_trigger,0.0037925711861297746,0.00014725062693352045,0.0037859727865259384,0.0001440407207229238
extended,base,1010,20,low_yaw,always_probe,0.003905956665972605,0.00014689048323521928,0.0038990451482950727,0.00014956796591473158
extended,base,1010,20,low_yaw,ignore_passive,0.003905956665972605,0.00014689048323521928,0.0038990451482950727,0.00014956796591473158
extended,base,1010,20,low_yaw,uncertainty_trigger,0.003905956665972605,0.00014689048323521928,0.0038990451482950727,0.00014956796591473158
extended,base,1011,20,low_yaw,always_probe,0.004027047331906211,0.00014726338244791333,0.004022080381196177,0.00015050162010428944
extended,base,1011,20,low_yaw,ignore_passive,0.004027047331906211,0.00014726338244791333,0.004022080381196177,0.00015050162010428944
extended,base,1011,20,low_yaw,uncertainty_trigger,0.004027047331906211,0.00014726338244791333,0.004022080381196177,0.00015050162010428944
extended,base,1012,20,low_yaw,always_probe,0.004031833998642088,0.00014722674355128597,0.0040274442154489875,0.00015763333459467842
extended,base,1012,20,low_yaw,ignore_passive,0.004031833998642088,0.00014722674355128597,0.0040274442154489875,0.00015763333459467842
extended,base,1012,20,low_yaw,uncertainty_trigger,0.004031833998642088,0.00014722674355128597,0.0040274442154489875,0.00015763333459467842
extended,base,1013,20,low_yaw,always_probe,0.003996092581373047,0.0001471979807815912,0.004002424607253833,0.0001386765972652033
extended,base,1013,20,low_yaw,ignore_passive,0.003996092581373047,0.0001471979807815912,0.004002424607253833,0.0001386765972652033
extended,base,1013,20,low_yaw,uncertainty_trigger,0.003996092581373047,0.0001471979807815912,0.004002424607253833,0.0001386765972652033
extended,base,1014,20,low_yaw,always_probe,0.004057318623256181,0.0001473463222250096,0.004057828326929321,0.00015098194630257743
extended,base,1014,20,low_yaw,ignore_passive,0.004057318623256181,0.0001473463222250096,0.004057828326929321,0.00015098194630257743
extended,base,1014,20,low_yaw,uncertainty_trigger,0.004057318623256181,0.0001473463222250096,0.004057828326929321,0.00015098194630257743
extended,base,1015,20,low_yaw,always_probe,0.004041749035846931,0.00014724176928533983,0.004039722955034922,0.00015196069210773224
extended,base,1015,20,low_yaw,ignore_passive,0.004041749035846931,0.00014724176928533983,0.004039722955034922,0.00015196069210773224
extended,base,1015,20,low_yaw,uncertainty_trigger,0.004041749035846931,0.00014724176928533983,0.004039722955034922,0.00015196069210773224
extended,base,1016,20,low_yaw,always_probe,0.004017579770784056,0.0001471636934423723,0.004010319806089907,0.00014686407322783167
extended,base,1016,20,low_yaw,ignore_passive,0.004017579770784056,0.0001471636934423723,0.004010319806089907,0.00014686407322783167
extended,base,1016,20,low_yaw,uncertainty_trigger,0.004017579770784056,0.0001471636934423723,0.004010319806089907,0.00014686407322783167
extended,base,1017,20,low_yaw,always_probe,0.0039157302715515764,0.00014663124394958136,0.0039225278781426474,0.00015890594935765153
extended,base,1017,20,low_yaw,ignore_passive,0.0039157302715515764,0.00014663124394958136,0.0039225278781426474,0.00015890594935765153
extended,base,1017,20,low_yaw,uncertainty_trigger,0.0039157302715515764,0.00014663124394958136,0.0039225278781426474,0.00015890594935765153
extended,base,1018,20,low_yaw,always_probe,0.004092701212492576,0.00014689963511622256,0.004097567938100937,0.00014708508896405558
extended,base,1018,20,low_yaw,ignore_passive,0.004092701212492576,0.00014689963511622256,0.004097567938100937,0.00014708508896405558
extended,base,1018,20,low_yaw,uncertainty_trigger,0.004092701212492576,0.00014689963511622256,0.004097567938100937,0.00014708508896405558
extended,base,1019,20,low_yaw,always_probe,0.003916786267615481,0.00014733247268952917,0.003910783024902744,0.00014564017708032918
extended,base,1019,20,low_yaw,ignore_passive,0.003916786267615481,0.00014733247268952917,0.003910783024902744,0.00014564017708032918
extended,base,1019,20,low_yaw,uncertainty_trigger,0.003916786267615481,0.00014733247268952917,0.003910783024902744,0.00014564017708032918
extended,base,1020,20,low_yaw,always_probe,0.004087985277193879,0.0001471958964612849,0.004093242373750237,0.0001429491806777334
extended,base,1020,20,low_yaw,ignore_passive,0.004087985277193879,0.0001471958964612849,0.004093242373750237,0.0001429491806777334
extended,base,1020,20,low_yaw,uncertainty_trigger,0.004087985277193879,0.0001471958964612849,0.004093242373750237,0.0001429491806777334
extended,base,1021,20,low_yaw,always_probe,0.004044282079106755,0.00014722810970244925,0.004042176509096638,0.00013866225606951166
extended,base,1021,20,low_yaw,ignore_passive,0.004044282079106755,0.00014722810970244925,0.004042176509096638,0.00013866225606951166
extended,base,1021,20,low_yaw,uncertainty_trigger,0.004044282079106755,0.00014722810970244925,0.004042176509096638,0.00013866225606951166
extended,base,1023,20,low_yaw,always_probe,0.004037576245351552,0.0001472562574653262,0.00403412463230917,0.0001626481666289996
extended,base,1023,20,low_yaw,ignore_passive,0.004037576245351552,0.0001472562574653262,0.00403412463230917,0.0001626481666289996
extended,base,1023,20,low_yaw,uncertainty_trigger,0.004037576245351552,0.0001472562574653262,0.00403412463230917,0.0001626481666289996
extended,base,1024,20,low_yaw,always_probe,0.004034580430332956,0.00014724335611751197,0.004030912612365025,0.00014230904543869276
extended,base,1024,20,low_yaw,ignore_passive,0.004034580430332956,0.00014724335611751197,0.004030912612365025,0.00014230904543869276
extended,base,1024,20,low_yaw,uncertainty_trigger,0.004034580430332956,0.00014724335611751197,0.004030912612365025,0.00014230904543869276
extended,base,1025,20,low_yaw,always_probe,0.0038983144920137,0.00014717874723655907,0.0039047044088162284,0.00015249094526880206
extended,base,1025,20,low_yaw,ignore_passive,0.0038983144920137,0.00014717874723655907,0.0039047044088162284,0.00015249094526880206
extended,base,1025,20,low_yaw,uncertainty_trigger,0.0038983144920137,0.00014717874723655907,0.0039047044088162284,0.00015249094526880206
extended,base,1026,20,low_yaw,always_probe,0.003912486372997154,0.00014725771432834493,0.0039061572013045272,0.00015130542780619196
extended,base,1026,20,low_yaw,ignore_passive,0.003912486372997154,0.00014725771432834493,0.0039061572013045272,0.00015130542780619196
extended,base,1026,20,low_yaw,uncertainty_trigger,0.003912486372997154,0.00014725771432834493,0.0039061572013045272,0.00015130542780619196
extended,base,1028,20,low_yaw,always_probe,0.003897743001133661,0.00014630551514208077,0.003904043332362493,0.0001451036176712371
extended,base,1028,20,low_yaw,ignore_passive,0.003897743001133661,0.00014630551514208077,0.003904043332362493,0.0001451036176712371
extended,base,1028,20,low_yaw,uncertainty_trigger,0.003897743001133661,0.00014630551514208077,0.003904043332362493,0.0001451036176712371
extended,base,1029,20,low_yaw,always_probe,0.0039011108979261676,0.00014708539937814704,0.003907584909746627,0.00015918526314389462
extended,base,1029,20,low_yaw,ignore_passive,0.0039011108979261676,0.00014708539937814704,0.003907584909746627,0.00015918526314389462
extended,base,1029,20,low_yaw,uncertainty_trigger,0.0039011108979261676,0.00014708539937814704,0.003907584909746627,0.00015918526314389462
extended,base,1030,20,low_yaw,always_probe,0.004019068157034158,0.0001473269004479313,0.004012174234007709,0.00013816927782486692
extended,base,1030,20,low_yaw,ignore_passive,0.004019068157034158,0.0001473269004479313,0.004012174234007709,0.00013816927782486692
extended,base,1030,20,low_yaw,uncertainty_trigger,0.004019068157034158,0.0001473269004479313,0.004012174234007709,0.00013816927782486692
extended,base,1001,40,low_yaw,always_probe,0.004096541872476868,0.00014697459102505102,0.00410211202679113,0.0001378888113323785
extended,base,1001,40,low_yaw,ignore_passive,0.004096541872476868,0.00014697459102505102,0.00410211202679113,0.0001378888113323785
extended,base,1001,40,low_yaw,uncertainty_trigger,0.004096541872476868,0.00014697459102505102,0.00410211202679113,0.0001378888113323785
extended,base,1002,40,low_yaw,always_probe,0.004045936433273289,0.00014723702721984675,0.004044254254333677,0.0001447401203605982
extended,base,1002,40,low_yaw,ignore_passive,0.004045936433273289,0.00014723702721984675,0.004044254254333677,0.0001447401203605982
extended,base,1002,40,low_yaw,uncertainty_trigger,0.004045936433273289,0.00014723702721984675,0.004044254254333677,0.0001447401203605982
extended,base,1003,40,low_yaw,always_probe,0.003914140143571718,0.00014710824853474103,0.003908016120147591,0.00014226655045152865
extended,base,1003,40,low_yaw,ignore_passive,0.003914140143571718,0.00014710824853474103,0.003908016120147591,0.00014226655045152865
extended,base,1003,40,low_yaw,uncertainty_trigger,0.003914140143571718,0.00014710824853474103,0.003908016120147591,0.00014226655045152865
extended,base,1005,40,low_yaw,always_probe,0.0039039876040455218,0.0001472498601924423,0.003896760825688914,0.00016347153551783696
extended,base,1005,40,low_yaw,ignore_passive,0.0039039876040455218,0.0001472498601924423,0.003896760825688914,0.00016347153551783696
extended,base,1005,40,low_yaw,uncertainty_trigger,0.0039039876040455218,0.0001472498601924423,0.003896760825688914,0.00016347153551783696
extended,base,1006,40,low_yaw,always_probe,0.004037457125764736,0.00014710505818570736,0.004033882575334613,0.00015184576386543413
extended,base,1006,40,low_yaw,ignore_passive,0.004037457125764736,0.00014710505818570736,0.004033882575334613,0.00015184576386543413
extended,base,1006,40,low_yaw,uncertainty_trigger,0.004037457125764736,0.00014710505818570736,0.004033882575334613,0.00015184576386543413
extended,base,1007,40,low_yaw,always_probe,0.003794312747598174,0.00014711701150686482,0.003788315359395093,0.00015897768959547768
extended,base,1007,40,low_yaw,ignore_passive,0.003794312747598174,0.00014711701150686482,0.003788315359395093,0.00015897768959547768
extended,base,1007,40,low_yaw,uncertainty_trigger,0.003794312747598174,0.00014711701150686482,0.003788315359395093,0.00015897768959547768
extended,base,1008,40,low_yaw,always_probe,0.003912398050149847,0.0001470878192043169,0.00390603233482661,0.0001589701258258737
extended,base,1008,40,low_yaw,ignore_passive,0.003912398050149847,0.0001470878192043169,0.00390603233482661,0.0001589701258258737
extended,base,1008,40,low_yaw,uncertainty_trigger,0.003912398050149847,0.0001470878192043169,0.00390603233482661,0.0001589701258258737
extended,base,1009,40,low_yaw,always_probe,0.0037925711861297746,0.00014725062693352045,0.0037859727865259384,0.0001440407207229238
extended,base,1009,40,low_yaw,ignore_passive,0.0037925711861297746,0.00014725062693352045,0.0037859727865259384,0.0001440407207229238
extended,base,1009,40,low_yaw,uncertainty_trigger,0.0037925711861297746,0.00014725062693352045,0.0037859727865259384,0.0001440407207229238
extended,base,1010,40,low_yaw,always_probe,0.003905956665972605,0.00014689048323521928,0.0038990451482950727,0.00014956796591473158
extended,base,1010,40,low_yaw,ignore_passive,0.003905956665972605,0.00014689048323521928,0.0038990451482950727,0.00014956796591473158
extended,base,1010,40,low_yaw,uncertainty_trigger,0.003905956665972605,0.00014689048323521928,0.0038990451482950727,0.00014956796591473158
extended,base,1011,40,low_yaw,always_probe,0.004027047331906211,0.00014726338244791333,0.004022080381196177,0.00015050162010428944
extended,base,1011,40,low_yaw,ignore_passive,0.004027047331906211,0.00014726338244791333,0.004022080381196177,0.00015050162010428944
extended,base,1011,40,low_yaw,uncertainty_trigger,0.004027047331906211,0.00014726338244791333,0.004022080381196177,0.00015050162010428944
extended,base,1012,40,low_yaw,always_probe,0.004031833998642088,0.00014722674355128597,0.0040274442154489875,0.00015763333459467842
extended,base,1012,40,low_yaw,ignore_passive,0.004031833998642088,0.00014722674355128597,0.0040274442154489875,0.00015763333459467842
extended,base,1012,40,low_yaw,uncertainty_trigger,0.004031833998642088,0.00014722674355128597,0.0040274442154489875,0.00015763333459467842
extended,base,1013,40,low_yaw,always_probe,0.003996092581373047,0.0001471979807815912,0.004002424607253833,0.0001386765972652033
extended,base,1013,40,low_yaw,ignore_passive,0.003996092581373047,0.0001471979807815912,0.004002424607253833,0.0001386765972652033
extended,base,1013,40,low_yaw,uncertainty_trigger,0.003996092581373047,0.0001471979807815912,0.004002424607253833,0.0001386765972652033
extended,base,1014,40,low_yaw,always_probe,0.004057318623256181,0.0001473463222250096,0.004057828326929321,0.00015098194630257743
extended,base,1014,40,low_yaw,ignore_passive,0.004057318623256181,0.0001473463222250096,0.004057828326929321,0.00015098194630257743
extended,base,1014,40,low_yaw,uncertainty_trigger,0.004057318623256181,0.0001473463222250096,0.004057828326929321,0.00015098194630257743
extended,base,1015,40,low_yaw,always_probe,0.004041749035846931,0.00014724176928533983,0.004039722955034922,0.00015196069210773224
extended,base,1015,40,low_yaw,ignore_passive,0.004041749035846931,0.00014724176928533983,0.004039722955034922,0.00015196069210773224
extended,base,1015,40,low_yaw,uncertainty_trigger,0.004041749035846931,0.00014724176928533983,0.004039722955034922,0.00015196069210773224
extended,base,1016,40,low_yaw,always_probe,0.004017579770784056,0.0001471636934423723,0.004010319806089907,0.00014686407322783167
extended,base,1016,40,low_yaw,ignore_passive,0.004017579770784056,0.0001471636934423723,0.004010319806089907,0.00014686407322783167
extended,base,1016,40,low_yaw,uncertainty_trigger,0.004017579770784056,0.0001471636934423723,0.004010319806089907,0.00014686407322783167
extended,base,1017,40,low_yaw,always_probe,0.0039157302715515764,0.00014663124394958136,0.0039225278781426474,0.00015890594935765153
extended,base,1017,40,low_yaw,ignore_passive,0.0039157302715515764,0.00014663124394958136,0.0039225278781426474,0.00015890594935765153
extended,base,1017,40,low_yaw,uncertainty_trigger,0.0039157302715515764,0.00014663124394958136,0.0039225278781426474,0.00015890594935765153
extended,base,1018,40,low_yaw,always_probe,0.004092701212492576,0.00014689963511622256,0.004097567938100937,0.00014708508896405558
extended,base,1018,40,low_yaw,ignore_passive,0.004092701212492576,0.00014689963511622256,0.004097567938100937,0.00014708508896405558
extended,base,1018,40,low_yaw,uncertainty_trigger,0.004092701212492576,0.00014689963511622256,0.004097567938100937,0.00014708508896405558
extended,base,1019,40,low_yaw,always_probe,0.003916786267615481,0.00014733247268952917,0.003910783024902744,0.00014564017708032918
extended,base,1019,40,low_yaw,ignore_passive,0.003916786267615481,0.00014733247268952917,0.003910783024902744,0.00014564017708032918
extended,base,1019,40,low_yaw,uncertainty_trigger,0.003916786267615481,0.00014733247268952917,0.003910783024902744,0.00014564017708032918
extended,base,1020,40,low_yaw,always_probe,0.004087985277193879,0.0001471958964612849,0.004093242373750237,0.0001429491806777334
extended,base,1020,40,low_yaw,ignore_passive,0.004087985277193879,0.0001471958964612849,0.004093242373750237,0.0001429491806777334
extended,base,1020,40,low_yaw,uncertainty_trigger,0.004087985277193879,0.0001471958964612849,0.004093242373750237,0.0001429491806777334
extended,base,1021,40,low_yaw,always_probe,0.004044282079106755,0.00014722810970244925,0.004042176509096638,0.00013866225606951166
extended,base,1021,40,low_yaw,ignore_passive,0.004044282079106755,0.00014722810970244925,0.004042176509096638,0.00013866225606951166
extended,base,1021,40,low_yaw,uncertainty_trigger,0.004044282079106755,0.00014722810970244925,0.004042176509096638,0.00013866225606951166
extended,base,1023,40,low_yaw,always_probe,0.004037576245351552,0.0001472562574653262,0.00403412463230917,0.0001626481666289996
extended,base,1023,40,low_yaw,ignore_passive,0.004037576245351552,0.0001472562574653262,0.00403412463230917,0.0001626481666289996
extended,base,1023,40,low_yaw,uncertainty_trigger,0.004037576245351552,0.0001472562574653262,0.00403412463230917,0.0001626481666289996
extended,base,1024,40,low_yaw,always_probe,0.004034580430332956,0.00014724335611751197,0.004030912612365025,0.00014230904543869276
extended,base,1024,40,low_yaw,ignore_passive,0.004034580430332956,0.00014724335611751197,0.004030912612365025,0.00014230904543869276
extended,base,1024,40,low_yaw,uncertainty_trigger,0.004034580430332956,0.00014724335611751197,0.004030912612365025,0.00014230904543869276
extended,base,1025,40,low_yaw,always_probe,0.0038983144920137,0.00014717874723655907,0.0039047044088162284,0.00015249094526880206
extended,base,1025,40,low_yaw,ignore_passive,0.0038983144920137,0.00014717874723655907,0.0039047044088162284,0.00015249094526880206
extended,base,1025,40,low_yaw,uncertainty_trigger,0.0038983144920137,0.00014717874723655907,0.0039047044088162284,0.00015249094526880206
extended,base,1026,40,low_yaw,always_probe,0.003912486372997154,0.00014725771432834493,0.0039061572013045272,0.00015130542780619196
extended,base,1026,40,low_yaw,ignore_passive,0.003912486372997154,0.00014725771432834493,0.0039061572013045272,0.00015130542780619196
extended,base,1026,40,low_yaw,uncertainty_trigger,0.003912486372997154,0.00014725771432834493,0.0039061572013045272,0.00015130542780619196
extended,base,1028,40,low_yaw,always_probe,0.003897743001133661,0.00014630551514208077,0.003904043332362493,0.0001451036176712371
extended,base,1028,40,low_yaw,ignore_passive,0.003897743001133661,0.00014630551514208077,0.003904043332362493,0.0001451036176712371
extended,base,1028,40,low_yaw,uncertainty_trigger,0.003897743001133661,0.00014630551514208077,0.003904043332362493,0.0001451036176712371
extended,base,1029,40,low_yaw,always_probe,0.0039011108979261676,0.00014708539937814704,0.003907584909746627,0.00015918526314389462
extended,base,1029,40,low_yaw,ignore_passive,0.0039011108979261676,0.00014708539937814704,0.003907584909746627,0.00015918526314389462
extended,base,1029,40,low_yaw,uncertainty_trigger,0.0039011108979261676,0.00014708539937814704,0.003907584909746627,0.00015918526314389462
extended,base,1030,40,low_yaw,always_probe,0.004019068157034158,0.0001473269004479313,0.004012174234007709,0.00013816927782486692
extended,base,1030,40,low_yaw,ignore_passive,0.004019068157034158,0.0001473269004479313,0.004012174234007709,0.00013816927782486692
extended,base,1030,40,low_yaw,uncertainty_trigger,0.004019068157034158,0.0001473269004479313,0.004012174234007709,0.00013816927782486692
extended,base,1001,60,low_yaw,always_probe,0.004096541872476868,0.00014697459102505102,0.00410211202679113,0.0001378888113323785
extended,base,1001,60,low_yaw,ignore_passive,0.004096541872476868,0.00014697459102505102,0.00410211202679113,0.0001378888113323785
extended,base,1001,60,low_yaw,uncertainty_trigger,0.004096541872476868,0.00014697459102505102,0.00410211202679113,0.0001378888113323785
extended,base,1002,60,low_yaw,always_probe,0.004045936433273289,0.00014723702721984675,0.004044254254333677,0.0001447401203605982
extended,base,1002,60,low_yaw,ignore_passive,0.004045936433273289,0.00014723702721984675,0.004044254254333677,0.0001447401203605982
extended,base,1002,60,low_yaw,uncertainty_trigger,0.004045936433273289,0.00014723702721984675,0.004044254254333677,0.0001447401203605982
extended,base,1003,60,low_yaw,always_probe,0.003914140143571718,0.00014710824853474103,0.003908016120147591,0.00014226655045152865
extended,base,1003,60,low_yaw,ignore_passive,0.003914140143571718,0.00014710824853474103,0.003908016120147591,0.00014226655045152865
extended,base,1003,60,low_yaw,uncertainty_trigger,0.003914140143571718,0.00014710824853474103,0.003908016120147591,0.00014226655045152865
extended,base,1005,60,low_yaw,always_probe,0.0039039876040455218,0.0001472498601924423,0.003896760825688914,0.00016347153551783696
extended,base,1005,60,low_yaw,ignore_passive,0.0039039876040455218,0.0001472498601924423,0.003896760825688914,0.00016347153551783696
extended,base,1005,60,low_yaw,uncertainty_trigger,0.0039039876040455218,0.0001472498601924423,0.003896760825688914,0.00016347153551783696
extended,base,1006,60,low_yaw,always_probe,0.004037457125764736,0.00014710505818570736,0.004033882575334613,0.00015184576386543413
extended,base,1006,60,low_yaw,ignore_passive,0.004037457125764736,0.00014710505818570736,0.004033882575334613,0.00015184576386543413
extended,base,1006,60,low_yaw,uncertainty_trigger,0.004037457125764736,0.00014710505818570736,0.004033882575334613,0.00015184576386543413
extended,base,1007,60,low_yaw,always_probe,0.003794312747598174,0.00014711701150686482,0.003788315359395093,0.00015897768959547768
extended,base,1007,60,low_yaw,ignore_passive,0.003794312747598174,0.00014711701150686482,0.003788315359395093,0.00015897768959547768
extended,base,1007,60,low_yaw,uncertainty_trigger,0.003794312747598174,0.00014711701150686482,0.003788315359395093,0.00015897768959547768
extended,base,1008,60,low_yaw,always_probe,0.003912398050149847,0.0001470878192043169,0.00390603233482661,0.0001589701258258737
extended,base,1008,60,low_yaw,ignore_passive,0.003912398050149847,0.0001470878192043169,0.00390603233482661,0.0001589701258258737
extended,base,1008,60,low_yaw,uncertainty_trigger,0.003912398050149847,0.0001470878192043169,0.00390603233482661,0.0001589701258258737
extended,base,1009,60,low_yaw,always_probe,0.0037925711861297746,0.00014725062693352045,0.0037859727865259384,0.0001440407207229238
extended,base,1009,60,low_yaw,ignore_passive,0.0037925711861297746,0.00014725062693352045,0.0037859727865259384,0.0001440407207229238
extended,base,1009,60,low_yaw,uncertainty_trigger,0.0037925711861297746,0.00014725062693352045,0.0037859727865259384,0.0001440407207229238
extended,base,1010,60,low_yaw,always_probe,0.003905956665972605,0.00014689048323521928,0.0038990451482950727,0.00014956796591473158
extended,base,1010,60,low_yaw,ignore_passive,0.003905956665972605,0.00014689048323521928,0.0038990451482950727,0.00014956796591473158
extended,base,1010,60,low_yaw,uncertainty_trigger,0.003905956665972605,0.00014689048323521928,0.0038990451482950727,0.00014956796591473158
extended,base,1011,60,low_yaw,always_probe,0.004027047331906211,0.00014726338244791333,0.004022080381196177,0.00015050162010428944
extended,base,1011,60,low_yaw,ignore_passive,0.004027047331906211,0.00014726338244791333,0.004022080381196177,0.00015050162010428944
extended,base,1011,60,low_yaw,uncertainty_trigger,0.004027047331906211,0.00014726338244791333,0.004022080381196177,0.00015050162010428944
extended,base,1012,60,low_yaw,always_probe,0.004031833998642088,0.00014722674355128597,0.0040274442154489875,0.00015763333459467842
extended,base,1012,60,low_yaw,ignore_passive,0.004031833998642088,0.00014722674355128597,0.0040274442154489875,0.00015763333459467842
extended,base,1012,60,low_yaw,uncertainty_trigger,0.004031833998642088,0.00014722674355128597,0.0040274442154489875,0.00015763333459467842
extended,base,1013,60,low_yaw,always_probe,0.003996092581373047,0.0001471979807815912,0.004002424607253833,0.0001386765972652033
extended,base,1013,60,low_yaw,ignore_passive,0.003996092581373047,0.0001471979807815912,0.004002424607253833,0.0001386765972652033
extended,base,1013,60,low_yaw,uncertainty_trigger,0.003996092581373047,0.0001471979807815912,0.004002424607253833,0.0001386765972652033
extended,base,1014,60,low_yaw,always_probe,0.004057318623256181,0.0001473463222250096,0.004057828326929321,0.00015098194630257743
extended,base,1014,60,low_yaw,ignore_passive,0.004057318623256181,0.0001473463222250096,0.004057828326929321,0.00015098194630257743
extended,base,1014,60,low_yaw,uncertainty_trigger,0.004057318623256181,0.0001473463222250096,0.004057828326929321,0.00015098194630257743
extended,base,1015,60,low_yaw,always_probe,0.004041749035846931,0.00014724176928533983,0.004039722955034922,0.00015196069210773224
extended,base,1015,60,low_yaw,ignore_passive,0.004041749035846931,0.00014724176928533983,0.004039722955034922,0.00015196069210773224
extended,base,1015,60,low_yaw,uncertainty_trigger,0.004041749035846931,0.00014724176928533983,0.004039722955034922,0.00015196069210773224
extended,base,1016,60,low_yaw,always_probe,0.004017579770784056,0.0001471636934423723,0.004010319806089907,0.00014686407322783167
extended,base,1016,60,low_yaw,ignore_passive,0.004017579770784056,0.0001471636934423723,0.004010319806089907,0.00014686407322783167
extended,base,1016,60,low_yaw,uncertainty_trigger,0.004017579770784056,0.0001471636934423723,0.004010319806089907,0.00014686407322783167
extended,base,1017,60,low_yaw,always_probe,0.0039157302715515764,0.00014663124394958136,0.0039225278781426474,0.00015890594935765153
extended,base,1017,60,low_yaw,ignore_passive,0.0039157302715515764,0.00014663124394958136,0.0039225278781426474,0.00015890594935765153
extended,base,1017,60,low_yaw,uncertainty_trigger,0.0039157302715515764,0.00014663124394958136,0.0039225278781426474,0.00015890594935765153
extended,base,1018,60,low_yaw,always_probe,0.004092701212492576,0.00014689963511622256,0.004097567938100937,0.00014708508896405558
extended,base,1018,60,low_yaw,ignore_passive,0.004092701212492576,0.00014689963511622256,0.004097567938100937,0.00014708508896405558
extended,base,1018,60,low_yaw,uncertainty_trigger,0.004092701212492576,0.00014689963511622256,0.004097567938100937,0.00014708508896405558
extended,base,1019,60,low_yaw,always_probe,0.003916786267615481,0.00014733247268952917,0.003910783024902744,0.00014564017708032918
extended,base,1019,60,low_yaw,ignore_passive,0.003916786267615481,0.00014733247268952917,0.003910783024902744,0.00014564017708032918
extended,base,1019,60,low_yaw,uncertainty_trigger,0.003916786267615481,0.00014733247268952917,0.003910783024902744,0.00014564017708032918
extended,base,1020,60,low_yaw,always_probe,0.004087985277193879,0.0001471958964612849,0.004093242373750237,0.0001429491806777334
extended,base,1020,60,low_yaw,ignore_passive,0.004087985277193879,0.0001471958964612849,0.004093242373750237,0.0001429491806777334
extended,base,1020,60,low_yaw,uncertainty_trigger,0.004087985277193879,0.0001471958964612849,0.004093242373750237,0.0001429491806777334
extended,base,1021,60,low_yaw,always_probe,0.004044282079106755,0.00014722810970244925,0.004042176509096638,0.00013866225606951166
extended,base,1021,60,low_yaw,ignore_passive,0.004044282079106755,0.00014722810970244925,0.004042176509096638,0.00013866225606951166
extended,base,1021,60,low_yaw,uncertainty_trigger,0.004044282079106755,0.00014722810970244925,0.004042176509096638,0.00013866225606951166
extended,base,1023,60,low_yaw,always_probe,0.004037576245351552,0.0001472562574653262,0.00403412463230917,0.0001626481666289996
extended,base,1023,60,low_yaw,ignore_passive,0.004037576245351552,0.0001472562574653262,0.00403412463230917,0.0001626481666289996
extended,base,1023,60,low_yaw,uncertainty_trigger,0.004037576245351552,0.0001472562574653262,0.00403412463230917,0.0001626481666289996
extended,base,1024,60,low_yaw,always_probe,0.004034580430332956,0.00014724335611751197,0.004030912612365025,0.00014230904543869276
extended,base,1024,60,low_yaw,ignore_passive,0.004034580430332956,0.00014724335611751197,0.004030912612365025,0.00014230904543869276
extended,base,1024,60,low_yaw,uncertainty_trigger,0.004034580430332956,0.00014724335611751197,0.004030912612365025,0.00014230904543869276
extended,base,1025,60,low_yaw,always_probe,0.0038983144920137,0.00014717874723655907,0.0039047044088162284,0.00015249094526880206
extended,base,1025,60,low_yaw,ignore_passive,0.0038983144920137,0.00014717874723655907,0.0039047044088162284,0.00015249094526880206
extended,base,1025,60,low_yaw,uncertainty_trigger,0.0038983144920137,0.00014717874723655907,0.0039047044088162284,0.00015249094526880206
extended,base,1026,60,low_yaw,always_probe,0.003912486372997154,0.00014725771432834493,0.0039061572013045272,0.00015130542780619196
extended,base,1026,60,low_yaw,ignore_passive,0.003912486372997154,0.00014725771432834493,0.0039061572013045272,0.00015130542780619196
extended,base,1026,60,low_yaw,uncertainty_trigger,0.003912486372997154,0.00014725771432834493,0.0039061572013045272,0.00015130542780619196
extended,base,1028,60,low_yaw,always_probe,0.003897743001133661,0.00014630551514208077,0.003904043332362493,0.0001451036176712371
extended,base,1028,60,low_yaw,ignore_passive,0.003897743001133661,0.00014630551514208077,0.003904043332362493,0.0001451036176712371
extended,base,1028,60,low_yaw,uncertainty_trigger,0.003897743001133661,0.00014630551514208077,0.003904043332362493,0.0001451036176712371
extended,base,1029,60,low_yaw,always_probe,0.0039011108979261676,0.00014708539937814704,0.003907584909746627,0.00015918526314389462
extended,base,1029,60,low_yaw,ignore_passive,0.0039011108979261676,0.00014708539937814704,0.003907584909746627,0.00015918526314389462
extended,base,1029,60,low_yaw,uncertainty_trigger,0.0039011108979261676,0.00014708539937814704,0.003907584909746627,0.00015918526314389462
extended,base,1030,60,low_yaw,always_probe,0.004019068157034158,0.0001473269004479313,0.004012174234007709,0.00013816927782486692
extended,base,1030,60,low_yaw,ignore_passive,0.004019068157034158,0.0001473269004479313,0.004012174234007709,0.00013816927782486692
extended,base,1030,60,low_yaw,uncertainty_trigger,0.004019068157034158,0.0001473269004479313,0.004012174234007709,0.00013816927782486692
extended,base,1001,100,low_yaw,always_probe,0.004096541872476868,0.00014697459102505102,0.00410211202679113,0.0001378888113323785
extended,base,1001,100,low_yaw,ignore_passive,0.004096541872476868,0.00014697459102505102,0.00410211202679113,0.0001378888113323785
extended,base,1001,100,low_yaw,uncertainty_trigger,0.004096541872476868,0.00014697459102505102,0.00410211202679113,0.0001378888113323785
extended,base,1002,100,low_yaw,always_probe,0.004045936433273289,0.00014723702721984675,0.004044254254333677,0.0001447401203605982
extended,base,1002,100,low_yaw,ignore_passive,0.004045936433273289,0.00014723702721984675,0.004044254254333677,0.0001447401203605982
extended,base,1002,100,low_yaw,uncertainty_trigger,0.004045936433273289,0.00014723702721984675,0.004044254254333677,0.0001447401203605982
extended,base,1003,100,low_yaw,always_probe,0.003914140143571718,0.00014710824853474103,0.003908016120147591,0.00014226655045152865
extended,base,1003,100,low_yaw,ignore_passive,0.003914140143571718,0.00014710824853474103,0.003908016120147591,0.00014226655045152865
extended,base,1003,100,low_yaw,uncertainty_trigger,0.003914140143571718,0.00014710824853474103,0.003908016120147591,0.00014226655045152865
extended,base,1005,100,low_yaw,always_probe,0.0039039876040455218,0.0001472498601924423,0.003896760825688914,0.00016347153551783696
extended,base,1005,100,low_yaw,ignore_passive,0.0039039876040455218,0.0001472498601924423,0.003896760825688914,0.00016347153551783696
extended,base,1005,100,low_yaw,uncertainty_trigger,0.0039039876040455218,0.0001472498601924423,0.003896760825688914,0.00016347153551783696
extended,base,1006,100,low_yaw,always_probe,0.004037457125764736,0.00014710505818570736,0.004033882575334613,0.00015184576386543413
extended,base,1006,100,low_yaw,ignore_passive,0.004037457125764736,0.00014710505818570736,0.004033882575334613,0.00015184576386543413
extended,base,1006,100,low_yaw,uncertainty_trigger,0.004037457125764736,0.00014710505818570736,0.004033882575334613,0.00015184576386543413
extended,base,1007,100,low_yaw,always_probe,0.003794312747598174,0.00014711701150686482,0.003788315359395093,0.00015897768959547768
extended,base,1007,100,low_yaw,ignore_passive,0.003794312747598174,0.00014711701150686482,0.003788315359395093,0.00015897768959547768
extended,base,1007,100,low_yaw,uncertainty_trigger,0.003794312747598174,0.00014711701150686482,0.003788315359395093,0.00015897768959547768
extended,base,1008,100,low_yaw,always_probe,0.003912398050149847,0.0001470878192043169,0.00390603233482661,0.0001589701258258737
extended,base,1008,100,low_yaw,ignore_passive,0.003912398050149847,0.0001470878192043169,0.00390603233482661,0.0001589701258258737
extended,base,1008,100,low_yaw,uncertainty_trigger,0.003912398050149847,0.0001470878192043169,0.00390603233482661,0.0001589701258258737
extended,base,1009,100,low_yaw,always_probe,0.0037925711861297746,0.00014725062693352045,0.0037859727865259384,0.0001440407207229238
extended,base,1009,100,low_yaw,ignore_passive,0.0037925711861297746,0.00014725062693352045,0.0037859727865259384,0.0001440407207229238
extended,base,1009,100,low_yaw,uncertainty_trigger,0.0037925711861297746,0.00014725062693352045,0.0037859727865259384,0.0001440407207229238
extended,base,1010,100,low_yaw,always_probe,0.003905956665972605,0.00014689048323521928,0.0038990451482950727,0.00014956796591473158
extended,base,1010,100,low_yaw,ignore_passive,0.003905956665972605,0.00014689048323521928,0.0038990451482950727,0.00014956796591473158
extended,base,1010,100,low_yaw,uncertainty_trigger,0.003905956665972605,0.00014689048323521928,0.0038990451482950727,0.00014956796591473158
extended,base,1011,100,low_yaw,always_probe,0.004027047331906211,0.00014726338244791333,0.004022080381196177,0.00015050162010428944
extended,base,1011,100,low_yaw,ignore_passive,0.004027047331906211,0.00014726338244791333,0.004022080381196177,0.00015050162010428944
extended,base,1011,100,low_yaw,uncertainty_trigger,0.004027047331906211,0.00014726338244791333,0.004022080381196177,0.00015050162010428944
extended,base,1012,100,low_yaw,always_probe,0.004031833998642088,0.00014722674355128597,0.0040274442154489875,0.00015763333459467842
extended,base,1012,100,low_yaw,ignore_passive,0.004031833998642088,0.00014722674355128597,0.0040274442154489875,0.00015763333459467842
extended,base,1012,100,low_yaw,uncertainty_trigger,0.004031833998642088,0.00014722674355128597,0.0040274442154489875,0.00015763333459467842
extended,base,1013,100,low_yaw,always_probe,0.003996092581373047,0.0001471979807815912,0.004002424607253833,0.0001386765972652033
extended,base,1013,100,low_yaw,ignore_passive,0.003996092581373047,0.0001471979807815912,0.004002424607253833,0.0001386765972652033
extended,base,1013,100,low_yaw,uncertainty_trigger,0.003996092581373047,0.0001471979807815912,0.004002424607253833,0.0001386765972652033
extended,base,1014,100,low_yaw,always_probe,0.004057318623256181,0.0001473463222250096,0.004057828326929321,0.00015098194630257743
extended,base,1014,100,low_yaw,ignore_passive,0.004057318623256181,0.0001473463222250096,0.004057828326929321,0.00015098194630257743
extended,base,1014,100,low_yaw,uncertainty_trigger,0.004057318623256181,0.0001473463222250096,0.004057828326929321,0.00015098194630257743
extended,base,1015,100,low_yaw,always_probe,0.004041749035846931,0.00014724176928533983,0.004039722955034922,0.00015196069210773224
extended,base,1015,100,low_yaw,ignore_passive,0.004041749035846931,0.00014724176928533983,0.004039722955034922,0.00015196069210773224
extended,base,1015,100,low_yaw,uncertainty_trigger,0.004041749035846931,0.00014724176928533983,0.004039722955034922,0.00015196069210773224
extended,base,1016,100,low_yaw,always_probe,0.004017579770784056,0.0001471636934423723,0.004010319806089907,0.00014686407322783167
extended,base,1016,100,low_yaw,ignore_passive,0.004017579770784056,0.0001471636934423723,0.004010319806089907,0.00014686407322783167
extended,base,1016,100,low_yaw,uncertainty_trigger,0.004017579770784056,0.0001471636934423723,0.004010319806089907,0.00014686407322783167
extended,base,1017,100,low_yaw,always_probe,0.0039157302715515764,0.00014663124394958136,0.0039225278781426474,0.00015890594935765153
extended,base,1017,100,low_yaw,ignore_passive,0.0039157302715515764,0.00014663124394958136,0.0039225278781426474,0.00015890594935765153
extended,base,1017,100,low_yaw,uncertainty_trigger,0.0039157302715515764,0.00014663124394958136,0.0039225278781426474,0.00015890594935765153
extended,base,1018,100,low_yaw,always_probe,0.004092701212492576,0.00014689963511622256,0.004097567938100937,0.00014708508896405558
extended,base,1018,100,low_yaw,ignore_passive,0.004092701212492576,0.00014689963511622256,0.004097567938100937,0.00014708508896405558
extended,base,1018,100,low_yaw,uncertainty_trigger,0.004092701212492576,0.00014689963511622256,0.004097567938100937,0.00014708508896405558
extended,base,1019,100,low_yaw,always_probe,0.003916786267615481,0.00014733247268952917,0.003910783024902744,0.00014564017708032918
extended,base,1019,100,low_yaw,ignore_passive,0.003916786267615481,0.00014733247268952917,0.003910783024902744,0.00014564017708032918
extended,base,1019,100,low_yaw,uncertainty_trigger,0.003916786267615481,0.00014733247268952917,0.003910783024902744,0.00014564017708032918
extended,base,1020,100,low_yaw,always_probe,0.004087985277193879,0.0001471958964612849,0.004093242373750237,0.0001429491806777334
extended,base,1020,100,low_yaw,ignore_passive,0.004087985277193879,0.0001471958964612849,0.004093242373750237,0.0001429491806777334
extended,base,1020,100,low_yaw,uncertainty_trigger,0.004087985277193879,0.0001471958964612849,0.004093242373750237,0.0001429491806777334
extended,base,1021,100,low_yaw,always_probe,0.004044282079106755,0.00014722810970244925,0.004042176509096638,0.00013866225606951166
extended,base,1021,100,low_yaw,ignore_passive,0.004044282079106755,0.00014722810970244925,0.004042176509096638,0.00013866225606951166
extended,base,1021,100,low_yaw,uncertainty_trigger,0.004044282079106755,0.00014722810970244925,0.004042176509096638,0.00013866225606951166
extended,base,1023,100,low_yaw,always_probe,0.004037576245351552,0.0001472562574653262,0.00403412463230917,0.0001626481666289996
extended,base,1023,100,low_yaw,ignore_passive,0.004037576245351552,0.0001472562574653262,0.00403412463230917,0.0001626481666289996
extended,base,1023,100,low_yaw,uncertainty_trigger,0.004037576245351552,0.0001472562574653262,0.00403412463230917,0.0001626481666289996
extended,base,1024,100,low_yaw,always_probe,0.004034580430332956,0.00014724335611751197,0.004030912612365025,0.00014230904543869276
extended,base,1024,100,low_yaw,ignore_passive,0.004034580430332956,0.00014724335611751197,0.004030912612365025,0.00014230904543869276
extended,base,1024,100,low_yaw,uncertainty_trigger,0.004034580430332956,0.00014724335611751197,0.004030912612365025,0.00014230904543869276
extended,base,1025,100,low_yaw,always_probe,0.0038983144920137,0.00014717874723655907,0.0039047044088162284,0.00015249094526880206
extended,base,1025,100,low_yaw,ignore_passive,0.0038983144920137,0.00014717874723655907,0.0039047044088162284,0.00015249094526880206
extended,base,1025,100,low_yaw,uncertainty_trigger,0.0038983144920137,0.00014717874723655907,0.0039047044088162284,0.00015249094526880206
extended,base,1026,100,low_yaw,always_probe,0.003912486372997154,0.00014725771432834493,0.0039061572013045272,0.00015130542780619196
extended,base,1026,100,low_yaw,ignore_passive,0.003912486372997154,0.00014725771432834493,0.0039061572013045272,0.00015130542780619196
extended,base,1026,100,low_yaw,uncertainty_trigger,0.003912486372997154,0.00014725771432834493,0.0039061572013045272,0.00015130542780619196
extended,base,1028,100,low_yaw,always_probe,0.003897743001133661,0.00014630551514208077,0.003904043332362493,0.0001451036176712371
extended,base,1028,100,low_yaw,ignore_passive,0.003897743001133661,0.00014630551514208077,0.003904043332362493,0.0001451036176712371
extended,base,1028,100,low_yaw,uncertainty_trigger,0.003897743001133661,0.00014630551514208077,0.003904043332362493,0.0001451036176712371
extended,base,1029,100,low_yaw,always_probe,0.0039011108979261676,0.00014708539937814704,0.003907584909746627,0.00015918526314389462
extended,base,1029,100,low_yaw,ignore_passive,0.0039011108979261676,0.00014708539937814704,0.003907584909746627,0.00015918526314389462
extended,base,1029,100,low_yaw,uncertainty_trigger,0.0039011108979261676,0.00014708539937814704,0.003907584909746627,0.00015918526314389462
extended,base,1030,100,low_yaw,always_probe,0.004019068157034158,0.0001473269004479313,0.004012174234007709,0.00013816927782486692
extended,base,1030,100,low_yaw,ignore_passive,0.004019068157034158,0.0001473269004479313,0.004012174234007709,0.00013816927782486692
extended,base,1030,100,low_yaw,uncertainty_trigger,0.004019068157034158,0.0001473269004479313,0.004012174234007709,0.00013816927782486692
sensitivity,noise10,1001,20,excited,always_probe,0.040815281669393515,0.0014457140765555584,0.04083114974847201,0.0013838432554639834
sensitivity,noise10,1001,20,excited,ignore_passive,0.040815281669393515,0.0014457140765555584,0.04083114974847201,0.0013838432554639834
sensitivity,noise10,1001,20,excited,uncertainty_trigger,0.040815281669393515,0.0014457140765555584,0.04083114974847201,0.0013838432554639834
sensitivity,noise10,1002,20,excited,always_probe,0.04034185322459468,0.0014482835674203356,0.04031996940601877,0.00143304125482974
sensitivity,noise10,1002,20,excited,ignore_passive,0.04034185322459468,0.0014482835674203356,0.04031996940601877,0.00143304125482974
sensitivity,noise10,1002,20,excited,uncertainty_trigger,0.04034185322459468,0.0014482835674203356,0.04031996940601877,0.00143304125482974
sensitivity,noise10,1003,20,excited,always_probe,0.039026185903367275,0.0014469975182068784,0.03896878119251336,0.0014124972683886713
sensitivity,noise10,1003,20,excited,ignore_passive,0.039026185903367275,0.0014469975182068784,0.03896878119251336,0.0014124972683886713
sensitivity,noise10,1003,20,excited,uncertainty_trigger,0.039026185903367275,0.0014469975182068784,0.03896878119251336,0.0014124972683886713
sensitivity,noise10,1005,20,excited,always_probe,0.037842711376351854,0.0014478726831037916,0.03775685790564934,0.0015589535001457008
sensitivity,noise10,1005,20,excited,ignore_passive,0.037842711376351854,0.0014478726831037916,0.03775685790564934,0.0015589535001457008
sensitivity,noise10,1005,20,excited,uncertainty_trigger,0.037842711376351854,0.0014478726831037916,0.03775685790564934,0.0015589535001457008
sensitivity,noise10,1006,20,excited,always_probe,0.040272716900521276,0.001446970603526171,0.04020155188565287,0.0014964404162867873
sensitivity,noise10,1006,20,excited,ignore_passive,0.040272716900521276,0.001446970603526171,0.04020155188565287,0.0014964404162867873
sensitivity,noise10,1006,20,excited,uncertainty_trigger,0.040272716900521276,0.001446970603526171,0.04020155188565287,0.0014964404162867873
sensitivity,noise10,1007,20,excited,always_probe,0.03787452623336612,0.0014470486721066536,0.03784905713063172,0.001521552389725615
sensitivity,noise10,1007,20,excited,ignore_passive,0.03787452623336612,0.0014470486721066536,0.03784905713063172,0.001521552389725615
sensitivity,noise10,1007,20,excited,uncertainty_trigger,0.03787452623336612,0.0014470486721066536,0.03784905713063172,0.001521552389725615
sensitivity,noise10,1008,20,excited,always_probe,0.039030571981382066,0.0014467811389631583,0.038949624218566306,0.0015221829897573696
sensitivity,noise10,1008,20,excited,ignore_passive,0.039030571981382066,0.0014467811389631583,0.038949624218566306,0.0015221829897573696
sensitivity,noise10,1008,20,excited,uncertainty_trigger,0.039030571981382066,0.0014467811389631583,0.038949624218566306,0.0015221829897573696
sensitivity,noise10,1009,20,excited,always_probe,0.03782951655639326,0.0014483886839367387,0.03777011488599539,0.0014390984382440257
sensitivity,noise10,1009,20,excited,ignore_passive,0.03782951655639326,0.0014483886839367387,0.03777011488599539,0.0014390984382440257
sensitivity,noise10,1009,20,excited,uncertainty_trigger,0.03782951655639326,0.0014483886839367387,0.03777011488599539,0.0014390984382440257
sensitivity,noise10,1010,20,excited,always_probe,0.037889958654707755,0.0014447667254877939,0.03782986043049876,0.0014644522566445019
sensitivity,noise10,1010,20,excited,ignore_passive,0.037889958654707755,0.0014447667254877939,0.03782986043049876,0.0014644522566445019
sensitivity,noise10,1010,20,excited,uncertainty_trigger,0.037889958654707755,0.0014447667254877939,0.03782986043049876,0.0014644522566445019
sensitivity,noise10,1001,60,excited,always_probe,0.040815281669393515,0.0014457140765555584,0.04083114974847201,0.0013838432554639834
sensitivity,noise10,1001,60,excited,ignore_passive,0.040815281669393515,0.0014457140765555584,0.04083114974847201,0.0013838432554639834
sensitivity,noise10,1001,60,excited,uncertainty_trigger,0.040815281669393515,0.0014457140765555584,0.04083114974847201,0.0013838432554639834
sensitivity,noise10,1002,60,excited,always_probe,0.04034185322459468,0.0014482835674203356,0.04031996940601877,0.00143304125482974
sensitivity,noise10,1002,60,excited,ignore_passive,0.04034185322459468,0.0014482835674203356,0.04031996940601877,0.00143304125482974
sensitivity,noise10,1002,60,excited,uncertainty_trigger,0.04034185322459468,0.0014482835674203356,0.04031996940601877,0.00143304125482974
sensitivity,noise10,1003,60,excited,always_probe,0.039026185903367275,0.0014469975182068784,0.03896878119251336,0.0014124972683886713
sensitivity,noise10,1003,60,excited,ignore_passive,0.039026185903367275,0.0014469975182068784,0.03896878119251336,0.0014124972683886713
sensitivity,noise10,1003,60,excited,uncertainty_trigger,0.039026185903367275,0.0014469975182068784,0.03896878119251336,0.0014124972683886713
sensitivity,noise10,1005,60,excited,always_probe,0.037842711376351854,0.0014478726831037916,0.03775685790564934,0.0015589535001457008
sensitivity,noise10,1005,60,excited,ignore_passive,0.037842711376351854,0.0014478726831037916,0.03775685790564934,0.0015589535001457008
sensitivity,noise10,1005,60,excited,uncertainty_trigger,0.037842711376351854,0.0014478726831037916,0.03775685790564934,0.0015589535001457008
sensitivity,noise10,1006,60,excited,always_probe,0.040272716900521276,0.001446970603526171,0.04020155188565287,0.0014964404162867873
sensitivity,noise10,1006,60,excited,ignore_passive,0.040272716900521276,0.001446970603526171,0.04020155188565287,0.0014964404162867873
sensitivity,noise10,1006,60,excited,uncertainty_trigger,0.040272716900521276,0.001446970603526171,0.04020155188565287,0.0014964404162867873
sensitivity,noise10,1007,60,excited,always_probe,0.03787452623336612,0.0014470486721066536,0.03784905713063172,0.001521552389725615
sensitivity,noise10,1007,60,excited,ignore_passive,0.03787452623336612,0.0014470486721066536,0.03784905713063172,0.001521552389725615
sensitivity,noise10,1007,60,excited,uncertainty_trigger,0.03787452623336612,0.0014470486721066536,0.03784905713063172,0.001521552389725615
sensitivity,noise10,1008,60,excited,always_probe,0.039030571981382066,0.0014467811389631583,0.038949624218566306,0.0015221829897573696
sensitivity,noise10,1008,60,excited,ignore_passive,0.039030571981382066,0.0014467811389631583,0.038949624218566306,0.0015221829897573696
sensitivity,noise10,1008,60,excited,uncertainty_trigger,0.039030571981382066,0.0014467811389631583,0.038949624218566306,0.0015221829897573696
sensitivity,noise10,1009,60,excited,always_probe,0.03782951655639326,0.0014483886839367387,0.03777011488599539,0.0014390984382440257
sensitivity,noise10,1009,60,excited,ignore_passive,0.03782951655639326,0.0014483886839367387,0.03777011488599539,0.0014390984382440257
sensitivity,noise10,1009,60,excited,uncertainty_trigger,0.03782951655639326,0.0014483886839367387,0.03777011488599539,0.0014390984382440257
sensitivity,noise10,1010,60,excited,always_probe,0.037889958654707755,0.0014447667254877939,0.03782986043049876,0.0014644522566445019
sensitivity,noise10,1010,60,excited,ignore_passive,0.037889958654707755,0.0014447667254877939,0.03782986043049876,0.0014644522566445019
sensitivity,noise10,1010,60,excited,uncertainty_trigger,0.037889958654707755,0.0014447667254877939,0.03782986043049876,0.0014644522566445019
sensitivity,noise10,1001,20,low_yaw,always_probe,0.040815281669393515,0.0014457140765555584,0.04083114974847201,0.0013838432554639834
sensitivity,noise10,1001,20,low_yaw,batch_aware,0.040815281669393515,0.0014457140765555584,0.04083114974847201,0.0013838432554639834
sensitivity,noise10,1001,20,low_yaw,ignore_passive,0.040815281669393515,0.0014457140765555584,0.04083114974847201,0.0013838432554639834
sensitivity,noise10,1001,20,low_yaw,uncertainty_trigger,0.040815281669393515,0.0014457140765555584,0.04083114974847201,0.0013838432554639834
sensitivity,noise10,1002,20,low_yaw,always_probe,0.04034185322459468,0.0014482835674203356,0.04031996940601877,0.00143304125482974
sensitivity,noise10,1002,20,low_yaw,batch_aware,0.04034185322459468,0.0014482835674203356,0.04031996940601877,0.00143304125482974
sensitivity,noise10,1002,20,low_yaw,ignore_passive,0.04034185322459468,0.0014482835674203356,0.04031996940601877,0.00143304125482974
sensitivity,noise10,1002,20,low_yaw,uncertainty_trigger,0.04034185322459468,0.0014482835674203356,0.04031996940601877,0.00143304125482974
sensitivity,noise10,1003,20,low_yaw,always_probe,0.039026185903367275,0.0014469975182068784,0.03896878119251336,0.0014124972683886713
sensitivity,noise10,1003,20,low_yaw,batch_aware,0.039026185903367275,0.0014469975182068784,0.03896878119251336,0.0014124972683886713
sensitivity,noise10,1003,20,low_yaw,ignore_passive,0.039026185903367275,0.0014469975182068784,0.03896878119251336,0.0014124972683886713
sensitivity,noise10,1003,20,low_yaw,uncertainty_trigger,0.039026185903367275,0.0014469975182068784,0.03896878119251336,0.0014124972683886713
sensitivity,noise10,1005,20,low_yaw,always_probe,0.037842711376351854,0.0014478726831037916,0.03775685790564934,0.0015589535001457008
sensitivity,noise10,1005,20,low_yaw,batch_aware,0.037842711376351854,0.0014478726831037916,0.03775685790564934,0.0015589535001457008
sensitivity,noise10,1005,20,low_yaw,ignore_passive,0.037842711376351854,0.0014478726831037916,0.03775685790564934,0.0015589535001457008
sensitivity,noise10,1005,20,low_yaw,uncertainty_trigger,0.037842711376351854,0.0014478726831037916,0.03775685790564934,0.0015589535001457008
sensitivity,noise10,1006,20,low_yaw,always_probe,0.040272716900521276,0.001446970603526171,0.04020155188565287,0.0014964404162867873
sensitivity,noise10,1006,20,low_yaw,batch_aware,0.040272716900521276,0.001446970603526171,0.04020155188565287,0.0014964404162867873
sensitivity,noise10,1006,20,low_yaw,ignore_passive,0.040272716900521276,0.001446970603526171,0.04020155188565287,0.0014964404162867873
sensitivity,noise10,1006,20,low_yaw,uncertainty_trigger,0.040272716900521276,0.001446970603526171,0.04020155188565287,0.0014964404162867873
sensitivity,noise10,1007,20,low_yaw,always_probe,0.03787452623336612,0.0014470486721066536,0.03784905713063172,0.001521552389725615
sensitivity,noise10,1007,20,low_yaw,batch_aware,0.03787452623336612,0.0014470486721066536,0.03784905713063172,0.001521552389725615
sensitivity,noise10,1007,20,low_yaw,ignore_passive,0.03787452623336612,0.0014470486721066536,0.03784905713063172,0.001521552389725615
sensitivity,noise10,1007,20,low_yaw,uncertainty_trigger,0.03787452623336612,0.0014470486721066536,0.03784905713063172,0.001521552389725615
sensitivity,noise10,1008,20,low_yaw,always_probe,0.039030571981382066,0.0014467811389631583,0.038949624218566306,0.0015221829897573696
sensitivity,noise10,1008,20,low_yaw,batch_aware,0.039030571981382066,0.0014467811389631583,0.038949624218566306,0.0015221829897573696
sensitivity,noise10,1008,20,low_yaw,ignore_passive,0.039030571981382066,0.0014467811389631583,0.038949624218566306,0.0015221829897573696
sensitivity,noise10,1008,20,low_yaw,uncertainty_trigger,0.039030571981382066,0.0014467811389631583,0.038949624218566306,0.0015221829897573696
sensitivity,noise10,1009,20,low_yaw,always_probe,0.03782951655639326,0.0014483886839367387,0.03777011488599539,0.0014390984382440257
sensitivity,noise10,1009,20,low_yaw,batch_aware,0.03782951655639326,0.0014483886839367387,0.03777011488599539,0.0014390984382440257
sensitivity,noise10,1009,20,low_yaw,ignore_passive,0.03782951655639326,0.0014483886839367387,0.03777011488599539,0.0014390984382440257
sensitivity,noise10,1009,20,low_yaw,uncertainty_trigger,0.03782951655639326,0.0014483886839367387,0.03777011488599539,0.0014390984382440257
sensitivity,noise10,1010,20,low_yaw,always_probe,0.037889958654707755,0.0014447667254877939,0.03782986043049876,0.0014644522566445019
sensitivity,noise10,1010,20,low_yaw,batch_aware,0.037889958654707755,0.0014447667254877939,0.03782986043049876,0.0014644522566445019
sensitivity,noise10,1010,20,low_yaw,ignore_passive,0.037889958654707755,0.0014447667254877939,0.03782986043049876,0.0014644522566445019
sensitivity,noise10,1010,20,low_yaw,uncertainty_trigger,0.037889958654707755,0.0014447667254877939,0.03782986043049876,0.0014644522566445019
sensitivity,noise10,1001,60,low_yaw,always_probe,0.040815281669393515,0.0014457140765555584,0.04083114974847201,0.0013838432554639834
sensitivity,noise10,1001,60,low_yaw,batch_aware,0.040815281669393515,0.0014457140765555584,0.04083114974847201,0.0013838432554639834
sensitivity,noise10,1001,60,low_yaw,ignore_passive,0.040815281669393515,0.0014457140765555584,0.04083114974847201,0.0013838432554639834
sensitivity,noise10,1001,60,low_yaw,uncertainty_trigger,0.040815281669393515,0.0014457140765555584,0.04083114974847201,0.0013838432554639834
sensitivity,noise10,1002,60,low_yaw,always_probe,0.04034185322459468,0.0014482835674203356,0.04031996940601877,0.00143304125482974
sensitivity,noise10,1002,60,low_yaw,batch_aware,0.04034185322459468,0.0014482835674203356,0.04031996940601877,0.00143304125482974
sensitivity,noise10,1002,60,low_yaw,ignore_passive,0.04034185322459468,0.0014482835674203356,0.04031996940601877,0.00143304125482974
sensitivity,noise10,1002,60,low_yaw,uncertainty_trigger,0.04034185322459468,0.0014482835674203356,0.04031996940601877,0.00143304125482974
sensitivity,noise10,1003,60,low_yaw,always_probe,0.039026185903367275,0.0014469975182068784,0.03896878119251336,0.0014124972683886713
sensitivity,noise10,1003,60,low_yaw,batch_aware,0.039026185903367275,0.0014469975182068784,0.03896878119251336,0.0014124972683886713
sensitivity,noise10,1003,60,low_yaw,ignore_passive,0.039026185903367275,0.0014469975182068784,0.03896878119251336,0.0014124972683886713
sensitivity,noise10,1003,60,low_yaw,uncertainty_trigger,0.039026185903367275,0.0014469975182068784,0.03896878119251336,0.0014124972683886713
sensitivity,noise10,1005,60,low_yaw,always_probe,0.037842711376351854,0.0014478726831037916,0.03775685790564934,0.0015589535001457008
sensitivity,noise10,1005,60,low_yaw,batch_aware,0.037842711376351854,0.0014478726831037916,0.03775685790564934,0.0015589535001457008
sensitivity,noise10,1005,60,low_yaw,ignore_passive,0.037842711376351854,0.0014478726831037916,0.03775685790564934,0.0015589535001457008
sensitivity,noise10,1005,60,low_yaw,uncertainty_trigger,0.037842711376351854,0.0014478726831037916,0.03775685790564934,0.0015589535001457008
sensitivity,noise10,1006,60,low_yaw,always_probe,0.040272716900521276,0.001446970603526171,0.04020155188565287,0.0014964404162867873
sensitivity,noise10,1006,60,low_yaw,batch_aware,0.040272716900521276,0.001446970603526171,0.04020155188565287,0.0014964404162867873
sensitivity,noise10,1006,60,low_yaw,ignore_passive,0.040272716900521276,0.001446970603526171,0.04020155188565287,0.0014964404162867873
sensitivity,noise10,1006,60,low_yaw,uncertainty_trigger,0.040272716900521276,0.001446970603526171,0.04020155188565287,0.0014964404162867873
sensitivity,noise10,1007,60,low_yaw,always_probe,0.03787452623336612,0.0014470486721066536,0.03784905713063172,0.001521552389725615
sensitivity,noise10,1007,60,low_yaw,batch_aware,0.03787452623336612,0.0014470486721066536,0.03784905713063172,0.001521552389725615
sensitivity,noise10,1007,60,low_yaw,ignore_passive,0.03787452623336612,0.0014470486721066536,0.03784905713063172,0.001521552389725615
sensitivity,noise10,1007,60,low_yaw,uncertainty_trigger,0.03787452623336612,0.0014470486721066536,0.03784905713063172,0.001521552389725615
sensitivity,noise10,1008,60,low_yaw,always_probe,0.039030571981382066,0.0014467811389631583,0.038949624218566306,0.0015221829897573696
sensitivity,noise10,1008,60,low_yaw,batch_aware,0.039030571981382066,0.0014467811389631583,0.038949624218566306,0.0015221829897573696
sensitivity,noise10,1008,60,low_yaw,ignore_passive,0.039030571981382066,0.0014467811389631583,0.038949624218566306,0.0015221829897573696
sensitivity,noise10,1008,60,low_yaw,uncertainty_trigger,0.039030571981382066,0.0014467811389631583,0.038949624218566306,0.0015221829897573696
sensitivity,noise10,1009,60,low_yaw,always_probe,0.03782951655639326,0.0014483886839367387,0.03777011488599539,0.0014390984382440257
sensitivity,noise10,1009,60,low_yaw,batch_aware,0.03782951655639326,0.0014483886839367387,0.03777011488599539,0.0014390984382440257
sensitivity,noise10,1009,60,low_yaw,ignore_passive,0.03782951655639326,0.0014483886839367387,0.03777011488599539,0.0014390984382440257
sensitivity,noise10,1009,60,low_yaw,uncertainty_trigger,0.03782951655639326,0.0014483886839367387,0.03777011488599539,0.0014390984382440257
sensitivity,noise10,1010,60,low_yaw,always_probe,0.037889958654707755,0.0014447667254877939,0.03782986043049876,0.0014644522566445019
sensitivity,noise10,1010,60,low_yaw,batch_aware,0.037889958654707755,0.0014447667254877939,0.03782986043049876,0.0014644522566445019
sensitivity,noise10,1010,60,low_yaw,ignore_passive,0.037889958654707755,0.0014447667254877939,0.03782986043049876,0.0014644522566445019
sensitivity,noise10,1010,60,low_yaw,uncertainty_trigger,0.037889958654707755,0.0014447667254877939,0.03782986043049876,0.0014644522566445019
sensitivity,noise100,1001,20,excited,always_probe,0.30004661294766355,0.00701878923722076,0.32692845959919264,0.00751014366975592
sensitivity,noise100,1001,20,excited,uncertainty_trigger,0.30004661294766355,0.00701878923722076,0.32692845959919264,0.00751014366975592
sensitivity,noise100,1002,20,excited,always_probe,0.3152970236774137,0.00702947525182751,0.31480881183069637,0.006902555817629244
sensitivity,noise100,1002,20,excited,ignore_passive,0.3152970236774137,0.00702947525182751,0.31480881183069637,0.006902555817629244
sensitivity,noise100,1002,20,excited,uncertainty_trigger,0.3152970236774137,0.00702947525182751,0.31480881183069637,0.006902555817629244
sensitivity,noise100,1003,20,excited,always_probe,0.2940845393670563,0.0070100411402061885,0.2894479822751912,0.006856009654332832
sensitivity,noise100,1003,20,excited,uncertainty_trigger,0.2940845393670563,0.0070100411402061885,0.2894479822751912,0.006856009654332832
sensitivity,noise100,1006,20,excited,always_probe,0.31413616725925797,0.007020536746504363,0.3136210475884613,0.007005544562920339
sensitivity,noise100,1006,20,excited,ignore_passive,0.31413616725925797,0.007020536746504363,0.3136210475884613,0.007005544562920339
sensitivity,noise100,1006,20,excited,uncertainty_trigger,0.31413616725925797,0.007020536746504363,0.3136210475884613,0.007005544562920339
sensitivity,noise100,1007,20,excited,always_probe,0.29006991351262307,0.007014384146432486,0.281327595772463,0.0067931040977762735
sensitivity,noise100,1007,20,excited,uncertainty_trigger,0.29006991351262307,0.007014384146432486,0.281327595772463,0.0067931040977762735
sensitivity,noise100,1010,20,excited,always_probe,0.28993720535817336,0.006995216097534706,0.28483228947819283,0.006835479721259972
sensitivity,noise100,1010,20,excited,uncertainty_trigger,0.28993720535817336,0.006995216097534706,0.28483228947819283,0.006835479721259972
sensitivity,noise100,1001,60,excited,always_probe,0.30004661294766355,0.00701878923722076,0.32692845959919264,0.00751014366975592
sensitivity,noise100,1001,60,excited,ignore_passive,0.30004661294766355,0.00701878923722076,0.32692845959919264,0.00751014366975592
sensitivity,noise100,1001,60,excited,uncertainty_trigger,0.30004661294766355,0.00701878923722076,0.32692845959919264,0.00751014366975592
sensitivity,noise100,1002,60,excited,always_probe,0.3152970236774137,0.00702947525182751,0.31480881183069637,0.006902555817629244
sensitivity,noise100,1002,60,excited,ignore_passive,0.3152970236774137,0.00702947525182751,0.31480881183069637,0.006902555817629244
sensitivity,noise100,1002,60,excited,uncertainty_trigger,0.3152970236774137,0.00702947525182751,0.31480881183069637,0.006902555817629244
sensitivity,noise100,1003,60,excited,always_probe,0.2940845393670563,0.0070100411402061885,0.2894479822751912,0.006856009654332832
sensitivity,noise100,1003,60,excited,ignore_passive,0.2940845393670563,0.0070100411402061885,0.2894479822751912,0.006856009654332832
sensitivity,noise100,1003,60,excited,uncertainty_trigger,0.2940845393670563,0.0070100411402061885,0.2894479822751912,0.006856009654332832
sensitivity,noise100,1006,60,excited,always_probe,0.31413616725925797,0.007020536746504363,0.3136210475884613,0.007005544562920339
sensitivity,noise100,1006,60,excited,ignore_passive,0.31413616725925797,0.007020536746504363,0.3136210475884613,0.007005544562920339
sensitivity,noise100,1006,60,excited,uncertainty_trigger,0.31413616725925797,0.007020536746504363,0.3136210475884613,0.007005544562920339
sensitivity,noise100,1007,60,excited,always_probe,0.29006991351262307,0.007014384146432486,0.281327595772463,0.0067931040977762735
sensitivity,noise100,1007,60,excited,ignore_passive,0.29006991351262307,0.007014384146432486,0.281327595772463,0.0067931040977762735
sensitivity,noise100,1007,60,excited,uncertainty_trigger,0.29006991351262307,0.007014384146432486,0.281327595772463,0.0067931040977762735
sensitivity,noise100,1010,60,excited,always_probe,0.28993720535817336,0.006995216097534706,0.28483228947819283,0.006835479721259972
sensitivity,noise100,1010,60,excited,ignore_passive,0.28993720535817336,0.006995216097534706,0.28483228947819283,0.006835479721259972
sensitivity,noise100,1010,60,excited,uncertainty_trigger,0.28993720535817336,0.006995216097534706,0.28483228947819283,0.006835479721259972
sensitivity,noise100,1001,20,low_yaw,always_probe,0.30004661294766355,0.00701878923722076,0.32692845959919264,0.00751014366975592
sensitivity,noise100,1001,20,low_yaw,uncertainty_trigger,0.30004661294766355,0.00701878923722076,0.32692845959919264,0.00751014366975592
sensitivity,noise100,1002,20,low_yaw,always_probe,0.3152970236774137,0.00702947525182751,0.31480881183069637,0.006902555817629244
sensitivity,noise100,1002,20,low_yaw,ignore_passive,0.3152970236774137,0.00702947525182751,0.31480881183069637,0.006902555817629244
sensitivity,noise100,1002,20,low_yaw,uncertainty_trigger,0.3152970236774137,0.00702947525182751,0.31480881183069637,0.006902555817629244
sensitivity,noise100,1003,20,low_yaw,always_probe,0.2940845393670563,0.0070100411402061885,0.2894479822751912,0.006856009654332832
sensitivity,noise100,1003,20,low_yaw,uncertainty_trigger,0.2940845393670563,0.0070100411402061885,0.2894479822751912,0.006856009654332832
sensitivity,noise100,1006,20,low_yaw,always_probe,0.31413616725925797,0.007020536746504363,0.3136210475884613,0.007005544562920339
sensitivity,noise100,1006,20,low_yaw,ignore_passive,0.31413616725925797,0.007020536746504363,0.3136210475884613,0.007005544562920339
sensitivity,noise100,1006,20,low_yaw,uncertainty_trigger,0.31413616725925797,0.007020536746504363,0.3136210475884613,0.007005544562920339
sensitivity,noise100,1007,20,low_yaw,always_probe,0.29006991351262307,0.007014384146432486,0.281327595772463,0.0067931040977762735
sensitivity,noise100,1007,20,low_yaw,uncertainty_trigger,0.29006991351262307,0.007014384146432486,0.281327595772463,0.0067931040977762735
sensitivity,noise100,1010,20,low_yaw,always_probe,0.28993720535817336,0.006995216097534706,0.28483228947819283,0.006835479721259972
sensitivity,noise100,1010,20,low_yaw,uncertainty_trigger,0.28993720535817336,0.006995216097534706,0.28483228947819283,0.006835479721259972
sensitivity,noise100,1001,60,low_yaw,always_probe,0.30004661294766355,0.00701878923722076,0.32692845959919264,0.00751014366975592
sensitivity,noise100,1001,60,low_yaw,ignore_passive,0.30004661294766355,0.00701878923722076,0.32692845959919264,0.00751014366975592
sensitivity,noise100,1001,60,low_yaw,uncertainty_trigger,0.30004661294766355,0.00701878923722076,0.32692845959919264,0.00751014366975592
sensitivity,noise100,1002,60,low_yaw,always_probe,0.3152970236774137,0.00702947525182751,0.31480881183069637,0.006902555817629244
sensitivity,noise100,1002,60,low_yaw,ignore_passive,0.3152970236774137,0.00702947525182751,0.31480881183069637,0.006902555817629244
sensitivity,noise100,1002,60,low_yaw,uncertainty_trigger,0.3152970236774137,0.00702947525182751,0.31480881183069637,0.006902555817629244
sensitivity,noise100,1003,60,low_yaw,always_probe,0.2940845393670563,0.0070100411402061885,0.2894479822751912,0.006856009654332832
sensitivity,noise100,1003,60,low_yaw,ignore_passive,0.2940845393670563,0.0070100411402061885,0.2894479822751912,0.006856009654332832
sensitivity,noise100,1003,60,low_yaw,uncertainty_trigger,0.2940845393670563,0.0070100411402061885,0.2894479822751912,0.006856009654332832
sensitivity,noise100,1006,60,low_yaw,always_probe,0.31413616725925797,0.007020536746504363,0.3136210475884613,0.007005544562920339
sensitivity,noise100,1006,60,low_yaw,ignore_passive,0.31413616725925797,0.007020536746504363,0.3136210475884613,0.007005544562920339
sensitivity,noise100,1006,60,low_yaw,uncertainty_trigger,0.31413616725925797,0.007020536746504363,0.3136210475884613,0.007005544562920339
sensitivity,noise100,1007,60,low_yaw,always_probe,0.29006991351262307,0.007014384146432486,0.281327595772463,0.0067931040977762735
sensitivity,noise100,1007,60,low_yaw,ignore_passive,0.29006991351262307,0.007014384146432486,0.281327595772463,0.0067931040977762735
sensitivity,noise100,1007,60,low_yaw,uncertainty_trigger,0.29006991351262307,0.007014384146432486,0.281327595772463,0.0067931040977762735
sensitivity,noise100,1010,60,low_yaw,always_probe,0.28993720535817336,0.006995216097534706,0.28483228947819283,0.006835479721259972
sensitivity,noise100,1010,60,low_yaw,ignore_passive,0.28993720535817336,0.006995216097534706,0.28483228947819283,0.006835479721259972
sensitivity,noise100,1010,60,low_yaw,uncertainty_trigger,0.28993720535817336,0.006995216097534706,0.28483228947819283,0.006835479721259972
sensitivity,margin_half,1001,20,excited,always_probe,0.004096541872476868,0.00014697459102505102,0.00410211202679113,0.0001378888113323785
sensitivity,margin_half,1001,20,excited,ignore_passive,0.004096541872476868,0.00014697459102505102,0.00410211202679113,0.0001378888113323785
sensitivity,margin_half,1001,20,excited,uncertainty_trigger,0.004096541872476868,0.00014697459102505102,0.00410211202679113,0.0001378888113323785
sensitivity,margin_half,1002,20,excited,always_probe,0.004045936433273289,0.00014723702721984675,0.004044254254333677,0.0001447401203605982
sensitivity,margin_half,1002,20,excited,ignore_passive,0.004045936433273289,0.00014723702721984675,0.004044254254333677,0.0001447401203605982
sensitivity,margin_half,1002,20,excited,uncertainty_trigger,0.004045936433273289,0.00014723702721984675,0.004044254254333677,0.0001447401203605982
sensitivity,margin_half,1003,20,excited,always_probe,0.003914140143571718,0.00014710824853474103,0.003908016120147591,0.00014226655045152865
sensitivity,margin_half,1003,20,excited,ignore_passive,0.003914140143571718,0.00014710824853474103,0.003908016120147591,0.00014226655045152865
sensitivity,margin_half,1003,20,excited,uncertainty_trigger,0.003914140143571718,0.00014710824853474103,0.003908016120147591,0.00014226655045152865
sensitivity,margin_half,1005,20,excited,always_probe,0.0039039876040455218,0.0001472498601924423,0.003896760825688914,0.00016347153551783696
sensitivity,margin_half,1005,20,excited,ignore_passive,0.0039039876040455218,0.0001472498601924423,0.003896760825688914,0.00016347153551783696
sensitivity,margin_half,1005,20,excited,uncertainty_trigger,0.0039039876040455218,0.0001472498601924423,0.003896760825688914,0.00016347153551783696
sensitivity,margin_half,1006,20,excited,always_probe,0.004037457125764736,0.00014710505818570736,0.004033882575334613,0.00015184576386543413
sensitivity,margin_half,1006,20,excited,ignore_passive,0.004037457125764736,0.00014710505818570736,0.004033882575334613,0.00015184576386543413
sensitivity,margin_half,1006,20,excited,uncertainty_trigger,0.004037457125764736,0.00014710505818570736,0.004033882575334613,0.00015184576386543413
sensitivity,margin_half,1007,20,excited,always_probe,0.003794312747598174,0.00014711701150686482,0.003788315359395093,0.00015897768959547768
sensitivity,margin_half,1007,20,excited,ignore_passive,0.003794312747598174,0.00014711701150686482,0.003788315359395093,0.00015897768959547768
sensitivity,margin_half,1007,20,excited,uncertainty_trigger,0.003794312747598174,0.00014711701150686482,0.003788315359395093,0.00015897768959547768
sensitivity,margin_half,1008,20,excited,always_probe,0.003912398050149847,0.0001470878192043169,0.00390603233482661,0.0001589701258258737
sensitivity,margin_half,1008,20,excited,ignore_passive,0.003912398050149847,0.0001470878192043169,0.00390603233482661,0.0001589701258258737
sensitivity,margin_half,1008,20,excited,uncertainty_trigger,0.003912398050149847,0.0001470878192043169,0.00390603233482661,0.0001589701258258737
sensitivity,margin_half,1009,20,excited,always_probe,0.0037925711861297746,0.00014725062693352045,0.0037859727865259384,0.0001440407207229238
sensitivity,margin_half,1009,20,excited,ignore_passive,0.0037925711861297746,0.00014725062693352045,0.0037859727865259384,0.0001440407207229238
sensitivity,margin_half,1009,20,excited,uncertainty_trigger,0.0037925711861297746,0.00014725062693352045,0.0037859727865259384,0.0001440407207229238
sensitivity,margin_half,1010,20,excited,always_probe,0.003905956665972605,0.00014689048323521928,0.0038990451482950727,0.00014956796591473158
sensitivity,margin_half,1010,20,excited,ignore_passive,0.003905956665972605,0.00014689048323521928,0.0038990451482950727,0.00014956796591473158
sensitivity,margin_half,1010,20,excited,uncertainty_trigger,0.003905956665972605,0.00014689048323521928,0.0038990451482950727,0.00014956796591473158
sensitivity,margin_half,1001,60,excited,always_probe,0.004096541872476868,0.00014697459102505102,0.00410211202679113,0.0001378888113323785
sensitivity,margin_half,1001,60,excited,ignore_passive,0.004096541872476868,0.00014697459102505102,0.00410211202679113,0.0001378888113323785
sensitivity,margin_half,1001,60,excited,uncertainty_trigger,0.004096541872476868,0.00014697459102505102,0.00410211202679113,0.0001378888113323785
sensitivity,margin_half,1002,60,excited,always_probe,0.004045936433273289,0.00014723702721984675,0.004044254254333677,0.0001447401203605982
sensitivity,margin_half,1002,60,excited,ignore_passive,0.004045936433273289,0.00014723702721984675,0.004044254254333677,0.0001447401203605982
sensitivity,margin_half,1002,60,excited,uncertainty_trigger,0.004045936433273289,0.00014723702721984675,0.004044254254333677,0.0001447401203605982
sensitivity,margin_half,1003,60,excited,always_probe,0.003914140143571718,0.00014710824853474103,0.003908016120147591,0.00014226655045152865
sensitivity,margin_half,1003,60,excited,ignore_passive,0.003914140143571718,0.00014710824853474103,0.003908016120147591,0.00014226655045152865
sensitivity,margin_half,1003,60,excited,uncertainty_trigger,0.003914140143571718,0.00014710824853474103,0.003908016120147591,0.00014226655045152865
sensitivity,margin_half,1005,60,excited,always_probe,0.0039039876040455218,0.0001472498601924423,0.003896760825688914,0.00016347153551783696
sensitivity,margin_half,1005,60,excited,ignore_passive,0.0039039876040455218,0.0001472498601924423,0.003896760825688914,0.00016347153551783696
sensitivity,margin_half,1005,60,excited,uncertainty_trigger,0.0039039876040455218,0.0001472498601924423,0.003896760825688914,0.00016347153551783696
sensitivity,margin_half,1006,60,excited,always_probe,0.004037457125764736,0.00014710505818570736,0.004033882575334613,0.00015184576386543413
sensitivity,margin_half,1006,60,excited,ignore_passive,0.004037457125764736,0.00014710505818570736,0.004033882575334613,0.00015184576386543413
sensitivity,margin_half,1006,60,excited,uncertainty_trigger,0.004037457125764736,0.00014710505818570736,0.004033882575334613,0.00015184576386543413
sensitivity,margin_half,1007,60,excited,always_probe,0.003794312747598174,0.00014711701150686482,0.003788315359395093,0.00015897768959547768
sensitivity,margin_half,1007,60,excited,ignore_passive,0.003794312747598174,0.00014711701150686482,0.003788315359395093,0.00015897768959547768
sensitivity,margin_half,1007,60,excited,uncertainty_trigger,0.003794312747598174,0.00014711701150686482,0.003788315359395093,0.00015897768959547768
sensitivity,margin_half,1008,60,excited,always_probe,0.003912398050149847,0.0001470878192043169,0.00390603233482661,0.0001589701258258737
sensitivity,margin_half,1008,60,excited,ignore_passive,0.003912398050149847,0.0001470878192043169,0.00390603233482661,0.0001589701258258737
sensitivity,margin_half,1008,60,excited,uncertainty_trigger,0.003912398050149847,0.0001470878192043169,0.00390603233482661,0.0001589701258258737
sensitivity,margin_half,1009,60,excited,always_probe,0.0037925711861297746,0.00014725062693352045,0.0037859727865259384,0.0001440407207229238
sensitivity,margin_half,1009,60,excited,ignore_passive,0.0037925711861297746,0.00014725062693352045,0.0037859727865259384,0.0001440407207229238
sensitivity,margin_half,1009,60,excited,uncertainty_trigger,0.0037925711861297746,0.00014725062693352045,0.0037859727865259384,0.0001440407207229238
sensitivity,margin_half,1010,60,excited,always_probe,0.003905956665972605,0.00014689048323521928,0.0038990451482950727,0.00014956796591473158
sensitivity,margin_half,1010,60,excited,ignore_passive,0.003905956665972605,0.00014689048323521928,0.0038990451482950727,0.00014956796591473158
sensitivity,margin_half,1010,60,excited,uncertainty_trigger,0.003905956665972605,0.00014689048323521928,0.0038990451482950727,0.00014956796591473158
sensitivity,margin_half,1001,20,low_yaw,always_probe,0.004096541872476868,0.00014697459102505102,0.00410211202679113,0.0001378888113323785
sensitivity,margin_half,1001,20,low_yaw,ignore_passive,0.004096541872476868,0.00014697459102505102,0.00410211202679113,0.0001378888113323785
sensitivity,margin_half,1001,20,low_yaw,uncertainty_trigger,0.004096541872476868,0.00014697459102505102,0.00410211202679113,0.0001378888113323785
sensitivity,margin_half,1002,20,low_yaw,always_probe,0.004045936433273289,0.00014723702721984675,0.004044254254333677,0.0001447401203605982
sensitivity,margin_half,1002,20,low_yaw,ignore_passive,0.004045936433273289,0.00014723702721984675,0.004044254254333677,0.0001447401203605982
sensitivity,margin_half,1002,20,low_yaw,uncertainty_trigger,0.004045936433273289,0.00014723702721984675,0.004044254254333677,0.0001447401203605982
sensitivity,margin_half,1003,20,low_yaw,always_probe,0.003914140143571718,0.00014710824853474103,0.003908016120147591,0.00014226655045152865
sensitivity,margin_half,1003,20,low_yaw,ignore_passive,0.003914140143571718,0.00014710824853474103,0.003908016120147591,0.00014226655045152865
sensitivity,margin_half,1003,20,low_yaw,uncertainty_trigger,0.003914140143571718,0.00014710824853474103,0.003908016120147591,0.00014226655045152865
sensitivity,margin_half,1005,20,low_yaw,always_probe,0.0039039876040455218,0.0001472498601924423,0.003896760825688914,0.00016347153551783696
sensitivity,margin_half,1005,20,low_yaw,ignore_passive,0.0039039876040455218,0.0001472498601924423,0.003896760825688914,0.00016347153551783696
sensitivity,margin_half,1005,20,low_yaw,uncertainty_trigger,0.0039039876040455218,0.0001472498601924423,0.003896760825688914,0.00016347153551783696
sensitivity,margin_half,1006,20,low_yaw,always_probe,0.004037457125764736,0.00014710505818570736,0.004033882575334613,0.00015184576386543413
sensitivity,margin_half,1006,20,low_yaw,ignore_passive,0.004037457125764736,0.00014710505818570736,0.004033882575334613,0.00015184576386543413
sensitivity,margin_half,1006,20,low_yaw,uncertainty_trigger,0.004037457125764736,0.00014710505818570736,0.004033882575334613,0.00015184576386543413
sensitivity,margin_half,1007,20,low_yaw,always_probe,0.003794312747598174,0.00014711701150686482,0.003788315359395093,0.00015897768959547768
sensitivity,margin_half,1007,20,low_yaw,ignore_passive,0.003794312747598174,0.00014711701150686482,0.003788315359395093,0.00015897768959547768
sensitivity,margin_half,1007,20,low_yaw,uncertainty_trigger,0.003794312747598174,0.00014711701150686482,0.003788315359395093,0.00015897768959547768
sensitivity,margin_half,1008,20,low_yaw,always_probe,0.003912398050149847,0.0001470878192043169,0.00390603233482661,0.0001589701258258737
sensitivity,margin_half,1008,20,low_yaw,ignore_passive,0.003912398050149847,0.0001470878192043169,0.00390603233482661,0.0001589701258258737
sensitivity,margin_half,1008,20,low_yaw,uncertainty_trigger,0.003912398050149847,0.0001470878192043169,0.00390603233482661,0.0001589701258258737
sensitivity,margin_half,1009,20,low_yaw,always_probe,0.0037925711861297746,0.00014725062693352045,0.0037859727865259384,0.0001440407207229238
sensitivity,margin_half,1009,20,low_yaw,ignore_passive,0.0037925711861297746,0.00014725062693352045,0.0037859727865259384,0.0001440407207229238
sensitivity,margin_half,1009,20,low_yaw,uncertainty_trigger,0.0037925711861297746,0.00014725062693352045,0.0037859727865259384,0.0001440407207229238
sensitivity,margin_half,1010,20,low_yaw,always_probe,0.003905956665972605,0.00014689048323521928,0.0038990451482950727,0.00014956796591473158
sensitivity,margin_half,1010,20,low_yaw,ignore_passive,0.003905956665972605,0.00014689048323521928,0.0038990451482950727,0.00014956796591473158
sensitivity,margin_half,1010,20,low_yaw,uncertainty_trigger,0.003905956665972605,0.00014689048323521928,0.0038990451482950727,0.00014956796591473158
sensitivity,margin_half,1001,60,low_yaw,always_probe,0.004096541872476868,0.00014697459102505102,0.00410211202679113,0.0001378888113323785
sensitivity,margin_half,1001,60,low_yaw,ignore_passive,0.004096541872476868,0.00014697459102505102,0.00410211202679113,0.0001378888113323785
sensitivity,margin_half,1001,60,low_yaw,uncertainty_trigger,0.004096541872476868,0.00014697459102505102,0.00410211202679113,0.0001378888113323785
sensitivity,margin_half,1002,60,low_yaw,always_probe,0.004045936433273289,0.00014723702721984675,0.004044254254333677,0.0001447401203605982
sensitivity,margin_half,1002,60,low_yaw,ignore_passive,0.004045936433273289,0.00014723702721984675,0.004044254254333677,0.0001447401203605982
sensitivity,margin_half,1002,60,low_yaw,uncertainty_trigger,0.004045936433273289,0.00014723702721984675,0.004044254254333677,0.0001447401203605982
sensitivity,margin_half,1003,60,low_yaw,always_probe,0.003914140143571718,0.00014710824853474103,0.003908016120147591,0.00014226655045152865
sensitivity,margin_half,1003,60,low_yaw,ignore_passive,0.003914140143571718,0.00014710824853474103,0.003908016120147591,0.00014226655045152865
sensitivity,margin_half,1003,60,low_yaw,uncertainty_trigger,0.003914140143571718,0.00014710824853474103,0.003908016120147591,0.00014226655045152865
sensitivity,margin_half,1005,60,low_yaw,always_probe,0.0039039876040455218,0.0001472498601924423,0.003896760825688914,0.00016347153551783696
sensitivity,margin_half,1005,60,low_yaw,ignore_passive,0.0039039876040455218,0.0001472498601924423,0.003896760825688914,0.00016347153551783696
sensitivity,margin_half,1005,60,low_yaw,uncertainty_trigger,0.0039039876040455218,0.0001472498601924423,0.003896760825688914,0.00016347153551783696
sensitivity,margin_half,1006,60,low_yaw,always_probe,0.004037457125764736,0.00014710505818570736,0.004033882575334613,0.00015184576386543413
sensitivity,margin_half,1006,60,low_yaw,ignore_passive,0.004037457125764736,0.00014710505818570736,0.004033882575334613,0.00015184576386543413
sensitivity,margin_half,1006,60,low_yaw,uncertainty_trigger,0.004037457125764736,0.00014710505818570736,0.004033882575334613,0.00015184576386543413
sensitivity,margin_half,1007,60,low_yaw,always_probe,0.003794312747598174,0.00014711701150686482,0.003788315359395093,0.00015897768959547768
sensitivity,margin_half,1007,60,low_yaw,ignore_passive,0.003794312747598174,0.00014711701150686482,0.003788315359395093,0.00015897768959547768
sensitivity,margin_half,1007,60,low_yaw,uncertainty_trigger,0.003794312747598174,0.00014711701150686482,0.003788315359395093,0.00015897768959547768
sensitivity,margin_half,1008,60,low_yaw,always_probe,0.003912398050149847,0.0001470878192043169,0.00390603233482661,0.0001589701258258737
sensitivity,margin_half,1008,60,low_yaw,ignore_passive,0.003912398050149847,0.0001470878192043169,0.00390603233482661,0.0001589701258258737
sensitivity,margin_half,1008,60,low_yaw,uncertainty_trigger,0.003912398050149847,0.0001470878192043169,0.00390603233482661,0.0001589701258258737
sensitivity,margin_half,1009,60,low_yaw,always_probe,0.0037925711861297746,0.00014725062693352045,0.0037859727865259384,0.0001440407207229238
sensitivity,margin_half,1009,60,low_yaw,ignore_passive,0.0037925711861297746,0.00014725062693352045,0.0037859727865259384,0.0001440407207229238
sensitivity,margin_half,1009,60,low_yaw,uncertainty_trigger,0.0037925711861297746,0.00014725062693352045,0.0037859727865259384,0.0001440407207229238
sensitivity,margin_half,1010,60,low_yaw,always_probe,0.003905956665972605,0.00014689048323521928,0.0038990451482950727,0.00014956796591473158
sensitivity,margin_half,1010,60,low_yaw,ignore_passive,0.003905956665972605,0.00014689048323521928,0.0038990451482950727,0.00014956796591473158
sensitivity,margin_half,1010,60,low_yaw,uncertainty_trigger,0.003905956665972605,0.00014689048323521928,0.0038990451482950727,0.00014956796591473158
sensitivity,margin2,1001,20,excited,always_probe,0.004096541872476868,0.00014697459102505102,0.00410211202679113,0.0001378888113323785
sensitivity,margin2,1001,20,excited,ignore_passive,0.004096541872476868,0.00014697459102505102,0.00410211202679113,0.0001378888113323785
sensitivity,margin2,1001,20,excited,uncertainty_trigger,0.004096541872476868,0.00014697459102505102,0.00410211202679113,0.0001378888113323785
sensitivity,margin2,1002,20,excited,always_probe,0.004045936433273289,0.00014723702721984675,0.004044254254333677,0.0001447401203605982
sensitivity,margin2,1002,20,excited,ignore_passive,0.004045936433273289,0.00014723702721984675,0.004044254254333677,0.0001447401203605982
sensitivity,margin2,1002,20,excited,uncertainty_trigger,0.004045936433273289,0.00014723702721984675,0.004044254254333677,0.0001447401203605982
sensitivity,margin2,1003,20,excited,always_probe,0.003914140143571718,0.00014710824853474103,0.003908016120147591,0.00014226655045152865
sensitivity,margin2,1003,20,excited,ignore_passive,0.003914140143571718,0.00014710824853474103,0.003908016120147591,0.00014226655045152865
sensitivity,margin2,1003,20,excited,uncertainty_trigger,0.003914140143571718,0.00014710824853474103,0.003908016120147591,0.00014226655045152865
sensitivity,margin2,1005,20,excited,always_probe,0.0039039876040455218,0.0001472498601924423,0.003896760825688914,0.00016347153551783696
sensitivity,margin2,1005,20,excited,ignore_passive,0.0039039876040455218,0.0001472498601924423,0.003896760825688914,0.00016347153551783696
sensitivity,margin2,1005,20,excited,uncertainty_trigger,0.0039039876040455218,0.0001472498601924423,0.003896760825688914,0.00016347153551783696
sensitivity,margin2,1006,20,excited,always_probe,0.004037457125764736,0.00014710505818570736,0.004033882575334613,0.00015184576386543413
sensitivity,margin2,1006,20,excited,ignore_passive,0.004037457125764736,0.00014710505818570736,0.004033882575334613,0.00015184576386543413
sensitivity,margin2,1006,20,excited,uncertainty_trigger,0.004037457125764736,0.00014710505818570736,0.004033882575334613,0.00015184576386543413
sensitivity,margin2,1007,20,excited,always_probe,0.003794312747598174,0.00014711701150686482,0.003788315359395093,0.00015897768959547768
sensitivity,margin2,1007,20,excited,ignore_passive,0.003794312747598174,0.00014711701150686482,0.003788315359395093,0.00015897768959547768
sensitivity,margin2,1007,20,excited,uncertainty_trigger,0.003794312747598174,0.00014711701150686482,0.003788315359395093,0.00015897768959547768
sensitivity,margin2,1008,20,excited,always_probe,0.003912398050149847,0.0001470878192043169,0.00390603233482661,0.0001589701258258737
sensitivity,margin2,1008,20,excited,ignore_passive,0.003912398050149847,0.0001470878192043169,0.00390603233482661,0.0001589701258258737
sensitivity,margin2,1008,20,excited,uncertainty_trigger,0.003912398050149847,0.0001470878192043169,0.00390603233482661,0.0001589701258258737
sensitivity,margin2,1009,20,excited,always_probe,0.0037925711861297746,0.00014725062693352045,0.0037859727865259384,0.0001440407207229238
sensitivity,margin2,1009,20,excited,ignore_passive,0.0037925711861297746,0.00014725062693352045,0.0037859727865259384,0.0001440407207229238
sensitivity,margin2,1009,20,excited,uncertainty_trigger,0.0037925711861297746,0.00014725062693352045,0.0037859727865259384,0.0001440407207229238
sensitivity,margin2,1010,20,excited,always_probe,0.003905956665972605,0.00014689048323521928,0.0038990451482950727,0.00014956796591473158
sensitivity,margin2,1010,20,excited,ignore_passive,0.003905956665972605,0.00014689048323521928,0.0038990451482950727,0.00014956796591473158
sensitivity,margin2,1010,20,excited,uncertainty_trigger,0.003905956665972605,0.00014689048323521928,0.0038990451482950727,0.00014956796591473158
sensitivity,margin2,1001,60,excited,always_probe,0.004096541872476868,0.00014697459102505102,0.00410211202679113,0.0001378888113323785
sensitivity,margin2,1001,60,excited,ignore_passive,0.004096541872476868,0.00014697459102505102,0.00410211202679113,0.0001378888113323785
sensitivity,margin2,1001,60,excited,uncertainty_trigger,0.004096541872476868,0.00014697459102505102,0.00410211202679113,0.0001378888113323785
sensitivity,margin2,1002,60,excited,always_probe,0.004045936433273289,0.00014723702721984675,0.004044254254333677,0.0001447401203605982
sensitivity,margin2,1002,60,excited,ignore_passive,0.004045936433273289,0.00014723702721984675,0.004044254254333677,0.0001447401203605982
sensitivity,margin2,1002,60,excited,uncertainty_trigger,0.004045936433273289,0.00014723702721984675,0.004044254254333677,0.0001447401203605982
sensitivity,margin2,1003,60,excited,always_probe,0.003914140143571718,0.00014710824853474103,0.003908016120147591,0.00014226655045152865
sensitivity,margin2,1003,60,excited,ignore_passive,0.003914140143571718,0.00014710824853474103,0.003908016120147591,0.00014226655045152865
sensitivity,margin2,1003,60,excited,uncertainty_trigger,0.003914140143571718,0.00014710824853474103,0.003908016120147591,0.00014226655045152865
sensitivity,margin2,1005,60,excited,always_probe,0.0039039876040455218,0.0001472498601924423,0.003896760825688914,0.00016347153551783696
sensitivity,margin2,1005,60,excited,ignore_passive,0.0039039876040455218,0.0001472498601924423,0.003896760825688914,0.00016347153551783696
sensitivity,margin2,1005,60,excited,uncertainty_trigger,0.0039039876040455218,0.0001472498601924423,0.003896760825688914,0.00016347153551783696
sensitivity,margin2,1006,60,excited,always_probe,0.004037457125764736,0.00014710505818570736,0.004033882575334613,0.00015184576386543413
sensitivity,margin2,1006,60,excited,ignore_passive,0.004037457125764736,0.00014710505818570736,0.004033882575334613,0.00015184576386543413
sensitivity,margin2,1006,60,excited,uncertainty_trigger,0.004037457125764736,0.00014710505818570736,0.004033882575334613,0.00015184576386543413
sensitivity,margin2,1007,60,excited,always_probe,0.003794312747598174,0.00014711701150686482,0.003788315359395093,0.00015897768959547768
sensitivity,margin2,1007,60,excited,ignore_passive,0.003794312747598174,0.00014711701150686482,0.003788315359395093,0.00015897768959547768
sensitivity,margin2,1007,60,excited,uncertainty_trigger,0.003794312747598174,0.00014711701150686482,0.003788315359395093,0.00015897768959547768
sensitivity,margin2,1008,60,excited,always_probe,0.003912398050149847,0.0001470878192043169,0.00390603233482661,0.0001589701258258737
sensitivity,margin2,1008,60,excited,ignore_passive,0.003912398050149847,0.0001470878192043169,0.00390603233482661,0.0001589701258258737
sensitivity,margin2,1008,60,excited,uncertainty_trigger,0.003912398050149847,0.0001470878192043169,0.00390603233482661,0.0001589701258258737
sensitivity,margin2,1009,60,excited,always_probe,0.0037925711861297746,0.00014725062693352045,0.0037859727865259384,0.0001440407207229238
sensitivity,margin2,1009,60,excited,ignore_passive,0.0037925711861297746,0.00014725062693352045,0.0037859727865259384,0.0001440407207229238
sensitivity,margin2,1009,60,excited,uncertainty_trigger,0.0037925711861297746,0.00014725062693352045,0.0037859727865259384,0.0001440407207229238
sensitivity,margin2,1010,60,excited,always_probe,0.003905956665972605,0.00014689048323521928,0.0038990451482950727,0.00014956796591473158
sensitivity,margin2,1010,60,excited,ignore_passive,0.003905956665972605,0.00014689048323521928,0.0038990451482950727,0.00014956796591473158
sensitivity,margin2,1010,60,excited,uncertainty_trigger,0.003905956665972605,0.00014689048323521928,0.0038990451482950727,0.00014956796591473158
sensitivity,margin2,1001,20,low_yaw,always_probe,0.004096541872476868,0.00014697459102505102,0.00410211202679113,0.0001378888113323785
sensitivity,margin2,1001,20,low_yaw,ignore_passive,0.004096541872476868,0.00014697459102505102,0.00410211202679113,0.0001378888113323785
sensitivity,margin2,1001,20,low_yaw,uncertainty_trigger,0.004096541872476868,0.00014697459102505102,0.00410211202679113,0.0001378888113323785
sensitivity,margin2,1002,20,low_yaw,always_probe,0.004045936433273289,0.00014723702721984675,0.004044254254333677,0.0001447401203605982
sensitivity,margin2,1002,20,low_yaw,ignore_passive,0.004045936433273289,0.00014723702721984675,0.004044254254333677,0.0001447401203605982
sensitivity,margin2,1002,20,low_yaw,uncertainty_trigger,0.004045936433273289,0.00014723702721984675,0.004044254254333677,0.0001447401203605982
sensitivity,margin2,1003,20,low_yaw,always_probe,0.003914140143571718,0.00014710824853474103,0.003908016120147591,0.00014226655045152865
sensitivity,margin2,1003,20,low_yaw,ignore_passive,0.003914140143571718,0.00014710824853474103,0.003908016120147591,0.00014226655045152865
sensitivity,margin2,1003,20,low_yaw,uncertainty_trigger,0.003914140143571718,0.00014710824853474103,0.003908016120147591,0.00014226655045152865
sensitivity,margin2,1005,20,low_yaw,always_probe,0.0039039876040455218,0.0001472498601924423,0.003896760825688914,0.00016347153551783696
sensitivity,margin2,1005,20,low_yaw,ignore_passive,0.0039039876040455218,0.0001472498601924423,0.003896760825688914,0.00016347153551783696
sensitivity,margin2,1005,20,low_yaw,uncertainty_trigger,0.0039039876040455218,0.0001472498601924423,0.003896760825688914,0.00016347153551783696
sensitivity,margin2,1006,20,low_yaw,always_probe,0.004037457125764736,0.00014710505818570736,0.004033882575334613,0.00015184576386543413
sensitivity,margin2,1006,20,low_yaw,ignore_passive,0.004037457125764736,0.00014710505818570736,0.004033882575334613,0.00015184576386543413
sensitivity,margin2,1006,20,low_yaw,uncertainty_trigger,0.004037457125764736,0.00014710505818570736,0.004033882575334613,0.00015184576386543413
sensitivity,margin2,1007,20,low_yaw,always_probe,0.003794312747598174,0.00014711701150686482,0.003788315359395093,0.00015897768959547768
sensitivity,margin2,1007,20,low_yaw,ignore_passive,0.003794312747598174,0.00014711701150686482,0.003788315359395093,0.00015897768959547768
sensitivity,margin2,1007,20,low_yaw,uncertainty_trigger,0.003794312747598174,0.00014711701150686482,0.003788315359395093,0.00015897768959547768
sensitivity,margin2,1008,20,low_yaw,always_probe,0.003912398050149847,0.0001470878192043169,0.00390603233482661,0.0001589701258258737
sensitivity,margin2,1008,20,low_yaw,ignore_passive,0.003912398050149847,0.0001470878192043169,0.00390603233482661,0.0001589701258258737
sensitivity,margin2,1008,20,low_yaw,uncertainty_trigger,0.003912398050149847,0.0001470878192043169,0.00390603233482661,0.0001589701258258737
sensitivity,margin2,1009,20,low_yaw,always_probe,0.0037925711861297746,0.00014725062693352045,0.0037859727865259384,0.0001440407207229238
sensitivity,margin2,1009,20,low_yaw,ignore_passive,0.0037925711861297746,0.00014725062693352045,0.0037859727865259384,0.0001440407207229238
sensitivity,margin2,1009,20,low_yaw,uncertainty_trigger,0.0037925711861297746,0.00014725062693352045,0.0037859727865259384,0.0001440407207229238
sensitivity,margin2,1010,20,low_yaw,always_probe,0.003905956665972605,0.00014689048323521928,0.0038990451482950727,0.00014956796591473158
sensitivity,margin2,1010,20,low_yaw,ignore_passive,0.003905956665972605,0.00014689048323521928,0.0038990451482950727,0.00014956796591473158
sensitivity,margin2,1010,20,low_yaw,uncertainty_trigger,0.003905956665972605,0.00014689048323521928,0.0038990451482950727,0.00014956796591473158
sensitivity,margin2,1001,60,low_yaw,always_probe,0.004096541872476868,0.00014697459102505102,0.00410211202679113,0.0001378888113323785
sensitivity,margin2,1001,60,low_yaw,ignore_passive,0.004096541872476868,0.00014697459102505102,0.00410211202679113,0.0001378888113323785
sensitivity,margin2,1001,60,low_yaw,uncertainty_trigger,0.004096541872476868,0.00014697459102505102,0.00410211202679113,0.0001378888113323785
sensitivity,margin2,1002,60,low_yaw,always_probe,0.004045936433273289,0.00014723702721984675,0.004044254254333677,0.0001447401203605982
sensitivity,margin2,1002,60,low_yaw,ignore_passive,0.004045936433273289,0.00014723702721984675,0.004044254254333677,0.0001447401203605982
sensitivity,margin2,1002,60,low_yaw,uncertainty_trigger,0.004045936433273289,0.00014723702721984675,0.004044254254333677,0.0001447401203605982
sensitivity,margin2,1003,60,low_yaw,always_probe,0.003914140143571718,0.00014710824853474103,0.003908016120147591,0.00014226655045152865
sensitivity,margin2,1003,60,low_yaw,ignore_passive,0.003914140143571718,0.00014710824853474103,0.003908016120147591,0.00014226655045152865
sensitivity,margin2,1003,60,low_yaw,uncertainty_trigger,0.003914140143571718,0.00014710824853474103,0.003908016120147591,0.00014226655045152865
sensitivity,margin2,1005,60,low_yaw,always_probe,0.0039039876040455218,0.0001472498601924423,0.003896760825688914,0.00016347153551783696
sensitivity,margin2,1005,60,low_yaw,ignore_passive,0.0039039876040455218,0.0001472498601924423,0.003896760825688914,0.00016347153551783696
sensitivity,margin2,1005,60,low_yaw,uncertainty_trigger,0.0039039876040455218,0.0001472498601924423,0.003896760825688914,0.00016347153551783696
sensitivity,margin2,1006,60,low_yaw,always_probe,0.004037457125764736,0.00014710505818570736,0.004033882575334613,0.00015184576386543413
sensitivity,margin2,1006,60,low_yaw,ignore_passive,0.004037457125764736,0.00014710505818570736,0.004033882575334613,0.00015184576386543413
sensitivity,margin2,1006,60,low_yaw,uncertainty_trigger,0.004037457125764736,0.00014710505818570736,0.004033882575334613,0.00015184576386543413
sensitivity,margin2,1007,60,low_yaw,always_probe,0.003794312747598174,0.00014711701150686482,0.003788315359395093,0.00015897768959547768
sensitivity,margin2,1007,60,low_yaw,ignore_passive,0.003794312747598174,0.00014711701150686482,0.003788315359395093,0.00015897768959547768
sensitivity,margin2,1007,60,low_yaw,uncertainty_trigger,0.003794312747598174,0.00014711701150686482,0.003788315359395093,0.00015897768959547768
sensitivity,margin2,1008,60,low_yaw,always_probe,0.003912398050149847,0.0001470878192043169,0.00390603233482661,0.0001589701258258737
sensitivity,margin2,1008,60,low_yaw,ignore_passive,0.003912398050149847,0.0001470878192043169,0.00390603233482661,0.0001589701258258737
sensitivity,margin2,1008,60,low_yaw,uncertainty_trigger,0.003912398050149847,0.0001470878192043169,0.00390603233482661,0.0001589701258258737
sensitivity,margin2,1009,60,low_yaw,always_probe,0.0037925711861297746,0.00014725062693352045,0.0037859727865259384,0.0001440407207229238
sensitivity,margin2,1009,60,low_yaw,ignore_passive,0.0037925711861297746,0.00014725062693352045,0.0037859727865259384,0.0001440407207229238
sensitivity,margin2,1009,60,low_yaw,uncertainty_trigger,0.0037925711861297746,0.00014725062693352045,0.0037859727865259384,0.0001440407207229238
sensitivity,margin2,1010,60,low_yaw,always_probe,0.003905956665972605,0.00014689048323521928,0.0038990451482950727,0.00014956796591473158
sensitivity,margin2,1010,60,low_yaw,ignore_passive,0.003905956665972605,0.00014689048323521928,0.0038990451482950727,0.00014956796591473158
sensitivity,margin2,1010,60,low_yaw,uncertainty_trigger,0.003905956665972605,0.00014689048323521928,0.0038990451482950727,0.00014956796591473158
sensitivity,margin4,1001,20,excited,always_probe,0.004096541872476868,0.00014697459102505102,0.00410211202679113,0.0001378888113323785
sensitivity,margin4,1001,20,excited,ignore_passive,0.004096541872476868,0.00014697459102505102,0.00410211202679113,0.0001378888113323785
sensitivity,margin4,1001,20,excited,uncertainty_trigger,0.004096541872476868,0.00014697459102505102,0.00410211202679113,0.0001378888113323785
sensitivity,margin4,1002,20,excited,always_probe,0.004045936433273289,0.00014723702721984675,0.004044254254333677,0.0001447401203605982
sensitivity,margin4,1002,20,excited,ignore_passive,0.004045936433273289,0.00014723702721984675,0.004044254254333677,0.0001447401203605982
sensitivity,margin4,1002,20,excited,uncertainty_trigger,0.004045936433273289,0.00014723702721984675,0.004044254254333677,0.0001447401203605982
sensitivity,margin4,1003,20,excited,always_probe,0.003914140143571718,0.00014710824853474103,0.003908016120147591,0.00014226655045152865
sensitivity,margin4,1003,20,excited,ignore_passive,0.003914140143571718,0.00014710824853474103,0.003908016120147591,0.00014226655045152865
sensitivity,margin4,1003,20,excited,uncertainty_trigger,0.003914140143571718,0.00014710824853474103,0.003908016120147591,0.00014226655045152865
sensitivity,margin4,1005,20,excited,always_probe,0.0039039876040455218,0.0001472498601924423,0.003896760825688914,0.00016347153551783696
sensitivity,margin4,1005,20,excited,ignore_passive,0.0039039876040455218,0.0001472498601924423,0.003896760825688914,0.00016347153551783696
sensitivity,margin4,1005,20,excited,uncertainty_trigger,0.0039039876040455218,0.0001472498601924423,0.003896760825688914,0.00016347153551783696
sensitivity,margin4,1006,20,excited,always_probe,0.004037457125764736,0.00014710505818570736,0.004033882575334613,0.00015184576386543413
sensitivity,margin4,1006,20,excited,ignore_passive,0.004037457125764736,0.00014710505818570736,0.004033882575334613,0.00015184576386543413
sensitivity,margin4,1006,20,excited,uncertainty_trigger,0.004037457125764736,0.00014710505818570736,0.004033882575334613,0.00015184576386543413
sensitivity,margin4,1007,20,excited,always_probe,0.003794312747598174,0.00014711701150686482,0.003788315359395093,0.00015897768959547768
sensitivity,margin4,1007,20,excited,ignore_passive,0.003794312747598174,0.00014711701150686482,0.003788315359395093,0.00015897768959547768
sensitivity,margin4,1007,20,excited,uncertainty_trigger,0.003794312747598174,0.00014711701150686482,0.003788315359395093,0.00015897768959547768
sensitivity,margin4,1008,20,excited,always_probe,0.003912398050149847,0.0001470878192043169,0.00390603233482661,0.0001589701258258737
sensitivity,margin4,1008,20,excited,ignore_passive,0.003912398050149847,0.0001470878192043169,0.00390603233482661,0.0001589701258258737
sensitivity,margin4,1008,20,excited,uncertainty_trigger,0.003912398050149847,0.0001470878192043169,0.00390603233482661,0.0001589701258258737
sensitivity,margin4,1009,20,excited,always_probe,0.0037925711861297746,0.00014725062693352045,0.0037859727865259384,0.0001440407207229238
sensitivity,margin4,1009,20,excited,ignore_passive,0.0037925711861297746,0.00014725062693352045,0.0037859727865259384,0.0001440407207229238
sensitivity,margin4,1009,20,excited,uncertainty_trigger,0.0037925711861297746,0.00014725062693352045,0.0037859727865259384,0.0001440407207229238
sensitivity,margin4,1010,20,excited,always_probe,0.003905956665972605,0.00014689048323521928,0.0038990451482950727,0.00014956796591473158
sensitivity,margin4,1010,20,excited,ignore_passive,0.003905956665972605,0.00014689048323521928,0.0038990451482950727,0.00014956796591473158
sensitivity,margin4,1010,20,excited,uncertainty_trigger,0.003905956665972605,0.00014689048323521928,0.0038990451482950727,0.00014956796591473158
sensitivity,margin4,1001,60,excited,always_probe,0.004096541872476868,0.00014697459102505102,0.00410211202679113,0.0001378888113323785
sensitivity,margin4,1001,60,excited,ignore_passive,0.004096541872476868,0.00014697459102505102,0.00410211202679113,0.0001378888113323785
sensitivity,margin4,1001,60,excited,uncertainty_trigger,0.004096541872476868,0.00014697459102505102,0.00410211202679113,0.0001378888113323785
sensitivity,margin4,1002,60,excited,always_probe,0.004045936433273289,0.00014723702721984675,0.004044254254333677,0.0001447401203605982
sensitivity,margin4,1002,60,excited,ignore_passive,0.004045936433273289,0.00014723702721984675,0.004044254254333677,0.0001447401203605982
sensitivity,margin4,1002,60,excited,uncertainty_trigger,0.004045936433273289,0.00014723702721984675,0.004044254254333677,0.0001447401203605982
sensitivity,margin4,1003,60,excited,always_probe,0.003914140143571718,0.00014710824853474103,0.003908016120147591,0.00014226655045152865
sensitivity,margin4,1003,60,excited,ignore_passive,0.003914140143571718,0.00014710824853474103,0.003908016120147591,0.00014226655045152865
sensitivity,margin4,1003,60,excited,uncertainty_trigger,0.003914140143571718,0.00014710824853474103,0.003908016120147591,0.00014226655045152865
sensitivity,margin4,1005,60,excited,always_probe,0.0039039876040455218,0.0001472498601924423,0.003896760825688914,0.00016347153551783696
sensitivity,margin4,1005,60,excited,ignore_passive,0.0039039876040455218,0.0001472498601924423,0.003896760825688914,0.00016347153551783696
sensitivity,margin4,1005,60,excited,uncertainty_trigger,0.0039039876040455218,0.0001472498601924423,0.003896760825688914,0.00016347153551783696
sensitivity,margin4,1006,60,excited,always_probe,0.004037457125764736,0.00014710505818570736,0.004033882575334613,0.00015184576386543413
sensitivity,margin4,1006,60,excited,ignore_passive,0.004037457125764736,0.00014710505818570736,0.004033882575334613,0.00015184576386543413
sensitivity,margin4,1006,60,excited,uncertainty_trigger,0.004037457125764736,0.00014710505818570736,0.004033882575334613,0.00015184576386543413
sensitivity,margin4,1007,60,excited,always_probe,0.003794312747598174,0.00014711701150686482,0.003788315359395093,0.00015897768959547768
sensitivity,margin4,1007,60,excited,ignore_passive,0.003794312747598174,0.00014711701150686482,0.003788315359395093,0.00015897768959547768
sensitivity,margin4,1007,60,excited,uncertainty_trigger,0.003794312747598174,0.00014711701150686482,0.003788315359395093,0.00015897768959547768
sensitivity,margin4,1008,60,excited,always_probe,0.003912398050149847,0.0001470878192043169,0.00390603233482661,0.0001589701258258737
sensitivity,margin4,1008,60,excited,ignore_passive,0.003912398050149847,0.0001470878192043169,0.00390603233482661,0.0001589701258258737
sensitivity,margin4,1008,60,excited,uncertainty_trigger,0.003912398050149847,0.0001470878192043169,0.00390603233482661,0.0001589701258258737
sensitivity,margin4,1009,60,excited,always_probe,0.0037925711861297746,0.00014725062693352045,0.0037859727865259384,0.0001440407207229238
sensitivity,margin4,1009,60,excited,ignore_passive,0.0037925711861297746,0.00014725062693352045,0.0037859727865259384,0.0001440407207229238
sensitivity,margin4,1009,60,excited,uncertainty_trigger,0.0037925711861297746,0.00014725062693352045,0.0037859727865259384,0.0001440407207229238
sensitivity,margin4,1010,60,excited,always_probe,0.003905956665972605,0.00014689048323521928,0.0038990451482950727,0.00014956796591473158
sensitivity,margin4,1010,60,excited,ignore_passive,0.003905956665972605,0.00014689048323521928,0.0038990451482950727,0.00014956796591473158
sensitivity,margin4,1010,60,excited,uncertainty_trigger,0.003905956665972605,0.00014689048323521928,0.0038990451482950727,0.00014956796591473158
sensitivity,margin4,1001,20,low_yaw,always_probe,0.004096541872476868,0.00014697459102505102,0.00410211202679113,0.0001378888113323785
sensitivity,margin4,1001,20,low_yaw,batch_aware,0.004096541872476868,0.00014697459102505102,0.00410211202679113,0.0001378888113323785
sensitivity,margin4,1001,20,low_yaw,ignore_passive,0.004096541872476868,0.00014697459102505102,0.00410211202679113,0.0001378888113323785
sensitivity,margin4,1001,20,low_yaw,uncertainty_trigger,0.004096541872476868,0.00014697459102505102,0.00410211202679113,0.0001378888113323785
sensitivity,margin4,1002,20,low_yaw,always_probe,0.004045936433273289,0.00014723702721984675,0.004044254254333677,0.0001447401203605982
sensitivity,margin4,1002,20,low_yaw,batch_aware,0.004045936433273289,0.00014723702721984675,0.004044254254333677,0.0001447401203605982
sensitivity,margin4,1002,20,low_yaw,ignore_passive,0.004045936433273289,0.00014723702721984675,0.004044254254333677,0.0001447401203605982
sensitivity,margin4,1002,20,low_yaw,uncertainty_trigger,0.004045936433273289,0.00014723702721984675,0.004044254254333677,0.0001447401203605982
sensitivity,margin4,1003,20,low_yaw,always_probe,0.003914140143571718,0.00014710824853474103,0.003908016120147591,0.00014226655045152865
sensitivity,margin4,1003,20,low_yaw,batch_aware,0.003914140143571718,0.00014710824853474103,0.003908016120147591,0.00014226655045152865
sensitivity,margin4,1003,20,low_yaw,ignore_passive,0.003914140143571718,0.00014710824853474103,0.003908016120147591,0.00014226655045152865
sensitivity,margin4,1003,20,low_yaw,uncertainty_trigger,0.003914140143571718,0.00014710824853474103,0.003908016120147591,0.00014226655045152865
sensitivity,margin4,1005,20,low_yaw,always_probe,0.0039039876040455218,0.0001472498601924423,0.003896760825688914,0.00016347153551783696
sensitivity,margin4,1005,20,low_yaw,batch_aware,0.0039039876040455218,0.0001472498601924423,0.003896760825688914,0.00016347153551783696
sensitivity,margin4,1005,20,low_yaw,ignore_passive,0.0039039876040455218,0.0001472498601924423,0.003896760825688914,0.00016347153551783696
sensitivity,margin4,1005,20,low_yaw,uncertainty_trigger,0.0039039876040455218,0.0001472498601924423,0.003896760825688914,0.00016347153551783696
sensitivity,margin4,1006,20,low_yaw,always_probe,0.004037457125764736,0.00014710505818570736,0.004033882575334613,0.00015184576386543413
sensitivity,margin4,1006,20,low_yaw,batch_aware,0.004037457125764736,0.00014710505818570736,0.004033882575334613,0.00015184576386543413
sensitivity,margin4,1006,20,low_yaw,ignore_passive,0.004037457125764736,0.00014710505818570736,0.004033882575334613,0.00015184576386543413
sensitivity,margin4,1006,20,low_yaw,uncertainty_trigger,0.004037457125764736,0.00014710505818570736,0.004033882575334613,0.00015184576386543413
sensitivity,margin4,1007,20,low_yaw,always_probe,0.003794312747598174,0.00014711701150686482,0.003788315359395093,0.00015897768959547768
sensitivity,margin4,1007,20,low_yaw,batch_aware,0.003794312747598174,0.00014711701150686482,0.003788315359395093,0.00015897768959547768
sensitivity,margin4,1007,20,low_yaw,ignore_passive,0.003794312747598174,0.00014711701150686482,0.003788315359395093,0.00015897768959547768
sensitivity,margin4,1007,20,low_yaw,uncertainty_trigger,0.003794312747598174,0.00014711701150686482,0.003788315359395093,0.00015897768959547768
sensitivity,margin4,1008,20,low_yaw,always_probe,0.003912398050149847,0.0001470878192043169,0.00390603233482661,0.0001589701258258737
sensitivity,margin4,1008,20,low_yaw,batch_aware,0.003912398050149847,0.0001470878192043169,0.00390603233482661,0.0001589701258258737
sensitivity,margin4,1008,20,low_yaw,ignore_passive,0.003912398050149847,0.0001470878192043169,0.00390603233482661,0.0001589701258258737
sensitivity,margin4,1008,20,low_yaw,uncertainty_trigger,0.003912398050149847,0.0001470878192043169,0.00390603233482661,0.0001589701258258737
sensitivity,margin4,1009,20,low_yaw,always_probe,0.0037925711861297746,0.00014725062693352045,0.0037859727865259384,0.0001440407207229238
sensitivity,margin4,1009,20,low_yaw,batch_aware,0.0037925711861297746,0.00014725062693352045,0.0037859727865259384,0.0001440407207229238
sensitivity,margin4,1009,20,low_yaw,ignore_passive,0.0037925711861297746,0.00014725062693352045,0.0037859727865259384,0.0001440407207229238
sensitivity,margin4,1009,20,low_yaw,uncertainty_trigger,0.0037925711861297746,0.00014725062693352045,0.0037859727865259384,0.0001440407207229238
sensitivity,margin4,1010,20,low_yaw,always_probe,0.003905956665972605,0.00014689048323521928,0.0038990451482950727,0.00014956796591473158
sensitivity,margin4,1010,20,low_yaw,batch_aware,0.003905956665972605,0.00014689048323521928,0.0038990451482950727,0.00014956796591473158
sensitivity,margin4,1010,20,low_yaw,ignore_passive,0.003905956665972605,0.00014689048323521928,0.0038990451482950727,0.00014956796591473158
sensitivity,margin4,1010,20,low_yaw,uncertainty_trigger,0.003905956665972605,0.00014689048323521928,0.0038990451482950727,0.00014956796591473158
sensitivity,margin4,1001,60,low_yaw,always_probe,0.004096541872476868,0.00014697459102505102,0.00410211202679113,0.0001378888113323785
sensitivity,margin4,1001,60,low_yaw,batch_aware,0.004096541872476868,0.00014697459102505102,0.00410211202679113,0.0001378888113323785
sensitivity,margin4,1001,60,low_yaw,ignore_passive,0.004096541872476868,0.00014697459102505102,0.00410211202679113,0.0001378888113323785
sensitivity,margin4,1001,60,low_yaw,uncertainty_trigger,0.004096541872476868,0.00014697459102505102,0.00410211202679113,0.0001378888113323785
sensitivity,margin4,1002,60,low_yaw,always_probe,0.004045936433273289,0.00014723702721984675,0.004044254254333677,0.0001447401203605982
sensitivity,margin4,1002,60,low_yaw,batch_aware,0.004045936433273289,0.00014723702721984675,0.004044254254333677,0.0001447401203605982
sensitivity,margin4,1002,60,low_yaw,ignore_passive,0.004045936433273289,0.00014723702721984675,0.004044254254333677,0.0001447401203605982
sensitivity,margin4,1002,60,low_yaw,uncertainty_trigger,0.004045936433273289,0.00014723702721984675,0.004044254254333677,0.0001447401203605982
sensitivity,margin4,1003,60,low_yaw,always_probe,0.003914140143571718,0.00014710824853474103,0.003908016120147591,0.00014226655045152865
sensitivity,margin4,1003,60,low_yaw,batch_aware,0.003914140143571718,0.00014710824853474103,0.003908016120147591,0.00014226655045152865
sensitivity,margin4,1003,60,low_yaw,ignore_passive,0.003914140143571718,0.00014710824853474103,0.003908016120147591,0.00014226655045152865
sensitivity,margin4,1003,60,low_yaw,uncertainty_trigger,0.003914140143571718,0.00014710824853474103,0.003908016120147591,0.00014226655045152865
sensitivity,margin4,1005,60,low_yaw,always_probe,0.0039039876040455218,0.0001472498601924423,0.003896760825688914,0.00016347153551783696
sensitivity,margin4,1005,60,low_yaw,batch_aware,0.0039039876040455218,0.0001472498601924423,0.003896760825688914,0.00016347153551783696
sensitivity,margin4,1005,60,low_yaw,ignore_passive,0.0039039876040455218,0.0001472498601924423,0.003896760825688914,0.00016347153551783696
sensitivity,margin4,1005,60,low_yaw,uncertainty_trigger,0.0039039876040455218,0.0001472498601924423,0.003896760825688914,0.00016347153551783696
sensitivity,margin4,1006,60,low_yaw,always_probe,0.004037457125764736,0.00014710505818570736,0.004033882575334613,0.00015184576386543413
sensitivity,margin4,1006,60,low_yaw,batch_aware,0.004037457125764736,0.00014710505818570736,0.004033882575334613,0.00015184576386543413
sensitivity,margin4,1006,60,low_yaw,ignore_passive,0.004037457125764736,0.00014710505818570736,0.004033882575334613,0.00015184576386543413
sensitivity,margin4,1006,60,low_yaw,uncertainty_trigger,0.004037457125764736,0.00014710505818570736,0.004033882575334613,0.00015184576386543413
sensitivity,margin4,1007,60,low_yaw,always_probe,0.003794312747598174,0.00014711701150686482,0.003788315359395093,0.00015897768959547768
sensitivity,margin4,1007,60,low_yaw,batch_aware,0.003794312747598174,0.00014711701150686482,0.003788315359395093,0.00015897768959547768
sensitivity,margin4,1007,60,low_yaw,ignore_passive,0.003794312747598174,0.00014711701150686482,0.003788315359395093,0.00015897768959547768
sensitivity,margin4,1007,60,low_yaw,uncertainty_trigger,0.003794312747598174,0.00014711701150686482,0.003788315359395093,0.00015897768959547768
sensitivity,margin4,1008,60,low_yaw,always_probe,0.003912398050149847,0.0001470878192043169,0.00390603233482661,0.0001589701258258737
sensitivity,margin4,1008,60,low_yaw,batch_aware,0.003912398050149847,0.0001470878192043169,0.00390603233482661,0.0001589701258258737
sensitivity,margin4,1008,60,low_yaw,ignore_passive,0.003912398050149847,0.0001470878192043169,0.00390603233482661,0.0001589701258258737
sensitivity,margin4,1008,60,low_yaw,uncertainty_trigger,0.003912398050149847,0.0001470878192043169,0.00390603233482661,0.0001589701258258737
sensitivity,margin4,1009,60,low_yaw,always_probe,0.0037925711861297746,0.00014725062693352045,0.0037859727865259384,0.0001440407207229238
sensitivity,margin4,1009,60,low_yaw,batch_aware,0.0037925711861297746,0.00014725062693352045,0.0037859727865259384,0.0001440407207229238
sensitivity,margin4,1009,60,low_yaw,ignore_passive,0.0037925711861297746,0.00014725062693352045,0.0037859727865259384,0.0001440407207229238
sensitivity,margin4,1009,60,low_yaw,uncertainty_trigger,0.0037925711861297746,0.00014725062693352045,0.0037859727865259384,0.0001440407207229238
sensitivity,margin4,1010,60,low_yaw,always_probe,0.003905956665972605,0.00014689048323521928,0.0038990451482950727,0.00014956796591473158
sensitivity,margin4,1010,60,low_yaw,batch_aware,0.003905956665972605,0.00014689048323521928,0.0038990451482950727,0.00014956796591473158
sensitivity,margin4,1010,60,low_yaw,ignore_passive,0.003905956665972605,0.00014689048323521928,0.0038990451482950727,0.00014956796591473158
sensitivity,margin4,1010,60,low_yaw,uncertainty_trigger,0.003905956665972605,0.00014689048323521928,0.0038990451482950727,0.00014956796591473158
sensitivity,inflation4,1001,20,excited,always_probe,0.0020483382100702097,7.310432845443228e-05,0.002051114312933962,6.889701181183096e-05
sensitivity,inflation4,1001,20,excited,ignore_passive,0.0020483382100702097,7.310432845443228e-05,0.002051114312933962,6.889701181183096e-05
sensitivity,inflation4,1001,20,excited,uncertainty_trigger,0.0020483382100702097,7.310432845443228e-05,0.002051114312933962,6.889701181183096e-05
sensitivity,inflation4,1002,20,excited,always_probe,0.002023014807361667,7.36197467533421e-05,0.0020221751234010205,7.237527715068932e-05
sensitivity,inflation4,1002,20,excited,ignore_passive,0.002023014807361667,7.36197467533421e-05,0.0020221751234010205,7.237527715068932e-05
sensitivity,inflation4,1002,20,excited,uncertainty_trigger,0.002023014807361667,7.36197467533421e-05,0.0020221751234010205,7.237527715068932e-05
sensitivity,inflation4,1003,20,excited,always_probe,0.001957112815947891,7.336534014132975e-05,0.001954054466384314,7.110863735388082e-05
sensitivity,inflation4,1003,20,excited,ignore_passive,0.001957112815947891,7.336534014132975e-05,0.001954054466384314,7.110863735388082e-05
sensitivity,inflation4,1003,20,excited,uncertainty_trigger,0.001957112815947891,7.336534014132975e-05,0.001954054466384314,7.110863735388082e-05
sensitivity,inflation4,1005,20,excited,always_probe,0.0019520365633691617,7.364543514694458e-05,0.0019484288913777048,8.178682426434515e-05
sensitivity,inflation4,1005,20,excited,ignore_passive,0.0019520365633691617,7.364543514694458e-05,0.0019484288913777048,8.178682426434515e-05
sensitivity,inflation4,1005,20,excited,uncertainty_trigger,0.0019520365633691617,7.364543514694458e-05,0.0019484288913777048,8.178682426434515e-05
sensitivity,inflation4,1006,20,excited,always_probe,0.0020187725016745854,7.33597311425052e-05,0.0020169875020356783,7.590762599342526e-05
sensitivity,inflation4,1006,20,excited,ignore_passive,0.0020187725016745854,7.33597311425052e-05,0.0020169875020356783,7.590762599342526e-05
sensitivity,inflation4,1006,20,excited,uncertainty_trigger,0.0020187725016745854,7.33597311425052e-05,0.0020169875020356783,7.590762599342526e-05
sensitivity,inflation4,1007,20,excited,always_probe,0.0018971897685517974,7.338320888625462e-05,0.001894194424093077,7.949050885800323e-05
sensitivity,inflation4,1007,20,excited,ignore_passive,0.0018971897685517974,7.338320888625462e-05,0.001894194424093077,7.949050885800323e-05
sensitivity,inflation4,1007,20,excited,uncertainty_trigger,0.0018971897685517974,7.338320888625462e-05,0.001894194424093077,7.949050885800323e-05
sensitivity,inflation4,1008,20,excited,always_probe,0.0019562417506642396,7.332700395284331e-05,0.001953063195835747,7.94806015734506e-05
sensitivity,inflation4,1008,20,excited,ignore_passive,0.0019562417506642396,7.332700395284331e-05,0.001953063195835747,7.94806015734506e-05
sensitivity,inflation4,1008,20,excited,uncertainty_trigger,0.0019562417506642396,7.332700395284331e-05,0.001953063195835747,7.94806015734506e-05
sensitivity,inflation4,1009,20,excited,always_probe,0.0018963187244981188,7.36469467382394e-05,0.0018930228337133712,7.202670160915754e-05
sensitivity,inflation4,1009,20,excited,ignore_passive,0.0018963187244981188,7.36469467382394e-05,0.0018930228337133712,7.202670160915754e-05
sensitivity,inflation4,1009,20,excited,uncertainty_trigger,0.0018963187244981188,7.36469467382394e-05,0.0018930228337133712,7.202670160915754e-05
sensitivity,inflation4,1010,20,excited,always_probe,0.0019530211616405138,7.294872433430988e-05,0.0019495710211689266,7.471252200295499e-05
sensitivity,inflation4,1010,20,excited,ignore_passive,0.0019530211616405138,7.294872433430988e-05,0.0019495710211689266,7.471252200295499e-05
sensitivity,inflation4,1010,20,excited,uncertainty_trigger,0.0019530211616405138,7.294872433430988e-05,0.0019495710211689266,7.471252200295499e-05
sensitivity,inflation4,1001,60,excited,always_probe,0.0020483382100702097,7.310432845443228e-05,0.002051114312933962,6.889701181183096e-05
sensitivity,inflation4,1001,60,excited,ignore_passive,0.0020483382100702097,7.310432845443228e-05,0.002051114312933962,6.889701181183096e-05
sensitivity,inflation4,1001,60,excited,uncertainty_trigger,0.0020483382100702097,7.310432845443228e-05,0.002051114312933962,6.889701181183096e-05
sensitivity,inflation4,1002,60,excited,always_probe,0.002023014807361667,7.36197467533421e-05,0.0020221751234010205,7.237527715068932e-05
sensitivity,inflation4,1002,60,excited,ignore_passive,0.002023014807361667,7.36197467533421e-05,0.0020221751234010205,7.237527715068932e-05
sensitivity,inflation4,1002,60,excited,uncertainty_trigger,0.002023014807361667,7.36197467533421e-05,0.0020221751234010205,7.237527715068932e-05
sensitivity,inflation4,1003,60,excited,always_probe,0.001957112815947891,7.336534014132975e-05,0.001954054466384314,7.110863735388082e-05
sensitivity,inflation4,1003,60,excited,ignore_passive,0.001957112815947891,7.336534014132975e-05,0.001954054466384314,7.110863735388082e-05
sensitivity,inflation4,1003,60,excited,uncertainty_trigger,0.001957112815947891,7.336534014132975e-05,0.001954054466384314,7.110863735388082e-05
sensitivity,inflation4,1005,60,excited,always_probe,0.0019520365633691617,7.364543514694458e-05,0.0019484288913777048,8.178682426434515e-05
sensitivity,inflation4,1005,60,excited,ignore_passive,0.0019520365633691617,7.364543514694458e-05,0.0019484288913777048,8.178682426434515e-05
sensitivity,inflation4,1005,60,excited,uncertainty_trigger,0.0019520365633691617,7.364543514694458e-05,0.0019484288913777048,8.178682426434515e-05
sensitivity,inflation4,1006,60,excited,always_probe,0.0020187725016745854,7.33597311425052e-05,0.0020169875020356783,7.590762599342526e-05
sensitivity,inflation4,1006,60,excited,ignore_passive,0.0020187725016745854,7.33597311425052e-05,0.0020169875020356783,7.590762599342526e-05
sensitivity,inflation4,1006,60,excited,uncertainty_trigger,0.0020187725016745854,7.33597311425052e-05,0.0020169875020356783,7.590762599342526e-05
sensitivity,inflation4,1007,60,excited,always_probe,0.0018971897685517974,7.338320888625462e-05,0.001894194424093077,7.949050885800323e-05
sensitivity,inflation4,1007,60,excited,ignore_passive,0.0018971897685517974,7.338320888625462e-05,0.001894194424093077,7.949050885800323e-05
sensitivity,inflation4,1007,60,excited,uncertainty_trigger,0.0018971897685517974,7.338320888625462e-05,0.001894194424093077,7.949050885800323e-05
sensitivity,inflation4,1008,60,excited,always_probe,0.0019562417506642396,7.332700395284331e-05,0.001953063195835747,7.94806015734506e-05
sensitivity,inflation4,1008,60,excited,ignore_passive,0.0019562417506642396,7.332700395284331e-05,0.001953063195835747,7.94806015734506e-05
sensitivity,inflation4,1008,60,excited,uncertainty_trigger,0.0019562417506642396,7.332700395284331e-05,0.001953063195835747,7.94806015734506e-05
sensitivity,inflation4,1009,60,excited,always_probe,0.0018963187244981188,7.36469467382394e-05,0.0018930228337133712,7.202670160915754e-05
sensitivity,inflation4,1009,60,excited,ignore_passive,0.0018963187244981188,7.36469467382394e-05,0.0018930228337133712,7.202670160915754e-05
sensitivity,inflation4,1009,60,excited,uncertainty_trigger,0.0018963187244981188,7.36469467382394e-05,0.0018930228337133712,7.202670160915754e-05
sensitivity,inflation4,1010,60,excited,always_probe,0.0019530211616405138,7.294872433430988e-05,0.0019495710211689266,7.471252200295499e-05
sensitivity,inflation4,1010,60,excited,ignore_passive,0.0019530211616405138,7.294872433430988e-05,0.0019495710211689266,7.471252200295499e-05
sensitivity,inflation4,1010,60,excited,uncertainty_trigger,0.0019530211616405138,7.294872433430988e-05,0.0019495710211689266,7.471252200295499e-05
sensitivity,inflation4,1001,20,low_yaw,always_probe,0.0020483382100702097,7.310432845443228e-05,0.002051114312933962,6.889701181183096e-05
sensitivity,inflation4,1001,20,low_yaw,ignore_passive,0.0020483382100702097,7.310432845443228e-05,0.002051114312933962,6.889701181183096e-05
sensitivity,inflation4,1001,20,low_yaw,uncertainty_trigger,0.0020483382100702097,7.310432845443228e-05,0.002051114312933962,6.889701181183096e-05
sensitivity,inflation4,1002,20,low_yaw,always_probe,0.002023014807361667,7.36197467533421e-05,0.0020221751234010205,7.237527715068932e-05
sensitivity,inflation4,1002,20,low_yaw,ignore_passive,0.002023014807361667,7.36197467533421e-05,0.0020221751234010205,7.237527715068932e-05
sensitivity,inflation4,1002,20,low_yaw,uncertainty_trigger,0.002023014807361667,7.36197467533421e-05,0.0020221751234010205,7.237527715068932e-05
sensitivity,inflation4,1003,20,low_yaw,always_probe,0.001957112815947891,7.336534014132975e-05,0.001954054466384314,7.110863735388082e-05
sensitivity,inflation4,1003,20,low_yaw,ignore_passive,0.001957112815947891,7.336534014132975e-05,0.001954054466384314,7.110863735388082e-05
sensitivity,inflation4,1003,20,low_yaw,uncertainty_trigger,0.001957112815947891,7.336534014132975e-05,0.001954054466384314,7.110863735388082e-05
sensitivity,inflation4,1005,20,low_yaw,always_probe,0.0019520365633691617,7.364543514694458e-05,0.0019484288913777048,8.178682426434515e-05
sensitivity,inflation4,1005,20,low_yaw,ignore_passive,0.0019520365633691617,7.364543514694458e-05,0.0019484288913777048,8.178682426434515e-05
sensitivity,inflation4,1005,20,low_yaw,uncertainty_trigger,0.0019520365633691617,7.364543514694458e-05,0.0019484288913777048,8.178682426434515e-05
sensitivity,inflation4,1006,20,low_yaw,always_probe,0.0020187725016745854,7.33597311425052e-05,0.0020169875020356783,7.590762599342526e-05
sensitivity,inflation4,1006,20,low_yaw,ignore_passive,0.0020187725016745854,7.33597311425052e-05,0.0020169875020356783,7.590762599342526e-05
sensitivity,inflation4,1006,20,low_yaw,uncertainty_trigger,0.0020187725016745854,7.33597311425052e-05,0.0020169875020356783,7.590762599342526e-05
sensitivity,inflation4,1007,20,low_yaw,always_probe,0.0018971897685517974,7.338320888625462e-05,0.001894194424093077,7.949050885800323e-05
sensitivity,inflation4,1007,20,low_yaw,ignore_passive,0.0018971897685517974,7.338320888625462e-05,0.001894194424093077,7.949050885800323e-05
sensitivity,inflation4,1007,20,low_yaw,uncertainty_trigger,0.0018971897685517974,7.338320888625462e-05,0.001894194424093077,7.949050885800323e-05
sensitivity,inflation4,1008,20,low_yaw,always_probe,0.0019562417506642396,7.332700395284331e-05,0.001953063195835747,7.94806015734506e-05
sensitivity,inflation4,1008,20,low_yaw,ignore_passive,0.0019562417506642396,7.332700395284331e-05,0.001953063195835747,7.94806015734506e-05
sensitivity,inflation4,1008,20,low_yaw,uncertainty_trigger,0.0019562417506642396,7.332700395284331e-05,0.001953063195835747,7.94806015734506e-05
sensitivity,inflation4,1009,20,low_yaw,always_probe,0.0018963187244981188,7.36469467382394e-05,0.0018930228337133712,7.202670160915754e-05
sensitivity,inflation4,1009,20,low_yaw,ignore_passive,0.0018963187244981188,7.36469467382394e-05,0.0018930228337133712,7.202670160915754e-05
sensitivity,inflation4,1009,20,low_yaw,uncertainty_trigger,0.0018963187244981188,7.36469467382394e-05,0.0018930228337133712,7.202670160915754e-05
sensitivity,inflation4,1010,20,low_yaw,always_probe,0.0019530211616405138,7.294872433430988e-05,0.0019495710211689266,7.471252200295499e-05
sensitivity,inflation4,1010,20,low_yaw,ignore_passive,0.0019530211616405138,7.294872433430988e-05,0.0019495710211689266,7.471252200295499e-05
sensitivity,inflation4,1010,20,low_yaw,uncertainty_trigger,0.0019530211616405138,7.294872433430988e-05,0.0019495710211689266,7.471252200295499e-05
sensitivity,inflation4,1001,60,low_yaw,always_probe,0.0020483382100702097,7.310432845443228e-05,0.002051114312933962,6.889701181183096e-05
sensitivity,inflation4,1001,60,low_yaw,ignore_passive,0.0020483382100702097,7.310432845443228e-05,0.002051114312933962,6.889701181183096e-05
sensitivity,inflation4,1001,60,low_yaw,uncertainty_trigger,0.0020483382100702097,7.310432845443228e-05,0.002051114312933962,6.889701181183096e-05
sensitivity,inflation4,1002,60,low_yaw,always_probe,0.002023014807361667,7.36197467533421e-05,0.0020221751234010205,7.237527715068932e-05
sensitivity,inflation4,1002,60,low_yaw,ignore_passive,0.002023014807361667,7.36197467533421e-05,0.0020221751234010205,7.237527715068932e-05
sensitivity,inflation4,1002,60,low_yaw,uncertainty_trigger,0.002023014807361667,7.36197467533421e-05,0.0020221751234010205,7.237527715068932e-05
sensitivity,inflation4,1003,60,low_yaw,always_probe,0.001957112815947891,7.336534014132975e-05,0.001954054466384314,7.110863735388082e-05
sensitivity,inflation4,1003,60,low_yaw,ignore_passive,0.001957112815947891,7.336534014132975e-05,0.001954054466384314,7.110863735388082e-05
sensitivity,inflation4,1003,60,low_yaw,uncertainty_trigger,0.001957112815947891,7.336534014132975e-05,0.001954054466384314,7.110863735388082e-05
sensitivity,inflation4,1005,60,low_yaw,always_probe,0.0019520365633691617,7.364543514694458e-05,0.0019484288913777048,8.178682426434515e-05
sensitivity,inflation4,1005,60,low_yaw,ignore_passive,0.0019520365633691617,7.364543514694458e-05,0.0019484288913777048,8.178682426434515e-05
sensitivity,inflation4,1005,60,low_yaw,uncertainty_trigger,0.0019520365633691617,7.364543514694458e-05,0.0019484288913777048,8.178682426434515e-05
sensitivity,inflation4,1006,60,low_yaw,always_probe,0.0020187725016745854,7.33597311425052e-05,0.0020169875020356783,7.590762599342526e-05
sensitivity,inflation4,1006,60,low_yaw,ignore_passive,0.0020187725016745854,7.33597311425052e-05,0.0020169875020356783,7.590762599342526e-05
sensitivity,inflation4,1006,60,low_yaw,uncertainty_trigger,0.0020187725016745854,7.33597311425052e-05,0.0020169875020356783,7.590762599342526e-05
sensitivity,inflation4,1007,60,low_yaw,always_probe,0.0018971897685517974,7.338320888625462e-05,0.001894194424093077,7.949050885800323e-05
sensitivity,inflation4,1007,60,low_yaw,ignore_passive,0.0018971897685517974,7.338320888625462e-05,0.001894194424093077,7.949050885800323e-05
sensitivity,inflation4,1007,60,low_yaw,uncertainty_trigger,0.0018971897685517974,7.338320888625462e-05,0.001894194424093077,7.949050885800323e-05
sensitivity,inflation4,1008,60,low_yaw,always_probe,0.0019562417506642396,7.332700395284331e-05,0.001953063195835747,7.94806015734506e-05
sensitivity,inflation4,1008,60,low_yaw,ignore_passive,0.0019562417506642396,7.332700395284331e-05,0.001953063195835747,7.94806015734506e-05
sensitivity,inflation4,1008,60,low_yaw,uncertainty_trigger,0.0019562417506642396,7.332700395284331e-05,0.001953063195835747,7.94806015734506e-05
sensitivity,inflation4,1009,60,low_yaw,always_probe,0.0018963187244981188,7.36469467382394e-05,0.0018930228337133712,7.202670160915754e-05
sensitivity,inflation4,1009,60,low_yaw,ignore_passive,0.0018963187244981188,7.36469467382394e-05,0.0018930228337133712,7.202670160915754e-05
sensitivity,inflation4,1009,60,low_yaw,uncertainty_trigger,0.0018963187244981188,7.36469467382394e-05,0.0018930228337133712,7.202670160915754e-05
sensitivity,inflation4,1010,60,low_yaw,always_probe,0.0019530211616405138,7.294872433430988e-05,0.0019495710211689266,7.471252200295499e-05
sensitivity,inflation4,1010,60,low_yaw,ignore_passive,0.0019530211616405138,7.294872433430988e-05,0.0019495710211689266,7.471252200295499e-05
sensitivity,inflation4,1010,60,low_yaw,uncertainty_trigger,0.0019530211616405138,7.294872433430988e-05,0.0019495710211689266,7.471252200295499e-05
sensitivity,inflation64,1001,20,excited,always_probe,0.008192008814536994,0.00029420095481586087,0.008203291758015815,0.00027591268914864793
sensitivity,inflation64,1001,20,excited,ignore_passive,0.008192008814536994,0.00029420095481586087,0.008203291758015815,0.00027591268914864793
sensitivity,inflation64,1001,20,excited,uncertainty_trigger,0.008192008814536994,0.00029420095481586087,0.008203291758015815,0.00027591268914864793
sensitivity,inflation64,1002,20,excited,always_probe,0.008091127344772348,0.00029433265562067907,0.008087740620989976,0.00028937836028471755
sensitivity,inflation64,1002,20,excited,ignore_passive,0.008091127344772348,0.00029433265562067907,0.008087740620989976,0.00028937836028471755
sensitivity,inflation64,1002,20,excited,uncertainty_trigger,0.008091127344772348,0.00029433265562067907,0.008087740620989976,0.00028937836028471755
sensitivity,inflation64,1003,20,excited,always_probe,0.007827596615269088,0.0002942680867251219,0.007815290211157126,0.0002845235374757382
sensitivity,inflation64,1003,20,excited,ignore_passive,0.007827596615269088,0.0002942680867251219,0.007815290211157126,0.0002845235374757382
sensitivity,inflation64,1003,20,excited,uncertainty_trigger,0.007827596615269088,0.0002942680867251219,0.007815290211157126,0.0002845235374757382
sensitivity,inflation64,1005,20,excited,always_probe,0.007807291429793398,0.0002943390312965874,0.007792746793141205,0.00032618759163421365
sensitivity,inflation64,1005,20,excited,ignore_passive,0.007807291429793398,0.0002943390312965874,0.007792746793141205,0.00032618759163421365
sensitivity,inflation64,1005,20,excited,uncertainty_trigger,0.007807291429793398,0.0002943390312965874,0.007792746793141205,0.00032618759163421365
sensitivity,inflation64,1006,20,excited,always_probe,0.008074211007937301,0.0002942664183534819,0.008067025686979559,0.0003034245330510826
sensitivity,inflation64,1006,20,excited,ignore_passive,0.008074211007937301,0.0002942664183534819,0.008067025686979559,0.0003034245330510826
sensitivity,inflation64,1006,20,excited,uncertainty_trigger,0.008074211007937301,0.0002942664183534819,0.008067025686979559,0.0003034245330510826
sensitivity,inflation64,1007,20,excited,always_probe,0.007588090839237442,0.00029427240620339426,0.007576042695384994,0.0003174293816927099
sensitivity,inflation64,1007,20,excited,ignore_passive,0.007588090839237442,0.00029427240620339426,0.007576042695384994,0.0003174293816927099
sensitivity,inflation64,1007,20,excited,uncertainty_trigger,0.007588090839237442,0.00029427240620339426,0.007576042695384994,0.0003174293816927099
sensitivity,inflation64,1008,20,excited,always_probe,0.00782411275173299,0.00029425765872910997,0.007811312765926294,0.00031740824656230874
sensitivity,inflation64,1008,20,excited,ignore_passive,0.00782411275173299,0.00029425765872910997,0.007811312765926294,0.00031740824656230874
sensitivity,inflation64,1008,20,excited,uncertainty_trigger,0.00782411275173299,0.00029425765872910997,0.007811312765926294,0.00031740824656230874
sensitivity,inflation64,1009,20,excited,always_probe,0.007584611908592611,0.0002943394004207033,0.007571362388677843,0.0002880044967619689
sensitivity,inflation64,1009,20,excited,ignore_passive,0.007584611908592611,0.0002943394004207033,0.007571362388677843,0.0002880044967619689
sensitivity,inflation64,1009,20,excited,uncertainty_trigger,0.007584611908592611,0.0002943394004207033,0.007571362388677843,0.0002880044967619689
sensitivity,inflation64,1010,20,excited,always_probe,0.007811228458241726,0.0002941580133154649,0.007797315919476833,0.00029898882802379057
sensitivity,inflation64,1010,20,excited,ignore_passive,0.007811228458241726,0.0002941580133154649,0.007797315919476833,0.00029898882802379057
sensitivity,inflation64,1010,20,excited,uncertainty_trigger,0.007811228458241726,0.0002941580133154649,0.007797315919476833,0.00029898882802379057
sensitivity,inflation64,1001,60,excited,always_probe,0.008192008814536994,0.00029420095481586087,0.008203291758015815,0.00027591268914864793
sensitivity,inflation64,1001,60,excited,ignore_passive,0.008192008814536994,0.00029420095481586087,0.008203291758015815,0.00027591268914864793
sensitivity,inflation64,1001,60,excited,uncertainty_trigger,0.008192008814536994,0.00029420095481586087,0.008203291758015815,0.00027591268914864793
sensitivity,inflation64,1002,60,excited,always_probe,0.008091127344772348,0.00029433265562067907,0.008087740620989976,0.00028937836028471755
sensitivity,inflation64,1002,60,excited,ignore_passive,0.008091127344772348,0.00029433265562067907,0.008087740620989976,0.00028937836028471755
sensitivity,inflation64,1002,60,excited,uncertainty_trigger,0.008091127344772348,0.00029433265562067907,0.008087740620989976,0.00028937836028471755
sensitivity,inflation64,1003,60,excited,always_probe,0.007827596615269088,0.0002942680867251219,0.007815290211157126,0.0002845235374757382
sensitivity,inflation64,1003,60,excited,ignore_passive,0.007827596615269088,0.0002942680867251219,0.007815290211157126,0.0002845235374757382
sensitivity,inflation64,1003,60,excited,uncertainty_trigger,0.007827596615269088,0.0002942680867251219,0.007815290211157126,0.0002845235374757382
sensitivity,inflation64,1005,60,excited,always_probe,0.007807291429793398,0.0002943390312965874,0.007792746793141205,0.00032618759163421365
sensitivity,inflation64,1005,60,excited,ignore_passive,0.007807291429793398,0.0002943390312965874,0.007792746793141205,0.00032618759163421365
sensitivity,inflation64,1005,60,excited,uncertainty_trigger,0.007807291429793398,0.0002943390312965874,0.007792746793141205,0.00032618759163421365
sensitivity,inflation64,1006,60,excited,always_probe,0.008074211007937301,0.0002942664183534819,0.008067025686979559,0.0003034245330510826
sensitivity,inflation64,1006,60,excited,ignore_passive,0.008074211007937301,0.0002942664183534819,0.008067025686979559,0.0003034245330510826
sensitivity,inflation64,1006,60,excited,uncertainty_trigger,0.008074211007937301,0.0002942664183534819,0.008067025686979559,0.0003034245330510826
sensitivity,inflation64,1007,60,excited,always_probe,0.007588090839237442,0.00029427240620339426,0.007576042695384994,0.0003174293816927099
sensitivity,inflation64,1007,60,excited,ignore_passive,0.007588090839237442,0.00029427240620339426,0.007576042695384994,0.0003174293816927099
sensitivity,inflation64,1007,60,excited,uncertainty_trigger,0.007588090839237442,0.00029427240620339426,0.007576042695384994,0.0003174293816927099
sensitivity,inflation64,1008,60,excited,always_probe,0.00782411275173299,0.00029425765872910997,0.007811312765926294,0.00031740824656230874
sensitivity,inflation64,1008,60,excited,ignore_passive,0.00782411275173299,0.00029425765872910997,0.007811312765926294,0.00031740824656230874
sensitivity,inflation64,1008,60,excited,uncertainty_trigger,0.00782411275173299,0.00029425765872910997,0.007811312765926294,0.00031740824656230874
sensitivity,inflation64,1009,60,excited,always_probe,0.007584611908592611,0.0002943394004207033,0.007571362388677843,0.0002880044967619689
sensitivity,inflation64,1009,60,excited,ignore_passive,0.007584611908592611,0.0002943394004207033,0.007571362388677843,0.0002880044967619689
sensitivity,inflation64,1009,60,excited,uncertainty_trigger,0.007584611908592611,0.0002943394004207033,0.007571362388677843,0.0002880044967619689
sensitivity,inflation64,1010,60,excited,always_probe,0.007811228458241726,0.0002941580133154649,0.007797315919476833,0.00029898882802379057
sensitivity,inflation64,1010,60,excited,ignore_passive,0.007811228458241726,0.0002941580133154649,0.007797315919476833,0.00029898882802379057
sensitivity,inflation64,1010,60,excited,uncertainty_trigger,0.007811228458241726,0.0002941580133154649,0.007797315919476833,0.00029898882802379057
sensitivity,inflation64,1001,20,low_yaw,always_probe,0.008192008814536994,0.00029420095481586087,0.008203291758015815,0.00027591268914864793
sensitivity,inflation64,1001,20,low_yaw,ignore_passive,0.008192008814536994,0.00029420095481586087,0.008203291758015815,0.00027591268914864793
sensitivity,inflation64,1001,20,low_yaw,uncertainty_trigger,0.008192008814536994,0.00029420095481586087,0.008203291758015815,0.00027591268914864793
sensitivity,inflation64,1002,20,low_yaw,always_probe,0.008091127344772348,0.00029433265562067907,0.008087740620989976,0.00028937836028471755
sensitivity,inflation64,1002,20,low_yaw,ignore_passive,0.008091127344772348,0.00029433265562067907,0.008087740620989976,0.00028937836028471755
sensitivity,inflation64,1002,20,low_yaw,uncertainty_trigger,0.008091127344772348,0.00029433265562067907,0.008087740620989976,0.00028937836028471755
sensitivity,inflation64,1003,20,low_yaw,always_probe,0.007827596615269088,0.0002942680867251219,0.007815290211157126,0.0002845235374757382
sensitivity,inflation64,1003,20,low_yaw,ignore_passive,0.007827596615269088,0.0002942680867251219,0.007815290211157126,0.0002845235374757382
sensitivity,inflation64,1003,20,low_yaw,uncertainty_trigger,0.007827596615269088,0.0002942680867251219,0.007815290211157126,0.0002845235374757382
sensitivity,inflation64,1005,20,low_yaw,always_probe,0.007807291429793398,0.0002943390312965874,0.007792746793141205,0.00032618759163421365
sensitivity,inflation64,1005,20,low_yaw,ignore_passive,0.007807291429793398,0.0002943390312965874,0.007792746793141205,0.00032618759163421365
sensitivity,inflation64,1005,20,low_yaw,uncertainty_trigger,0.007807291429793398,0.0002943390312965874,0.007792746793141205,0.00032618759163421365
sensitivity,inflation64,1006,20,low_yaw,always_probe,0.008074211007937301,0.0002942664183534819,0.008067025686979559,0.0003034245330510826
sensitivity,inflation64,1006,20,low_yaw,ignore_passive,0.008074211007937301,0.0002942664183534819,0.008067025686979559,0.0003034245330510826
sensitivity,inflation64,1006,20,low_yaw,uncertainty_trigger,0.008074211007937301,0.0002942664183534819,0.008067025686979559,0.0003034245330510826
sensitivity,inflation64,1007,20,low_yaw,always_probe,0.007588090839237442,0.00029427240620339426,0.007576042695384994,0.0003174293816927099
sensitivity,inflation64,1007,20,low_yaw,ignore_passive,0.007588090839237442,0.00029427240620339426,0.007576042695384994,0.0003174293816927099
sensitivity,inflation64,1007,20,low_yaw,uncertainty_trigger,0.007588090839237442,0.00029427240620339426,0.007576042695384994,0.0003174293816927099
sensitivity,inflation64,1008,20,low_yaw,always_probe,0.00782411275173299,0.00029425765872910997,0.007811312765926294,0.00031740824656230874
sensitivity,inflation64,1008,20,low_yaw,ignore_passive,0.00782411275173299,0.00029425765872910997,0.007811312765926294,0.00031740824656230874
sensitivity,inflation64,1008,20,low_yaw,uncertainty_trigger,0.00782411275173299,0.00029425765872910997,0.007811312765926294,0.00031740824656230874
sensitivity,inflation64,1009,20,low_yaw,always_probe,0.007584611908592611,0.0002943394004207033,0.007571362388677843,0.0002880044967619689
sensitivity,inflation64,1009,20,low_yaw,ignore_passive,0.007584611908592611,0.0002943394004207033,0.007571362388677843,0.0002880044967619689
sensitivity,inflation64,1009,20,low_yaw,uncertainty_trigger,0.007584611908592611,0.0002943394004207033,0.007571362388677843,0.0002880044967619689
sensitivity,inflation64,1010,20,low_yaw,always_probe,0.007811228458241726,0.0002941580133154649,0.007797315919476833,0.00029898882802379057
sensitivity,inflation64,1010,20,low_yaw,ignore_passive,0.007811228458241726,0.0002941580133154649,0.007797315919476833,0.00029898882802379057
sensitivity,inflation64,1010,20,low_yaw,uncertainty_trigger,0.007811228458241726,0.0002941580133154649,0.007797315919476833,0.00029898882802379057
sensitivity,inflation64,1001,60,low_yaw,always_probe,0.008192008814536994,0.00029420095481586087,0.008203291758015815,0.00027591268914864793
sensitivity,inflation64,1001,60,low_yaw,batch_aware,0.008192008814536994,0.00029420095481586087,0.008203291758015815,0.00027591268914864793
sensitivity,inflation64,1001,60,low_yaw,ignore_passive,0.008192008814536994,0.00029420095481586087,0.008203291758015815,0.00027591268914864793
sensitivity,inflation64,1001,60,low_yaw,uncertainty_trigger,0.008192008814536994,0.00029420095481586087,0.008203291758015815,0.00027591268914864793
sensitivity,inflation64,1002,60,low_yaw,always_probe,0.008091127344772348,0.00029433265562067907,0.008087740620989976,0.00028937836028471755
sensitivity,inflation64,1002,60,low_yaw,batch_aware,0.008091127344772348,0.00029433265562067907,0.008087740620989976,0.00028937836028471755
sensitivity,inflation64,1002,60,low_yaw,ignore_passive,0.008091127344772348,0.00029433265562067907,0.008087740620989976,0.00028937836028471755
sensitivity,inflation64,1002,60,low_yaw,uncertainty_trigger,0.008091127344772348,0.00029433265562067907,0.008087740620989976,0.00028937836028471755
sensitivity,inflation64,1003,60,low_yaw,always_probe,0.007827596615269088,0.0002942680867251219,0.007815290211157126,0.0002845235374757382
sensitivity,inflation64,1003,60,low_yaw,batch_aware,0.007827596615269088,0.0002942680867251219,0.007815290211157126,0.0002845235374757382
sensitivity,inflation64,1003,60,low_yaw,ignore_passive,0.007827596615269088,0.0002942680867251219,0.007815290211157126,0.0002845235374757382
sensitivity,inflation64,1003,60,low_yaw,uncertainty_trigger,0.007827596615269088,0.0002942680867251219,0.007815290211157126,0.0002845235374757382
sensitivity,inflation64,1005,60,low_yaw,always_probe,0.007807291429793398,0.0002943390312965874,0.007792746793141205,0.00032618759163421365
sensitivity,inflation64,1005,60,low_yaw,batch_aware,0.007807291429793398,0.0002943390312965874,0.007792746793141205,0.00032618759163421365
sensitivity,inflation64,1005,60,low_yaw,ignore_passive,0.007807291429793398,0.0002943390312965874,0.007792746793141205,0.00032618759163421365
sensitivity,inflation64,1005,60,low_yaw,uncertainty_trigger,0.007807291429793398,0.0002943390312965874,0.007792746793141205,0.00032618759163421365
sensitivity,inflation64,1006,60,low_yaw,always_probe,0.008074211007937301,0.0002942664183534819,0.008067025686979559,0.0003034245330510826
sensitivity,inflation64,1006,60,low_yaw,batch_aware,0.008074211007937301,0.0002942664183534819,0.008067025686979559,0.0003034245330510826
sensitivity,inflation64,1006,60,low_yaw,ignore_passive,0.008074211007937301,0.0002942664183534819,0.008067025686979559,0.0003034245330510826
sensitivity,inflation64,1006,60,low_yaw,uncertainty_trigger,0.008074211007937301,0.0002942664183534819,0.008067025686979559,0.0003034245330510826
sensitivity,inflation64,1007,60,low_yaw,always_probe,0.007588090839237442,0.00029427240620339426,0.007576042695384994,0.0003174293816927099
sensitivity,inflation64,1007,60,low_yaw,batch_aware,0.007588090839237442,0.00029427240620339426,0.007576042695384994,0.0003174293816927099
sensitivity,inflation64,1007,60,low_yaw,ignore_passive,0.007588090839237442,0.00029427240620339426,0.007576042695384994,0.0003174293816927099
sensitivity,inflation64,1007,60,low_yaw,uncertainty_trigger,0.007588090839237442,0.00029427240620339426,0.007576042695384994,0.0003174293816927099
sensitivity,inflation64,1008,60,low_yaw,always_probe,0.00782411275173299,0.00029425765872910997,0.007811312765926294,0.00031740824656230874
sensitivity,inflation64,1008,60,low_yaw,batch_aware,0.00782411275173299,0.00029425765872910997,0.007811312765926294,0.00031740824656230874
sensitivity,inflation64,1008,60,low_yaw,ignore_passive,0.00782411275173299,0.00029425765872910997,0.007811312765926294,0.00031740824656230874
sensitivity,inflation64,1008,60,low_yaw,uncertainty_trigger,0.00782411275173299,0.00029425765872910997,0.007811312765926294,0.00031740824656230874
sensitivity,inflation64,1009,60,low_yaw,always_probe,0.007584611908592611,0.0002943394004207033,0.007571362388677843,0.0002880044967619689
sensitivity,inflation64,1009,60,low_yaw,batch_aware,0.007584611908592611,0.0002943394004207033,0.007571362388677843,0.0002880044967619689
sensitivity,inflation64,1009,60,low_yaw,ignore_passive,0.007584611908592611,0.0002943394004207033,0.007571362388677843,0.0002880044967619689
sensitivity,inflation64,1009,60,low_yaw,uncertainty_trigger,0.007584611908592611,0.0002943394004207033,0.007571362388677843,0.0002880044967619689
sensitivity,inflation64,1010,60,low_yaw,always_probe,0.007811228458241726,0.0002941580133154649,0.007797315919476833,0.00029898882802379057
sensitivity,inflation64,1010,60,low_yaw,batch_aware,0.007811228458241726,0.0002941580133154649,0.007797315919476833,0.00029898882802379057
sensitivity,inflation64,1010,60,low_yaw,ignore_passive,0.007811228458241726,0.0002941580133154649,0.007797315919476833,0.00029898882802379057
sensitivity,inflation64,1010,60,low_yaw,uncertainty_trigger,0.007811228458241726,0.0002941580133154649,0.007797315919476833,0.00029898882802379057
sensitivity,probe_fast,1001,20,excited,always_probe,0.00509701407207201,0.00010421805053657834,0.0046959876158914485,9.202611330815561e-05
sensitivity,probe_fast,1001,20,excited,ignore_passive,0.00509701407207201,0.00010421805053657834,0.0046959876158914485,9.202611330815561e-05
sensitivity,probe_fast,1001,20,excited,uncertainty_trigger,0.00509701407207201,0.00010421805053657834,0.0046959876158914485,9.202611330815561e-05
sensitivity,probe_fast,1002,20,excited,always_probe,0.0050286258113988345,0.00010440415372738514,0.004623691481185112,9.566708334540807e-05
sensitivity,probe_fast,1002,20,excited,ignore_passive,0.0050286258113988345,0.00010440415372738514,0.004623691481185112,9.566708334540807e-05
sensitivity,probe_fast,1002,20,excited,uncertainty_trigger,0.0050286258113988345,0.00010440415372738514,0.004623691481185112,9.566708334540807e-05
sensitivity,probe_fast,1003,20,excited,always_probe,0.0047994532230242,0.00010431284106742842,0.004431638449146497,9.432076587646695e-05
sensitivity,probe_fast,1003,20,excited,ignore_passive,0.0047994532230242,0.00010431284106742842,0.004431638449146497,9.432076587646695e-05
sensitivity,probe_fast,1003,20,excited,uncertainty_trigger,0.0047994532230242,0.00010431284106742842,0.004431638449146497,9.432076587646695e-05
sensitivity,probe_fast,1005,20,excited,always_probe,0.004789028035814476,0.00010441326258281826,0.005855297962020176,0.00014685072451553068
sensitivity,probe_fast,1005,20,excited,ignore_passive,0.004789028035814476,0.00010441326258281826,0.005855297962020176,0.00014685072451553068
sensitivity,probe_fast,1005,20,excited,uncertainty_trigger,0.004789028035814476,0.00010441326258281826,0.005855297962020176,0.00014685072451553068
sensitivity,probe_fast,1006,20,excited,always_probe,0.005016894898139484,0.00010431058496384892,0.006271222049491452,0.00013965640296179324
sensitivity,probe_fast,1006,20,excited,ignore_passive,0.005016894898139484,0.00010431058496384892,0.006271222049491452,0.00013965640296179324
sensitivity,probe_fast,1006,20,excited,uncertainty_trigger,0.005016894898139484,0.00010431058496384892,0.006271222049491452,0.00013965640296179324
sensitivity,probe_fast,1007,20,excited,always_probe,0.004591193594379815,0.00010431906449568412,0.005506318711191185,0.0001439148678011402
sensitivity,probe_fast,1007,20,excited,ignore_passive,0.004591193594379815,0.00010431906449568412,0.005506318711191185,0.0001439148678011402
sensitivity,probe_fast,1007,20,excited,uncertainty_trigger,0.004591193594379815,0.00010431906449568412,0.005506318711191185,0.0001439148678011402
sensitivity,probe_fast,1008,20,excited,always_probe,0.004797698901936198,0.00010429836892762931,0.00586637386724749,0.00014411400305009984
sensitivity,probe_fast,1008,20,excited,ignore_passive,0.004797698901936198,0.00010429836892762931,0.00586637386724749,0.00014411400305009984
sensitivity,probe_fast,1008,20,excited,uncertainty_trigger,0.004797698901936198,0.00010429836892762931,0.00586637386724749,0.00014411400305009984
sensitivity,probe_fast,1009,20,excited,always_probe,0.004589190877208083,0.00010441381015363635,0.004261055481226551,9.52422684086597e-05
sensitivity,probe_fast,1009,20,excited,ignore_passive,0.004589190877208083,0.00010441381015363635,0.004261055481226551,9.52422684086597e-05
sensitivity,probe_fast,1009,20,excited,uncertainty_trigger,0.004589190877208083,0.00010441381015363635,0.004261055481226551,9.52422684086597e-05
sensitivity,probe_fast,1010,20,excited,always_probe,0.004791465302803555,0.00010415843247691927,0.0058598075414459765,0.0001383593400655237
sensitivity,probe_fast,1010,20,excited,ignore_passive,0.004791465302803555,0.00010415843247691927,0.0058598075414459765,0.0001383593400655237
sensitivity,probe_fast,1010,20,excited,uncertainty_trigger,0.004791465302803555,0.00010415843247691927,0.0058598075414459765,0.0001383593400655237
sensitivity,probe_fast,1001,60,excited,always_probe,0.00509701407207201,0.00010421805053657834,0.0046959876158914485,9.202611330815561e-05
sensitivity,probe_fast,1001,60,excited,ignore_passive,0.00509701407207201,0.00010421805053657834,0.0046959876158914485,9.202611330815561e-05
sensitivity,probe_fast,1001,60,excited,uncertainty_trigger,0.00509701407207201,0.00010421805053657834,0.0046959876158914485,9.202611330815561e-05
sensitivity,probe_fast,1002,60,excited,always_probe,0.0050286258113988345,0.00010440415372738514,0.004623691481185112,9.566708334540807e-05
sensitivity,probe_fast,1002,60,excited,ignore_passive,0.0050286258113988345,0.00010440415372738514,0.004623691481185112,9.566708334540807e-05
sensitivity,probe_fast,1002,60,excited,uncertainty_trigger,0.0050286258113988345,0.00010440415372738514,0.004623691481185112,9.566708334540807e-05
sensitivity,probe_fast,1003,60,excited,always_probe,0.0047994532230242,0.00010431284106742842,0.004431638449146497,9.432076587646695e-05
sensitivity,probe_fast,1003,60,excited,ignore_passive,0.0047994532230242,0.00010431284106742842,0.004431638449146497,9.432076587646695e-05
sensitivity,probe_fast,1003,60,excited,uncertainty_trigger,0.0047994532230242,0.00010431284106742842,0.004431638449146497,9.432076587646695e-05
sensitivity,probe_fast,1005,60,excited,always_probe,0.004789028035814476,0.00010441326258281826,0.005855297962020176,0.00014685072451553068
sensitivity,probe_fast,1005,60,excited,ignore_passive,0.004789028035814476,0.00010441326258281826,0.005855297962020176,0.00014685072451553068
sensitivity,probe_fast,1005,60,excited,uncertainty_trigger,0.004789028035814476,0.00010441326258281826,0.005855297962020176,0.00014685072451553068
sensitivity,probe_fast,1006,60,excited,always_probe,0.005016894898139484,0.00010431058496384892,0.006271222049491452,0.00013965640296179324
sensitivity,probe_fast,1006,60,excited,ignore_passive,0.005016894898139484,0.00010431058496384892,0.006271222049491452,0.00013965640296179324
sensitivity,probe_fast,1006,60,excited,uncertainty_trigger,0.005016894898139484,0.00010431058496384892,0.006271222049491452,0.00013965640296179324
sensitivity,probe_fast,1007,60,excited,always_probe,0.004591193594379815,0.00010431906449568412,0.005506318711191185,0.0001439148678011402
sensitivity,probe_fast,1007,60,excited,ignore_passive,0.004591193594379815,0.00010431906449568412,0.005506318711191185,0.0001439148678011402
sensitivity,probe_fast,1007,60,excited,uncertainty_trigger,0.004591193594379815,0.00010431906449568412,0.005506318711191185,0.0001439148678011402
sensitivity,probe_fast,1008,60,excited,always_probe,0.004797698901936198,0.00010429836892762931,0.00586637386724749,0.00014411400305009984
sensitivity,probe_fast,1008,60,excited,ignore_passive,0.004797698901936198,0.00010429836892762931,0.00586637386724749,0.00014411400305009984
sensitivity,probe_fast,1008,60,excited,uncertainty_trigger,0.004797698901936198,0.00010429836892762931,0.00586637386724749,0.00014411400305009984
sensitivity,probe_fast,1009,60,excited,always_probe,0.004589190877208083,0.00010441381015363635,0.004261055481226551,9.52422684086597e-05
sensitivity,probe_fast,1009,60,excited,ignore_passive,0.004589190877208083,0.00010441381015363635,0.004261055481226551,9.52422684086597e-05
sensitivity,probe_fast,1009,60,excited,uncertainty_trigger,0.004589190877208083,0.00010441381015363635,0.004261055481226551,9.52422684086597e-05
sensitivity,probe_fast,1010,60,excited,always_probe,0.004791465302803555,0.00010415843247691927,0.0058598075414459765,0.0001383593400655237
sensitivity,probe_fast,1010,60,excited,ignore_passive,0.004791465302803555,0.00010415843247691927,0.0058598075414459765,0.0001383593400655237
sensitivity,probe_fast,1010,60,excited,uncertainty_trigger,0.004791465302803555,0.00010415843247691927,0.0058598075414459765,0.0001383593400655237
sensitivity,probe_fast,1001,20,low_yaw,always_probe,0.00509701407207201,0.00010421805053657834,0.0046959876158914485,9.202611330815561e-05
sensitivity,probe_fast,1001,20,low_yaw,ignore_passive,0.00509701407207201,0.00010421805053657834,0.0046959876158914485,9.202611330815561e-05
sensitivity,probe_fast,1001,20,low_yaw,uncertainty_trigger,0.00509701407207201,0.00010421805053657834,0.0046959876158914485,9.202611330815561e-05
sensitivity,probe_fast,1002,20,low_yaw,always_probe,0.0050286258113988345,0.00010440415372738514,0.004623691481185112,9.566708334540807e-05
sensitivity,probe_fast,1002,20,low_yaw,ignore_passive,0.0050286258113988345,0.00010440415372738514,0.004623691481185112,9.566708334540807e-05
sensitivity,probe_fast,1002,20,low_yaw,uncertainty_trigger,0.0050286258113988345,0.00010440415372738514,0.004623691481185112,9.566708334540807e-05
sensitivity,probe_fast,1003,20,low_yaw,always_probe,0.0047994532230242,0.00010431284106742842,0.004431638449146497,9.432076587646695e-05
sensitivity,probe_fast,1003,20,low_yaw,ignore_passive,0.0047994532230242,0.00010431284106742842,0.004431638449146497,9.432076587646695e-05
sensitivity,probe_fast,1003,20,low_yaw,uncertainty_trigger,0.0047994532230242,0.00010431284106742842,0.004431638449146497,9.432076587646695e-05
sensitivity,probe_fast,1005,20,low_yaw,always_probe,0.004789028035814476,0.00010441326258281826,0.005855297962020176,0.00014685072451553068
sensitivity,probe_fast,1005,20,low_yaw,ignore_passive,0.004789028035814476,0.00010441326258281826,0.005855297962020176,0.00014685072451553068
sensitivity,probe_fast,1005,20,low_yaw,uncertainty_trigger,0.004789028035814476,0.00010441326258281826,0.005855297962020176,0.00014685072451553068
sensitivity,probe_fast,1006,20,low_yaw,always_probe,0.005016894898139484,0.00010431058496384892,0.006271222049491452,0.00013965640296179324
sensitivity,probe_fast,1006,20,low_yaw,ignore_passive,0.005016894898139484,0.00010431058496384892,0.006271222049491452,0.00013965640296179324
sensitivity,probe_fast,1006,20,low_yaw,uncertainty_trigger,0.005016894898139484,0.00010431058496384892,0.006271222049491452,0.00013965640296179324
sensitivity,probe_fast,1007,20,low_yaw,always_probe,0.004591193594379815,0.00010431906449568412,0.005506318711191185,0.0001439148678011402
sensitivity,probe_fast,1007,20,low_yaw,ignore_passive,0.004591193594379815,0.00010431906449568412,0.005506318711191185,0.0001439148678011402
sensitivity,probe_fast,1007,20,low_yaw,uncertainty_trigger,0.004591193594379815,0.00010431906449568412,0.005506318711191185,0.0001439148678011402
sensitivity,probe_fast,1008,20,low_yaw,always_probe,0.004797698901936198,0.00010429836892762931,0.00586637386724749,0.00014411400305009984
sensitivity,probe_fast,1008,20,low_yaw,ignore_passive,0.004797698901936198,0.00010429836892762931,0.00586637386724749,0.00014411400305009984
sensitivity,probe_fast,1008,20,low_yaw,uncertainty_trigger,0.004797698901936198,0.00010429836892762931,0.00586637386724749,0.00014411400305009984
sensitivity,probe_fast,1009,20,low_yaw,always_probe,0.004589190877208083,0.00010441381015363635,0.004261055481226551,9.52422684086597e-05
sensitivity,probe_fast,1009,20,low_yaw,ignore_passive,0.004589190877208083,0.00010441381015363635,0.004261055481226551,9.52422684086597e-05
sensitivity,probe_fast,1009,20,low_yaw,uncertainty_trigger,0.004589190877208083,0.00010441381015363635,0.004261055481226551,9.52422684086597e-05
sensitivity,probe_fast,1010,20,low_yaw,always_probe,0.004791465302803555,0.00010415843247691927,0.0058598075414459765,0.0001383593400655237
sensitivity,probe_fast,1010,20,low_yaw,ignore_passive,0.004791465302803555,0.00010415843247691927,0.0058598075414459765,0.0001383593400655237
sensitivity,probe_fast,1010,20,low_yaw,uncertainty_trigger,0.004791465302803555,0.00010415843247691927,0.0058598075414459765,0.0001383593400655237
sensitivity,probe_fast,1001,60,low_yaw,always_probe,0.00509701407207201,0.00010421805053657834,0.0046959876158914485,9.202611330815561e-05
sensitivity,probe_fast,1001,60,low_yaw,ignore_passive,0.00509701407207201,0.00010421805053657834,0.0046959876158914485,9.202611330815561e-05
sensitivity,probe_fast,1001,60,low_yaw,uncertainty_trigger,0.00509701407207201,0.00010421805053657834,0.0046959876158914485,9.202611330815561e-05
sensitivity,probe_fast,1002,60,low_yaw,always_probe,0.0050286258113988345,0.00010440415372738514,0.004623691481185112,9.566708334540807e-05
sensitivity,probe_fast,1002,60,low_yaw,ignore_passive,0.0050286258113988345,0.00010440415372738514,0.004623691481185112,9.566708334540807e-05
sensitivity,probe_fast,1002,60,low_yaw,uncertainty_trigger,0.0050286258113988345,0.00010440415372738514,0.004623691481185112,9.566708334540807e-05
sensitivity,probe_fast,1003,60,low_yaw,always_probe,0.0047994532230242,0.00010431284106742842,0.004431638449146497,9.432076587646695e-05
sensitivity,probe_fast,1003,60,low_yaw,ignore_passive,0.0047994532230242,0.00010431284106742842,0.004431638449146497,9.432076587646695e-05
sensitivity,probe_fast,1003,60,low_yaw,uncertainty_trigger,0.0047994532230242,0.00010431284106742842,0.004431638449146497,9.432076587646695e-05
sensitivity,probe_fast,1005,60,low_yaw,always_probe,0.004789028035814476,0.00010441326258281826,0.005855297962020176,0.00014685072451553068
sensitivity,probe_fast,1005,60,low_yaw,ignore_passive,0.004789028035814476,0.00010441326258281826,0.005855297962020176,0.00014685072451553068
sensitivity,probe_fast,1005,60,low_yaw,uncertainty_trigger,0.004789028035814476,0.00010441326258281826,0.005855297962020176,0.00014685072451553068
sensitivity,probe_fast,1006,60,low_yaw,always_probe,0.005016894898139484,0.00010431058496384892,0.006271222049491452,0.00013965640296179324
sensitivity,probe_fast,1006,60,low_yaw,ignore_passive,0.005016894898139484,0.00010431058496384892,0.006271222049491452,0.00013965640296179324
sensitivity,probe_fast,1006,60,low_yaw,uncertainty_trigger,0.005016894898139484,0.00010431058496384892,0.006271222049491452,0.00013965640296179324
sensitivity,probe_fast,1007,60,low_yaw,always_probe,0.004591193594379815,0.00010431906449568412,0.005506318711191185,0.0001439148678011402
sensitivity,probe_fast,1007,60,low_yaw,ignore_passive,0.004591193594379815,0.00010431906449568412,0.005506318711191185,0.0001439148678011402
sensitivity,probe_fast,1007,60,low_yaw,uncertainty_trigger,0.004591193594379815,0.00010431906449568412,0.005506318711191185,0.0001439148678011402
sensitivity,probe_fast,1008,60,low_yaw,always_probe,0.004797698901936198,0.00010429836892762931,0.00586637386724749,0.00014411400305009984
sensitivity,probe_fast,1008,60,low_yaw,ignore_passive,0.004797698901936198,0.00010429836892762931,0.00586637386724749,0.00014411400305009984
sensitivity,probe_fast,1008,60,low_yaw,uncertainty_trigger,0.004797698901936198,0.00010429836892762931,0.00586637386724749,0.00014411400305009984
sensitivity,probe_fast,1009,60,low_yaw,always_probe,0.004589190877208083,0.00010441381015363635,0.004261055481226551,9.52422684086597e-05
sensitivity,probe_fast,1009,60,low_yaw,ignore_passive,0.004589190877208083,0.00010441381015363635,0.004261055481226551,9.52422684086597e-05
sensitivity,probe_fast,1009,60,low_yaw,uncertainty_trigger,0.004589190877208083,0.00010441381015363635,0.004261055481226551,9.52422684086597e-05
sensitivity,probe_fast,1010,60,low_yaw,always_probe,0.004791465302803555,0.00010415843247691927,0.0058598075414459765,0.0001383593400655237
sensitivity,probe_fast,1010,60,low_yaw,ignore_passive,0.004791465302803555,0.00010415843247691927,0.0058598075414459765,0.0001383593400655237
sensitivity,probe_fast,1010,60,low_yaw,uncertainty_trigger,0.004791465302803555,0.00010415843247691927,0.0058598075414459765,0.0001383593400655237
sensitivity,probe_slow,1001,20,excited,always_probe,0.0035204733111527916,0.0002690206531720156,0.0033795559157775135,0.00024782667084566936
sensitivity,probe_slow,1001,20,excited,ignore_passive,0.0035204733111527916,0.0002690206531720156,0.0033795559157775135,0.00024782667084566936
sensitivity,probe_slow,1001,20,excited,uncertainty_trigger,0.0035204733111527916,0.0002690206531720156,0.0033795559157775135,0.00024782667084566936
sensitivity,probe_slow,1002,20,excited,always_probe,0.0034787755795776397,0.0002695008597187942,0.003335938248625184,0.000261878161216342
sensitivity,probe_slow,1002,20,excited,ignore_passive,0.0034787755795776397,0.0002695008597187942,0.003335938248625184,0.000261878161216342
sensitivity,probe_slow,1002,20,excited,uncertainty_trigger,0.0034787755795776397,0.0002695008597187942,0.003335938248625184,0.000261878161216342
sensitivity,probe_slow,1003,20,excited,always_probe,0.0033877594842423478,0.000269265109558215,0.0032507748117368783,0.0002576649241271468
sensitivity,probe_slow,1003,20,excited,ignore_passive,0.0033877594842423478,0.000269265109558215,0.0032507748117368783,0.0002576649241271468
sensitivity,probe_slow,1003,20,excited,uncertainty_trigger,0.0033877594842423478,0.000269265109558215,0.0032507748117368783,0.0002576649241271468
sensitivity,probe_slow,1005,20,excited,always_probe,0.0033782612377482543,0.000269524237555037,0.00324105008418096,0.00029894437866733657
sensitivity,probe_slow,1005,20,excited,ignore_passive,0.0033782612377482543,0.000269524237555037,0.00324105008418096,0.00029894437866733657
sensitivity,probe_slow,1005,20,excited,uncertainty_trigger,0.0033782612377482543,0.000269524237555037,0.00324105008418096,0.00029894437866733657
sensitivity,probe_slow,1006,20,excited,always_probe,0.0034718798000246414,0.0002692591950869418,0.003328236936428503,0.0002765834462238961
sensitivity,probe_slow,1006,20,excited,ignore_passive,0.0034718798000246414,0.0002692591950869418,0.003328236936428503,0.0002765834462238961
sensitivity,probe_slow,1006,20,excited,uncertainty_trigger,0.0034718798000246414,0.0002692591950869418,0.003328236936428503,0.0002765834462238961
sensitivity,probe_slow,1007,20,excited,always_probe,0.0033062734402053992,0.0002692810308171102,0.003177462568048823,0.00029091783870957767
sensitivity,probe_slow,1007,20,excited,ignore_passive,0.0033062734402053992,0.0002692810308171102,0.003177462568048823,0.00029091783870957767
sensitivity,probe_slow,1007,20,excited,uncertainty_trigger,0.0033062734402053992,0.0002692810308171102,0.003177462568048823,0.00029091783870957767
sensitivity,probe_slow,1008,20,excited,always_probe,0.0033861174170596426,0.00026922754423327284,0.0032492628157311334,0.0002902342095659359
sensitivity,probe_slow,1008,20,excited,ignore_passive,0.0033861174170596426,0.00026922754423327284,0.0032492628157311334,0.0002902342095659359
sensitivity,probe_slow,1008,20,excited,uncertainty_trigger,0.0033861174170596426,0.00026922754423327284,0.0032492628157311334,0.0002902342095659359
sensitivity,probe_slow,1009,20,excited,always_probe,0.0033047168211886363,0.00026952559360477016,0.0031756259074658707,0.000260951060270824
sensitivity,probe_slow,1009,20,excited,ignore_passive,0.0033047168211886363,0.00026952559360477016,0.0031756259074658707,0.000260951060270824
sensitivity,probe_slow,1009,20,excited,uncertainty_trigger,0.0033047168211886363,0.00026952559360477016,0.0031756259074658707,0.000260951060270824
sensitivity,probe_slow,1010,20,excited,always_probe,0.003379957480341471,0.00026886643670852545,0.003242800495092508,0.0002722426530236104
sensitivity,probe_slow,1010,20,excited,ignore_passive,0.003379957480341471,0.00026886643670852545,0.003242800495092508,0.0002722426530236104
sensitivity,probe_slow,1010,20,excited,uncertainty_trigger,0.003379957480341471,0.00026886643670852545,0.003242800495092508,0.0002722426530236104
sensitivity,probe_slow,1001,60,excited,always_probe,0.0035204733111527916,0.0002690206531720156,0.0033795559157775135,0.00024782667084566936
sensitivity,probe_slow,1001,60,excited,ignore_passive,0.0035204733111527916,0.0002690206531720156,0.0033795559157775135,0.00024782667084566936
sensitivity,probe_slow,1001,60,excited,uncertainty_trigger,0.0035204733111527916,0.0002690206531720156,0.0033795559157775135,0.00024782667084566936
sensitivity,probe_slow,1002,60,excited,always_probe,0.0034787755795776397,0.0002695008597187942,0.003335938248625184,0.000261878161216342
sensitivity,probe_slow,1002,60,excited,ignore_passive,0.0034787755795776397,0.0002695008597187942,0.003335938248625184,0.000261878161216342
sensitivity,probe_slow,1002,60,excited,uncertainty_trigger,0.0034787755795776397,0.0002695008597187942,0.003335938248625184,0.000261878161216342
sensitivity,probe_slow,1003,60,excited,always_probe,0.0033877594842423478,0.000269265109558215,0.0032507748117368783,0.0002576649241271468
sensitivity,probe_slow,1003,60,excited,ignore_passive,0.0033877594842423478,0.000269265109558215,0.0032507748117368783,0.0002576649241271468
sensitivity,probe_slow,1003,60,excited,uncertainty_trigger,0.0033877594842423478,0.000269265109558215,0.0032507748117368783,0.0002576649241271468
sensitivity,probe_slow,1005,60,excited,always_probe,0.0033782612377482543,0.000269524237555037,0.00324105008418096,0.00029894437866733657
sensitivity,probe_slow,1005,60,excited,ignore_passive,0.0033782612377482543,0.000269524237555037,0.00324105008418096,0.00029894437866733657
sensitivity,probe_slow,1005,60,excited,uncertainty_trigger,0.0033782612377482543,0.000269524237555037,0.00324105008418096,0.00029894437866733657
sensitivity,probe_slow,1006,60,excited,always_probe,0.0034718798000246414,0.0002692591950869418,0.003328236936428503,0.0002765834462238961
sensitivity,probe_slow,1006,60,excited,ignore_passive,0.0034718798000246414,0.0002692591950869418,0.003328236936428503,0.0002765834462238961
sensitivity,probe_slow,1006,60,excited,uncertainty_trigger,0.0034718798000246414,0.0002692591950869418,0.003328236936428503,0.0002765834462238961
sensitivity,probe_slow,1007,60,excited,always_probe,0.0033062734402053992,0.0002692810308171102,0.003177462568048823,0.00029091783870957767
sensitivity,probe_slow,1007,60,excited,ignore_passive,0.0033062734402053992,0.0002692810308171102,0.003177462568048823,0.00029091783870957767
sensitivity,probe_slow,1007,60,excited,uncertainty_trigger,0.0033062734402053992,0.0002692810308171102,0.003177462568048823,0.00029091783870957767
sensitivity,probe_slow,1008,60,excited,always_probe,0.0033861174170596426,0.00026922754423327284,0.0032492628157311334,0.0002902342095659359
sensitivity,probe_slow,1008,60,excited,ignore_passive,0.0033861174170596426,0.00026922754423327284,0.0032492628157311334,0.0002902342095659359
sensitivity,probe_slow,1008,60,excited,uncertainty_trigger,0.0033861174170596426,0.00026922754423327284,0.0032492628157311334,0.0002902342095659359
sensitivity,probe_slow,1009,60,excited,always_probe,0.0033047168211886363,0.00026952559360477016,0.0031756259074658707,0.000260951060270824
sensitivity,probe_slow,1009,60,excited,ignore_passive,0.0033047168211886363,0.00026952559360477016,0.0031756259074658707,0.000260951060270824
sensitivity,probe_slow,1009,60,excited,uncertainty_trigger,0.0033047168211886363,0.00026952559360477016,0.0031756259074658707,0.000260951060270824
sensitivity,probe_slow,1010,60,excited,always_probe,0.003379957480341471,0.00026886643670852545,0.003242800495092508,0.0002722426530236104
sensitivity,probe_slow,1010,60,excited,ignore_passive,0.003379957480341471,0.00026886643670852545,0.003242800495092508,0.0002722426530236104
sensitivity,probe_slow,1010,60,excited,uncertainty_trigger,0.003379957480341471,0.00026886643670852545,0.003242800495092508,0.0002722426530236104
sensitivity,probe_slow,1001,20,low_yaw,always_probe,0.0035204733111527916,0.0002690206531720156,0.0033795559157775135,0.00024782667084566936
sensitivity,probe_slow,1001,20,low_yaw,ignore_passive,0.0035204733111527916,0.0002690206531720156,0.0033795559157775135,0.00024782667084566936
sensitivity,probe_slow,1001,20,low_yaw,uncertainty_trigger,0.0035204733111527916,0.0002690206531720156,0.0033795559157775135,0.00024782667084566936
sensitivity,probe_slow,1002,20,low_yaw,always_probe,0.0034787755795776397,0.0002695008597187942,0.003335938248625184,0.000261878161216342
sensitivity,probe_slow,1002,20,low_yaw,ignore_passive,0.0034787755795776397,0.0002695008597187942,0.003335938248625184,0.000261878161216342
sensitivity,probe_slow,1002,20,low_yaw,uncertainty_trigger,0.0034787755795776397,0.0002695008597187942,0.003335938248625184,0.000261878161216342
sensitivity,probe_slow,1003,20,low_yaw,always_probe,0.0033877594842423478,0.000269265109558215,0.0032507748117368783,0.0002576649241271468
sensitivity,probe_slow,1003,20,low_yaw,ignore_passive,0.0033877594842423478,0.000269265109558215,0.0032507748117368783,0.0002576649241271468
sensitivity,probe_slow,1003,20,low_yaw,uncertainty_trigger,0.0033877594842423478,0.000269265109558215,0.0032507748117368783,0.0002576649241271468
sensitivity,probe_slow,1005,20,low_yaw,always_probe,0.0033782612377482543,0.000269524237555037,0.00324105008418096,0.00029894437866733657
sensitivity,probe_slow,1005,20,low_yaw,ignore_passive,0.0033782612377482543,0.000269524237555037,0.00324105008418096,0.00029894437866733657
sensitivity,probe_slow,1005,20,low_yaw,uncertainty_trigger,0.0033782612377482543,0.000269524237555037,0.00324105008418096,0.00029894437866733657
sensitivity,probe_slow,1006,20,low_yaw,always_probe,0.0034718798000246414,0.0002692591950869418,0.003328236936428503,0.0002765834462238961
sensitivity,probe_slow,1006,20,low_yaw,ignore_passive,0.0034718798000246414,0.0002692591950869418,0.003328236936428503,0.0002765834462238961
sensitivity,probe_slow,1006,20,low_yaw,uncertainty_trigger,0.0034718798000246414,0.0002692591950869418,0.003328236936428503,0.0002765834462238961
sensitivity,probe_slow,1007,20,low_yaw,always_probe,0.0033062734402053992,0.0002692810308171102,0.003177462568048823,0.00029091783870957767
sensitivity,probe_slow,1007,20,low_yaw,ignore_passive,0.0033062734402053992,0.0002692810308171102,0.003177462568048823,0.00029091783870957767
sensitivity,probe_slow,1007,20,low_yaw,uncertainty_trigger,0.0033062734402053992,0.0002692810308171102,0.003177462568048823,0.00029091783870957767
sensitivity,probe_slow,1008,20,low_yaw,always_probe,0.0033861174170596426,0.00026922754423327284,0.0032492628157311334,0.0002902342095659359
sensitivity,probe_slow,1008,20,low_yaw,ignore_passive,0.0033861174170596426,0.00026922754423327284,0.0032492628157311334,0.0002902342095659359
sensitivity,probe_slow,1008,20,low_yaw,uncertainty_trigger,0.0033861174170596426,0.00026922754423327284,0.0032492628157311334,0.0002902342095659359
sensitivity,probe_slow,1009,20,low_yaw,always_probe,0.0033047168211886363,0.00026952559360477016,0.0031756259074658707,0.000260951060270824
sensitivity,probe_slow,1009,20,low_yaw,ignore_passive,0.0033047168211886363,0.00026952559360477016,0.0031756259074658707,0.000260951060270824
sensitivity,probe_slow,1009,20,low_yaw,uncertainty_trigger,0.0033047168211886363,0.00026952559360477016,0.0031756259074658707,0.000260951060270824
sensitivity,probe_slow,1010,20,low_yaw,always_probe,0.003379957480341471,0.00026886643670852545,0.003242800495092508,0.0002722426530236104
sensitivity,probe_slow,1010,20,low_yaw,ignore_passive,0.003379957480341471,0.00026886643670852545,0.003242800495092508,0.0002722426530236104
sensitivity,probe_slow,1010,20,low_yaw,uncertainty_trigger,0.003379957480341471,0.00026886643670852545,0.003242800495092508,0.0002722426530236104
sensitivity,probe_slow,1001,60,low_yaw,always_probe,0.0035204733111527916,0.0002690206531720156,0.0033795559157775135,0.00024782667084566936
sensitivity,probe_slow,1001,60,low_yaw,ignore_passive,0.0035204733111527916,0.0002690206531720156,0.0033795559157775135,0.00024782667084566936
sensitivity,probe_slow,1001,60,low_yaw,uncertainty_trigger,0.0035204733111527916,0.0002690206531720156,0.0033795559157775135,0.00024782667084566936
sensitivity,probe_slow,1002,60,low_yaw,always_probe,0.0034787755795776397,0.0002695008597187942,0.003335938248625184,0.000261878161216342
sensitivity,probe_slow,1002,60,low_yaw,ignore_passive,0.0034787755795776397,0.0002695008597187942,0.003335938248625184,0.000261878161216342
sensitivity,probe_slow,1002,60,low_yaw,uncertainty_trigger,0.0034787755795776397,0.0002695008597187942,0.003335938248625184,0.000261878161216342
sensitivity,probe_slow,1003,60,low_yaw,always_probe,0.0033877594842423478,0.000269265109558215,0.0032507748117368783,0.0002576649241271468
sensitivity,probe_slow,1003,60,low_yaw,ignore_passive,0.0033877594842423478,0.000269265109558215,0.0032507748117368783,0.0002576649241271468
sensitivity,probe_slow,1003,60,low_yaw,uncertainty_trigger,0.0033877594842423478,0.000269265109558215,0.0032507748117368783,0.0002576649241271468
sensitivity,probe_slow,1005,60,low_yaw,always_probe,0.0033782612377482543,0.000269524237555037,0.00324105008418096,0.00029894437866733657
sensitivity,probe_slow,1005,60,low_yaw,ignore_passive,0.0033782612377482543,0.000269524237555037,0.00324105008418096,0.00029894437866733657
sensitivity,probe_slow,1005,60,low_yaw,uncertainty_trigger,0.0033782612377482543,0.000269524237555037,0.00324105008418096,0.00029894437866733657
sensitivity,probe_slow,1006,60,low_yaw,always_probe,0.0034718798000246414,0.0002692591950869418,0.003328236936428503,0.0002765834462238961
sensitivity,probe_slow,1006,60,low_yaw,ignore_passive,0.0034718798000246414,0.0002692591950869418,0.003328236936428503,0.0002765834462238961
sensitivity,probe_slow,1006,60,low_yaw,uncertainty_trigger,0.0034718798000246414,0.0002692591950869418,0.003328236936428503,0.0002765834462238961
sensitivity,probe_slow,1007,60,low_yaw,always_probe,0.0033062734402053992,0.0002692810308171102,0.003177462568048823,0.00029091783870957767
sensitivity,probe_slow,1007,60,low_yaw,ignore_passive,0.0033062734402053992,0.0002692810308171102,0.003177462568048823,0.00029091783870957767
sensitivity,probe_slow,1007,60,low_yaw,uncertainty_trigger,0.0033062734402053992,0.0002692810308171102,0.003177462568048823,0.00029091783870957767
sensitivity,probe_slow,1008,60,low_yaw,always_probe,0.0033861174170596426,0.00026922754423327284,0.0032492628157311334,0.0002902342095659359
sensitivity,probe_slow,1008,60,low_yaw,ignore_passive,0.0033861174170596426,0.00026922754423327284,0.0032492628157311334,0.0002902342095659359
sensitivity,probe_slow,1008,60,low_yaw,uncertainty_trigger,0.0033861174170596426,0.00026922754423327284,0.0032492628157311334,0.0002902342095659359
sensitivity,probe_slow,1009,60,low_yaw,always_probe,0.0033047168211886363,0.00026952559360477016,0.0031756259074658707,0.000260951060270824
sensitivity,probe_slow,1009,60,low_yaw,ignore_passive,0.0033047168211886363,0.00026952559360477016,0.0031756259074658707,0.000260951060270824
sensitivity,probe_slow,1009,60,low_yaw,uncertainty_trigger,0.0033047168211886363,0.00026952559360477016,0.0031756259074658707,0.000260951060270824
sensitivity,probe_slow,1010,60,low_yaw,always_probe,0.003379957480341471,0.00026886643670852545,0.003242800495092508,0.0002722426530236104
sensitivity,probe_slow,1010,60,low_yaw,ignore_passive,0.003379957480341471,0.00026886643670852545,0.003242800495092508,0.0002722426530236104
sensitivity,probe_slow,1010,60,low_yaw,uncertainty_trigger,0.003379957480341471,0.00026886643670852545,0.003242800495092508,0.0002722426530236104
sensitivity,allowance07,1001,20,excited,always_probe,0.004096541872476868,0.00014697459102505102,0.00410211202679113,0.0001378888113323785
sensitivity,allowance07,1001,20,excited,ignore_passive,0.004096541872476868,0.00014697459102505102,0.00410211202679113,0.0001378888113323785
sensitivity,allowance07,1001,20,excited,uncertainty_trigger,0.004096541872476868,0.00014697459102505102,0.00410211202679113,0.0001378888113323785
sensitivity,allowance07,1002,20,excited,always_probe,0.004045936433273289,0.00014723702721984675,0.004044254254333677,0.0001447401203605982
sensitivity,allowance07,1002,20,excited,ignore_passive,0.004045936433273289,0.00014723702721984675,0.004044254254333677,0.0001447401203605982
sensitivity,allowance07,1002,20,excited,uncertainty_trigger,0.004045936433273289,0.00014723702721984675,0.004044254254333677,0.0001447401203605982
sensitivity,allowance07,1003,20,excited,always_probe,0.003914140143571718,0.00014710824853474103,0.003908016120147591,0.00014226655045152865
sensitivity,allowance07,1003,20,excited,ignore_passive,0.003914140143571718,0.00014710824853474103,0.003908016120147591,0.00014226655045152865
sensitivity,allowance07,1003,20,excited,uncertainty_trigger,0.003914140143571718,0.00014710824853474103,0.003908016120147591,0.00014226655045152865
sensitivity,allowance07,1005,20,excited,always_probe,0.0039039876040455218,0.0001472498601924423,0.003896760825688914,0.00016347153551783696
sensitivity,allowance07,1005,20,excited,ignore_passive,0.0039039876040455218,0.0001472498601924423,0.003896760825688914,0.00016347153551783696
sensitivity,allowance07,1005,20,excited,uncertainty_trigger,0.0039039876040455218,0.0001472498601924423,0.003896760825688914,0.00016347153551783696
sensitivity,allowance07,1006,20,excited,always_probe,0.004037457125764736,0.00014710505818570736,0.004033882575334613,0.00015184576386543413
sensitivity,allowance07,1006,20,excited,ignore_passive,0.004037457125764736,0.00014710505818570736,0.004033882575334613,0.00015184576386543413
sensitivity,allowance07,1006,20,excited,uncertainty_trigger,0.004037457125764736,0.00014710505818570736,0.004033882575334613,0.00015184576386543413
sensitivity,allowance07,1007,20,excited,always_probe,0.003794312747598174,0.00014711701150686482,0.003788315359395093,0.00015897768959547768
sensitivity,allowance07,1007,20,excited,ignore_passive,0.003794312747598174,0.00014711701150686482,0.003788315359395093,0.00015897768959547768
sensitivity,allowance07,1007,20,excited,uncertainty_trigger,0.003794312747598174,0.00014711701150686482,0.003788315359395093,0.00015897768959547768
sensitivity,allowance07,1008,20,excited,always_probe,0.003912398050149847,0.0001470878192043169,0.00390603233482661,0.0001589701258258737
sensitivity,allowance07,1008,20,excited,ignore_passive,0.003912398050149847,0.0001470878192043169,0.00390603233482661,0.0001589701258258737
sensitivity,allowance07,1008,20,excited,uncertainty_trigger,0.003912398050149847,0.0001470878192043169,0.00390603233482661,0.0001589701258258737
sensitivity,allowance07,1009,20,excited,always_probe,0.0037925711861297746,0.00014725062693352045,0.0037859727865259384,0.0001440407207229238
sensitivity,allowance07,1009,20,excited,ignore_passive,0.0037925711861297746,0.00014725062693352045,0.0037859727865259384,0.0001440407207229238
sensitivity,allowance07,1009,20,excited,uncertainty_trigger,0.0037925711861297746,0.00014725062693352045,0.0037859727865259384,0.0001440407207229238
sensitivity,allowance07,1010,20,excited,always_probe,0.003905956665972605,0.00014689048323521928,0.0038990451482950727,0.00014956796591473158
sensitivity,allowance07,1010,20,excited,ignore_passive,0.003905956665972605,0.00014689048323521928,0.0038990451482950727,0.00014956796591473158
sensitivity,allowance07,1010,20,excited,uncertainty_trigger,0.003905956665972605,0.00014689048323521928,0.0038990451482950727,0.00014956796591473158
sensitivity,allowance07,1001,60,excited,always_probe,0.004096541872476868,0.00014697459102505102,0.00410211202679113,0.0001378888113323785
sensitivity,allowance07,1001,60,excited,ignore_passive,0.004096541872476868,0.00014697459102505102,0.00410211202679113,0.0001378888113323785
sensitivity,allowance07,1001,60,excited,uncertainty_trigger,0.004096541872476868,0.00014697459102505102,0.00410211202679113,0.0001378888113323785
sensitivity,allowance07,1002,60,excited,always_probe,0.004045936433273289,0.00014723702721984675,0.004044254254333677,0.0001447401203605982
sensitivity,allowance07,1002,60,excited,ignore_passive,0.004045936433273289,0.00014723702721984675,0.004044254254333677,0.0001447401203605982
sensitivity,allowance07,1002,60,excited,uncertainty_trigger,0.004045936433273289,0.00014723702721984675,0.004044254254333677,0.0001447401203605982
sensitivity,allowance07,1003,60,excited,always_probe,0.003914140143571718,0.00014710824853474103,0.003908016120147591,0.00014226655045152865
sensitivity,allowance07,1003,60,excited,ignore_passive,0.003914140143571718,0.00014710824853474103,0.003908016120147591,0.00014226655045152865
sensitivity,allowance07,1003,60,excited,uncertainty_trigger,0.003914140143571718,0.00014710824853474103,0.003908016120147591,0.00014226655045152865
sensitivity,allowance07,1005,60,excited,always_probe,0.0039039876040455218,0.0001472498601924423,0.003896760825688914,0.00016347153551783696
sensitivity,allowance07,1005,60,excited,ignore_passive,0.0039039876040455218,0.0001472498601924423,0.003896760825688914,0.00016347153551783696
sensitivity,allowance07,1005,60,excited,uncertainty_trigger,0.0039039876040455218,0.0001472498601924423,0.003896760825688914,0.00016347153551783696
sensitivity,allowance07,1006,60,excited,always_probe,0.004037457125764736,0.00014710505818570736,0.004033882575334613,0.00015184576386543413
sensitivity,allowance07,1006,60,excited,ignore_passive,0.004037457125764736,0.00014710505818570736,0.004033882575334613,0.00015184576386543413
sensitivity,allowance07,1006,60,excited,uncertainty_trigger,0.004037457125764736,0.00014710505818570736,0.004033882575334613,0.00015184576386543413
sensitivity,allowance07,1007,60,excited,always_probe,0.003794312747598174,0.00014711701150686482,0.003788315359395093,0.00015897768959547768
sensitivity,allowance07,1007,60,excited,ignore_passive,0.003794312747598174,0.00014711701150686482,0.003788315359395093,0.00015897768959547768
sensitivity,allowance07,1007,60,excited,uncertainty_trigger,0.003794312747598174,0.00014711701150686482,0.003788315359395093,0.00015897768959547768
sensitivity,allowance07,1008,60,excited,always_probe,0.003912398050149847,0.0001470878192043169,0.00390603233482661,0.0001589701258258737
sensitivity,allowance07,1008,60,excited,ignore_passive,0.003912398050149847,0.0001470878192043169,0.00390603233482661,0.0001589701258258737
sensitivity,allowance07,1008,60,excited,uncertainty_trigger,0.003912398050149847,0.0001470878192043169,0.00390603233482661,0.0001589701258258737
sensitivity,allowance07,1009,60,excited,always_probe,0.0037925711861297746,0.00014725062693352045,0.0037859727865259384,0.0001440407207229238
sensitivity,allowance07,1009,60,excited,ignore_passive,0.0037925711861297746,0.00014725062693352045,0.0037859727865259384,0.0001440407207229238
sensitivity,allowance07,1009,60,excited,uncertainty_trigger,0.0037925711861297746,0.00014725062693352045,0.0037859727865259384,0.0001440407207229238
sensitivity,allowance07,1010,60,excited,always_probe,0.003905956665972605,0.00014689048323521928,0.0038990451482950727,0.00014956796591473158
sensitivity,allowance07,1010,60,excited,ignore_passive,0.003905956665972605,0.00014689048323521928,0.0038990451482950727,0.00014956796591473158
sensitivity,allowance07,1010,60,excited,uncertainty_trigger,0.003905956665972605,0.00014689048323521928,0.0038990451482950727,0.00014956796591473158
sensitivity,allowance07,1001,20,low_yaw,always_probe,0.004096541872476868,0.00014697459102505102,0.00410211202679113,0.0001378888113323785
sensitivity,allowance07,1001,20,low_yaw,ignore_passive,0.004096541872476868,0.00014697459102505102,0.00410211202679113,0.0001378888113323785
sensitivity,allowance07,1001,20,low_yaw,uncertainty_trigger,0.004096541872476868,0.00014697459102505102,0.00410211202679113,0.0001378888113323785
sensitivity,allowance07,1002,20,low_yaw,always_probe,0.004045936433273289,0.00014723702721984675,0.004044254254333677,0.0001447401203605982
sensitivity,allowance07,1002,20,low_yaw,ignore_passive,0.004045936433273289,0.00014723702721984675,0.004044254254333677,0.0001447401203605982
sensitivity,allowance07,1002,20,low_yaw,uncertainty_trigger,0.004045936433273289,0.00014723702721984675,0.004044254254333677,0.0001447401203605982
sensitivity,allowance07,1003,20,low_yaw,always_probe,0.003914140143571718,0.00014710824853474103,0.003908016120147591,0.00014226655045152865
sensitivity,allowance07,1003,20,low_yaw,ignore_passive,0.003914140143571718,0.00014710824853474103,0.003908016120147591,0.00014226655045152865
sensitivity,allowance07,1003,20,low_yaw,uncertainty_trigger,0.003914140143571718,0.00014710824853474103,0.003908016120147591,0.00014226655045152865
sensitivity,allowance07,1005,20,low_yaw,always_probe,0.0039039876040455218,0.0001472498601924423,0.003896760825688914,0.00016347153551783696
sensitivity,allowance07,1005,20,low_yaw,ignore_passive,0.0039039876040455218,0.0001472498601924423,0.003896760825688914,0.00016347153551783696
sensitivity,allowance07,1005,20,low_yaw,uncertainty_trigger,0.0039039876040455218,0.0001472498601924423,0.003896760825688914,0.00016347153551783696
sensitivity,allowance07,1006,20,low_yaw,always_probe,0.004037457125764736,0.00014710505818570736,0.004033882575334613,0.00015184576386543413
sensitivity,allowance07,1006,20,low_yaw,ignore_passive,0.004037457125764736,0.00014710505818570736,0.004033882575334613,0.00015184576386543413
sensitivity,allowance07,1006,20,low_yaw,uncertainty_trigger,0.004037457125764736,0.00014710505818570736,0.004033882575334613,0.00015184576386543413
sensitivity,allowance07,1007,20,low_yaw,always_probe,0.003794312747598174,0.00014711701150686482,0.003788315359395093,0.00015897768959547768
sensitivity,allowance07,1007,20,low_yaw,ignore_passive,0.003794312747598174,0.00014711701150686482,0.003788315359395093,0.00015897768959547768
sensitivity,allowance07,1007,20,low_yaw,uncertainty_trigger,0.003794312747598174,0.00014711701150686482,0.003788315359395093,0.00015897768959547768
sensitivity,allowance07,1008,20,low_yaw,always_probe,0.003912398050149847,0.0001470878192043169,0.00390603233482661,0.0001589701258258737
sensitivity,allowance07,1008,20,low_yaw,ignore_passive,0.003912398050149847,0.0001470878192043169,0.00390603233482661,0.0001589701258258737
sensitivity,allowance07,1008,20,low_yaw,uncertainty_trigger,0.003912398050149847,0.0001470878192043169,0.00390603233482661,0.0001589701258258737
sensitivity,allowance07,1009,20,low_yaw,always_probe,0.0037925711861297746,0.00014725062693352045,0.0037859727865259384,0.0001440407207229238
sensitivity,allowance07,1009,20,low_yaw,ignore_passive,0.0037925711861297746,0.00014725062693352045,0.0037859727865259384,0.0001440407207229238
sensitivity,allowance07,1009,20,low_yaw,uncertainty_trigger,0.0037925711861297746,0.00014725062693352045,0.0037859727865259384,0.0001440407207229238
sensitivity,allowance07,1010,20,low_yaw,always_probe,0.003905956665972605,0.00014689048323521928,0.0038990451482950727,0.00014956796591473158
sensitivity,allowance07,1010,20,low_yaw,ignore_passive,0.003905956665972605,0.00014689048323521928,0.0038990451482950727,0.00014956796591473158
sensitivity,allowance07,1010,20,low_yaw,uncertainty_trigger,0.003905956665972605,0.00014689048323521928,0.0038990451482950727,0.00014956796591473158
sensitivity,allowance07,1001,60,low_yaw,always_probe,0.004096541872476868,0.00014697459102505102,0.00410211202679113,0.0001378888113323785
sensitivity,allowance07,1001,60,low_yaw,ignore_passive,0.004096541872476868,0.00014697459102505102,0.00410211202679113,0.0001378888113323785
sensitivity,allowance07,1001,60,low_yaw,uncertainty_trigger,0.004096541872476868,0.00014697459102505102,0.00410211202679113,0.0001378888113323785
sensitivity,allowance07,1002,60,low_yaw,always_probe,0.004045936433273289,0.00014723702721984675,0.004044254254333677,0.0001447401203605982
sensitivity,allowance07,1002,60,low_yaw,ignore_passive,0.004045936433273289,0.00014723702721984675,0.004044254254333677,0.0001447401203605982
sensitivity,allowance07,1002,60,low_yaw,uncertainty_trigger,0.004045936433273289,0.00014723702721984675,0.004044254254333677,0.0001447401203605982
sensitivity,allowance07,1003,60,low_yaw,always_probe,0.003914140143571718,0.00014710824853474103,0.003908016120147591,0.00014226655045152865
sensitivity,allowance07,1003,60,low_yaw,ignore_passive,0.003914140143571718,0.00014710824853474103,0.003908016120147591,0.00014226655045152865
sensitivity,allowance07,1003,60,low_yaw,uncertainty_trigger,0.003914140143571718,0.00014710824853474103,0.003908016120147591,0.00014226655045152865
sensitivity,allowance07,1005,60,low_yaw,always_probe,0.0039039876040455218,0.0001472498601924423,0.003896760825688914,0.00016347153551783696
sensitivity,allowance07,1005,60,low_yaw,ignore_passive,0.0039039876040455218,0.0001472498601924423,0.003896760825688914,0.00016347153551783696
sensitivity,allowance07,1005,60,low_yaw,uncertainty_trigger,0.0039039876040455218,0.0001472498601924423,0.003896760825688914,0.00016347153551783696
sensitivity,allowance07,1006,60,low_yaw,always_probe,0.004037457125764736,0.00014710505818570736,0.004033882575334613,0.00015184576386543413
sensitivity,allowance07,1006,60,low_yaw,ignore_passive,0.004037457125764736,0.00014710505818570736,0.004033882575334613,0.00015184576386543413
sensitivity,allowance07,1006,60,low_yaw,uncertainty_trigger,0.004037457125764736,0.00014710505818570736,0.004033882575334613,0.00015184576386543413
sensitivity,allowance07,1007,60,low_yaw,always_probe,0.003794312747598174,0.00014711701150686482,0.003788315359395093,0.00015897768959547768
sensitivity,allowance07,1007,60,low_yaw,ignore_passive,0.003794312747598174,0.00014711701150686482,0.003788315359395093,0.00015897768959547768
sensitivity,allowance07,1007,60,low_yaw,uncertainty_trigger,0.003794312747598174,0.00014711701150686482,0.003788315359395093,0.00015897768959547768
sensitivity,allowance07,1008,60,low_yaw,always_probe,0.003912398050149847,0.0001470878192043169,0.00390603233482661,0.0001589701258258737
sensitivity,allowance07,1008,60,low_yaw,ignore_passive,0.003912398050149847,0.0001470878192043169,0.00390603233482661,0.0001589701258258737
sensitivity,allowance07,1008,60,low_yaw,uncertainty_trigger,0.003912398050149847,0.0001470878192043169,0.00390603233482661,0.0001589701258258737
sensitivity,allowance07,1009,60,low_yaw,always_probe,0.0037925711861297746,0.00014725062693352045,0.0037859727865259384,0.0001440407207229238
sensitivity,allowance07,1009,60,low_yaw,ignore_passive,0.0037925711861297746,0.00014725062693352045,0.0037859727865259384,0.0001440407207229238
sensitivity,allowance07,1009,60,low_yaw,uncertainty_trigger,0.0037925711861297746,0.00014725062693352045,0.0037859727865259384,0.0001440407207229238
sensitivity,allowance07,1010,60,low_yaw,always_probe,0.003905956665972605,0.00014689048323521928,0.0038990451482950727,0.00014956796591473158
sensitivity,allowance07,1010,60,low_yaw,ignore_passive,0.003905956665972605,0.00014689048323521928,0.0038990451482950727,0.00014956796591473158
sensitivity,allowance07,1010,60,low_yaw,uncertainty_trigger,0.003905956665972605,0.00014689048323521928,0.0038990451482950727,0.00014956796591473158
sensitivity,allowance11,1001,20,excited,always_probe,0.004096541872476868,0.00014697459102505102,0.00410211202679113,0.0001378888113323785
sensitivity,allowance11,1001,20,excited,ignore_passive,0.004096541872476868,0.00014697459102505102,0.00410211202679113,0.0001378888113323785
sensitivity,allowance11,1001,20,excited,uncertainty_trigger,0.004096541872476868,0.00014697459102505102,0.00410211202679113,0.0001378888113323785
sensitivity,allowance11,1002,20,excited,always_probe,0.004045936433273289,0.00014723702721984675,0.004044254254333677,0.0001447401203605982
sensitivity,allowance11,1002,20,excited,ignore_passive,0.004045936433273289,0.00014723702721984675,0.004044254254333677,0.0001447401203605982
sensitivity,allowance11,1002,20,excited,uncertainty_trigger,0.004045936433273289,0.00014723702721984675,0.004044254254333677,0.0001447401203605982
sensitivity,allowance11,1003,20,excited,always_probe,0.003914140143571718,0.00014710824853474103,0.003908016120147591,0.00014226655045152865
sensitivity,allowance11,1003,20,excited,ignore_passive,0.003914140143571718,0.00014710824853474103,0.003908016120147591,0.00014226655045152865
sensitivity,allowance11,1003,20,excited,uncertainty_trigger,0.003914140143571718,0.00014710824853474103,0.003908016120147591,0.00014226655045152865
sensitivity,allowance11,1005,20,excited,always_probe,0.0039039876040455218,0.0001472498601924423,0.003896760825688914,0.00016347153551783696
sensitivity,allowance11,1005,20,excited,ignore_passive,0.0039039876040455218,0.0001472498601924423,0.003896760825688914,0.00016347153551783696
sensitivity,allowance11,1005,20,excited,uncertainty_trigger,0.0039039876040455218,0.0001472498601924423,0.003896760825688914,0.00016347153551783696
sensitivity,allowance11,1006,20,excited,always_probe,0.004037457125764736,0.00014710505818570736,0.004033882575334613,0.00015184576386543413
sensitivity,allowance11,1006,20,excited,ignore_passive,0.004037457125764736,0.00014710505818570736,0.004033882575334613,0.00015184576386543413
sensitivity,allowance11,1006,20,excited,uncertainty_trigger,0.004037457125764736,0.00014710505818570736,0.004033882575334613,0.00015184576386543413
sensitivity,allowance11,1007,20,excited,always_probe,0.003794312747598174,0.00014711701150686482,0.003788315359395093,0.00015897768959547768
sensitivity,allowance11,1007,20,excited,ignore_passive,0.003794312747598174,0.00014711701150686482,0.003788315359395093,0.00015897768959547768
sensitivity,allowance11,1007,20,excited,uncertainty_trigger,0.003794312747598174,0.00014711701150686482,0.003788315359395093,0.00015897768959547768
sensitivity,allowance11,1008,20,excited,always_probe,0.003912398050149847,0.0001470878192043169,0.00390603233482661,0.0001589701258258737
sensitivity,allowance11,1008,20,excited,ignore_passive,0.003912398050149847,0.0001470878192043169,0.00390603233482661,0.0001589701258258737
sensitivity,allowance11,1008,20,excited,uncertainty_trigger,0.003912398050149847,0.0001470878192043169,0.00390603233482661,0.0001589701258258737
sensitivity,allowance11,1009,20,excited,always_probe,0.0037925711861297746,0.00014725062693352045,0.0037859727865259384,0.0001440407207229238
sensitivity,allowance11,1009,20,excited,ignore_passive,0.0037925711861297746,0.00014725062693352045,0.0037859727865259384,0.0001440407207229238
sensitivity,allowance11,1009,20,excited,uncertainty_trigger,0.0037925711861297746,0.00014725062693352045,0.0037859727865259384,0.0001440407207229238
sensitivity,allowance11,1010,20,excited,always_probe,0.003905956665972605,0.00014689048323521928,0.0038990451482950727,0.00014956796591473158
sensitivity,allowance11,1010,20,excited,ignore_passive,0.003905956665972605,0.00014689048323521928,0.0038990451482950727,0.00014956796591473158
sensitivity,allowance11,1010,20,excited,uncertainty_trigger,0.003905956665972605,0.00014689048323521928,0.0038990451482950727,0.00014956796591473158
sensitivity,allowance11,1001,60,excited,always_probe,0.004096541872476868,0.00014697459102505102,0.00410211202679113,0.0001378888113323785
sensitivity,allowance11,1001,60,excited,ignore_passive,0.004096541872476868,0.00014697459102505102,0.00410211202679113,0.0001378888113323785
sensitivity,allowance11,1001,60,excited,uncertainty_trigger,0.004096541872476868,0.00014697459102505102,0.00410211202679113,0.0001378888113323785
sensitivity,allowance11,1002,60,excited,always_probe,0.004045936433273289,0.00014723702721984675,0.004044254254333677,0.0001447401203605982
sensitivity,allowance11,1002,60,excited,ignore_passive,0.004045936433273289,0.00014723702721984675,0.004044254254333677,0.0001447401203605982
sensitivity,allowance11,1002,60,excited,uncertainty_trigger,0.004045936433273289,0.00014723702721984675,0.004044254254333677,0.0001447401203605982
sensitivity,allowance11,1003,60,excited,always_probe,0.003914140143571718,0.00014710824853474103,0.003908016120147591,0.00014226655045152865
sensitivity,allowance11,1003,60,excited,ignore_passive,0.003914140143571718,0.00014710824853474103,0.003908016120147591,0.00014226655045152865
sensitivity,allowance11,1003,60,excited,uncertainty_trigger,0.003914140143571718,0.00014710824853474103,0.003908016120147591,0.00014226655045152865
sensitivity,allowance11,1005,60,excited,always_probe,0.0039039876040455218,0.0001472498601924423,0.003896760825688914,0.00016347153551783696
sensitivity,allowance11,1005,60,excited,ignore_passive,0.0039039876040455218,0.0001472498601924423,0.003896760825688914,0.00016347153551783696
sensitivity,allowance11,1005,60,excited,uncertainty_trigger,0.0039039876040455218,0.0001472498601924423,0.003896760825688914,0.00016347153551783696
sensitivity,allowance11,1006,60,excited,always_probe,0.004037457125764736,0.00014710505818570736,0.004033882575334613,0.00015184576386543413
sensitivity,allowance11,1006,60,excited,ignore_passive,0.004037457125764736,0.00014710505818570736,0.004033882575334613,0.00015184576386543413
sensitivity,allowance11,1006,60,excited,uncertainty_trigger,0.004037457125764736,0.00014710505818570736,0.004033882575334613,0.00015184576386543413
sensitivity,allowance11,1007,60,excited,always_probe,0.003794312747598174,0.00014711701150686482,0.003788315359395093,0.00015897768959547768
sensitivity,allowance11,1007,60,excited,ignore_passive,0.003794312747598174,0.00014711701150686482,0.003788315359395093,0.00015897768959547768
sensitivity,allowance11,1007,60,excited,uncertainty_trigger,0.003794312747598174,0.00014711701150686482,0.003788315359395093,0.00015897768959547768
sensitivity,allowance11,1008,60,excited,always_probe,0.003912398050149847,0.0001470878192043169,0.00390603233482661,0.0001589701258258737
sensitivity,allowance11,1008,60,excited,ignore_passive,0.003912398050149847,0.0001470878192043169,0.00390603233482661,0.0001589701258258737
sensitivity,allowance11,1008,60,excited,uncertainty_trigger,0.003912398050149847,0.0001470878192043169,0.00390603233482661,0.0001589701258258737
sensitivity,allowance11,1009,60,excited,always_probe,0.0037925711861297746,0.00014725062693352045,0.0037859727865259384,0.0001440407207229238
sensitivity,allowance11,1009,60,excited,ignore_passive,0.0037925711861297746,0.00014725062693352045,0.0037859727865259384,0.0001440407207229238
sensitivity,allowance11,1009,60,excited,uncertainty_trigger,0.0037925711861297746,0.00014725062693352045,0.0037859727865259384,0.0001440407207229238
sensitivity,allowance11,1010,60,excited,always_probe,0.003905956665972605,0.00014689048323521928,0.0038990451482950727,0.00014956796591473158
sensitivity,allowance11,1010,60,excited,ignore_passive,0.003905956665972605,0.00014689048323521928,0.0038990451482950727,0.00014956796591473158
sensitivity,allowance11,1010,60,excited,uncertainty_trigger,0.003905956665972605,0.00014689048323521928,0.0038990451482950727,0.00014956796591473158
sensitivity,allowance11,1001,20,low_yaw,always_probe,0.004096541872476868,0.00014697459102505102,0.00410211202679113,0.0001378888113323785
sensitivity,allowance11,1001,20,low_yaw,ignore_passive,0.004096541872476868,0.00014697459102505102,0.00410211202679113,0.0001378888113323785
sensitivity,allowance11,1001,20,low_yaw,uncertainty_trigger,0.004096541872476868,0.00014697459102505102,0.00410211202679113,0.0001378888113323785
sensitivity,allowance11,1002,20,low_yaw,always_probe,0.004045936433273289,0.00014723702721984675,0.004044254254333677,0.0001447401203605982
sensitivity,allowance11,1002,20,low_yaw,ignore_passive,0.004045936433273289,0.00014723702721984675,0.004044254254333677,0.0001447401203605982
sensitivity,allowance11,1002,20,low_yaw,uncertainty_trigger,0.004045936433273289,0.00014723702721984675,0.004044254254333677,0.0001447401203605982
sensitivity,allowance11,1003,20,low_yaw,always_probe,0.003914140143571718,0.00014710824853474103,0.003908016120147591,0.00014226655045152865
sensitivity,allowance11,1003,20,low_yaw,ignore_passive,0.003914140143571718,0.00014710824853474103,0.003908016120147591,0.00014226655045152865
sensitivity,allowance11,1003,20,low_yaw,uncertainty_trigger,0.003914140143571718,0.00014710824853474103,0.003908016120147591,0.00014226655045152865
sensitivity,allowance11,1005,20,low_yaw,always_probe,0.0039039876040455218,0.0001472498601924423,0.003896760825688914,0.00016347153551783696
sensitivity,allowance11,1005,20,low_yaw,ignore_passive,0.0039039876040455218,0.0001472498601924423,0.003896760825688914,0.00016347153551783696
sensitivity,allowance11,1005,20,low_yaw,uncertainty_trigger,0.0039039876040455218,0.0001472498601924423,0.003896760825688914,0.00016347153551783696
sensitivity,allowance11,1006,20,low_yaw,always_probe,0.004037457125764736,0.00014710505818570736,0.004033882575334613,0.00015184576386543413
sensitivity,allowance11,1006,20,low_yaw,ignore_passive,0.004037457125764736,0.00014710505818570736,0.004033882575334613,0.00015184576386543413
sensitivity,allowance11,1006,20,low_yaw,uncertainty_trigger,0.004037457125764736,0.00014710505818570736,0.004033882575334613,0.00015184576386543413
sensitivity,allowance11,1007,20,low_yaw,always_probe,0.003794312747598174,0.00014711701150686482,0.003788315359395093,0.00015897768959547768
sensitivity,allowance11,1007,20,low_yaw,ignore_passive,0.003794312747598174,0.00014711701150686482,0.003788315359395093,0.00015897768959547768
sensitivity,allowance11,1007,20,low_yaw,uncertainty_trigger,0.003794312747598174,0.00014711701150686482,0.003788315359395093,0.00015897768959547768
sensitivity,allowance11,1008,20,low_yaw,always_probe,0.003912398050149847,0.0001470878192043169,0.00390603233482661,0.0001589701258258737
sensitivity,allowance11,1008,20,low_yaw,ignore_passive,0.003912398050149847,0.0001470878192043169,0.00390603233482661,0.0001589701258258737
sensitivity,allowance11,1008,20,low_yaw,uncertainty_trigger,0.003912398050149847,0.0001470878192043169,0.00390603233482661,0.0001589701258258737
sensitivity,allowance11,1009,20,low_yaw,always_probe,0.0037925711861297746,0.00014725062693352045,0.0037859727865259384,0.0001440407207229238
sensitivity,allowance11,1009,20,low_yaw,ignore_passive,0.0037925711861297746,0.00014725062693352045,0.0037859727865259384,0.0001440407207229238
sensitivity,allowance11,1009,20,low_yaw,uncertainty_trigger,0.0037925711861297746,0.00014725062693352045,0.0037859727865259384,0.0001440407207229238
sensitivity,allowance11,1010,20,low_yaw,always_probe,0.003905956665972605,0.00014689048323521928,0.0038990451482950727,0.00014956796591473158
sensitivity,allowance11,1010,20,low_yaw,ignore_passive,0.003905956665972605,0.00014689048323521928,0.0038990451482950727,0.00014956796591473158
sensitivity,allowance11,1010,20,low_yaw,uncertainty_trigger,0.003905956665972605,0.00014689048323521928,0.0038990451482950727,0.00014956796591473158
sensitivity,allowance11,1001,60,low_yaw,always_probe,0.004096541872476868,0.00014697459102505102,0.00410211202679113,0.0001378888113323785
sensitivity,allowance11,1001,60,low_yaw,ignore_passive,0.004096541872476868,0.00014697459102505102,0.00410211202679113,0.0001378888113323785
sensitivity,allowance11,1001,60,low_yaw,uncertainty_trigger,0.004096541872476868,0.00014697459102505102,0.00410211202679113,0.0001378888113323785
sensitivity,allowance11,1002,60,low_yaw,always_probe,0.004045936433273289,0.00014723702721984675,0.004044254254333677,0.0001447401203605982
sensitivity,allowance11,1002,60,low_yaw,ignore_passive,0.004045936433273289,0.00014723702721984675,0.004044254254333677,0.0001447401203605982
sensitivity,allowance11,1002,60,low_yaw,uncertainty_trigger,0.004045936433273289,0.00014723702721984675,0.004044254254333677,0.0001447401203605982
sensitivity,allowance11,1003,60,low_yaw,always_probe,0.003914140143571718,0.00014710824853474103,0.003908016120147591,0.00014226655045152865
sensitivity,allowance11,1003,60,low_yaw,ignore_passive,0.003914140143571718,0.00014710824853474103,0.003908016120147591,0.00014226655045152865
sensitivity,allowance11,1003,60,low_yaw,uncertainty_trigger,0.003914140143571718,0.00014710824853474103,0.003908016120147591,0.00014226655045152865
sensitivity,allowance11,1005,60,low_yaw,always_probe,0.0039039876040455218,0.0001472498601924423,0.003896760825688914,0.00016347153551783696
sensitivity,allowance11,1005,60,low_yaw,ignore_passive,0.0039039876040455218,0.0001472498601924423,0.003896760825688914,0.00016347153551783696
sensitivity,allowance11,1005,60,low_yaw,uncertainty_trigger,0.0039039876040455218,0.0001472498601924423,0.003896760825688914,0.00016347153551783696
sensitivity,allowance11,1006,60,low_yaw,always_probe,0.004037457125764736,0.00014710505818570736,0.004033882575334613,0.00015184576386543413
sensitivity,allowance11,1006,60,low_yaw,ignore_passive,0.004037457125764736,0.00014710505818570736,0.004033882575334613,0.00015184576386543413
sensitivity,allowance11,1006,60,low_yaw,uncertainty_trigger,0.004037457125764736,0.00014710505818570736,0.004033882575334613,0.00015184576386543413
sensitivity,allowance11,1007,60,low_yaw,always_probe,0.003794312747598174,0.00014711701150686482,0.003788315359395093,0.00015897768959547768
sensitivity,allowance11,1007,60,low_yaw,ignore_passive,0.003794312747598174,0.00014711701150686482,0.003788315359395093,0.00015897768959547768
sensitivity,allowance11,1007,60,low_yaw,uncertainty_trigger,0.003794312747598174,0.00014711701150686482,0.003788315359395093,0.00015897768959547768
sensitivity,allowance11,1008,60,low_yaw,always_probe,0.003912398050149847,0.0001470878192043169,0.00390603233482661,0.0001589701258258737
sensitivity,allowance11,1008,60,low_yaw,ignore_passive,0.003912398050149847,0.0001470878192043169,0.00390603233482661,0.0001589701258258737
sensitivity,allowance11,1008,60,low_yaw,uncertainty_trigger,0.003912398050149847,0.0001470878192043169,0.00390603233482661,0.0001589701258258737
sensitivity,allowance11,1009,60,low_yaw,always_probe,0.0037925711861297746,0.00014725062693352045,0.0037859727865259384,0.0001440407207229238
sensitivity,allowance11,1009,60,low_yaw,ignore_passive,0.0037925711861297746,0.00014725062693352045,0.0037859727865259384,0.0001440407207229238
sensitivity,allowance11,1009,60,low_yaw,uncertainty_trigger,0.0037925711861297746,0.00014725062693352045,0.0037859727865259384,0.0001440407207229238
sensitivity,allowance11,1010,60,low_yaw,always_probe,0.003905956665972605,0.00014689048323521928,0.0038990451482950727,0.00014956796591473158
sensitivity,allowance11,1010,60,low_yaw,ignore_passive,0.003905956665972605,0.00014689048323521928,0.0038990451482950727,0.00014956796591473158
sensitivity,allowance11,1010,60,low_yaw,uncertainty_trigger,0.003905956665972605,0.00014689048323521928,0.0038990451482950727,0.00014956796591473158
mismatch,friction075,1001,20,excited,always_probe,0.004096965509050874,0.00014697514177515524,0.004102430277933168,0.00013732698570397968
mismatch,friction075,1001,20,excited,ignore_passive,0.004096965509050874,0.00014697514177515524,0.004102430277933168,0.00013732698570397968
mismatch,friction075,1001,20,excited,uncertainty_trigger,0.004096965509050874,0.00014697514177515524,0.004102430277933168,0.00013732698570397968
mismatch,friction075,1002,20,excited,always_probe,0.004045825434689048,0.00014723694291874,0.004044151152617253,0.00014434163136907552
mismatch,friction075,1002,20,excited,ignore_passive,0.004045825434689048,0.00014723694291874,0.004044151152617253,0.00014434163136907552
mismatch,friction075,1002,20,excited,uncertainty_trigger,0.004045825434689048,0.00014723694291874,0.004044151152617253,0.00014434163136907552
mismatch,friction075,1003,20,excited,always_probe,0.003914316586965012,0.00014710792027926658,0.003908130958820552,0.00014184428585436166
mismatch,friction075,1003,20,excited,ignore_passive,0.003914316586965012,0.00014710792027926658,0.003908130958820552,0.00014184428585436166
mismatch,friction075,1003,20,excited,uncertainty_trigger,0.003914316586965012,0.00014710792027926658,0.003908130958820552,0.00014184428585436166
mismatch,friction075,1005,20,excited,always_probe,0.003904240165502822,0.00014725016090701574,0.0038970025731603648,0.00016312844677824283
mismatch,friction075,1005,20,excited,ignore_passive,0.003904240165502822,0.00014725016090701574,0.0038970025731603648,0.00016312844677824283
mismatch,friction075,1005,20,excited,uncertainty_trigger,0.003904240165502822,0.00014725016090701574,0.0038970025731603648,0.00016312844677824283
mismatch,friction075,1006,20,excited,always_probe,0.004037257474632101,0.00014710528163734118,0.004033688226595518,0.00015148424637996882
mismatch,friction075,1006,20,excited,ignore_passive,0.004037257474632101,0.00014710528163734118,0.004033688226595518,0.00015148424637996882
mismatch,friction075,1006,20,excited,uncertainty_trigger,0.004037257474632101,0.00014710528163734118,0.004033688226595518,0.00015148424637996882
mismatch,friction075,1007,20,excited,always_probe,0.003794288006367142,0.00014711535521393828,0.0037882217643540493,0.00015863151652802414
mismatch,friction075,1007,20,excited,ignore_passive,0.003794288006367142,0.00014711535521393828,0.0037882217643540493,0.00015863151652802414
mismatch,friction075,1007,20,excited,uncertainty_trigger,0.003794288006367142,0.00014711535521393828,0.0037882217643540493,0.00015863151652802414
mismatch,friction075,1008,20,excited,always_probe,0.003912588469108615,0.00014708671406275117,0.0039061818428021,0.00015862167238752655
mismatch,friction075,1008,20,excited,ignore_passive,0.003912588469108615,0.00014708671406275117,0.0039061818428021,0.00015862167238752655
mismatch,friction075,1008,20,excited,uncertainty_trigger,0.003912588469108615,0.00014708671406275117,0.0039061818428021,0.00015862167238752655
mismatch,friction075,1009,20,excited,always_probe,0.003792546005911474,0.00014725085997176549,0.0037858735561679814,0.00014363848739647908
mismatch,friction075,1009,20,excited,ignore_passive,0.003792546005911474,0.00014725085997176549,0.0037858735561679814,0.00014363848739647908
mismatch,friction075,1009,20,excited,uncertainty_trigger,0.003792546005911474,0.00014725085997176549,0.0037858735561679814,0.00014363848739647908
mismatch,friction075,1010,20,excited,always_probe,0.0039062005886604982,0.00014689128931464523,0.0038992796359526008,0.0001492017396043504
mismatch,friction075,1010,20,excited,ignore_passive,0.0039062005886604982,0.00014689128931464523,0.0038992796359526008,0.0001492017396043504
mismatch,friction075,1010,20,excited,uncertainty_trigger,0.0039062005886604982,0.00014689128931464523,0.0038992796359526008,0.0001492017396043504
mismatch,friction075,1011,20,excited,always_probe,0.0040267650305884466,0.00014726313851837124,0.004021777943124777,0.00015013660018432895
mismatch,friction075,1011,20,excited,ignore_passive,0.0040267650305884466,0.00014726313851837124,0.004021777943124777,0.00015013660018432895
mismatch,friction075,1011,20,excited,uncertainty_trigger,0.0040267650305884466,0.00014726313851837124,0.004021777943124777,0.00015013660018432895
mismatch,friction075,1012,20,excited,always_probe,0.004031582772029018,0.00014722647357719623,0.004027185310837796,0.00015728421113422278
mismatch,friction075,1012,20,excited,ignore_passive,0.004031582772029018,0.00014722647357719623,0.004027185310837796,0.00015728421113422278
mismatch,friction075,1012,20,excited,uncertainty_trigger,0.004031582772029018,0.00014722647357719623,0.004027185310837796,0.00015728421113422278
mismatch,friction075,1013,20,excited,always_probe,0.003995951260135595,0.0001471995312536218,0.004002222961090061,0.00013816343649264198
mismatch,friction075,1013,20,excited,ignore_passive,0.003995951260135595,0.0001471995312536218,0.004002222961090061,0.00013816343649264198
mismatch,friction075,1013,20,excited,uncertainty_trigger,0.003995951260135595,0.0001471995312536218,0.004002222961090061,0.00013816343649264198
mismatch,friction075,1014,20,excited,always_probe,0.004057335196719054,0.00014734626693318776,0.004057843280701444,0.00015061813462883303
mismatch,friction075,1014,20,excited,ignore_passive,0.004057335196719054,0.00014734626693318776,0.004057843280701444,0.00015061813462883303
mismatch,friction075,1014,20,excited,uncertainty_trigger,0.004057335196719054,0.00014734626693318776,0.004057843280701444,0.00015061813462883303
mismatch,friction075,1015,20,excited,always_probe,0.004041594760163414,0.00014724159983800514,0.004039570702679117,0.00015160047758496718
mismatch,friction075,1015,20,excited,ignore_passive,0.004041594760163414,0.00014724159983800514,0.004039570702679117,0.00015160047758496718
mismatch,friction075,1015,20,excited,uncertainty_trigger,0.004041594760163414,0.00014724159983800514,0.004039570702679117,0.00015160047758496718
mismatch,friction075,1016,20,excited,always_probe,0.004017232217060877,0.0001471635088514162,0.004009921295092385,0.00014648377532419738
mismatch,friction075,1016,20,excited,ignore_passive,0.004017232217060877,0.0001471635088514162,0.004009921295092385,0.00014648377532419738
mismatch,friction075,1016,20,excited,uncertainty_trigger,0.004017232217060877,0.0001471635088514162,0.004009921295092385,0.00014648377532419738
mismatch,friction075,1017,20,excited,always_probe,0.003915633386443229,0.0001466313653486431,0.003922451845846182,0.00015855445134470254
mismatch,friction075,1017,20,excited,ignore_passive,0.003915633386443229,0.0001466313653486431,0.003922451845846182,0.00015855445134470254
mismatch,friction075,1017,20,excited,uncertainty_trigger,0.003915633386443229,0.0001466313653486431,0.003922451845846182,0.00015855445134470254
mismatch,friction075,1018,20,excited,always_probe,0.004093087589497233,0.00014690058316781167,0.004097861407079232,0.00014670486751837622
mismatch,friction075,1018,20,excited,ignore_passive,0.004093087589497233,0.00014690058316781167,0.004097861407079232,0.00014670486751837622
mismatch,friction075,1018,20,excited,uncertainty_trigger,0.004093087589497233,0.00014690058316781167,0.004097861407079232,0.00014670486751837622
mismatch,friction075,1019,20,excited,always_probe,0.0039169446156646515,0.00014733271731024705,0.003910986025912773,0.00014525169572786862
mismatch,friction075,1019,20,excited,ignore_passive,0.0039169446156646515,0.00014733271731024705,0.003910986025912773,0.00014525169572786862
mismatch,friction075,1019,20,excited,uncertainty_trigger,0.0039169446156646515,0.00014733271731024705,0.003910986025912773,0.00014525169572786862
mismatch,friction075,1020,20,excited,always_probe,0.0040883384902197055,0.00014719642978583,0.004093515468970386,0.00014253310279233833
mismatch,friction075,1020,20,excited,ignore_passive,0.0040883384902197055,0.00014719642978583,0.004093515468970386,0.00014253310279233833
mismatch,friction075,1020,20,excited,uncertainty_trigger,0.0040883384902197055,0.00014719642978583,0.004093515468970386,0.00014253310279233833
mismatch,friction075,1021,20,excited,always_probe,0.004044157922028607,0.00014722765748625998,0.004042056727895322,0.00013815214884514715
mismatch,friction075,1021,20,excited,ignore_passive,0.004044157922028607,0.00014722765748625998,0.004042056727895322,0.00013815214884514715
mismatch,friction075,1021,20,excited,uncertainty_trigger,0.004044157922028607,0.00014722765748625998,0.004042056727895322,0.00013815214884514715
mismatch,friction075,1023,20,excited,always_probe,0.004037381646212249,0.0001472562608850575,0.004033929019341876,0.0001623030443455836
mismatch,friction075,1023,20,excited,ignore_passive,0.004037381646212249,0.0001472562608850575,0.004033929019341876,0.0001623030443455836
mismatch,friction075,1023,20,excited,uncertainty_trigger,0.004037381646212249,0.0001472562608850575,0.004033929019341876,0.0001623030443455836
mismatch,friction075,1024,20,excited,always_probe,0.0040343560644153465,0.0001472434347536917,0.004030687324114192,0.0001418849316648722
mismatch,friction075,1024,20,excited,ignore_passive,0.0040343560644153465,0.0001472434347536917,0.004030687324114192,0.0001418849316648722
mismatch,friction075,1024,20,excited,uncertainty_trigger,0.0040343560644153465,0.0001472434347536917,0.004030687324114192,0.0001418849316648722
mismatch,friction075,1025,20,excited,always_probe,0.003898238221978025,0.00014717830160221467,0.0039046714636095164,0.00015212926395253057
mismatch,friction075,1025,20,excited,ignore_passive,0.003898238221978025,0.00014717830160221467,0.0039046714636095164,0.00015212926395253057
mismatch,friction075,1025,20,excited,uncertainty_trigger,0.003898238221978025,0.00014717830160221467,0.0039046714636095164,0.00015212926395253057
mismatch,friction075,1026,20,excited,always_probe,0.00391267543980257,0.00014725769547263754,0.003906293800075699,0.00015094457577200925
mismatch,friction075,1026,20,excited,ignore_passive,0.00391267543980257,0.00014725769547263754,0.003906293800075699,0.00015094457577200925
mismatch,friction075,1026,20,excited,uncertainty_trigger,0.00391267543980257,0.00014725769547263754,0.003906293800075699,0.00015094457577200925
mismatch,friction075,1028,20,excited,always_probe,0.0038976681632202433,0.00014630274328316186,0.00390401070529686,0.00014471104431113812
mismatch,friction075,1028,20,excited,ignore_passive,0.0038976681632202433,0.00014630274328316186,0.00390401070529686,0.00014471104431113812
mismatch,friction075,1028,20,excited,uncertainty_trigger,0.0038976681632202433,0.00014630274328316186,0.00390401070529686,0.00014471104431113812
mismatch,friction075,1029,20,excited,always_probe,0.003901031852259752,0.00014708694124666215,0.003907541854231661,0.00015883448230202149
mismatch,friction075,1029,20,excited,ignore_passive,0.003901031852259752,0.00014708694124666215,0.003907541854231661,0.00015883448230202149
mismatch,friction075,1029,20,excited,uncertainty_trigger,0.003901031852259752,0.00014708694124666215,0.003907541854231661,0.00015883448230202149
mismatch,friction075,1030,20,excited,always_probe,0.004018728838622291,0.00014732663668401983,0.004011788111746926,0.00013762505555724692
mismatch,friction075,1030,20,excited,ignore_passive,0.004018728838622291,0.00014732663668401983,0.004011788111746926,0.00013762505555724692
mismatch,friction075,1030,20,excited,uncertainty_trigger,0.004018728838622291,0.00014732663668401983,0.004011788111746926,0.00013762505555724692
mismatch,friction075,1001,20,low_yaw,always_probe,0.004096965509050874,0.00014697514177515524,0.004102430277933168,0.00013732698570397968
mismatch,friction075,1001,20,low_yaw,ignore_passive,0.004096965509050874,0.00014697514177515524,0.004102430277933168,0.00013732698570397968
mismatch,friction075,1001,20,low_yaw,uncertainty_trigger,0.004096965509050874,0.00014697514177515524,0.004102430277933168,0.00013732698570397968
mismatch,friction075,1002,20,low_yaw,always_probe,0.004045825434689048,0.00014723694291874,0.004044151152617253,0.00014434163136907552
mismatch,friction075,1002,20,low_yaw,ignore_passive,0.004045825434689048,0.00014723694291874,0.004044151152617253,0.00014434163136907552
mismatch,friction075,1002,20,low_yaw,uncertainty_trigger,0.004045825434689048,0.00014723694291874,0.004044151152617253,0.00014434163136907552
mismatch,friction075,1003,20,low_yaw,always_probe,0.003914316586965012,0.00014710792027926658,0.003908130958820552,0.00014184428585436166
mismatch,friction075,1003,20,low_yaw,ignore_passive,0.003914316586965012,0.00014710792027926658,0.003908130958820552,0.00014184428585436166
mismatch,friction075,1003,20,low_yaw,uncertainty_trigger,0.003914316586965012,0.00014710792027926658,0.003908130958820552,0.00014184428585436166
mismatch,friction075,1005,20,low_yaw,always_probe,0.003904240165502822,0.00014725016090701574,0.0038970025731603648,0.00016312844677824283
mismatch,friction075,1005,20,low_yaw,ignore_passive,0.003904240165502822,0.00014725016090701574,0.0038970025731603648,0.00016312844677824283
mismatch,friction075,1005,20,low_yaw,uncertainty_trigger,0.003904240165502822,0.00014725016090701574,0.0038970025731603648,0.00016312844677824283
mismatch,friction075,1006,20,low_yaw,always_probe,0.004037257474632101,0.00014710528163734118,0.004033688226595518,0.00015148424637996882
mismatch,friction075,1006,20,low_yaw,ignore_passive,0.004037257474632101,0.00014710528163734118,0.004033688226595518,0.00015148424637996882
mismatch,friction075,1006,20,low_yaw,uncertainty_trigger,0.004037257474632101,0.00014710528163734118,0.004033688226595518,0.00015148424637996882
mismatch,friction075,1007,20,low_yaw,always_probe,0.003794288006367142,0.00014711535521393828,0.0037882217643540493,0.00015863151652802414
mismatch,friction075,1007,20,low_yaw,ignore_passive,0.003794288006367142,0.00014711535521393828,0.0037882217643540493,0.00015863151652802414
mismatch,friction075,1007,20,low_yaw,uncertainty_trigger,0.003794288006367142,0.00014711535521393828,0.0037882217643540493,0.00015863151652802414
mismatch,friction075,1008,20,low_yaw,always_probe,0.003912588469108615,0.00014708671406275117,0.0039061818428021,0.00015862167238752655
mismatch,friction075,1008,20,low_yaw,ignore_passive,0.003912588469108615,0.00014708671406275117,0.0039061818428021,0.00015862167238752655
mismatch,friction075,1008,20,low_yaw,uncertainty_trigger,0.003912588469108615,0.00014708671406275117,0.0039061818428021,0.00015862167238752655
mismatch,friction075,1009,20,low_yaw,always_probe,0.003792546005911474,0.00014725085997176549,0.0037858735561679814,0.00014363848739647908
mismatch,friction075,1009,20,low_yaw,ignore_passive,0.003792546005911474,0.00014725085997176549,0.0037858735561679814,0.00014363848739647908
mismatch,friction075,1009,20,low_yaw,uncertainty_trigger,0.003792546005911474,0.00014725085997176549,0.0037858735561679814,0.00014363848739647908
mismatch,friction075,1010,20,low_yaw,always_probe,0.0039062005886604982,0.00014689128931464523,0.0038992796359526008,0.0001492017396043504
mismatch,friction075,1010,20,low_yaw,ignore_passive,0.0039062005886604982,0.00014689128931464523,0.0038992796359526008,0.0001492017396043504
mismatch,friction075,1010,20,low_yaw,uncertainty_trigger,0.0039062005886604982,0.00014689128931464523,0.0038992796359526008,0.0001492017396043504
mismatch,friction075,1011,20,low_yaw,always_probe,0.0040267650305884466,0.00014726313851837124,0.004021777943124777,0.00015013660018432895
mismatch,friction075,1011,20,low_yaw,ignore_passive,0.0040267650305884466,0.00014726313851837124,0.004021777943124777,0.00015013660018432895
mismatch,friction075,1011,20,low_yaw,uncertainty_trigger,0.0040267650305884466,0.00014726313851837124,0.004021777943124777,0.00015013660018432895
mismatch,friction075,1012,20,low_yaw,always_probe,0.004031582772029018,0.00014722647357719623,0.004027185310837796,0.00015728421113422278
mismatch,friction075,1012,20,low_yaw,ignore_passive,0.004031582772029018,0.00014722647357719623,0.004027185310837796,0.00015728421113422278
mismatch,friction075,1012,20,low_yaw,uncertainty_trigger,0.004031582772029018,0.00014722647357719623,0.004027185310837796,0.00015728421113422278
mismatch,friction075,1013,20,low_yaw,always_probe,0.003995951260135595,0.0001471995312536218,0.004002222961090061,0.00013816343649264198
mismatch,friction075,1013,20,low_yaw,ignore_passive,0.003995951260135595,0.0001471995312536218,0.004002222961090061,0.00013816343649264198
mismatch,friction075,1013,20,low_yaw,uncertainty_trigger,0.003995951260135595,0.0001471995312536218,0.004002222961090061,0.00013816343649264198
mismatch,friction075,1014,20,low_yaw,always_probe,0.004057335196719054,0.00014734626693318776,0.004057843280701444,0.00015061813462883303
mismatch,friction075,1014,20,low_yaw,ignore_passive,0.004057335196719054,0.00014734626693318776,0.004057843280701444,0.00015061813462883303
mismatch,friction075,1014,20,low_yaw,uncertainty_trigger,0.004057335196719054,0.00014734626693318776,0.004057843280701444,0.00015061813462883303
mismatch,friction075,1015,20,low_yaw,always_probe,0.004041594760163414,0.00014724159983800514,0.004039570702679117,0.00015160047758496718
mismatch,friction075,1015,20,low_yaw,ignore_passive,0.004041594760163414,0.00014724159983800514,0.004039570702679117,0.00015160047758496718
mismatch,friction075,1015,20,low_yaw,uncertainty_trigger,0.004041594760163414,0.00014724159983800514,0.004039570702679117,0.00015160047758496718
mismatch,friction075,1016,20,low_yaw,always_probe,0.004017232217060877,0.0001471635088514162,0.004009921295092385,0.00014648377532419738
mismatch,friction075,1016,20,low_yaw,ignore_passive,0.004017232217060877,0.0001471635088514162,0.004009921295092385,0.00014648377532419738
mismatch,friction075,1016,20,low_yaw,uncertainty_trigger,0.004017232217060877,0.0001471635088514162,0.004009921295092385,0.00014648377532419738
mismatch,friction075,1017,20,low_yaw,always_probe,0.003915633386443229,0.0001466313653486431,0.003922451845846182,0.00015855445134470254
mismatch,friction075,1017,20,low_yaw,ignore_passive,0.003915633386443229,0.0001466313653486431,0.003922451845846182,0.00015855445134470254
mismatch,friction075,1017,20,low_yaw,uncertainty_trigger,0.003915633386443229,0.0001466313653486431,0.003922451845846182,0.00015855445134470254
mismatch,friction075,1018,20,low_yaw,always_probe,0.004093087589497233,0.00014690058316781167,0.004097861407079232,0.00014670486751837622
mismatch,friction075,1018,20,low_yaw,ignore_passive,0.004093087589497233,0.00014690058316781167,0.004097861407079232,0.00014670486751837622
mismatch,friction075,1018,20,low_yaw,uncertainty_trigger,0.004093087589497233,0.00014690058316781167,0.004097861407079232,0.00014670486751837622
mismatch,friction075,1019,20,low_yaw,always_probe,0.0039169446156646515,0.00014733271731024705,0.003910986025912773,0.00014525169572786862
mismatch,friction075,1019,20,low_yaw,ignore_passive,0.0039169446156646515,0.00014733271731024705,0.003910986025912773,0.00014525169572786862
mismatch,friction075,1019,20,low_yaw,uncertainty_trigger,0.0039169446156646515,0.00014733271731024705,0.003910986025912773,0.00014525169572786862
mismatch,friction075,1020,20,low_yaw,always_probe,0.0040883384902197055,0.00014719642978583,0.004093515468970386,0.00014253310279233833
mismatch,friction075,1020,20,low_yaw,ignore_passive,0.0040883384902197055,0.00014719642978583,0.004093515468970386,0.00014253310279233833
mismatch,friction075,1020,20,low_yaw,uncertainty_trigger,0.0040883384902197055,0.00014719642978583,0.004093515468970386,0.00014253310279233833
mismatch,friction075,1021,20,low_yaw,always_probe,0.004044157922028607,0.00014722765748625998,0.004042056727895322,0.00013815214884514715
mismatch,friction075,1021,20,low_yaw,ignore_passive,0.004044157922028607,0.00014722765748625998,0.004042056727895322,0.00013815214884514715
mismatch,friction075,1021,20,low_yaw,uncertainty_trigger,0.004044157922028607,0.00014722765748625998,0.004042056727895322,0.00013815214884514715
mismatch,friction075,1023,20,low_yaw,always_probe,0.004037381646212249,0.0001472562608850575,0.004033929019341876,0.0001623030443455836
mismatch,friction075,1023,20,low_yaw,ignore_passive,0.004037381646212249,0.0001472562608850575,0.004033929019341876,0.0001623030443455836
mismatch,friction075,1023,20,low_yaw,uncertainty_trigger,0.004037381646212249,0.0001472562608850575,0.004033929019341876,0.0001623030443455836
mismatch,friction075,1024,20,low_yaw,always_probe,0.0040343560644153465,0.0001472434347536917,0.004030687324114192,0.0001418849316648722
mismatch,friction075,1024,20,low_yaw,ignore_passive,0.0040343560644153465,0.0001472434347536917,0.004030687324114192,0.0001418849316648722
mismatch,friction075,1024,20,low_yaw,uncertainty_trigger,0.0040343560644153465,0.0001472434347536917,0.004030687324114192,0.0001418849316648722
mismatch,friction075,1025,20,low_yaw,always_probe,0.003898238221978025,0.00014717830160221467,0.0039046714636095164,0.00015212926395253057
mismatch,friction075,1025,20,low_yaw,ignore_passive,0.003898238221978025,0.00014717830160221467,0.0039046714636095164,0.00015212926395253057
mismatch,friction075,1025,20,low_yaw,uncertainty_trigger,0.003898238221978025,0.00014717830160221467,0.0039046714636095164,0.00015212926395253057
mismatch,friction075,1026,20,low_yaw,always_probe,0.00391267543980257,0.00014725769547263754,0.003906293800075699,0.00015094457577200925
mismatch,friction075,1026,20,low_yaw,ignore_passive,0.00391267543980257,0.00014725769547263754,0.003906293800075699,0.00015094457577200925
mismatch,friction075,1026,20,low_yaw,uncertainty_trigger,0.00391267543980257,0.00014725769547263754,0.003906293800075699,0.00015094457577200925
mismatch,friction075,1028,20,low_yaw,always_probe,0.0038976681632202433,0.00014630274328316186,0.00390401070529686,0.00014471104431113812
mismatch,friction075,1028,20,low_yaw,ignore_passive,0.0038976681632202433,0.00014630274328316186,0.00390401070529686,0.00014471104431113812
mismatch,friction075,1028,20,low_yaw,uncertainty_trigger,0.0038976681632202433,0.00014630274328316186,0.00390401070529686,0.00014471104431113812
mismatch,friction075,1029,20,low_yaw,always_probe,0.003901031852259752,0.00014708694124666215,0.003907541854231661,0.00015883448230202149
mismatch,friction075,1029,20,low_yaw,ignore_passive,0.003901031852259752,0.00014708694124666215,0.003907541854231661,0.00015883448230202149
mismatch,friction075,1029,20,low_yaw,uncertainty_trigger,0.003901031852259752,0.00014708694124666215,0.003907541854231661,0.00015883448230202149
mismatch,friction075,1030,20,low_yaw,always_probe,0.004018728838622291,0.00014732663668401983,0.004011788111746926,0.00013762505555724692
mismatch,friction075,1030,20,low_yaw,ignore_passive,0.004018728838622291,0.00014732663668401983,0.004011788111746926,0.00013762505555724692
mismatch,friction075,1030,20,low_yaw,uncertainty_trigger,0.004018728838622291,0.00014732663668401983,0.004011788111746926,0.00013762505555724692
mismatch,friction125,1001,20,excited,always_probe,0.004096124602906744,0.0001469741228151353,0.004101800537604004,0.00013842077828363117
mismatch,friction125,1001,20,excited,ignore_passive,0.004096124602906744,0.0001469741228151353,0.004101800537604004,0.00013842077828363117
mismatch,friction125,1001,20,excited,uncertainty_trigger,0.004096124602906744,0.0001469741228151353,0.004101800537604004,0.00013842077828363117
mismatch,friction125,1002,20,excited,always_probe,0.004046045013085291,0.0001472371271142644,0.004044353761480048,0.00014512788604097444
mismatch,friction125,1002,20,excited,ignore_passive,0.004046045013085291,0.0001472371271142644,0.004044353761480048,0.00014512788604097444
mismatch,friction125,1002,20,excited,uncertainty_trigger,0.004046045013085291,0.0001472371271142644,0.004044353761480048,0.00014512788604097444
mismatch,friction125,1003,20,excited,always_probe,0.003913973067462414,0.0001471085063304969,0.0039079056891346345,0.00014267486314118428
mismatch,friction125,1003,20,excited,ignore_passive,0.003913973067462414,0.0001471085063304969,0.0039079056891346345,0.00014267486314118428
mismatch,friction125,1003,20,excited,uncertainty_trigger,0.003913973067462414,0.0001471085063304969,0.0039079056891346345,0.00014267486314118428
mismatch,friction125,1005,20,excited,always_probe,0.003795007467397371,0.00014719856789515906,0.0037886512884271703,0.00016380111633649717
mismatch,friction125,1005,20,excited,ignore_passive,0.003795007467397371,0.00014719856789515906,0.0037886512884271703,0.00016380111633649717
mismatch,friction125,1005,20,excited,uncertainty_trigger,0.003795007467397371,0.00014719856789515906,0.0037886512884271703,0.00016380111633649717
mismatch,friction125,1006,20,excited,always_probe,0.00403765287067095,0.0001471048676801691,0.004034070422779754,0.0001522009886511524
mismatch,friction125,1006,20,excited,ignore_passive,0.00403765287067095,0.0001471048676801691,0.004034070422779754,0.0001522009886511524
mismatch,friction125,1006,20,excited,uncertainty_trigger,0.00403765287067095,0.0001471048676801691,0.004034070422779754,0.0001522009886511524
mismatch,friction125,1007,20,excited,always_probe,0.0037943350052787148,0.0001471185405215516,0.003788402975076448,0.00015931935872234135
mismatch,friction125,1007,20,excited,ignore_passive,0.0037943350052787148,0.0001471185405215516,0.003788402975076448,0.00015931935872234135
mismatch,friction125,1007,20,excited,uncertainty_trigger,0.0037943350052787148,0.0001471185405215516,0.003788402975076448,0.00015931935872234135
mismatch,friction125,1008,20,excited,always_probe,0.003912217227673744,0.00014708885498351001,0.003905888486625744,0.00015931404228065714
mismatch,friction125,1008,20,excited,ignore_passive,0.003912217227673744,0.00014708885498351001,0.003905888486625744,0.00015931404228065714
mismatch,friction125,1008,20,excited,uncertainty_trigger,0.003912217227673744,0.00014708885498351001,0.003905888486625744,0.00015931404228065714
mismatch,friction125,1009,20,excited,always_probe,0.0037925935658995797,0.0001472503300509576,0.003786295888509145,0.00014443124888924118
mismatch,friction125,1009,20,excited,ignore_passive,0.0037925935658995797,0.0001472503300509576,0.003786295888509145,0.00014443124888924118
mismatch,friction125,1009,20,excited,uncertainty_trigger,0.0037925935658995797,0.0001472503300509576,0.003786295888509145,0.00014443124888924118
mismatch,friction125,1010,20,excited,always_probe,0.0039057229384321848,0.00014688954810192277,0.0038990394745192923,0.00014992559407082717
mismatch,friction125,1010,20,excited,ignore_passive,0.0039057229384321848,0.00014688954810192277,0.0038990394745192923,0.00014992559407082717
mismatch,friction125,1010,20,excited,uncertainty_trigger,0.0039057229384321848,0.00014688954810192277,0.0038990394745192923,0.00014992559407082717
mismatch,friction125,1011,20,excited,always_probe,0.004027325080501526,0.00014726362631442455,0.004022373412181238,0.00015085986169592256
mismatch,friction125,1011,20,excited,ignore_passive,0.004027325080501526,0.00014726362631442455,0.004022373412181238,0.00015085986169592256
mismatch,friction125,1011,20,excited,uncertainty_trigger,0.004027325080501526,0.00014726362631442455,0.004022373412181238,0.00015085986169592256
mismatch,friction125,1012,20,excited,always_probe,0.004032080809809007,0.00014722700504630158,0.004027694840367803,0.00015797781226228815
mismatch,friction125,1012,20,excited,ignore_passive,0.004032080809809007,0.00014722700504630158,0.004027694840367803,0.00015797781226228815
mismatch,friction125,1012,20,excited,uncertainty_trigger,0.004032080809809007,0.00014722700504630158,0.004027694840367803,0.00015797781226228815
mismatch,friction125,1013,20,excited,always_probe,0.003996226205395608,0.0001471965809510315,0.004002621587617394,0.00013916589839960987
mismatch,friction125,1013,20,excited,ignore_passive,0.003996226205395608,0.0001471965809510315,0.004002621587617394,0.00013916589839960987
mismatch,friction125,1013,20,excited,uncertainty_trigger,0.003996226205395608,0.0001471965809510315,0.004002621587617394,0.00013916589839960987
mismatch,friction125,1014,20,excited,always_probe,0.004057302420612622,0.0001473463779001557,0.00405781391006047,0.0001513391401951334
mismatch,friction125,1014,20,excited,ignore_passive,0.004057302420612622,0.0001473463779001557,0.00405781391006047,0.0001513391401951334
mismatch,friction125,1014,20,excited,uncertainty_trigger,0.004057302420612622,0.0001473463779001557,0.00405781391006047,0.0001513391401951334
mismatch,friction125,1015,20,excited,always_probe,0.00404190009383029,0.00014724193093104928,0.004039870002778554,0.0001523148380902315
mismatch,friction125,1015,20,excited,ignore_passive,0.00404190009383029,0.00014724193093104928,0.004039870002778554,0.0001523148380902315
mismatch,friction125,1015,20,excited,uncertainty_trigger,0.00404190009383029,0.00014724193093104928,0.004039870002778554,0.0001523148380902315
mismatch,friction125,1016,20,excited,always_probe,0.004017922975330742,0.000147163862062295,0.004010706985159443,0.00014723579004626602
mismatch,friction125,1016,20,excited,ignore_passive,0.004017922975330742,0.000147163862062295,0.004010706985159443,0.00014723579004626602
mismatch,friction125,1016,20,excited,uncertainty_trigger,0.004017922975330742,0.000147163862062295,0.004010706985159443,0.00014723579004626602
mismatch,friction125,1017,20,excited,always_probe,0.003915823310584072,0.0001466310950108417,0.003922602828175701,0.00015925296309923263
mismatch,friction125,1017,20,excited,ignore_passive,0.003915823310584072,0.0001466310950108417,0.003922602828175701,0.00015925296309923263
mismatch,friction125,1017,20,excited,uncertainty_trigger,0.003915823310584072,0.0001466310950108417,0.003922602828175701,0.00015925296309923263
mismatch,friction125,1018,20,excited,always_probe,0.004092321000318992,0.00014689876306300334,0.004097281097554638,0.00014745674397442543
mismatch,friction125,1018,20,excited,ignore_passive,0.004092321000318992,0.00014689876306300334,0.004097281097554638,0.00014745674397442543
mismatch,friction125,1018,20,excited,uncertainty_trigger,0.004092321000318992,0.00014689876306300334,0.004097281097554638,0.00014745674397442543
mismatch,friction125,1019,20,excited,always_probe,0.003916636869547566,0.00014733225944159355,0.003910732120811099,0.0001460193171947237
mismatch,friction125,1019,20,excited,ignore_passive,0.003916636869547566,0.00014733225944159355,0.003910732120811099,0.0001460193171947237
mismatch,friction125,1019,20,excited,uncertainty_trigger,0.003916636869547566,0.00014733225944159355,0.003910732120811099,0.0001460193171947237
mismatch,friction125,1020,20,excited,always_probe,0.00408763798541337,0.00014719537817234148,0.004092975832240589,0.00014335252565427552
mismatch,friction125,1020,20,excited,ignore_passive,0.00408763798541337,0.00014719537817234148,0.004092975832240589,0.00014335252565427552
mismatch,friction125,1020,20,excited,uncertainty_trigger,0.00408763798541337,0.00014719537817234148,0.004092975832240589,0.00014335252565427552
mismatch,friction125,1021,20,excited,always_probe,0.004044403564098341,0.00014722854174068715,0.004042292141204698,0.0001391478297288612
mismatch,friction125,1021,20,excited,ignore_passive,0.004044403564098341,0.00014722854174068715,0.004042292141204698,0.0001391478297288612
mismatch,friction125,1021,20,excited,uncertainty_trigger,0.004044403564098341,0.00014722854174068715,0.004042292141204698,0.0001391478297288612
mismatch,friction125,1023,20,excited,always_probe,0.00403776701270207,0.00014725623909070203,0.004034313689851678,0.00016298933555064076
mismatch,friction125,1023,20,excited,ignore_passive,0.00403776701270207,0.00014725623909070203,0.004034313689851678,0.00016298933555064076
mismatch,friction125,1023,20,excited,uncertainty_trigger,0.00403776701270207,0.00014725623909070203,0.004034313689851678,0.00016298933555064076
mismatch,friction125,1024,20,excited,always_probe,0.004034800604008953,0.0001472432705993577,0.004031130530687168,0.00014271973127099672
mismatch,friction125,1024,20,excited,ignore_passive,0.004034800604008953,0.0001472432705993577,0.004031130530687168,0.00014271973127099672
mismatch,friction125,1024,20,excited,uncertainty_trigger,0.004034800604008953,0.0001472432705993577,0.004031130530687168,0.00014271973127099672
mismatch,friction125,1025,20,excited,always_probe,0.0038983870038563585,0.00014717917981809886,0.0039047363932744545,0.00015284667634991145
mismatch,friction125,1025,20,excited,ignore_passive,0.0038983870038563585,0.00014717917981809886,0.0039047363932744545,0.00015284667634991145
mismatch,friction125,1025,20,excited,uncertainty_trigger,0.0038983870038563585,0.00014717917981809886,0.0039047363932744545,0.00015284667634991145
mismatch,friction125,1026,20,excited,always_probe,0.003912306854147448,0.00014725773989559613,0.003906025764613184,0.000151659880251167
mismatch,friction125,1026,20,excited,ignore_passive,0.003912306854147448,0.00014725773989559613,0.003906025764613184,0.000151659880251167
mismatch,friction125,1026,20,excited,uncertainty_trigger,0.003912306854147448,0.00014725773989559613,0.003906025764613184,0.000151659880251167
mismatch,friction125,1028,20,excited,always_probe,0.0038978140614997106,0.0001463083165457083,0.0039040749960563975,0.00014548647996496568
mismatch,friction125,1028,20,excited,ignore_passive,0.0038978140614997106,0.0001463083165457083,0.0039040749960563975,0.00014548647996496568
mismatch,friction125,1028,20,excited,uncertainty_trigger,0.0038978140614997106,0.0001463083165457083,0.0039040749960563975,0.00014548647996496568
mismatch,friction125,1029,20,excited,always_probe,0.003901186155085135,0.00014708384706603735,0.003907626948568593,0.00015953166375593517
mismatch,friction125,1029,20,excited,ignore_passive,0.003901186155085135,0.00014708384706603735,0.003907626948568593,0.00015953166375593517
mismatch,friction125,1029,20,excited,uncertainty_trigger,0.003901186155085135,0.00014708384706603735,0.003907626948568593,0.00015953166375593517
mismatch,friction125,1030,20,excited,always_probe,0.004019403063893876,0.0001473271566032084,0.004012549299903045,0.00013868415290777631
mismatch,friction125,1030,20,excited,ignore_passive,0.004019403063893876,0.0001473271566032084,0.004012549299903045,0.00013868415290777631
mismatch,friction125,1030,20,excited,uncertainty_trigger,0.004019403063893876,0.0001473271566032084,0.004012549299903045,0.00013868415290777631
mismatch,friction125,1001,20,low_yaw,always_probe,0.004096124602906744,0.0001469741228151353,0.004101800537604004,0.00013842077828363117
mismatch,friction125,1001,20,low_yaw,ignore_passive,0.004096124602906744,0.0001469741228151353,0.004101800537604004,0.00013842077828363117
mismatch,friction125,1001,20,low_yaw,uncertainty_trigger,0.004096124602906744,0.0001469741228151353,0.004101800537604004,0.00013842077828363117
mismatch,friction125,1002,20,low_yaw,always_probe,0.004046045013085291,0.0001472371271142644,0.004044353761480048,0.00014512788604097444
mismatch,friction125,1002,20,low_yaw,ignore_passive,0.004046045013085291,0.0001472371271142644,0.004044353761480048,0.00014512788604097444
mismatch,friction125,1002,20,low_yaw,uncertainty_trigger,0.004046045013085291,0.0001472371271142644,0.004044353761480048,0.00014512788604097444
mismatch,friction125,1003,20,low_yaw,always_probe,0.003913973067462414,0.0001471085063304969,0.0039079056891346345,0.00014267486314118428
mismatch,friction125,1003,20,low_yaw,ignore_passive,0.003913973067462414,0.0001471085063304969,0.0039079056891346345,0.00014267486314118428
mismatch,friction125,1003,20,low_yaw,uncertainty_trigger,0.003913973067462414,0.0001471085063304969,0.0039079056891346345,0.00014267486314118428
mismatch,friction125,1005,20,low_yaw,always_probe,0.003795007467397371,0.00014719856789515906,0.0037886512884271703,0.00016380111633649717
mismatch,friction125,1005,20,low_yaw,ignore_passive,0.003795007467397371,0.00014719856789515906,0.0037886512884271703,0.00016380111633649717
mismatch,friction125,1005,20,low_yaw,uncertainty_trigger,0.003795007467397371,0.00014719856789515906,0.0037886512884271703,0.00016380111633649717
mismatch,friction125,1006,20,low_yaw,always_probe,0.00403765287067095,0.0001471048676801691,0.004034070422779754,0.0001522009886511524
mismatch,friction125,1006,20,low_yaw,ignore_passive,0.00403765287067095,0.0001471048676801691,0.004034070422779754,0.0001522009886511524
mismatch,friction125,1006,20,low_yaw,uncertainty_trigger,0.00403765287067095,0.0001471048676801691,0.004034070422779754,0.0001522009886511524
mismatch,friction125,1007,20,low_yaw,always_probe,0.0037943350052787148,0.0001471185405215516,0.003788402975076448,0.00015931935872234135
mismatch,friction125,1007,20,low_yaw,ignore_passive,0.0037943350052787148,0.0001471185405215516,0.003788402975076448,0.00015931935872234135
mismatch,friction125,1007,20,low_yaw,uncertainty_trigger,0.0037943350052787148,0.0001471185405215516,0.003788402975076448,0.00015931935872234135
mismatch,friction125,1008,20,low_yaw,always_probe,0.003912217227673744,0.00014708885498351001,0.003905888486625744,0.00015931404228065714
mismatch,friction125,1008,20,low_yaw,ignore_passive,0.003912217227673744,0.00014708885498351001,0.003905888486625744,0.00015931404228065714
mismatch,friction125,1008,20,low_yaw,uncertainty_trigger,0.003912217227673744,0.00014708885498351001,0.003905888486625744,0.00015931404228065714
mismatch,friction125,1009,20,low_yaw,always_probe,0.0037925935658995797,0.0001472503300509576,0.003786295888509145,0.00014443124888924118
mismatch,friction125,1009,20,low_yaw,ignore_passive,0.0037925935658995797,0.0001472503300509576,0.003786295888509145,0.00014443124888924118
mismatch,friction125,1009,20,low_yaw,uncertainty_trigger,0.0037925935658995797,0.0001472503300509576,0.003786295888509145,0.00014443124888924118
mismatch,friction125,1010,20,low_yaw,always_probe,0.0039057229384321848,0.00014688954810192277,0.0038990394745192923,0.00014992559407082717
mismatch,friction125,1010,20,low_yaw,ignore_passive,0.0039057229384321848,0.00014688954810192277,0.0038990394745192923,0.00014992559407082717
mismatch,friction125,1010,20,low_yaw,uncertainty_trigger,0.0039057229384321848,0.00014688954810192277,0.0038990394745192923,0.00014992559407082717
mismatch,friction125,1011,20,low_yaw,always_probe,0.004027325080501526,0.00014726362631442455,0.004022373412181238,0.00015085986169592256
mismatch,friction125,1011,20,low_yaw,ignore_passive,0.004027325080501526,0.00014726362631442455,0.004022373412181238,0.00015085986169592256
mismatch,friction125,1011,20,low_yaw,uncertainty_trigger,0.004027325080501526,0.00014726362631442455,0.004022373412181238,0.00015085986169592256
mismatch,friction125,1012,20,low_yaw,always_probe,0.004032080809809007,0.00014722700504630158,0.004027694840367803,0.00015797781226228815
mismatch,friction125,1012,20,low_yaw,ignore_passive,0.004032080809809007,0.00014722700504630158,0.004027694840367803,0.00015797781226228815
mismatch,friction125,1012,20,low_yaw,uncertainty_trigger,0.004032080809809007,0.00014722700504630158,0.004027694840367803,0.00015797781226228815
mismatch,friction125,1013,20,low_yaw,always_probe,0.003996226205395608,0.0001471965809510315,0.004002621587617394,0.00013916589839960987
mismatch,friction125,1013,20,low_yaw,ignore_passive,0.003996226205395608,0.0001471965809510315,0.004002621587617394,0.00013916589839960987
mismatch,friction125,1013,20,low_yaw,uncertainty_trigger,0.003996226205395608,0.0001471965809510315,0.004002621587617394,0.00013916589839960987
mismatch,friction125,1014,20,low_yaw,always_probe,0.004057302420612622,0.0001473463779001557,0.00405781391006047,0.0001513391401951334
mismatch,friction125,1014,20,low_yaw,ignore_passive,0.004057302420612622,0.0001473463779001557,0.00405781391006047,0.0001513391401951334
mismatch,friction125,1014,20,low_yaw,uncertainty_trigger,0.004057302420612622,0.0001473463779001557,0.00405781391006047,0.0001513391401951334
mismatch,friction125,1015,20,low_yaw,always_probe,0.00404190009383029,0.00014724193093104928,0.004039870002778554,0.0001523148380902315
mismatch,friction125,1015,20,low_yaw,ignore_passive,0.00404190009383029,0.00014724193093104928,0.004039870002778554,0.0001523148380902315
mismatch,friction125,1015,20,low_yaw,uncertainty_trigger,0.00404190009383029,0.00014724193093104928,0.004039870002778554,0.0001523148380902315
mismatch,friction125,1016,20,low_yaw,always_probe,0.004017922975330742,0.000147163862062295,0.004010706985159443,0.00014723579004626602
mismatch,friction125,1016,20,low_yaw,ignore_passive,0.004017922975330742,0.000147163862062295,0.004010706985159443,0.00014723579004626602
mismatch,friction125,1016,20,low_yaw,uncertainty_trigger,0.004017922975330742,0.000147163862062295,0.004010706985159443,0.00014723579004626602
mismatch,friction125,1017,20,low_yaw,always_probe,0.003915823310584072,0.0001466310950108417,0.003922602828175701,0.00015925296309923263
mismatch,friction125,1017,20,low_yaw,ignore_passive,0.003915823310584072,0.0001466310950108417,0.003922602828175701,0.00015925296309923263
mismatch,friction125,1017,20,low_yaw,uncertainty_trigger,0.003915823310584072,0.0001466310950108417,0.003922602828175701,0.00015925296309923263
mismatch,friction125,1018,20,low_yaw,always_probe,0.004092321000318992,0.00014689876306300334,0.004097281097554638,0.00014745674397442543
mismatch,friction125,1018,20,low_yaw,ignore_passive,0.004092321000318992,0.00014689876306300334,0.004097281097554638,0.00014745674397442543
mismatch,friction125,1018,20,low_yaw,uncertainty_trigger,0.004092321000318992,0.00014689876306300334,0.004097281097554638,0.00014745674397442543
mismatch,friction125,1019,20,low_yaw,always_probe,0.003916636869547566,0.00014733225944159355,0.003910732120811099,0.0001460193171947237
mismatch,friction125,1019,20,low_yaw,ignore_passive,0.003916636869547566,0.00014733225944159355,0.003910732120811099,0.0001460193171947237
mismatch,friction125,1019,20,low_yaw,uncertainty_trigger,0.003916636869547566,0.00014733225944159355,0.003910732120811099,0.0001460193171947237
mismatch,friction125,1020,20,low_yaw,always_probe,0.00408763798541337,0.00014719537817234148,0.004092975832240589,0.00014335252565427552
mismatch,friction125,1020,20,low_yaw,ignore_passive,0.00408763798541337,0.00014719537817234148,0.004092975832240589,0.00014335252565427552
mismatch,friction125,1020,20,low_yaw,uncertainty_trigger,0.00408763798541337,0.00014719537817234148,0.004092975832240589,0.00014335252565427552
mismatch,friction125,1021,20,low_yaw,always_probe,0.004044403564098341,0.00014722854174068715,0.004042292141204698,0.0001391478297288612
mismatch,friction125,1021,20,low_yaw,ignore_passive,0.004044403564098341,0.00014722854174068715,0.004042292141204698,0.0001391478297288612
mismatch,friction125,1021,20,low_yaw,uncertainty_trigger,0.004044403564098341,0.00014722854174068715,0.004042292141204698,0.0001391478297288612
mismatch,friction125,1023,20,low_yaw,always_probe,0.00403776701270207,0.00014725623909070203,0.004034313689851678,0.00016298933555064076
mismatch,friction125,1023,20,low_yaw,ignore_passive,0.00403776701270207,0.00014725623909070203,0.004034313689851678,0.00016298933555064076
mismatch,friction125,1023,20,low_yaw,uncertainty_trigger,0.00403776701270207,0.00014725623909070203,0.004034313689851678,0.00016298933555064076
mismatch,friction125,1024,20,low_yaw,always_probe,0.004034800604008953,0.0001472432705993577,0.004031130530687168,0.00014271973127099672
mismatch,friction125,1024,20,low_yaw,ignore_passive,0.004034800604008953,0.0001472432705993577,0.004031130530687168,0.00014271973127099672
mismatch,friction125,1024,20,low_yaw,uncertainty_trigger,0.004034800604008953,0.0001472432705993577,0.004031130530687168,0.00014271973127099672
mismatch,friction125,1025,20,low_yaw,always_probe,0.0038983870038563585,0.00014717917981809886,0.0039047363932744545,0.00015284667634991145
mismatch,friction125,1025,20,low_yaw,ignore_passive,0.0038983870038563585,0.00014717917981809886,0.0039047363932744545,0.00015284667634991145
mismatch,friction125,1025,20,low_yaw,uncertainty_trigger,0.0038983870038563585,0.00014717917981809886,0.0039047363932744545,0.00015284667634991145
mismatch,friction125,1026,20,low_yaw,always_probe,0.003912306854147448,0.00014725773989559613,0.003906025764613184,0.000151659880251167
mismatch,friction125,1026,20,low_yaw,ignore_passive,0.003912306854147448,0.00014725773989559613,0.003906025764613184,0.000151659880251167
mismatch,friction125,1026,20,low_yaw,uncertainty_trigger,0.003912306854147448,0.00014725773989559613,0.003906025764613184,0.000151659880251167
mismatch,friction125,1028,20,low_yaw,always_probe,0.0038978140614997106,0.0001463083165457083,0.0039040749960563975,0.00014548647996496568
mismatch,friction125,1028,20,low_yaw,ignore_passive,0.0038978140614997106,0.0001463083165457083,0.0039040749960563975,0.00014548647996496568
mismatch,friction125,1028,20,low_yaw,uncertainty_trigger,0.0038978140614997106,0.0001463083165457083,0.0039040749960563975,0.00014548647996496568
mismatch,friction125,1029,20,low_yaw,always_probe,0.003901186155085135,0.00014708384706603735,0.003907626948568593,0.00015953166375593517
mismatch,friction125,1029,20,low_yaw,ignore_passive,0.003901186155085135,0.00014708384706603735,0.003907626948568593,0.00015953166375593517
mismatch,friction125,1029,20,low_yaw,uncertainty_trigger,0.003901186155085135,0.00014708384706603735,0.003907626948568593,0.00015953166375593517
mismatch,friction125,1030,20,low_yaw,always_probe,0.004019403063893876,0.0001473271566032084,0.004012549299903045,0.00013868415290777631
mismatch,friction125,1030,20,low_yaw,ignore_passive,0.004019403063893876,0.0001473271566032084,0.004012549299903045,0.00013868415290777631
mismatch,friction125,1030,20,low_yaw,uncertainty_trigger,0.004019403063893876,0.0001473271566032084,0.004012549299903045,0.00013868415290777631
mismatch,asymmetric,1001,20,excited,always_probe,0.004095441895801835,0.00014697297930960142,0.004101247185587442,0.00013822442403008995
mismatch,asymmetric,1001,20,excited,ignore_passive,0.004095441895801835,0.00014697297930960142,0.004101247185587442,0.00013822442403008995
mismatch,asymmetric,1001,20,excited,uncertainty_trigger,0.004095441895801835,0.00014697297930960142,0.004101247185587442,0.00013822442403008995
mismatch,asymmetric,1002,20,excited,always_probe,0.0040464294996306015,0.00014723732470304374,0.004044689884674329,0.0001450736111858849
mismatch,asymmetric,1002,20,excited,ignore_passive,0.0040464294996306015,0.00014723732470304374,0.004044689884674329,0.0001450736111858849
mismatch,asymmetric,1002,20,excited,uncertainty_trigger,0.0040464294996306015,0.00014723732470304374,0.004044689884674329,0.0001450736111858849
mismatch,asymmetric,1003,20,excited,always_probe,0.003913708007065175,0.0001471091614347348,0.0039075322649051725,0.00014259147392587648
mismatch,asymmetric,1003,20,excited,ignore_passive,0.003913708007065175,0.0001471091614347348,0.0039075322649051725,0.00014259147392587648
mismatch,asymmetric,1003,20,excited,uncertainty_trigger,0.003913708007065175,0.0001471091614347348,0.0039075322649051725,0.00014259147392587648
mismatch,asymmetric,1005,20,excited,always_probe,0.0037952951132718665,0.00014719826849246055,0.003789042656411815,0.0001639111504724836
mismatch,asymmetric,1005,20,excited,ignore_passive,0.0037952951132718665,0.00014719826849246055,0.003789042656411815,0.0001639111504724836
mismatch,asymmetric,1005,20,excited,uncertainty_trigger,0.0037952951132718665,0.00014719826849246055,0.003789042656411815,0.0001639111504724836
mismatch,asymmetric,1006,20,excited,always_probe,0.004038407516417901,0.00014710430347215778,0.0040347492134717,0.00015221857757876867
mismatch,asymmetric,1006,20,excited,ignore_passive,0.004038407516417901,0.00014710430347215778,0.0040347492134717,0.00015221857757876867
mismatch,asymmetric,1006,20,excited,uncertainty_trigger,0.004038407516417901,0.00014710430347215778,0.0040347492134717,0.00015221857757876867
mismatch,asymmetric,1007,20,excited,always_probe,0.003794633091483129,0.00014712241170406967,0.0037889387457520464,0.00015939832337711946
mismatch,asymmetric,1007,20,excited,ignore_passive,0.003794633091483129,0.00014712241170406967,0.0037889387457520464,0.00015939832337711946
mismatch,asymmetric,1007,20,excited,uncertainty_trigger,0.003794633091483129,0.00014712241170406967,0.0037889387457520464,0.00015939832337711946
mismatch,asymmetric,1008,20,excited,always_probe,0.003911935632105021,0.0001470914116149136,0.0039054357919214525,0.00015939305222162654
mismatch,asymmetric,1008,20,excited,ignore_passive,0.003911935632105021,0.0001470914116149136,0.0039054357919214525,0.00015939305222162654
mismatch,asymmetric,1008,20,excited,uncertainty_trigger,0.003911935632105021,0.0001470914116149136,0.0039054357919214525,0.00015939305222162654
mismatch,asymmetric,1009,20,excited,always_probe,0.003792891386523131,0.0001472497732396933,0.0037866560578316403,0.00014437026448511014
mismatch,asymmetric,1009,20,excited,ignore_passive,0.003792891386523131,0.0001472497732396933,0.0037866560578316403,0.00014437026448511014
mismatch,asymmetric,1009,20,excited,uncertainty_trigger,0.003792891386523131,0.0001472497732396933,0.0037866560578316403,0.00014437026448511014
mismatch,asymmetric,1010,20,excited,always_probe,0.003905369650761681,0.00014688797651756698,0.0038985624176485667,0.0001499273898717791
mismatch,asymmetric,1010,20,excited,ignore_passive,0.003905369650761681,0.00014688797651756698,0.0038985624176485667,0.0001499273898717791
mismatch,asymmetric,1010,20,excited,uncertainty_trigger,0.003905369650761681,0.00014688797651756698,0.0038985624176485667,0.0001499273898717791
mismatch,asymmetric,1011,20,excited,always_probe,0.004028469381046112,0.00014726425939472475,0.004023468540506532,0.00015086889776832875
mismatch,asymmetric,1011,20,excited,ignore_passive,0.004028469381046112,0.00014726425939472475,0.004023468540506532,0.00015086889776832875
mismatch,asymmetric,1011,20,excited,uncertainty_trigger,0.004028469381046112,0.00014726425939472475,0.004023468540506532,0.00015086889776832875
mismatch,asymmetric,1012,20,excited,always_probe,0.004033074351951501,0.00014722764856280388,0.00402862395770682,0.0001580437849158937
mismatch,asymmetric,1012,20,excited,ignore_passive,0.004033074351951501,0.00014722764856280388,0.00402862395770682,0.0001580437849158937
mismatch,asymmetric,1012,20,excited,uncertainty_trigger,0.004033074351951501,0.00014722764856280388,0.00402862395770682,0.0001580437849158937
mismatch,asymmetric,1013,20,excited,always_probe,0.0038948934560736046,0.00014716900474888455,0.0039002111105133986,0.0001389983611097215
mismatch,asymmetric,1013,20,excited,ignore_passive,0.0038948934560736046,0.00014716900474888455,0.0039002111105133986,0.0001389983611097215
mismatch,asymmetric,1013,20,excited,uncertainty_trigger,0.0038948934560736046,0.00014716900474888455,0.0039002111105133986,0.0001389983611097215
mismatch,asymmetric,1014,20,excited,always_probe,0.004057252662987842,0.0001473465261698226,0.004057770654589115,0.00015135183862788148
mismatch,asymmetric,1014,20,excited,ignore_passive,0.004057252662987842,0.0001473465261698226,0.004057770654589115,0.00015135183862788148
mismatch,asymmetric,1014,20,excited,uncertainty_trigger,0.004057252662987842,0.0001473465261698226,0.004057770654589115,0.00015135183862788148
mismatch,asymmetric,1015,20,excited,always_probe,0.004042458693690945,0.00014724232390965773,0.004040381187256998,0.00015233516113266062
mismatch,asymmetric,1015,20,excited,ignore_passive,0.004042458693690945,0.00014724232390965773,0.004040381187256998,0.00015233516113266062
mismatch,asymmetric,1015,20,excited,uncertainty_trigger,0.004042458693690945,0.00014724232390965773,0.004040381187256998,0.00015233516113266062
mismatch,asymmetric,1016,20,excited,always_probe,0.004019384708786114,0.00014716414687120688,0.004012169969213664,0.0001472086205193921
mismatch,asymmetric,1016,20,excited,ignore_passive,0.004019384708786114,0.00014716414687120688,0.004012169969213664,0.0001472086205193921
mismatch,asymmetric,1016,20,excited,uncertainty_trigger,0.004019384708786114,0.00014716414687120688,0.004012169969213664,0.0001472086205193921
mismatch,asymmetric,1017,20,excited,always_probe,0.003916877735104746,0.00014663118113406693,0.003922953218579942,0.00015932987226856154
mismatch,asymmetric,1017,20,excited,ignore_passive,0.003916877735104746,0.00014663118113406693,0.003922953218579942,0.00015932987226856154
mismatch,asymmetric,1017,20,excited,uncertainty_trigger,0.003916877735104746,0.00014663118113406693,0.003922953218579942,0.00015932987226856154
mismatch,asymmetric,1018,20,excited,always_probe,0.004091654561966325,0.00014689636041525714,0.0040967397973693965,0.00014743197884894163
mismatch,asymmetric,1018,20,excited,ignore_passive,0.004091654561966325,0.00014689636041525714,0.0040967397973693965,0.00014743197884894163
mismatch,asymmetric,1018,20,excited,uncertainty_trigger,0.004091654561966325,0.00014689636041525714,0.0040967397973693965,0.00014743197884894163
mismatch,asymmetric,1019,20,excited,always_probe,0.0040165400458828425,0.0001473474487540703,0.004009436929304953,0.00014597390364108072
mismatch,asymmetric,1019,20,excited,ignore_passive,0.0040165400458828425,0.0001473474487540703,0.004009436929304953,0.00014597390364108072
mismatch,asymmetric,1019,20,excited,uncertainty_trigger,0.0040165400458828425,0.0001473474487540703,0.004009436929304953,0.00014597390364108072
mismatch,asymmetric,1020,20,excited,always_probe,0.004086994201689925,0.00014719413610216013,0.004092453243307756,0.0001432735362794228
mismatch,asymmetric,1020,20,excited,ignore_passive,0.004086994201689925,0.00014719413610216013,0.004092453243307756,0.0001432735362794228
mismatch,asymmetric,1020,20,excited,uncertainty_trigger,0.004086994201689925,0.00014719413610216013,0.004092453243307756,0.0001432735362794228
mismatch,asymmetric,1021,20,excited,always_probe,0.004044839658460685,0.00014723016574322281,0.004042685227485723,0.00013899219475201324
mismatch,asymmetric,1021,20,excited,ignore_passive,0.004044839658460685,0.00014723016574322281,0.004042685227485723,0.00013899219475201324
mismatch,asymmetric,1021,20,excited,uncertainty_trigger,0.004044839658460685,0.00014723016574322281,0.004042685227485723,0.00013899219475201324
mismatch,asymmetric,1023,20,excited,always_probe,0.0040384994595907475,0.00014725611265291468,0.004034988999135159,0.0001630876695780412
mismatch,asymmetric,1023,20,excited,ignore_passive,0.0040384994595907475,0.00014725611265291468,0.004034988999135159,0.0001630876695780412
mismatch,asymmetric,1023,20,excited,uncertainty_trigger,0.0040384994595907475,0.00014725611265291468,0.004034988999135159,0.0001630876695780412
mismatch,asymmetric,1024,20,excited,always_probe,0.0040356679539676225,0.00014724305616024345,0.00403192689545072,0.00014263261645777747
mismatch,asymmetric,1024,20,excited,ignore_passive,0.0040356679539676225,0.00014724305616024345,0.00403192689545072,0.00014263261645777747
mismatch,asymmetric,1024,20,excited,uncertainty_trigger,0.0040356679539676225,0.00014724305616024345,0.00403192689545072,0.00014263261645777747
mismatch,asymmetric,1025,20,excited,always_probe,0.0038992330292829296,0.00014718007987177294,0.0039049490615986017,0.00015286836035955623
mismatch,asymmetric,1025,20,excited,ignore_passive,0.0038992330292829296,0.00014718007987177294,0.0039049490615986017,0.00015286836035955623
mismatch,asymmetric,1025,20,excited,uncertainty_trigger,0.0038992330292829296,0.00014718007987177294,0.0039049490615986017,0.00015286836035955623
mismatch,asymmetric,1026,20,excited,always_probe,0.00391202441217089,0.00014725756461316674,0.003905737923284973,0.0001516759660277932
mismatch,asymmetric,1026,20,excited,ignore_passive,0.00391202441217089,0.00014725756461316674,0.003905737923284973,0.0001516759660277932
mismatch,asymmetric,1026,20,excited,uncertainty_trigger,0.00391202441217089,0.00014725756461316674,0.003905737923284973,0.0001516759660277932
mismatch,asymmetric,1028,20,excited,always_probe,0.003898646186118882,0.00014631596589335995,0.0039043103182688325,0.00014544146016332084
mismatch,asymmetric,1028,20,excited,ignore_passive,0.003898646186118882,0.00014631596589335995,0.0039043103182688325,0.00014544146016332084
mismatch,asymmetric,1028,20,excited,uncertainty_trigger,0.003898646186118882,0.00014631596589335995,0.0039043103182688325,0.00014544146016332084
mismatch,asymmetric,1029,20,excited,always_probe,0.003902069914202605,0.00014708085677287615,0.003907861039977906,0.00015960416403148036
mismatch,asymmetric,1029,20,excited,ignore_passive,0.003902069914202605,0.00014708085677287615,0.003907861039977906,0.00015960416403148036
mismatch,asymmetric,1029,20,excited,uncertainty_trigger,0.003902069914202605,0.00014708085677287615,0.003907861039977906,0.00015960416403148036
mismatch,asymmetric,1030,20,excited,always_probe,0.004020825755138897,0.00014732766697391926,0.004013966182557573,0.00013849803025114976
mismatch,asymmetric,1030,20,excited,ignore_passive,0.004020825755138897,0.00014732766697391926,0.004013966182557573,0.00013849803025114976
mismatch,asymmetric,1030,20,excited,uncertainty_trigger,0.004020825755138897,0.00014732766697391926,0.004013966182557573,0.00013849803025114976
mismatch,asymmetric,1001,20,low_yaw,always_probe,0.004095441895801835,0.00014697297930960142,0.004101247185587442,0.00013822442403008995
mismatch,asymmetric,1001,20,low_yaw,ignore_passive,0.004095441895801835,0.00014697297930960142,0.004101247185587442,0.00013822442403008995
mismatch,asymmetric,1001,20,low_yaw,uncertainty_trigger,0.004095441895801835,0.00014697297930960142,0.004101247185587442,0.00013822442403008995
mismatch,asymmetric,1002,20,low_yaw,always_probe,0.0040464294996306015,0.00014723732470304374,0.004044689884674329,0.0001450736111858849
mismatch,asymmetric,1002,20,low_yaw,ignore_passive,0.0040464294996306015,0.00014723732470304374,0.004044689884674329,0.0001450736111858849
mismatch,asymmetric,1002,20,low_yaw,uncertainty_trigger,0.0040464294996306015,0.00014723732470304374,0.004044689884674329,0.0001450736111858849
mismatch,asymmetric,1003,20,low_yaw,always_probe,0.003913708007065175,0.0001471091614347348,0.0039075322649051725,0.00014259147392587648
mismatch,asymmetric,1003,20,low_yaw,ignore_passive,0.003913708007065175,0.0001471091614347348,0.0039075322649051725,0.00014259147392587648
mismatch,asymmetric,1003,20,low_yaw,uncertainty_trigger,0.003913708007065175,0.0001471091614347348,0.0039075322649051725,0.00014259147392587648
mismatch,asymmetric,1005,20,low_yaw,always_probe,0.0037952951132718665,0.00014719826849246055,0.003789042656411815,0.0001639111504724836
mismatch,asymmetric,1005,20,low_yaw,ignore_passive,0.0037952951132718665,0.00014719826849246055,0.003789042656411815,0.0001639111504724836
mismatch,asymmetric,1005,20,low_yaw,uncertainty_trigger,0.0037952951132718665,0.00014719826849246055,0.003789042656411815,0.0001639111504724836
mismatch,asymmetric,1006,20,low_yaw,always_probe,0.004038407516417901,0.00014710430347215778,0.0040347492134717,0.00015221857757876867
mismatch,asymmetric,1006,20,low_yaw,ignore_passive,0.004038407516417901,0.00014710430347215778,0.0040347492134717,0.00015221857757876867
mismatch,asymmetric,1006,20,low_yaw,uncertainty_trigger,0.004038407516417901,0.00014710430347215778,0.0040347492134717,0.00015221857757876867
mismatch,asymmetric,1007,20,low_yaw,always_probe,0.003794633091483129,0.00014712241170406967,0.0037889387457520464,0.00015939832337711946
mismatch,asymmetric,1007,20,low_yaw,ignore_passive,0.003794633091483129,0.00014712241170406967,0.0037889387457520464,0.00015939832337711946
mismatch,asymmetric,1007,20,low_yaw,uncertainty_trigger,0.003794633091483129,0.00014712241170406967,0.0037889387457520464,0.00015939832337711946
mismatch,asymmetric,1008,20,low_yaw,always_probe,0.003911935632105021,0.0001470914116149136,0.0039054357919214525,0.00015939305222162654
mismatch,asymmetric,1008,20,low_yaw,ignore_passive,0.003911935632105021,0.0001470914116149136,0.0039054357919214525,0.00015939305222162654
mismatch,asymmetric,1008,20,low_yaw,uncertainty_trigger,0.003911935632105021,0.0001470914116149136,0.0039054357919214525,0.00015939305222162654
mismatch,asymmetric,1009,20,low_yaw,always_probe,0.003792891386523131,0.0001472497732396933,0.0037866560578316403,0.00014437026448511014
mismatch,asymmetric,1009,20,low_yaw,ignore_passive,0.003792891386523131,0.0001472497732396933,0.0037866560578316403,0.00014437026448511014
mismatch,asymmetric,1009,20,low_yaw,uncertainty_trigger,0.003792891386523131,0.0001472497732396933,0.0037866560578316403,0.00014437026448511014
mismatch,asymmetric,1010,20,low_yaw,always_probe,0.003905369650761681,0.00014688797651756698,0.0038985624176485667,0.0001499273898717791
mismatch,asymmetric,1010,20,low_yaw,ignore_passive,0.003905369650761681,0.00014688797651756698,0.0038985624176485667,0.0001499273898717791
mismatch,asymmetric,1010,20,low_yaw,uncertainty_trigger,0.003905369650761681,0.00014688797651756698,0.0038985624176485667,0.0001499273898717791
mismatch,asymmetric,1011,20,low_yaw,always_probe,0.004028469381046112,0.00014726425939472475,0.004023468540506532,0.00015086889776832875
mismatch,asymmetric,1011,20,low_yaw,ignore_passive,0.004028469381046112,0.00014726425939472475,0.004023468540506532,0.00015086889776832875
mismatch,asymmetric,1011,20,low_yaw,uncertainty_trigger,0.004028469381046112,0.00014726425939472475,0.004023468540506532,0.00015086889776832875
mismatch,asymmetric,1012,20,low_yaw,always_probe,0.004033074351951501,0.00014722764856280388,0.00402862395770682,0.0001580437849158937
mismatch,asymmetric,1012,20,low_yaw,ignore_passive,0.004033074351951501,0.00014722764856280388,0.00402862395770682,0.0001580437849158937
mismatch,asymmetric,1012,20,low_yaw,uncertainty_trigger,0.004033074351951501,0.00014722764856280388,0.00402862395770682,0.0001580437849158937
mismatch,asymmetric,1013,20,low_yaw,always_probe,0.0038948934560736046,0.00014716900474888455,0.0039002111105133986,0.0001389983611097215
mismatch,asymmetric,1013,20,low_yaw,ignore_passive,0.0038948934560736046,0.00014716900474888455,0.0039002111105133986,0.0001389983611097215
mismatch,asymmetric,1013,20,low_yaw,uncertainty_trigger,0.0038948934560736046,0.00014716900474888455,0.0039002111105133986,0.0001389983611097215
mismatch,asymmetric,1014,20,low_yaw,always_probe,0.004057252662987842,0.0001473465261698226,0.004057770654589115,0.00015135183862788148
mismatch,asymmetric,1014,20,low_yaw,ignore_passive,0.004057252662987842,0.0001473465261698226,0.004057770654589115,0.00015135183862788148
mismatch,asymmetric,1014,20,low_yaw,uncertainty_trigger,0.004057252662987842,0.0001473465261698226,0.004057770654589115,0.00015135183862788148
mismatch,asymmetric,1015,20,low_yaw,always_probe,0.004042458693690945,0.00014724232390965773,0.004040381187256998,0.00015233516113266062
mismatch,asymmetric,1015,20,low_yaw,ignore_passive,0.004042458693690945,0.00014724232390965773,0.004040381187256998,0.00015233516113266062
mismatch,asymmetric,1015,20,low_yaw,uncertainty_trigger,0.004042458693690945,0.00014724232390965773,0.004040381187256998,0.00015233516113266062
mismatch,asymmetric,1016,20,low_yaw,always_probe,0.004019384708786114,0.00014716414687120688,0.004012169969213664,0.0001472086205193921
mismatch,asymmetric,1016,20,low_yaw,ignore_passive,0.004019384708786114,0.00014716414687120688,0.004012169969213664,0.0001472086205193921
mismatch,asymmetric,1016,20,low_yaw,uncertainty_trigger,0.004019384708786114,0.00014716414687120688,0.004012169969213664,0.0001472086205193921
mismatch,asymmetric,1017,20,low_yaw,always_probe,0.003916877735104746,0.00014663118113406693,0.003922953218579942,0.00015932987226856154
mismatch,asymmetric,1017,20,low_yaw,ignore_passive,0.003916877735104746,0.00014663118113406693,0.003922953218579942,0.00015932987226856154
mismatch,asymmetric,1017,20,low_yaw,uncertainty_trigger,0.003916877735104746,0.00014663118113406693,0.003922953218579942,0.00015932987226856154
mismatch,asymmetric,1018,20,low_yaw,always_probe,0.004091654561966325,0.00014689636041525714,0.0040967397973693965,0.00014743197884894163
mismatch,asymmetric,1018,20,low_yaw,ignore_passive,0.004091654561966325,0.00014689636041525714,0.0040967397973693965,0.00014743197884894163
mismatch,asymmetric,1018,20,low_yaw,uncertainty_trigger,0.004091654561966325,0.00014689636041525714,0.0040967397973693965,0.00014743197884894163
mismatch,asymmetric,1019,20,low_yaw,always_probe,0.0040165400458828425,0.0001473474487540703,0.004009436929304953,0.00014597390364108072
mismatch,asymmetric,1019,20,low_yaw,ignore_passive,0.0040165400458828425,0.0001473474487540703,0.004009436929304953,0.00014597390364108072
mismatch,asymmetric,1019,20,low_yaw,uncertainty_trigger,0.0040165400458828425,0.0001473474487540703,0.004009436929304953,0.00014597390364108072
mismatch,asymmetric,1020,20,low_yaw,always_probe,0.004086994201689925,0.00014719413610216013,0.004092453243307756,0.0001432735362794228
mismatch,asymmetric,1020,20,low_yaw,ignore_passive,0.004086994201689925,0.00014719413610216013,0.004092453243307756,0.0001432735362794228
mismatch,asymmetric,1020,20,low_yaw,uncertainty_trigger,0.004086994201689925,0.00014719413610216013,0.004092453243307756,0.0001432735362794228
mismatch,asymmetric,1021,20,low_yaw,always_probe,0.004044839658460685,0.00014723016574322281,0.004042685227485723,0.00013899219475201324
mismatch,asymmetric,1021,20,low_yaw,ignore_passive,0.004044839658460685,0.00014723016574322281,0.004042685227485723,0.00013899219475201324
mismatch,asymmetric,1021,20,low_yaw,uncertainty_trigger,0.004044839658460685,0.00014723016574322281,0.004042685227485723,0.00013899219475201324
mismatch,asymmetric,1023,20,low_yaw,always_probe,0.0040384994595907475,0.00014725611265291468,0.004034988999135159,0.0001630876695780412
mismatch,asymmetric,1023,20,low_yaw,ignore_passive,0.0040384994595907475,0.00014725611265291468,0.004034988999135159,0.0001630876695780412
mismatch,asymmetric,1023,20,low_yaw,uncertainty_trigger,0.0040384994595907475,0.00014725611265291468,0.004034988999135159,0.0001630876695780412
mismatch,asymmetric,1024,20,low_yaw,always_probe,0.0040356679539676225,0.00014724305616024345,0.00403192689545072,0.00014263261645777747
mismatch,asymmetric,1024,20,low_yaw,ignore_passive,0.0040356679539676225,0.00014724305616024345,0.00403192689545072,0.00014263261645777747
mismatch,asymmetric,1024,20,low_yaw,uncertainty_trigger,0.0040356679539676225,0.00014724305616024345,0.00403192689545072,0.00014263261645777747
mismatch,asymmetric,1025,20,low_yaw,always_probe,0.0038992330292829296,0.00014718007987177294,0.0039049490615986017,0.00015286836035955623
mismatch,asymmetric,1025,20,low_yaw,ignore_passive,0.0038992330292829296,0.00014718007987177294,0.0039049490615986017,0.00015286836035955623
mismatch,asymmetric,1025,20,low_yaw,uncertainty_trigger,0.0038992330292829296,0.00014718007987177294,0.0039049490615986017,0.00015286836035955623
mismatch,asymmetric,1026,20,low_yaw,always_probe,0.00391202441217089,0.00014725756461316674,0.003905737923284973,0.0001516759660277932
mismatch,asymmetric,1026,20,low_yaw,ignore_passive,0.00391202441217089,0.00014725756461316674,0.003905737923284973,0.0001516759660277932
mismatch,asymmetric,1026,20,low_yaw,uncertainty_trigger,0.00391202441217089,0.00014725756461316674,0.003905737923284973,0.0001516759660277932
mismatch,asymmetric,1028,20,low_yaw,always_probe,0.003898646186118882,0.00014631596589335995,0.0039043103182688325,0.00014544146016332084
mismatch,asymmetric,1028,20,low_yaw,ignore_passive,0.003898646186118882,0.00014631596589335995,0.0039043103182688325,0.00014544146016332084
mismatch,asymmetric,1028,20,low_yaw,uncertainty_trigger,0.003898646186118882,0.00014631596589335995,0.0039043103182688325,0.00014544146016332084
mismatch,asymmetric,1029,20,low_yaw,always_probe,0.003902069914202605,0.00014708085677287615,0.003907861039977906,0.00015960416403148036
mismatch,asymmetric,1029,20,low_yaw,ignore_passive,0.003902069914202605,0.00014708085677287615,0.003907861039977906,0.00015960416403148036
mismatch,asymmetric,1029,20,low_yaw,uncertainty_trigger,0.003902069914202605,0.00014708085677287615,0.003907861039977906,0.00015960416403148036
mismatch,asymmetric,1030,20,low_yaw,always_probe,0.004020825755138897,0.00014732766697391926,0.004013966182557573,0.00013849803025114976
mismatch,asymmetric,1030,20,low_yaw,ignore_passive,0.004020825755138897,0.00014732766697391926,0.004013966182557573,0.00013849803025114976
mismatch,asymmetric,1030,20,low_yaw,uncertainty_trigger,0.004020825755138897,0.00014732766697391926,0.004013966182557573,0.00013849803025114976
mismatch,physical_payload,1001,20,excited,always_probe,0.004096541872476868,0.0001469759080153216,0.00410211202679113,0.00014053427424725543
mismatch,physical_payload,1001,20,excited,ignore_passive,0.004096541872476868,0.0001469759080153216,0.00410211202679113,0.00014053427424725543
mismatch,physical_payload,1001,20,excited,uncertainty_trigger,0.004096541872476868,0.0001469759080153216,0.00410211202679113,0.00014053427424725543
mismatch,physical_payload,1002,20,excited,always_probe,0.004045936433273289,0.00014723723160143886,0.004044254254333677,0.0001472230409192181
mismatch,physical_payload,1002,20,excited,ignore_passive,0.004045936433273289,0.00014723723160143886,0.004044254254333677,0.0001472230409192181
mismatch,physical_payload,1002,20,excited,uncertainty_trigger,0.004045936433273289,0.00014723723160143886,0.004044254254333677,0.0001472230409192181
mismatch,physical_payload,1003,20,excited,always_probe,0.003914140143571718,0.0001470863159247787,0.003908016120147591,0.0001379359808625379
mismatch,physical_payload,1003,20,excited,ignore_passive,0.003914140143571718,0.0001470863159247787,0.003908016120147591,0.0001379359808625379
mismatch,physical_payload,1003,20,excited,uncertainty_trigger,0.003914140143571718,0.0001470863159247787,0.003908016120147591,0.0001379359808625379
mismatch,physical_payload,1005,20,excited,always_probe,0.0039039876040455218,0.0001472536621366108,0.003896760825688914,0.00013990882762397004
mismatch,physical_payload,1005,20,excited,ignore_passive,0.0039039876040455218,0.0001472536621366108,0.003896760825688914,0.00013990882762397004
mismatch,physical_payload,1005,20,excited,uncertainty_trigger,0.0039039876040455218,0.0001472536621366108,0.003896760825688914,0.00013990882762397004
mismatch,physical_payload,1006,20,excited,always_probe,0.004037457125764736,0.0001471021685846429,0.004033882575334613,0.0001389061087974684
mismatch,physical_payload,1006,20,excited,ignore_passive,0.004037457125764736,0.0001471021685846429,0.004033882575334613,0.0001389061087974684
mismatch,physical_payload,1006,20,excited,uncertainty_trigger,0.004037457125764736,0.0001471021685846429,0.004033882575334613,0.0001389061087974684
mismatch,physical_payload,1007,20,excited,always_probe,0.003794312747598174,0.00014715804784657345,0.003788315359395093,0.00013819113621372418
mismatch,physical_payload,1007,20,excited,ignore_passive,0.003794312747598174,0.00014715804784657345,0.003788315359395093,0.00013819113621372418
mismatch,physical_payload,1007,20,excited,uncertainty_trigger,0.003794312747598174,0.00014715804784657345,0.003788315359395093,0.00013819113621372418
mismatch,physical_payload,1008,20,excited,always_probe,0.003912398050149847,0.00014710148613095728,0.00390603233482661,0.0001423534404058262
mismatch,physical_payload,1008,20,excited,ignore_passive,0.003912398050149847,0.00014710148613095728,0.00390603233482661,0.0001423534404058262
mismatch,physical_payload,1008,20,excited,uncertainty_trigger,0.003912398050149847,0.00014710148613095728,0.00390603233482661,0.0001423534404058262
mismatch,physical_payload,1009,20,excited,always_probe,0.0037925711861297746,0.00014724796813139478,0.0037859727865259384,0.0001381652793497386
mismatch,physical_payload,1009,20,excited,ignore_passive,0.0037925711861297746,0.00014724796813139478,0.0037859727865259384,0.0001381652793497386
mismatch,physical_payload,1009,20,excited,uncertainty_trigger,0.0037925711861297746,0.00014724796813139478,0.0037859727865259384,0.0001381652793497386
mismatch,physical_payload,1010,20,excited,always_probe,0.003905956665972605,0.00014686089792178875,0.0038990451482950727,0.0001382019542993683
mismatch,physical_payload,1010,20,excited,ignore_passive,0.003905956665972605,0.00014686089792178875,0.0038990451482950727,0.0001382019542993683
mismatch,physical_payload,1010,20,excited,uncertainty_trigger,0.003905956665972605,0.00014686089792178875,0.0038990451482950727,0.0001382019542993683
mismatch,physical_payload,1011,20,excited,always_probe,0.004027047331906211,0.00014726411698678273,0.004022080381196177,0.00013786671035340492
mismatch,physical_payload,1011,20,excited,ignore_passive,0.004027047331906211,0.00014726411698678273,0.004022080381196177,0.00013786671035340492
mismatch,physical_payload,1011,20,excited,uncertainty_trigger,0.004027047331906211,0.00014726411698678273,0.004022080381196177,0.00013786671035340492
mismatch,physical_payload,1012,20,excited,always_probe,0.004031833998642088,0.00014722023061480773,0.0040274442154489875,0.0001384358694137446
mismatch,physical_payload,1012,20,excited,ignore_passive,0.004031833998642088,0.00014722023061480773,0.0040274442154489875,0.0001384358694137446
mismatch,physical_payload,1012,20,excited,uncertainty_trigger,0.004031833998642088,0.00014722023061480773,0.0040274442154489875,0.0001384358694137446
mismatch,physical_payload,1013,20,excited,always_probe,0.003996092581373047,0.00014718203907146637,0.004002424607253833,0.00014693007009160136
mismatch,physical_payload,1013,20,excited,ignore_passive,0.003996092581373047,0.00014718203907146637,0.004002424607253833,0.00014693007009160136
mismatch,physical_payload,1013,20,excited,uncertainty_trigger,0.003996092581373047,0.00014718203907146637,0.004002424607253833,0.00014693007009160136
mismatch,physical_payload,1014,20,excited,always_probe,0.004057318623256181,0.00014734511291864588,0.004057828326929321,0.0001381663118268391
mismatch,physical_payload,1014,20,excited,ignore_passive,0.004057318623256181,0.00014734511291864588,0.004057828326929321,0.0001381663118268391
mismatch,physical_payload,1014,20,excited,uncertainty_trigger,0.004057318623256181,0.00014734511291864588,0.004057828326929321,0.0001381663118268391
mismatch,physical_payload,1015,20,excited,always_probe,0.004041749035846931,0.0001472338171424501,0.004039722955034922,0.00014030212810496864
mismatch,physical_payload,1015,20,excited,ignore_passive,0.004041749035846931,0.0001472338171424501,0.004039722955034922,0.00014030212810496864
mismatch,physical_payload,1015,20,excited,uncertainty_trigger,0.004041749035846931,0.0001472338171424501,0.004039722955034922,0.00014030212810496864
mismatch,physical_payload,1016,20,excited,always_probe,0.004017579770784056,0.00014718443363451476,0.004010319806089907,0.00013768777715273675
mismatch,physical_payload,1016,20,excited,ignore_passive,0.004017579770784056,0.00014718443363451476,0.004010319806089907,0.00013768777715273675
mismatch,physical_payload,1016,20,excited,uncertainty_trigger,0.004017579770784056,0.00014718443363451476,0.004010319806089907,0.00013768777715273675
mismatch,physical_payload,1017,20,excited,always_probe,0.0039157302715515764,0.00014660577622547583,0.0039225278781426474,0.0001454169101955011
mismatch,physical_payload,1017,20,excited,ignore_passive,0.0039157302715515764,0.00014660577622547583,0.0039225278781426474,0.0001454169101955011
mismatch,physical_payload,1017,20,excited,uncertainty_trigger,0.0039157302715515764,0.00014660577622547583,0.0039225278781426474,0.0001454169101955011
mismatch,physical_payload,1018,20,excited,always_probe,0.004092701212492576,0.00014689622461594692,0.004097567938100937,0.00015510968154751264
mismatch,physical_payload,1018,20,excited,ignore_passive,0.004092701212492576,0.00014689622461594692,0.004097567938100937,0.00015510968154751264
mismatch,physical_payload,1018,20,excited,uncertainty_trigger,0.004092701212492576,0.00014689622461594692,0.004097567938100937,0.00015510968154751264
mismatch,physical_payload,1019,20,excited,always_probe,0.003916786267615481,0.00014732238366130495,0.003910783024902744,0.0001381001751748598
mismatch,physical_payload,1019,20,excited,ignore_passive,0.003916786267615481,0.00014732238366130495,0.003910783024902744,0.0001381001751748598
mismatch,physical_payload,1019,20,excited,uncertainty_trigger,0.003916786267615481,0.00014732238366130495,0.003910783024902744,0.0001381001751748598
mismatch,physical_payload,1020,20,excited,always_probe,0.004087985277193879,0.00014719348270433605,0.004093242373750237,0.000150569899005275
mismatch,physical_payload,1020,20,excited,ignore_passive,0.004087985277193879,0.00014719348270433605,0.004093242373750237,0.000150569899005275
mismatch,physical_payload,1020,20,excited,uncertainty_trigger,0.004087985277193879,0.00014719348270433605,0.004093242373750237,0.000150569899005275
mismatch,physical_payload,1021,20,excited,always_probe,0.004044282079106755,0.0001472269778096537,0.004042176509096638,0.00013834202887936408
mismatch,physical_payload,1021,20,excited,ignore_passive,0.004044282079106755,0.0001472269778096537,0.004042176509096638,0.00013834202887936408
mismatch,physical_payload,1021,20,excited,uncertainty_trigger,0.004044282079106755,0.0001472269778096537,0.004042176509096638,0.00013834202887936408
mismatch,physical_payload,1023,20,excited,always_probe,0.004037576245351552,0.00014726076171305295,0.00403412463230917,0.0001464206803328822
mismatch,physical_payload,1023,20,excited,ignore_passive,0.004037576245351552,0.00014726076171305295,0.00403412463230917,0.0001464206803328822
mismatch,physical_payload,1023,20,excited,uncertainty_trigger,0.004037576245351552,0.00014726076171305295,0.00403412463230917,0.0001464206803328822
mismatch,physical_payload,1024,20,excited,always_probe,0.004034580430332956,0.0001472432101449623,0.004030912612365025,0.00014005920009719014
mismatch,physical_payload,1024,20,excited,ignore_passive,0.004034580430332956,0.0001472432101449623,0.004030912612365025,0.00014005920009719014
mismatch,physical_payload,1024,20,excited,uncertainty_trigger,0.004034580430332956,0.0001472432101449623,0.004030912612365025,0.00014005920009719014
mismatch,physical_payload,1025,20,excited,always_probe,0.0038983144920137,0.00014717871092373037,0.0039047044088162284,0.0001555281494426719
mismatch,physical_payload,1025,20,excited,ignore_passive,0.0038983144920137,0.00014717871092373037,0.0039047044088162284,0.0001555281494426719
mismatch,physical_payload,1025,20,excited,uncertainty_trigger,0.0038983144920137,0.00014717871092373037,0.0039047044088162284,0.0001555281494426719
mismatch,physical_payload,1026,20,excited,always_probe,0.003912486372997154,0.00014725805273281886,0.0039061572013045272,0.0001390684308623572
mismatch,physical_payload,1026,20,excited,ignore_passive,0.003912486372997154,0.00014725805273281886,0.0039061572013045272,0.0001390684308623572
mismatch,physical_payload,1026,20,excited,uncertainty_trigger,0.003912486372997154,0.00014725805273281886,0.0039061572013045272,0.0001390684308623572
mismatch,physical_payload,1028,20,excited,always_probe,0.003897743001133661,0.00014626617564775923,0.003904043332362493,0.00013969591761811402
mismatch,physical_payload,1028,20,excited,ignore_passive,0.003897743001133661,0.00014626617564775923,0.003904043332362493,0.00013969591761811402
mismatch,physical_payload,1028,20,excited,uncertainty_trigger,0.003897743001133661,0.00014626617564775923,0.003904043332362493,0.00013969591761811402
mismatch,physical_payload,1029,20,excited,always_probe,0.0039011108979261676,0.0001470802182732183,0.003907584909746627,0.00014493971400189086
mismatch,physical_payload,1029,20,excited,ignore_passive,0.0039011108979261676,0.0001470802182732183,0.003907584909746627,0.00014493971400189086
mismatch,physical_payload,1029,20,excited,uncertainty_trigger,0.0039011108979261676,0.0001470802182732183,0.003907584909746627,0.00014493971400189086
mismatch,physical_payload,1030,20,excited,always_probe,0.004019068157034158,0.0001473219547974446,0.004012174234007709,0.0001449175897835578
mismatch,physical_payload,1030,20,excited,ignore_passive,0.004019068157034158,0.0001473219547974446,0.004012174234007709,0.0001449175897835578
mismatch,physical_payload,1030,20,excited,uncertainty_trigger,0.004019068157034158,0.0001473219547974446,0.004012174234007709,0.0001449175897835578
mismatch,physical_payload,1001,20,low_yaw,always_probe,0.004096541872476868,0.0001469759080153216,0.00410211202679113,0.00014053427424725543
mismatch,physical_payload,1001,20,low_yaw,ignore_passive,0.004096541872476868,0.0001469759080153216,0.00410211202679113,0.00014053427424725543
mismatch,physical_payload,1001,20,low_yaw,uncertainty_trigger,0.004096541872476868,0.0001469759080153216,0.00410211202679113,0.00014053427424725543
mismatch,physical_payload,1002,20,low_yaw,always_probe,0.004045936433273289,0.00014723723160143886,0.004044254254333677,0.0001472230409192181
mismatch,physical_payload,1002,20,low_yaw,ignore_passive,0.004045936433273289,0.00014723723160143886,0.004044254254333677,0.0001472230409192181
mismatch,physical_payload,1002,20,low_yaw,uncertainty_trigger,0.004045936433273289,0.00014723723160143886,0.004044254254333677,0.0001472230409192181
mismatch,physical_payload,1003,20,low_yaw,always_probe,0.003914140143571718,0.0001470863159247787,0.003908016120147591,0.0001379359808625379
mismatch,physical_payload,1003,20,low_yaw,ignore_passive,0.003914140143571718,0.0001470863159247787,0.003908016120147591,0.0001379359808625379
mismatch,physical_payload,1003,20,low_yaw,uncertainty_trigger,0.003914140143571718,0.0001470863159247787,0.003908016120147591,0.0001379359808625379
mismatch,physical_payload,1005,20,low_yaw,always_probe,0.0039039876040455218,0.0001472536621366108,0.003896760825688914,0.00013990882762397004
mismatch,physical_payload,1005,20,low_yaw,ignore_passive,0.0039039876040455218,0.0001472536621366108,0.003896760825688914,0.00013990882762397004
mismatch,physical_payload,1005,20,low_yaw,uncertainty_trigger,0.0039039876040455218,0.0001472536621366108,0.003896760825688914,0.00013990882762397004
mismatch,physical_payload,1006,20,low_yaw,always_probe,0.004037457125764736,0.0001471021685846429,0.004033882575334613,0.0001389061087974684
mismatch,physical_payload,1006,20,low_yaw,ignore_passive,0.004037457125764736,0.0001471021685846429,0.004033882575334613,0.0001389061087974684
mismatch,physical_payload,1006,20,low_yaw,uncertainty_trigger,0.004037457125764736,0.0001471021685846429,0.004033882575334613,0.0001389061087974684
mismatch,physical_payload,1007,20,low_yaw,always_probe,0.003794312747598174,0.00014715804784657345,0.003788315359395093,0.00013819113621372418
mismatch,physical_payload,1007,20,low_yaw,ignore_passive,0.003794312747598174,0.00014715804784657345,0.003788315359395093,0.00013819113621372418
mismatch,physical_payload,1007,20,low_yaw,uncertainty_trigger,0.003794312747598174,0.00014715804784657345,0.003788315359395093,0.00013819113621372418
mismatch,physical_payload,1008,20,low_yaw,always_probe,0.003912398050149847,0.00014710148613095728,0.00390603233482661,0.0001423534404058262
mismatch,physical_payload,1008,20,low_yaw,ignore_passive,0.003912398050149847,0.00014710148613095728,0.00390603233482661,0.0001423534404058262
mismatch,physical_payload,1008,20,low_yaw,uncertainty_trigger,0.003912398050149847,0.00014710148613095728,0.00390603233482661,0.0001423534404058262
mismatch,physical_payload,1009,20,low_yaw,always_probe,0.0037925711861297746,0.00014724796813139478,0.0037859727865259384,0.0001381652793497386
mismatch,physical_payload,1009,20,low_yaw,ignore_passive,0.0037925711861297746,0.00014724796813139478,0.0037859727865259384,0.0001381652793497386
mismatch,physical_payload,1009,20,low_yaw,uncertainty_trigger,0.0037925711861297746,0.00014724796813139478,0.0037859727865259384,0.0001381652793497386
mismatch,physical_payload,1010,20,low_yaw,always_probe,0.003905956665972605,0.00014686089792178875,0.0038990451482950727,0.0001382019542993683
mismatch,physical_payload,1010,20,low_yaw,ignore_passive,0.003905956665972605,0.00014686089792178875,0.0038990451482950727,0.0001382019542993683
mismatch,physical_payload,1010,20,low_yaw,uncertainty_trigger,0.003905956665972605,0.00014686089792178875,0.0038990451482950727,0.0001382019542993683
mismatch,physical_payload,1011,20,low_yaw,always_probe,0.004027047331906211,0.00014726411698678273,0.004022080381196177,0.00013786671035340492
mismatch,physical_payload,1011,20,low_yaw,ignore_passive,0.004027047331906211,0.00014726411698678273,0.004022080381196177,0.00013786671035340492
mismatch,physical_payload,1011,20,low_yaw,uncertainty_trigger,0.004027047331906211,0.00014726411698678273,0.004022080381196177,0.00013786671035340492
mismatch,physical_payload,1012,20,low_yaw,always_probe,0.004031833998642088,0.00014722023061480773,0.0040274442154489875,0.0001384358694137446
mismatch,physical_payload,1012,20,low_yaw,ignore_passive,0.004031833998642088,0.00014722023061480773,0.0040274442154489875,0.0001384358694137446
mismatch,physical_payload,1012,20,low_yaw,uncertainty_trigger,0.004031833998642088,0.00014722023061480773,0.0040274442154489875,0.0001384358694137446
mismatch,physical_payload,1013,20,low_yaw,always_probe,0.003996092581373047,0.00014718203907146637,0.004002424607253833,0.00014693007009160136
mismatch,physical_payload,1013,20,low_yaw,ignore_passive,0.003996092581373047,0.00014718203907146637,0.004002424607253833,0.00014693007009160136
mismatch,physical_payload,1013,20,low_yaw,uncertainty_trigger,0.003996092581373047,0.00014718203907146637,0.004002424607253833,0.00014693007009160136
mismatch,physical_payload,1014,20,low_yaw,always_probe,0.004057318623256181,0.00014734511291864588,0.004057828326929321,0.0001381663118268391
mismatch,physical_payload,1014,20,low_yaw,ignore_passive,0.004057318623256181,0.00014734511291864588,0.004057828326929321,0.0001381663118268391
mismatch,physical_payload,1014,20,low_yaw,uncertainty_trigger,0.004057318623256181,0.00014734511291864588,0.004057828326929321,0.0001381663118268391
mismatch,physical_payload,1015,20,low_yaw,always_probe,0.004041749035846931,0.0001472338171424501,0.004039722955034922,0.00014030212810496864
mismatch,physical_payload,1015,20,low_yaw,ignore_passive,0.004041749035846931,0.0001472338171424501,0.004039722955034922,0.00014030212810496864
mismatch,physical_payload,1015,20,low_yaw,uncertainty_trigger,0.004041749035846931,0.0001472338171424501,0.004039722955034922,0.00014030212810496864
mismatch,physical_payload,1016,20,low_yaw,always_probe,0.004017579770784056,0.00014718443363451476,0.004010319806089907,0.00013768777715273675
mismatch,physical_payload,1016,20,low_yaw,ignore_passive,0.004017579770784056,0.00014718443363451476,0.004010319806089907,0.00013768777715273675
mismatch,physical_payload,1016,20,low_yaw,uncertainty_trigger,0.004017579770784056,0.00014718443363451476,0.004010319806089907,0.00013768777715273675
mismatch,physical_payload,1017,20,low_yaw,always_probe,0.0039157302715515764,0.00014660577622547583,0.0039225278781426474,0.0001454169101955011
mismatch,physical_payload,1017,20,low_yaw,ignore_passive,0.0039157302715515764,0.00014660577622547583,0.0039225278781426474,0.0001454169101955011
mismatch,physical_payload,1017,20,low_yaw,uncertainty_trigger,0.0039157302715515764,0.00014660577622547583,0.0039225278781426474,0.0001454169101955011
mismatch,physical_payload,1018,20,low_yaw,always_probe,0.004092701212492576,0.00014689622461594692,0.004097567938100937,0.00015510968154751264
mismatch,physical_payload,1018,20,low_yaw,ignore_passive,0.004092701212492576,0.00014689622461594692,0.004097567938100937,0.00015510968154751264
mismatch,physical_payload,1018,20,low_yaw,uncertainty_trigger,0.004092701212492576,0.00014689622461594692,0.004097567938100937,0.00015510968154751264
mismatch,physical_payload,1019,20,low_yaw,always_probe,0.003916786267615481,0.00014732238366130495,0.003910783024902744,0.0001381001751748598
mismatch,physical_payload,1019,20,low_yaw,ignore_passive,0.003916786267615481,0.00014732238366130495,0.003910783024902744,0.0001381001751748598
mismatch,physical_payload,1019,20,low_yaw,uncertainty_trigger,0.003916786267615481,0.00014732238366130495,0.003910783024902744,0.0001381001751748598
mismatch,physical_payload,1020,20,low_yaw,always_probe,0.004087985277193879,0.00014719348270433605,0.004093242373750237,0.000150569899005275
mismatch,physical_payload,1020,20,low_yaw,ignore_passive,0.004087985277193879,0.00014719348270433605,0.004093242373750237,0.000150569899005275
mismatch,physical_payload,1020,20,low_yaw,uncertainty_trigger,0.004087985277193879,0.00014719348270433605,0.004093242373750237,0.000150569899005275
mismatch,physical_payload,1021,20,low_yaw,always_probe,0.004044282079106755,0.0001472269778096537,0.004042176509096638,0.00013834202887936408
mismatch,physical_payload,1021,20,low_yaw,ignore_passive,0.004044282079106755,0.0001472269778096537,0.004042176509096638,0.00013834202887936408
mismatch,physical_payload,1021,20,low_yaw,uncertainty_trigger,0.004044282079106755,0.0001472269778096537,0.004042176509096638,0.00013834202887936408
mismatch,physical_payload,1023,20,low_yaw,always_probe,0.004037576245351552,0.00014726076171305295,0.00403412463230917,0.0001464206803328822
mismatch,physical_payload,1023,20,low_yaw,ignore_passive,0.004037576245351552,0.00014726076171305295,0.00403412463230917,0.0001464206803328822
mismatch,physical_payload,1023,20,low_yaw,uncertainty_trigger,0.004037576245351552,0.00014726076171305295,0.00403412463230917,0.0001464206803328822
mismatch,physical_payload,1024,20,low_yaw,always_probe,0.004034580430332956,0.0001472432101449623,0.004030912612365025,0.00014005920009719014
mismatch,physical_payload,1024,20,low_yaw,ignore_passive,0.004034580430332956,0.0001472432101449623,0.004030912612365025,0.00014005920009719014
mismatch,physical_payload,1024,20,low_yaw,uncertainty_trigger,0.004034580430332956,0.0001472432101449623,0.004030912612365025,0.00014005920009719014
mismatch,physical_payload,1025,20,low_yaw,always_probe,0.0038983144920137,0.00014717871092373037,0.0039047044088162284,0.0001555281494426719
mismatch,physical_payload,1025,20,low_yaw,ignore_passive,0.0038983144920137,0.00014717871092373037,0.0039047044088162284,0.0001555281494426719
mismatch,physical_payload,1025,20,low_yaw,uncertainty_trigger,0.0038983144920137,0.00014717871092373037,0.0039047044088162284,0.0001555281494426719
mismatch,physical_payload,1026,20,low_yaw,always_probe,0.003912486372997154,0.00014725805273281886,0.0039061572013045272,0.0001390684308623572
mismatch,physical_payload,1026,20,low_yaw,ignore_passive,0.003912486372997154,0.00014725805273281886,0.0039061572013045272,0.0001390684308623572
mismatch,physical_payload,1026,20,low_yaw,uncertainty_trigger,0.003912486372997154,0.00014725805273281886,0.0039061572013045272,0.0001390684308623572
mismatch,physical_payload,1028,20,low_yaw,always_probe,0.003897743001133661,0.00014626617564775923,0.003904043332362493,0.00013969591761811402
mismatch,physical_payload,1028,20,low_yaw,ignore_passive,0.003897743001133661,0.00014626617564775923,0.003904043332362493,0.00013969591761811402
mismatch,physical_payload,1028,20,low_yaw,uncertainty_trigger,0.003897743001133661,0.00014626617564775923,0.003904043332362493,0.00013969591761811402
mismatch,physical_payload,1029,20,low_yaw,always_probe,0.0039011108979261676,0.0001470802182732183,0.003907584909746627,0.00014493971400189086
mismatch,physical_payload,1029,20,low_yaw,ignore_passive,0.0039011108979261676,0.0001470802182732183,0.003907584909746627,0.00014493971400189086
mismatch,physical_payload,1029,20,low_yaw,uncertainty_trigger,0.0039011108979261676,0.0001470802182732183,0.003907584909746627,0.00014493971400189086
mismatch,physical_payload,1030,20,low_yaw,always_probe,0.004019068157034158,0.0001473219547974446,0.004012174234007709,0.0001449175897835578
mismatch,physical_payload,1030,20,low_yaw,ignore_passive,0.004019068157034158,0.0001473219547974446,0.004012174234007709,0.0001449175897835578
mismatch,physical_payload,1030,20,low_yaw,uncertainty_trigger,0.004019068157034158,0.0001473219547974446,0.004012174234007709,0.0001449175897835578
