seed,N,family,method,dt,friction_scale,true_mass,true_inertia,completed,success,robot_time_s,planning_s,penalized_time_s,probes,predicted_probe_gain_s,first_duration_s,estimate_mass,estimate_inertia,sd_mass,sd_inertia,post_grasp_sd_mass,post_grasp_sd_inertia,mass_covered,inertia_covered,max_segment_saturation,max_velocity_ratio,max_acceleration_ratio,max_terminal_position_mm,max_terminal_yaw_deg
1001,1,excited,fixed_nominal,0.002,1.0,1.0576328999979314,0.002361110759867625,1,1,1.9480000000000004,8.727200020075543e-05,1.9480872720002012,0,nan,0.8500000000000001,0.8,0.012,0.5,0.008,0.5,0.008,1,1,0.0,0.766879096567873,0.5844290446092221,0.6724113991575412,0.22994731952122555
1001,1,excited,passive,0.002,1.0,1.0576328999979314,0.002361110759867625,1,1,1.6920000000000002,5.368100005398446e-05,1.6920536810000542,0,nan,0.75,1.057149883835502,0.0023889016442553957,0.004223068381704929,0.000207949583808698,0.01732909305990758,0.007991287289320376,1,1,0.0,0.7668197507085823,0.5840691461281373,0.5261093428900617,0.026170515698742902
1001,1,excited,always_probe,0.002,1.0,1.0576328999979314,0.002361110759867625,1,1,2.4880000000000004,5.4932000011831406e-05,2.4880549320000123,1,nan,0.65,1.0568816096991218,0.002370724250758881,0.003079823055754537,0.00010648164201173564,0.01732909305990758,0.007991287289320376,1,1,0.0,0.7668275730598662,0.5840748095815098,0.5261093428900617,0.06607159271616758
1001,1,excited,batch_aware,0.002,1.0,1.0576328999979314,0.002361110759867625,1,1,1.6920000000000002,0.00012109199974474905,1.692121091999745,0,-0.8,0.75,1.057149883835502,0.0023889016442553957,0.004223068381704929,0.000207949583808698,0.01732909305990758,0.007991287289320376,1,1,0.0,0.7668197507085823,0.5840691461281373,0.5261093428900617,0.026170515698742902
1001,1,excited,ignore_passive,0.002,1.0,1.0576328999979314,0.002361110759867625,1,1,1.6920000000000002,0.0001271920000363025,1.6921271920000365,0,-0.8,0.75,1.057149883835502,0.0023889016442553957,0.004223068381704929,0.000207949583808698,0.01732909305990758,0.007991287289320376,1,1,0.0,0.7668197507085823,0.5840691461281373,0.5261093428900617,0.026170515698742902
1001,1,excited,oracle,0.002,1.0,1.0576328999979314,0.002361110759867625,1,1,1.592,5.5191000228660414e-05,1.5920551910002287,0,nan,0.65,1.0576328999979314,0.002361110759867625,1e-10,1e-10,1e-10,1e-10,1,1,0.0,0.7668272484969371,0.5840745325921414,0.22025394630309725,0.026820278797443114
1002,1,excited,fixed_nominal,0.002,1.0,0.7331496232763623,0.01021535476643178,1,1,1.868,7.388200015157054e-05,1.8680738820001517,0,nan,0.875,0.8,0.012,0.5,0.008,0.5,0.008,1,1,0.0,0.7568767655678845,0.5361172695661568,0.3374582082494113,0.03191538003619705
1002,1,excited,passive,0.002,1.0,0.7331496232763623,0.01021535476643178,1,1,1.792,7.298000014088757e-05,1.792072980000141,0,nan,0.8,0.7349635282101621,0.010225644470137041,0.0040392963850582,0.00024056224066456683,0.016572625881405786,0.007999820261819711,1,1,0.0,0.7568974624242976,0.5361314860450154,0.16379008692279334,0.02194546917166658
1002,1,excited,always_probe,0.002,1.0,0.7331496232763623,0.01021535476643178,1,1,2.588,7.14869997864298e-05,2.5880714869997865,1,nan,0.7000000000000001,0.7344028633275129,0.010234245135102446,0.0029929913256473333,0.00011665200712153214,0.016572625881405786,0.007999820261819711,1,1,0.0,0.7569019386696691,0.5487073776913809,0.2010671989477935,0.03710697417074945
1002,1,excited,batch_aware,0.002,1.0,0.7331496232763623,0.01021535476643178,1,1,1.792,0.0001581080000505608,1.7921581080000506,0,-0.8,0.8,0.7349635282101621,0.010225644470137041,0.0040392963850582,0.00024056224066456683,0.016572625881405786,0.007999820261819711,1,1,0.0,0.7568974624242976,0.5361314860450154,0.16379008692279334,0.02194546917166658
1002,1,excited,ignore_passive,0.002,1.0,0.7331496232763623,0.01021535476643178,1,1,1.792,0.00014275499984250928,1.7921427549998425,0,-0.8,0.8,0.7349635282101621,0.010225644470137041,0.0040392963850582,0.00024056224066456683,0.016572625881405786,0.007999820261819711,1,1,0.0,0.7568974624242976,0.5361314860450154,0.16379008692279334,0.02194546917166658
1002,1,excited,oracle,0.002,1.0,0.7331496232763623,0.01021535476643178,1,1,1.692,7.209799991869659e-05,1.6920720979999186,0,nan,0.7000000000000001,0.7331496232763623,0.01021535476643178,1e-10,1e-10,1e-10,1e-10,1,1,0.0,0.7569024579213586,0.5361343093534147,0.20035059973184724,0.023655744183968902
1003,1,excited,fixed_nominal,0.002,1.0,0.4628603155760868,0.007904233635032908,1,1,2.0060000000000002,6.035100000190141e-05,2.006060351000002,0,nan,0.8500000000000001,0.8,0.012,0.5,0.008,0.5,0.008,1,1,0.0,0.7637826218979991,0.561885390962195,0.660878863431728,0.07560045867634135
1003,1,excited,passive,0.002,1.0,0.4628603155760868,0.007904233635032908,1,1,1.776,6.0260000282141846e-05,1.7760602600002822,0,nan,0.775,0.46362039025174945,0.007879092910102555,0.0039026272645204282,0.0002243275357753302,0.011969086607841692,0.007991510776315975,1,1,0.0,0.7638725705209747,0.5625296465966547,0.18043026320850963,0.02274656150664147
1003,1,excited,always_probe,0.002,1.0,0.4628603155760868,0.007904233635032908,1,1,2.572,6.276399994931126e-05,2.5720627639999494,1,nan,0.675,0.46314252758685337,0.007916045014237748,0.002926775429505819,0.00011223184665044554,0.011969086607841692,0.007991510776315975,1,1,0.0,0.7638803297873537,0.5625845255245379,0.21814866954590997,0.04466064799089464
1003,1,excited,batch_aware,0.002,1.0,0.4628603155760868,0.007904233635032908,1,1,1.776,0.00013174900004742085,1.7761317490000474,0,-0.8,0.775,0.46362039025174945,0.007879092910102555,0.0039026272645204282,0.0002243275357753302,0.011969086607841692,0.007991510776315975,1,1,0.0,0.7638725705209747,0.5625296465966547,0.18043026320850963,0.02274656150664147
1003,1,excited,ignore_passive,0.002,1.0,0.4628603155760868,0.007904233635032908,1,1,1.776,0.00011597499997151317,1.7761159749999715,0,-0.8,0.775,0.46362039025174945,0.007879092910102555,0.0039026272645204282,0.0002243275357753302,0.011969086607841692,0.007991510776315975,1,1,0.0,0.7638725705209747,0.5625296465966547,0.18043026320850963,0.02274656150664147
1003,1,excited,oracle,0.002,1.0,0.4628603155760868,0.007904233635032908,1,1,1.644,6.338499974845035e-05,1.6440633849997484,0,nan,0.675,0.4628603155760868,0.007904233635032908,1e-10,1e-10,1e-10,1e-10,1,1,0.0,0.7638803677190059,0.5625847887078157,0.2184871643370491,0.025843441320000608
1004,1,excited,fixed_nominal,0.002,1.0,0.20123263383700105,0.0049934801789355224,0,0,0.352,0.0,10.352,0,nan,nan,0.8,0.012,0.5,0.008,0.5,0.008,1,1,0.0,0.061610198244884125,1.1748704611126253,0.597708944404588,0.00048337470801847215
1004,1,excited,passive,0.002,1.0,0.20123263383700105,0.0049934801789355224,0,0,0.156,0.0,10.156,0,nan,nan,0.20194297872477146,0.01187250750975726,0.00964671035008101,0.00797088043537762,0.5,0.008,1,1,0.0,0.061610198244884125,1.1748704611126253,0.2023618859390936,0.0006528996570740971
1004,1,excited,always_probe,0.002,1.0,0.20123263383700105,0.0049934801789355224,0,0,0.156,0.0,10.156,0,nan,nan,0.20194297872477146,0.01187250750975726,0.00964671035008101,0.00797088043537762,0.5,0.008,1,1,0.0,0.061610198244884125,1.1748704611126253,0.2023618859390936,0.0006528996570740971
1004,1,excited,batch_aware,0.002,1.0,0.20123263383700105,0.0049934801789355224,0,0,0.156,0.0,10.156,0,nan,nan,0.20194297872477146,0.01187250750975726,0.00964671035008101,0.00797088043537762,0.5,0.008,1,1,0.0,0.061610198244884125,1.1748704611126253,0.2023618859390936,0.0006528996570740971
1004,1,excited,ignore_passive,0.002,1.0,0.20123263383700105,0.0049934801789355224,0,0,0.156,0.0,10.156,0,nan,nan,0.20194297872477146,0.01187250750975726,0.00964671035008101,0.00797088043537762,0.5,0.008,1,1,0.0,0.061610198244884125,1.1748704611126253,0.2023618859390936,0.0006528996570740971
1004,1,excited,oracle,0.002,1.0,0.20123263383700105,0.0049934801789355224,1,1,1.592,5.718500005968963e-05,1.5920571850000598,0,nan,0.65,0.20123263383700105,0.0049934801789355224,1e-10,1e-10,1e-10,1e-10,1,1,0.0,0.762455661062437,0.5826976250994079,0.20945832523406588,0.024444309722733898
1005,1,excited,fixed_nominal,0.002,1.0,0.31510684229505126,0.023402926974937885,1,1,2.05,6.524899981741328e-05,2.0500652489998172,0,nan,0.8500000000000001,0.8,0.012,0.5,0.008,0.5,0.008,1,1,0.0,0.7465655440922873,0.859440454020706,0.6107852150060489,0.3415135531425616
1005,1,excited,passive,0.002,1.0,0.31510684229505126,0.023402926974937885,1,1,1.794,6.728100015607197e-05,1.7940672810001561,0,nan,0.775,0.31479977413083504,0.023301879381796772,0.0038916315908415116,0.0002665543932564305,0.012022576441392794,0.007996365749051474,1,1,0.0,0.7466921716303873,0.859440454020706,0.169319651170132,0.023530925767524413
1005,1,excited,always_probe,0.002,1.0,0.31510684229505126,0.023402926974937885,1,1,2.59,0.0001253000000360771,2.590125300000036,1,nan,0.675,0.31514650209309397,0.02341447681401377,0.0029176311147210026,0.00013099048321315527,0.012022576441392794,0.007996365749051474,1,1,0.0,0.7466992758387009,0.859440454020706,0.2124050212523377,0.023854059631834325
1005,1,excited,batch_aware,0.002,1.0,0.31510684229505126,0.023402926974937885,1,1,1.794,0.00014825299990661733,1.7941482529999067,0,-0.8,0.775,0.31479977413083504,0.023301879381796772,0.0038916315908415116,0.0002665543932564305,0.012022576441392794,0.007996365749051474,1,1,0.0,0.7466921716303873,0.859440454020706,0.169319651170132,0.023530925767524413
1005,1,excited,ignore_passive,0.002,1.0,0.31510684229505126,0.023402926974937885,1,1,1.794,0.00018458699992152106,1.7941845869999216,0,-0.8,0.775,0.31479977413083504,0.023301879381796772,0.0038916315908415116,0.0002665543932564305,0.012022576441392794,0.007996365749051474,1,1,0.0,0.7466921716303873,0.859440454020706,0.169319651170132,0.023530925767524413
1005,1,excited,oracle,0.002,1.0,0.31510684229505126,0.023402926974937885,1,1,1.644,6.757099981768988e-05,1.6440675709998176,0,nan,0.675,0.31510684229505126,0.023402926974937885,1e-10,1e-10,1e-10,1e-10,1,1,0.0,0.7466992458810705,0.5483549378420338,0.21218320310735284,0.024532739256024696
1006,1,excited,fixed_nominal,0.002,1.0,0.6716900070019542,0.015819709707392063,1,1,1.818,6.598000004487403e-05,1.818065980000045,0,nan,0.8500000000000001,0.8,0.012,0.5,0.008,0.5,0.008,1,1,0.0,0.7473375717678326,0.5483324029746816,0.6408155678598001,0.1145037929295458
1006,1,excited,passive,0.002,1.0,0.6716900070019542,0.015819709707392063,1,1,1.744,6.76219997330918e-05,1.744067621999733,0,nan,0.775,0.6718395192808437,0.01580762336113191,0.0040282790295626675,0.00025470047089518554,0.016425221753901438,0.00798854883711479,1,1,0.0,0.7473740180761159,0.5486046318228291,0.2822285531904244,0.0231604444771227
1006,1,excited,always_probe,0.002,1.0,0.6716900070019542,0.015819709707392063,1,1,2.54,0.00027832900036628416,2.5402783290003663,1,nan,0.675,0.6709881500157906,0.015820071469211956,0.0029858107481384143,0.00012259981569323226,0.016425221753901438,0.00798854883711479,1,1,0.0,0.7473806773941482,0.565334696036692,0.2822285531904244,0.023115077962876276
1006,1,excited,batch_aware,0.002,1.0,0.6716900070019542,0.015819709707392063,1,1,1.744,0.00014719099999638274,1.7441471909999964,0,-0.8,0.775,0.6718395192808437,0.01580762336113191,0.0040282790295626675,0.00025470047089518554,0.016425221753901438,0.00798854883711479,1,1,0.0,0.7473740180761159,0.5486046318228291,0.2822285531904244,0.0231604444771227
1006,1,excited,ignore_passive,0.002,1.0,0.6716900070019542,0.015819709707392063,1,1,1.744,0.00013113800014252774,1.7441311380001425,0,-0.8,0.775,0.6718395192808437,0.01580762336113191,0.0040282790295626675,0.00025470047089518554,0.016425221753901438,0.00798854883711479,1,1,0.0,0.7473740180761159,0.5486046318228291,0.2822285531904244,0.0231604444771227
1006,1,excited,oracle,0.002,1.0,0.6716900070019542,0.015819709707392063,1,1,1.644,6.728999983351969e-05,1.6440672899998334,0,nan,0.675,0.6716900070019542,0.015819709707392063,1e-10,1e-10,1e-10,1e-10,1,1,0.0,0.7473804036290488,0.5486521598537517,0.19453466550816292,0.02311736691324911
1007,1,excited,fixed_nominal,0.002,1.0,0.29971491244524007,0.020767547939092697,1,1,2.104,7.577499968647317e-05,2.1040757749996866,0,nan,0.875,0.8,0.012,0.5,0.008,0.5,0.008,1,1,0.0,0.7483421495062472,0.8902913621648787,0.6014420932712112,0.2566201627062649
1007,1,excited,passive,0.002,1.0,0.29971491244524007,0.020767547939092697,1,1,1.844,7.417200004056212e-05,1.8440741720000406,0,nan,0.8,0.29955321671655044,0.020742035345101644,0.003783350230742022,0.00027389102872968796,0.009648684869219736,0.007987580612355452,1,1,0.0,0.7484690021805063,0.8902913621648787,0.1616055544002095,0.02135149335919192
1007,1,excited,always_probe,0.002,1.0,0.29971491244524007,0.020767547939092697,1,1,2.64,7.294899978660396e-05,2.6400729489997867,1,nan,0.7000000000000001,0.2996833618192875,0.020749855402306474,0.002871186343137313,0.00012995512081288805,0.009648684869219736,0.007987580612355452,1,1,0.0,0.7484739070094061,0.8902913621648787,0.20410865028325784,0.024477643538744306
1007,1,excited,batch_aware,0.002,1.0,0.29971491244524007,0.020767547939092697,1,1,1.844,0.00015675500026191003,1.844156755000262,0,-0.8,0.8,0.29955321671655044,0.020742035345101644,0.003783350230742022,0.00027389102872968796,0.009648684869219736,0.007987580612355452,1,1,0.0,0.7484690021805063,0.8902913621648787,0.1616055544002095,0.02135149335919192
1007,1,excited,ignore_passive,0.002,1.0,0.29971491244524007,0.020767547939092697,1,1,1.844,0.00014397599989024457,1.8441439759998903,0,-0.8,0.8,0.29955321671655044,0.020742035345101644,0.003783350230742022,0.00027389102872968796,0.009648684869219736,0.007987580612355452,1,1,0.0,0.7484690021805063,0.8902913621648787,0.1616055544002095,0.02135149335919192
1007,1,excited,oracle,0.002,1.0,0.29971491244524007,0.020767547939092697,1,1,1.692,7.279900000867201e-05,1.6920727990000086,0,nan,0.7000000000000001,0.29971491244524007,0.020767547939092697,1e-10,1e-10,1e-10,1e-10,1,1,0.0,0.7484738581972809,0.5321636234163019,0.20415812015736182,0.024305106109663695
1008,1,excited,fixed_nominal,0.002,1.0,0.4341538486764662,0.020700167197761923,1,1,1.9900000000000002,6.519899989143596e-05,1.9900651989998916,0,nan,0.8500000000000001,0.8,0.012,0.5,0.008,0.5,0.008,1,1,0.0,0.7691758626779605,0.5871318142933418,0.6517478478126835,0.26421141533689946
1008,1,excited,passive,0.002,1.0,0.4341538486764662,0.020700167197761923,1,1,1.73,5.4000999853087706e-05,1.730054000999853,0,nan,0.75,0.4357807706335047,0.02063603412613019,0.00401335169966884,0.00024086446733599722,0.011979580182029626,0.007984011129291193,1,1,0.0,0.7692709128670944,0.5871318142933418,0.18617589480626695,0.02576439614494699
1008,1,excited,always_probe,0.002,1.0,0.4341538486764662,0.020700167197761923,1,1,2.5260000000000002,5.655599989040638e-05,2.5260565559998907,1,nan,0.65,0.4350148976403335,0.02068095023206685,0.002971416319926474,0.00012344611413764222,0.011979580182029626,0.007984011129291193,1,1,0.0,0.769280121628052,0.6066261770363052,0.234965867624352,0.027958245309785974
1008,1,excited,batch_aware,0.002,1.0,0.4341538486764662,0.020700167197761923,1,1,1.73,0.00013645500007442024,1.7301364550000744,0,-0.8,0.75,0.4357807706335047,0.02063603412613019,0.00401335169966884,0.00024086446733599722,0.011979580182029626,0.007984011129291193,1,1,0.0,0.7692709128670944,0.5871318142933418,0.18617589480626695,0.02576439614494699
1008,1,excited,ignore_passive,0.002,1.0,0.4341538486764662,0.020700167197761923,1,1,1.73,0.00010788300005515339,1.7301078830000551,0,-0.8,0.75,0.4357807706335047,0.02063603412613019,0.00401335169966884,0.00024086446733599722,0.011979580182029626,0.007984011129291193,1,1,0.0,0.7692709128670944,0.5871318142933418,0.18617589480626695,0.02576439614494699
1008,1,excited,oracle,0.002,1.0,0.4341538486764662,0.020700167197761923,1,1,1.592,5.831700013914087e-05,1.5920583170001392,0,nan,0.65,0.4341538486764662,0.020700167197761923,1e-10,1e-10,1e-10,1e-10,1,1,0.0,0.7692804831057595,0.586870457774458,0.23279296801408772,0.027336217926287553
1009,1,excited,fixed_nominal,0.002,1.0,0.279100646874815,0.00951905851647582,1,1,2.008,5.707599984816625e-05,2.008057075999848,0,nan,0.8250000000000001,0.8,0.012,0.5,0.008,0.5,0.008,1,1,0.0,0.754683286476709,0.9490082703192859,0.6034199820403188,0.04034810692765256
1009,1,excited,passive,0.002,1.0,0.279100646874815,0.00951905851647582,1,1,1.7440000000000002,6.147199997030839e-05,1.7440614719999705,0,nan,0.75,0.27810702090187667,0.009538436051028477,0.0038836288886345727,0.0002332922068759678,0.009646846290457192,0.007994644689937233,1,1,0.0,0.7548056224431227,0.9490082703192859,0.17567368271669487,0.024212261178842467
1009,1,excited,always_probe,0.002,1.0,0.279100646874815,0.00951905851647582,1,1,2.5400000000000005,5.5902999974932754e-05,2.5400559029999754,1,nan,0.65,0.2785198626526633,0.009530678767614261,0.0029132962615543083,0.00011440623151531689,0.009646846290457192,0.007994644689937233,1,1,0.0,0.7548129891290202,0.9490082703192859,0.21763600973652722,0.031981478163058276
1009,1,excited,batch_aware,0.002,1.0,0.279100646874815,0.00951905851647582,1,1,1.7440000000000002,0.00012109099998269812,1.744121090999983,0,-0.8,0.75,0.27810702090187667,0.009538436051028477,0.0038836288886345727,0.0002332922068759678,0.009646846290457192,0.007994644689937233,1,1,0.0,0.7548056224431227,0.9490082703192859,0.17567368271669487,0.024212261178842467
1009,1,excited,ignore_passive,0.002,1.0,0.279100646874815,0.00951905851647582,1,1,1.7440000000000002,0.0001333710001745203,1.7441333710001747,0,-0.8,0.75,0.27810702090187667,0.009538436051028477,0.0038836288886345727,0.0002332922068759678,0.009646846290457192,0.007994644689937233,1,1,0.0,0.7548056224431227,0.9490082703192859,0.17567368271669487,0.024212261178842467
1009,1,excited,oracle,0.002,1.0,0.279100646874815,0.00951905851647582,1,1,1.592,6.182200036164431e-05,1.5920618220003617,0,nan,0.65,0.279100646874815,0.00951905851647582,1e-10,1e-10,1e-10,1e-10,1,1,0.0,0.754812843341862,0.5760597086488346,0.21908843491857544,0.02475188660702735
1010,1,excited,fixed_nominal,0.002,1.0,0.33298919614620115,0.014323531818447402,1,1,2.096,6.964499993955542e-05,2.0960696449999396,0,nan,0.875,0.8,0.012,0.5,0.008,0.5,0.008,1,1,0.0,0.770493822415962,0.803280946627486,0.6155505265815325,0.09066879305076561
1010,1,excited,passive,0.002,1.0,0.33298919614620115,0.014323531818447402,1,1,1.84,9.059599983629596e-05,1.8400905959998364,0,nan,0.8,0.33402745591592986,0.014380349090263894,0.0038938169253204067,0.00023524686545348087,0.012029560806777879,0.007976778535449789,1,1,0.0,0.7706275230464917,0.803280946627486,0.17045048304480478,0.022625035048411606
1010,1,excited,always_probe,0.002,1.0,0.33298919614620115,0.014323531818447402,1,1,2.636,6.976500026212307e-05,2.6360697650002622,1,nan,0.7000000000000001,0.33337615083654687,0.014337265184647965,0.0029194221016682967,0.00011813141700756411,0.012029560806777879,0.007976778535449789,1,1,0.0,0.7706342009684375,0.803280946627486,0.21035365261629485,0.023832857674315013
1010,1,excited,batch_aware,0.002,1.0,0.33298919614620115,0.014323531818447402,1,1,1.84,0.00015485300014006498,1.8401548530001401,0,-0.8,0.8,0.33402745591592986,0.014380349090263894,0.0038938169253204067,0.00023524686545348087,0.012029560806777879,0.007976778535449789,1,1,0.0,0.7706275230464917,0.803280946627486,0.17045048304480478,0.022625035048411606
1010,1,excited,ignore_passive,0.002,1.0,0.33298919614620115,0.014323531818447402,1,1,1.84,0.00013931100011177477,1.8401393110001119,0,-0.8,0.8,0.33402745591592986,0.014380349090263894,0.0038938169253204067,0.00023524686545348087,0.012029560806777879,0.007976778535449789,1,1,0.0,0.7706275230464917,0.803280946627486,0.17045048304480478,0.022625035048411606
1010,1,excited,oracle,0.002,1.0,0.33298919614620115,0.014323531818447402,1,1,1.692,7.089599989740236e-05,1.6920708959998974,0,nan,0.7000000000000001,0.33298919614620115,0.014323531818447402,1e-10,1e-10,1e-10,1e-10,1,1,0.0,0.7706341848235614,0.5470029205081638,0.21015579900047004,0.024766389343672097
1011,1,excited,fixed_nominal,0.002,1.0,0.5977747764906113,0.014956441316716097,1,1,1.8860000000000001,6.25839998065203e-05,1.8860625839998066,0,nan,0.8500000000000001,0.8,0.012,0.5,0.008,0.5,0.008,1,1,0.0,0.7688273124999387,0.5866652100931347,0.8143831981809418,0.092373585130297
1011,1,excited,passive,0.002,1.0,0.5977747764906113,0.014956441316716097,1,1,1.6920000000000002,6.003899989082129e-05,1.692060038999891,0,nan,0.75,0.5973617870142488,0.014951416130882807,0.004137944523427258,0.0002464119437349383,0.01627241246202492,0.00799448752388211,1,1,0.0,0.7688774695939613,0.5868512205490735,0.42634318096653323,0.024564507484424365
1011,1,excited,always_probe,0.002,1.0,0.5977747764906113,0.014956441316716097,1,1,2.4880000000000004,5.403100021794671e-05,2.4880540310002184,1,nan,0.65,0.5968782347925446,0.014990514323190962,0.00302689113073659,0.00012012624913302168,0.01627241246202492,0.00799448752388211,1,1,0.0,0.7688851996606428,0.5869075358864463,0.42634318096653323,0.025485004942411668
1011,1,excited,batch_aware,0.002,1.0,0.5977747764906113,0.014956441316716097,1,1,1.6920000000000002,0.00012350499991953257,1.6921235049999197,0,-0.8,0.75,0.5973617870142488,0.014951416130882807,0.004137944523427258,0.0002464119437349383,0.01627241246202492,0.00799448752388211,1,1,0.0,0.7688774695939613,0.5868512205490735,0.42634318096653323,0.024564507484424365
1011,1,excited,ignore_passive,0.002,1.0,0.5977747764906113,0.014956441316716097,1,1,1.6920000000000002,0.00011355099991305906,1.6921135509999132,0,-0.8,0.75,0.5973617870142488,0.014951416130882807,0.004137944523427258,0.0002464119437349383,0.01627241246202492,0.00799448752388211,1,1,0.0,0.7688774695939613,0.5868512205490735,0.42634318096653323,0.024564507484424365
1011,1,excited,oracle,0.002,1.0,0.5977747764906113,0.014956441316716097,1,1,1.592,5.6154999811042217e-05,1.5920561549998111,0,nan,0.65,0.5977747764906113,0.014956441316716097,1e-10,1e-10,1e-10,1e-10,1,1,0.0,0.7688848926715353,0.5869050564452516,0.22374735274315694,0.024518726551816163
1012,1,excited,fixed_nominal,0.002,1.0,0.6288486765788946,0.019954873740693824,1,1,1.818,6.570000027750211e-05,1.8180657000002776,0,nan,0.8500000000000001,0.8,0.012,0.5,0.008,0.5,0.008,1,1,0.0,0.7425543147168149,0.5449948095762052,0.8544622283696031,0.23311152792098164
1012,1,excited,passive,0.002,1.0,0.6288486765788946,0.019954873740693824,1,1,1.744,6.977399993957079e-05,1.7440697739999396,0,nan,0.775,0.6301305531215041,0.019999602451342666,0.004021522067697364,0.0002532652558981125,0.0163524145840588,0.007994025240819639,1,1,0.0,0.7425998676543992,0.5452252621908708,0.3748078721304448,0.02200676983376203
1012,1,excited,always_probe,0.002,1.0,0.6288486765788946,0.019954873740693824,1,1,2.54,6.825100012974872e-05,2.54006825100013,1,nan,0.675,0.6295124371451281,0.01997649487152665,0.0029817388020247633,0.0001254392958935774,0.0163524145840588,0.007994025240819639,1,1,0.0,0.7426087070662802,0.5855162916471531,0.3748078721304448,0.025065962234480342
1012,1,excited,batch_aware,0.002,1.0,0.6288486765788946,0.019954873740693824,1,1,1.744,0.00015011499999673106,1.7441501149999967,0,-0.8,0.775,0.6301305531215041,0.019999602451342666,0.004021522067697364,0.0002532652558981125,0.0163524145840588,0.007994025240819639,1,1,0.0,0.7425998676543992,0.5452252621908708,0.3748078721304448,0.02200676983376203
1012,1,excited,ignore_passive,0.002,1.0,0.6288486765788946,0.019954873740693824,1,1,1.744,0.0001360329999897658,1.7441360329999898,0,-0.8,0.775,0.6301305531215041,0.019999602451342666,0.004021522067697364,0.0002532652558981125,0.0163524145840588,0.007994025240819639,1,1,0.0,0.7425998676543992,0.5452252621908708,0.3748078721304448,0.02200676983376203
1012,1,excited,oracle,0.002,1.0,0.6288486765788946,0.019954873740693824,1,1,1.644,7.297999968614022e-05,1.644072979999686,0,nan,0.675,0.6288486765788946,0.019954873740693824,1e-10,1e-10,1e-10,1e-10,1,1,0.0,0.7426089038567526,0.5459056764066325,0.20879807284539417,0.025078277884962266
1013,1,excited,fixed_nominal,0.002,1.0,1.312290081428663,0.0038165278462078903,1,1,2.1020000000000003,7.539400030509569e-05,2.1020753940003054,0,nan,0.875,0.8,0.012,0.5,0.008,0.5,0.008,1,1,0.0,0.7510720698263713,0.5334566235882658,0.8139260473371164,0.20434090840738095
1013,1,excited,passive,0.002,1.0,1.312290081428663,0.0038165278462078903,1,1,1.842,0.00011343999995006016,1.8421134399999501,0,nan,0.8,1.31160663789605,0.0038093635205616394,0.003997389598720902,0.00022951801077634274,0.011610616644718897,0.007998660544575122,1,1,0.0,0.7509410896516315,0.7120922980406764,0.163522285596823,0.022057670628341172
1013,1,excited,always_probe,0.002,1.0,1.312290081428663,0.0038165278462078903,1,1,2.638,7.290000007742492e-05,2.6380729000000773,1,nan,0.7000000000000001,1.312536604101362,0.003792418200131784,0.0030019570691213705,0.0001115006221016862,0.011610616644718897,0.007998660544575122,1,1,0.0,0.7509468598207488,0.7120922980406764,0.19797674340125448,0.050571966346214164
1013,1,excited,batch_aware,0.002,1.0,1.312290081428663,0.0038165278462078903,1,1,1.842,0.00017799900001591595,1.842177999000016,0,-0.8,0.8,1.31160663789605,0.0038093635205616394,0.003997389598720902,0.00022951801077634274,0.011610616644718897,0.007998660544575122,1,1,0.0,0.7509410896516315,0.7120922980406764,0.163522285596823,0.022057670628341172
1013,1,excited,ignore_passive,0.002,1.0,1.312290081428663,0.0038165278462078903,1,1,1.842,0.00014739200014446396,1.8421473920001445,0,-0.8,0.8,1.31160663789605,0.0038093635205616394,0.003997389598720902,0.00022951801077634274,0.011610616644718897,0.007998660544575122,1,1,0.0,0.7509410896516315,0.7120922980406764,0.163522285596823,0.022057670628341172
1013,1,excited,oracle,0.002,1.0,1.312290081428663,0.0038165278462078903,1,1,1.692,7.42920001357561e-05,1.6920742920001357,0,nan,0.7000000000000001,1.312290081428663,0.0038165278462078903,1e-10,1e-10,1e-10,1e-10,1,1,0.0,0.7509470506342572,0.532623025639905,0.19737214799337507,0.02234948475531027
1014,1,excited,fixed_nominal,0.002,1.0,0.8097336022719199,0.015471153021909535,1,1,1.868,7.109700004548358e-05,1.8680710970000456,0,nan,0.875,0.8,0.012,0.5,0.008,0.5,0.008,1,1,0.0,0.7689624556675098,0.5441946217414346,0.1759372837272422,0.10996107922941528
1014,1,excited,passive,0.002,1.0,0.8097336022719199,0.015471153021909535,1,1,1.792,7.187699998212338e-05,1.7920718769999822,0,nan,0.8,0.8092249204584356,0.01539872932119845,0.004052041714641435,0.00023744485002567204,0.016734621171951083,0.007993157172932737,1,1,0.0,0.7689641121229901,0.544205628971107,0.17588268718799038,0.02419574902736629
1014,1,excited,always_probe,0.002,1.0,0.8097336022719199,0.015471153021909535,1,1,2.588,7.501300001422351e-05,2.5880750130000143,1,nan,0.7000000000000001,0.8105366244762334,0.01541025177276879,0.003001584834938003,0.0001193464018116684,0.016734621171951083,0.007993157172932737,1,1,0.0,0.768969466576649,0.5622132979980319,0.2001359997334925,0.024465611882050892
1014,1,excited,batch_aware,0.002,1.0,0.8097336022719199,0.015471153021909535,1,1,1.792,0.00017411199996786308,1.792174111999968,0,-0.8,0.8,0.8092249204584356,0.01539872932119845,0.004052041714641435,0.00023744485002567204,0.016734621171951083,0.007993157172932737,1,1,0.0,0.7689641121229901,0.544205628971107,0.17588268718799038,0.02419574902736629
1014,1,excited,ignore_passive,0.002,1.0,0.8097336022719199,0.015471153021909535,1,1,1.792,0.0001882120000118448,1.7921882120000119,0,-0.8,0.8,0.8092249204584356,0.01539872932119845,0.004052041714641435,0.00023744485002567204,0.016734621171951083,0.007993157172932737,1,1,0.0,0.7689641121229901,0.544205628971107,0.17588268718799038,0.02419574902736629
1014,1,excited,oracle,0.002,1.0,0.8097336022719199,0.015471153021909535,1,1,1.692,7.151700015128881e-05,1.6920715170001512,0,nan,0.7000000000000001,0.8097336022719199,0.015471153021909535,1e-10,1e-10,1e-10,1e-10,1,1,0.0,0.7689698474563287,0.5461513749575826,0.19876151609906753,0.024166379388987875
1015,1,excited,fixed_nominal,0.002,1.0,0.7038641093276814,0.0159625600579694,1,1,1.868,0.00013860699982615188,1.8681386069998263,0,nan,0.875,0.8,0.012,0.5,0.008,0.5,0.008,1,1,0.0,0.748351194175319,0.5302970576722198,0.4801983949445347,0.11568176415064174
1015,1,excited,passive,0.002,1.0,0.7038641093276814,0.0159625600579694,1,1,1.792,7.501199979742523e-05,1.7920750119997975,0,nan,0.8,0.7035745434510384,0.015915346096464326,0.00403392642683186,0.00026305832474727404,0.016503002220019557,0.007992359632587607,1,1,0.0,0.748374510155633,0.5304420582112471,0.2034698093349361,0.02067772111966077
1015,1,excited,always_probe,0.002,1.0,0.7038641093276814,0.0159625600579694,1,1,2.588,7.559400000900496e-05,2.588075594000009,1,nan,0.7000000000000001,0.703726836234204,0.01597514305727372,0.002989841510427025,0.00012427972814532396,0.016503002220019557,0.007992359632587607,1,1,0.0,0.7483831714085812,0.5671964604580052,0.2034698093349361,0.023609668778789516
1015,1,excited,batch_aware,0.002,1.0,0.7038641093276814,0.0159625600579694,1,1,1.792,0.00016128199990816938,1.7921612819999082,0,-0.8,0.8,0.7035745434510384,0.015915346096464326,0.00403392642683186,0.00026305832474727404,0.016503002220019557,0.007992359632587607,1,1,0.0,0.748374510155633,0.5304420582112471,0.2034698093349361,0.02067772111966077
1015,1,excited,ignore_passive,0.002,1.0,0.7038641093276814,0.0159625600579694,1,1,1.792,0.00017032599998856313,1.7921703259999886,0,-0.8,0.8,0.7035745434510384,0.015915346096464326,0.00403392642683186,0.00026305832474727404,0.016503002220019557,0.007992359632587607,1,1,0.0,0.748374510155633,0.5304420582112471,0.2034698093349361,0.02067772111966077
1015,1,excited,oracle,0.002,1.0,0.7038641093276814,0.0159625600579694,1,1,1.692,7.455200011463603e-05,1.6920745520001146,0,nan,0.7000000000000001,0.7038641093276814,0.0159625600579694,1e-10,1e-10,1e-10,1e-10,1,1,0.0,0.7483831104321528,0.5304952055890974,0.1985387431519868,0.02219893706928224
1016,1,excited,fixed_nominal,0.002,1.0,0.5191882353970596,0.012181961795169161,1,1,1.98,6.958399990253383e-05,1.9800695839999025,0,nan,0.8500000000000001,0.8,0.012,0.5,0.008,0.5,0.008,1,1,0.0,0.7521405657543674,0.5526523043959728,0.6925389368443314,0.03057085211992329
1016,1,excited,passive,0.002,1.0,0.5191882353970596,0.012181961795169161,1,1,1.744,7.104699989213259e-05,1.7440710469998921,0,nan,0.775,0.5182057243494155,0.012143210102030016,0.004004409099425819,0.00023742924581315926,0.016134345697543587,0.007974565168517262,1,1,0.0,0.7522130894465288,0.5531613656952646,0.6115281859871571,0.02406321174406235
1016,1,excited,always_probe,0.002,1.0,0.5191882353970596,0.012181961795169161,1,1,2.54,0.0001064300001871743,2.540106430000187,1,nan,0.675,0.5189455821691347,0.012154433613515626,0.0029708323927931653,0.00011693377552995903,0.016134345697543587,0.007974565168517262,1,1,0.0,0.7522196000149596,0.5532052780144122,0.6115281859871571,0.025451206409271974
1016,1,excited,batch_aware,0.002,1.0,0.5191882353970596,0.012181961795169161,1,1,1.744,0.0001647579999826121,1.7441647579999826,0,-0.8,0.775,0.5182057243494155,0.012143210102030016,0.004004409099425819,0.00023742924581315926,0.016134345697543587,0.007974565168517262,1,1,0.0,0.7522130894465288,0.5531613656952646,0.6115281859871571,0.02406321174406235
1016,1,excited,ignore_passive,0.002,1.0,0.5191882353970596,0.012181961795169161,1,1,1.744,0.00012871299986727536,1.7441287129998673,0,-0.8,0.775,0.5182057243494155,0.012143210102030016,0.004004409099425819,0.00023742924581315926,0.016134345697543587,0.007974565168517262,1,1,0.0,0.7522130894465288,0.5531613656952646,0.6115281859871571,0.02406321174406235
1016,1,excited,oracle,0.002,1.0,0.5191882353970596,0.012181961795169161,1,1,1.644,6.628999994973128e-05,1.6440662899999496,0,nan,0.675,0.5191882353970596,0.012181961795169161,1e-10,1e-10,1e-10,1e-10,1,1,0.0,0.7522196404146183,0.553205576024358,0.2140552055979715,0.024918771518451406
1017,1,excited,fixed_nominal,0.002,1.0,1.4856924560343867,0.020890633093577735,1,1,2.474,8.152200007316424e-05,2.4740815220000734,0,nan,0.9,0.8,0.012,0.5,0.008,0.5,0.008,1,1,0.0,0.7481712227973603,0.5948918323388009,0.5291013561606046,0.10573798671373984
1017,1,excited,passive,0.002,1.0,1.4856924560343867,0.020890633093577735,1,1,1.9040000000000001,8.092200005194172e-05,1.904080922000052,0,nan,0.8250000000000001,1.4848175975674895,0.020866644073191148,0.003820230115446212,0.00027028765584708326,0.009648930758008909,0.007945311519205115,1,1,0.0,0.7481875855228478,0.9303360215443941,0.16571958389666236,0.019307847619915684
1017,1,excited,always_probe,0.002,1.0,1.4856924560343867,0.020890633093577735,1,1,2.7,8.504900029038254e-05,2.7000850490002906,1,nan,0.7250000000000001,1.4849828744653994,0.020868436593964125,0.002932935555684773,0.00012954770916667697,0.009648930758008909,0.007945311519205115,1,1,0.0,0.748191786657695,0.9303360215443941,0.18968627228625384,0.021826454592881947
1017,1,excited,batch_aware,0.002,1.0,1.4856924560343867,0.020890633093577735,1,1,1.9040000000000001,0.00017810800022743933,1.9041781080002276,0,-0.8,0.8250000000000001,1.4848175975674895,0.020866644073191148,0.003820230115446212,0.00027028765584708326,0.009648930758008909,0.007945311519205115,1,1,0.0,0.7481875855228478,0.9303360215443941,0.16571958389666236,0.019307847619915684
1017,1,excited,ignore_passive,0.002,1.0,1.4856924560343867,0.020890633093577735,1,1,1.9040000000000001,0.00016668099965500005,1.9041666809996551,0,-0.8,0.8250000000000001,1.4848175975674895,0.020866644073191148,0.003820230115446212,0.00027028765584708326,0.009648930758008909,0.007945311519205115,1,1,0.0,0.7481875855228478,0.9303360215443941,0.16571958389666236,0.019307847619915684
1017,1,excited,oracle,0.002,1.0,1.4856924560343867,0.020890633093577735,1,1,1.744,8.497700014231668e-05,1.7440849770001423,0,nan,0.7250000000000001,1.4856924560343867,0.020890633093577735,1e-10,1e-10,1e-10,1e-10,1,1,0.0,0.7481915525093353,0.511145010006771,0.1895057840485963,0.02156952270028916
1018,1,excited,fixed_nominal,0.002,1.0,1.031565628864165,0.0124640587409875,1,1,2.0060000000000002,7.115799985513149e-05,2.0060711579998554,0,nan,0.875,0.8,0.012,0.5,0.008,0.5,0.008,1,1,0.0,0.7669577433671356,0.5421731987593259,0.7102635633197423,0.020815936801787036
1018,1,excited,passive,0.002,1.0,1.031565628864165,0.0124640587409875,1,1,1.792,7.220800011964457e-05,1.7920722080001197,0,nan,0.8,1.0311994988529252,0.012376776393942534,0.004092648713280019,0.00023421897700624136,0.017255610462821,0.007970666932482155,1,1,0.0,0.7668968415058223,0.5421058357864579,0.4616804700189964,0.021131124668041696
1018,1,excited,always_probe,0.002,1.0,1.031565628864165,0.0124640587409875,1,1,2.588,7.378000009339303e-05,2.5880737800000935,1,nan,0.7000000000000001,1.0317303052093922,0.012448690623898381,0.0030274293737144477,0.00011682259945247068,0.017255610462821,0.007970666932482155,1,1,0.0,0.7669031217277358,0.548161485383323,0.4616804700189964,0.023724936810617565
1018,1,excited,batch_aware,0.002,1.0,1.031565628864165,0.0124640587409875,1,1,1.792,0.00015661699990232592,1.7921566169999024,0,-0.8,0.8,1.0311994988529252,0.012376776393942534,0.004092648713280019,0.00023421897700624136,0.017255610462821,0.007970666932482155,1,1,0.0,0.7668968415058223,0.5421058357864579,0.4616804700189964,0.021131124668041696
1018,1,excited,ignore_passive,0.002,1.0,1.031565628864165,0.0124640587409875,1,1,1.792,0.0001393300003655895,1.7921393300003656,0,-0.8,0.8,1.0311994988529252,0.012376776393942534,0.004092648713280019,0.00023421897700624136,0.017255610462821,0.007970666932482155,1,1,0.0,0.7668968415058223,0.5421058357864579,0.4616804700189964,0.021131124668041696
1018,1,excited,oracle,0.002,1.0,1.031565628864165,0.0124640587409875,1,1,1.692,7.363000031546107e-05,1.6920736300003154,0,nan,0.7000000000000001,1.031565628864165,0.0124640587409875,1e-10,1e-10,1e-10,1e-10,1,1,0.0,0.7669033909118723,0.5443555089284823,0.1998776883775072,0.023214042726513073
1019,1,excited,fixed_nominal,0.002,1.0,0.5036976020492282,0.011107886101555628,1,1,1.988,6.0430999837990385e-05,1.988060430999838,0,nan,0.8500000000000001,0.8,0.012,0.5,0.008,0.5,0.008,1,1,0.0,0.7615643463598226,0.5602891873119366,0.6824040331075429,0.025464572808204904
1019,1,excited,passive,0.002,1.0,0.5036976020492282,0.011107886101555628,1,1,1.764,6.237399998099136e-05,1.764062373999981,0,nan,0.775,0.5043558990498549,0.011084285259802595,0.0039050921656962165,0.0002283401513960072,0.011948470140516055,0.007994391411390104,1,1,0.0,0.761645665258205,0.5608716556599905,0.29940179631303554,0.024778132382483053
1019,1,excited,always_probe,0.002,1.0,0.5036976020492282,0.011107886101555628,1,1,2.56,6.204200008141925e-05,2.5600620420000815,1,nan,0.675,0.5042699093544453,0.01111008694394396,0.002929100881261988,0.00011456831999329783,0.011948470140516055,0.007994391411390104,1,1,0.0,0.7616533918071632,0.5609263576643019,0.29940179631303554,0.0318919455015502
1019,1,excited,batch_aware,0.002,1.0,0.5036976020492282,0.011107886101555628,1,1,1.764,0.00013370199985729414,1.7641337019998573,0,-0.8,0.775,0.5043558990498549,0.011084285259802595,0.0039050921656962165,0.0002283401513960072,0.011948470140516055,0.007994391411390104,1,1,0.0,0.761645665258205,0.5608716556599905,0.29940179631303554,0.024778132382483053
1019,1,excited,ignore_passive,0.002,1.0,0.5036976020492282,0.011107886101555628,1,1,1.764,0.000121362000299996,1.7641213620003,0,-0.8,0.775,0.5043558990498549,0.011084285259802595,0.0039050921656962165,0.0002283401513960072,0.011948470140516055,0.007994391411390104,1,1,0.0,0.761645665258205,0.5608716556599905,0.29940179631303554,0.024778132382483053
1019,1,excited,oracle,0.002,1.0,0.5036976020492282,0.011107886101555628,1,1,1.644,6.0330999758662074e-05,1.6440603309997586,0,nan,0.675,0.5036976020492282,0.011107886101555628,1e-10,1e-10,1e-10,1e-10,1,1,0.0,0.7616534225561145,0.5609265737292392,0.21678902561772734,0.026365979342964294
1020,1,excited,fixed_nominal,0.002,1.0,1.0101803401942053,0.008524531469628635,1,1,1.8860000000000001,5.690599959962128e-05,1.8860569059995997,0,nan,0.8250000000000001,0.8,0.012,0.5,0.008,0.5,0.008,1,1,0.0,0.7570104250842341,0.5786522601813844,0.7498253240129723,0.08655692374563527
1020,1,excited,passive,0.002,1.0,1.0101803401942053,0.008524531469628635,1,1,1.6920000000000002,5.512399980034388e-05,1.6920551239998005,0,nan,0.75,1.0107324736837455,0.008557782973012715,0.00421346607870699,0.00022194473971215027,0.01720940159206843,0.00799790405476049,1,1,0.0,0.7569619069298779,0.5782800619912188,0.4457634299933218,0.02671581830080401
1020,1,excited,always_probe,0.002,1.0,1.0101803401942053,0.008524531469628635,1,1,2.4880000000000004,5.618399995910295e-05,2.4880561839999595,1,nan,0.65,1.0105048493001327,0.008553324246135814,0.0030739000258932533,0.00011178152337002265,0.01720940159206843,0.00799790405476049,1,1,0.0,0.7569686919286307,0.5783284562481646,0.4457634299933218,0.035897773989770634
1020,1,excited,batch_aware,0.002,1.0,1.0101803401942053,0.008524531469628635,1,1,1.6920000000000002,0.0001194499998291576,1.6921194499998293,0,-0.8,0.75,1.0107324736837455,0.008557782973012715,0.00421346607870699,0.00022194473971215027,0.01720940159206843,0.00799790405476049,1,1,0.0,0.7569619069298779,0.5782800619912188,0.4457634299933218,0.02671581830080401
1020,1,excited,ignore_passive,0.002,1.0,1.0101803401942053,0.008524531469628635,1,1,1.6920000000000002,0.00011199000027772854,1.692111990000278,0,-0.8,0.75,1.0107324736837455,0.008557782973012715,0.00421346607870699,0.00022194473971215027,0.01720940159206843,0.00799790405476049,1,1,0.0,0.7569619069298779,0.5782800619912188,0.4457634299933218,0.02671581830080401
1020,1,excited,oracle,0.002,1.0,1.0101803401942053,0.008524531469628635,1,1,1.592,5.3600999990521814e-05,1.5920536009999906,0,nan,0.65,1.0101803401942053,0.008524531469628635,1e-10,1e-10,1e-10,1e-10,1,1,0.0,0.7569688736447769,0.5783298836153492,0.21371508207623918,0.02666971438472535
1021,1,excited,fixed_nominal,0.002,1.0,0.7241433995407722,0.0038595824926138606,1,1,1.9180000000000001,8.330600030603819e-05,1.9180833060003062,0,nan,0.9,0.8,0.012,0.5,0.008,0.5,0.008,1,1,0.0,0.7496715482304562,0.5122271008691122,0.37878064897081526,0.18386525886743632
1021,1,excited,passive,0.002,1.0,0.7241433995407722,0.0038595824926138606,1,1,1.844,8.198399996217631e-05,1.8440819839999623,0,nan,0.8250000000000001,0.7250599075071376,0.0038240224923989825,0.003924380295307892,0.0002400389693632876,0.016535912410397795,0.007999864813543383,1,1,0.0,0.7496906549230301,0.5123425493476307,0.15525376536650512,0.02139519223984254
1021,1,excited,always_probe,0.002,1.0,0.7241433995407722,0.0038595824926138606,1,1,2.64,8.185199976651347e-05,2.6400818519997666,1,nan,0.7250000000000001,0.7242804482872713,0.00384159134379868,0.002945030171912935,0.00011354056587553474,0.016535912410397795,0.007999864813543383,1,1,0.0,0.7496968717386544,0.5478244072423541,0.1888037310478468,0.05745770153356388
1021,1,excited,batch_aware,0.002,1.0,0.7241433995407722,0.0038595824926138606,1,1,1.844,0.00017628400019020773,1.8441762840001903,0,-0.8,0.8250000000000001,0.7250599075071376,0.0038240224923989825,0.003924380295307892,0.0002400389693632876,0.016535912410397795,0.007999864813543383,1,1,0.0,0.7496906549230301,0.5123425493476307,0.15525376536650512,0.02139519223984254
1021,1,excited,ignore_passive,0.002,1.0,0.7241433995407722,0.0038595824926138606,1,1,1.844,0.00017074700008379295,1.8441707470000839,0,-0.8,0.8250000000000001,0.7250599075071376,0.0038240224923989825,0.003924380295307892,0.0002400389693632876,0.016535912410397795,0.007999864813543383,1,1,0.0,0.7496906549230301,0.5123425493476307,0.15525376536650512,0.02139519223984254
1021,1,excited,oracle,0.002,1.0,0.7241433995407722,0.0038595824926138606,1,1,1.744,8.353600014743279e-05,1.7440835360001474,0,nan,0.7250000000000001,0.7241433995407722,0.0038595824926138606,1e-10,1e-10,1e-10,1e-10,1,1,0.0,0.7496969529961593,0.5123804520502114,0.18878393972650634,0.02158043469387573
1022,1,excited,fixed_nominal,0.002,1.0,0.2007373035940423,0.023123585389293697,0,0,0.354,0.0,10.354,0,nan,nan,0.8,0.012,0.5,0.008,0.5,0.008,1,1,0.0,0.06167485762868571,1.1767319458415206,0.581766357039619,0.0011559067688240068
1022,1,excited,passive,0.002,1.0,0.2007373035940423,0.023123585389293697,0,0,0.156,0.0,10.156,0,nan,nan,0.1983861992444571,0.011771827064623371,0.009644378593515184,0.007974256535716722,0.5,0.008,1,1,0.0,0.06167485762868571,1.1767319458415206,0.21627619158774264,1.1951027138684738e-05
1022,1,excited,always_probe,0.002,1.0,0.2007373035940423,0.023123585389293697,0,0,0.156,0.0,10.156,0,nan,nan,0.1983861992444571,0.011771827064623371,0.009644378593515184,0.007974256535716722,0.5,0.008,1,1,0.0,0.06167485762868571,1.1767319458415206,0.21627619158774264,1.1951027138684738e-05
1022,1,excited,batch_aware,0.002,1.0,0.2007373035940423,0.023123585389293697,0,0,0.156,0.0,10.156,0,nan,nan,0.1983861992444571,0.011771827064623371,0.009644378593515184,0.007974256535716722,0.5,0.008,1,1,0.0,0.06167485762868571,1.1767319458415206,0.21627619158774264,1.1951027138684738e-05
1022,1,excited,ignore_passive,0.002,1.0,0.2007373035940423,0.023123585389293697,0,0,0.156,0.0,10.156,0,nan,nan,0.1983861992444571,0.011771827064623371,0.009644378593515184,0.007974256535716722,0.5,0.008,1,1,0.0,0.06167485762868571,1.1767319458415206,0.21627619158774264,1.1951027138684738e-05
1022,1,excited,oracle,0.002,1.0,0.2007373035940423,0.023123585389293697,1,1,1.692,7.434200006173342e-05,1.6920743420000617,0,nan,0.7000000000000001,0.2007373035940423,0.023123585389293697,1e-10,1e-10,1e-10,1e-10,1,1,0.0,0.7442277729015341,0.5273441420132738,0.19562298917438337,0.022892326877827125
1023,1,excited,fixed_nominal,0.002,1.0,0.6744167120119368,0.022835670906901563,1,1,1.868,6.972500000301807e-05,1.8680697250000031,0,nan,0.875,0.8,0.012,0.5,0.008,0.5,0.008,1,1,0.0,0.7699561542556562,0.5447968154088562,0.6266493218333113,0.3216930189785557
1023,1,excited,passive,0.002,1.0,0.6744167120119368,0.022835670906901563,1,1,1.792,7.19189999927039e-05,1.7920719189999927,0,nan,0.8,0.6732789195916914,0.02281782822335353,0.004029109469171414,0.0002617515397751494,0.01643965541428334,0.007996729446475781,1,1,0.0,0.7699959280286505,0.5450462574374891,0.26475870499919446,0.022775258741359345
1023,1,excited,always_probe,0.002,1.0,0.6744167120119368,0.022835670906901563,1,1,2.588,7.106800012479653e-05,2.588071068000125,1,nan,0.7000000000000001,0.6743336703367123,0.02284741173074423,0.0029865341472037734,0.0001299329026666182,0.01643965541428334,0.007996729446475781,1,1,0.0,0.7700014005841805,0.6214840678534425,0.26475870499919446,0.023627433473690247
1023,1,excited,batch_aware,0.002,1.0,0.6744167120119368,0.022835670906901563,1,1,1.792,0.00016184400010388345,1.792161844000104,0,-0.8,0.8,0.6732789195916914,0.02281782822335353,0.004029109469171414,0.0002617515397751494,0.01643965541428334,0.007996729446475781,1,1,0.0,0.7699959280286505,0.5450462574374891,0.26475870499919446,0.022775258741359345
1023,1,excited,ignore_passive,0.002,1.0,0.6744167120119368,0.022835670906901563,1,1,1.792,0.00014396699953067582,1.7921439669995307,0,-0.8,0.8,0.6732789195916914,0.02281782822335353,0.004029109469171414,0.0002617515397751494,0.01643965541428334,0.007996729446475781,1,1,0.0,0.7699959280286505,0.5450462574374891,0.26475870499919446,0.022775258741359345
1023,1,excited,oracle,0.002,1.0,0.6744167120119368,0.022835670906901563,1,1,1.692,7.224799992400222e-05,1.692072247999924,0,nan,0.7000000000000001,0.6744167120119368,0.022835670906901563,1e-10,1e-10,1e-10,1e-10,1,1,0.0,0.7700015936095527,0.5450806361773567,0.20007242557297644,0.023522649700129985
1024,1,excited,fixed_nominal,0.002,1.0,0.6514467567631979,0.007942114630527877,1,1,1.818,6.359700000757584e-05,1.8180635970000076,0,nan,0.8500000000000001,0.8,0.012,0.5,0.008,0.5,0.008,1,1,0.0,0.7534444483108045,0.554691323557555,0.7407721556141899,0.08434478394782133
1024,1,excited,passive,0.002,1.0,0.6514467567631979,0.007942114630527877,1,1,1.744,6.891399993946834e-05,1.7440689139999395,0,nan,0.775,0.6510157312440921,0.007982698900342434,0.004024717161563088,0.00022266354926736012,0.0163924541034152,0.007998627313537355,1,1,0.0,0.7534857873654746,0.5547215475460843,0.3181282736927237,0.02435609561507812
1024,1,excited,always_probe,0.002,1.0,0.6514467567631979,0.007942114630527877,1,1,2.54,6.894400007695367e-05,2.540068944000077,1,nan,0.675,0.6500356394644207,0.007927963232543057,0.002983828578639467,0.00011186469835525848,0.0163924541034152,0.007998627313537355,1,1,0.0,0.7534935479127153,0.5547266148015265,0.3181282736927237,0.038330992395358476
1024,1,excited,batch_aware,0.002,1.0,0.6514467567631979,0.007942114630527877,1,1,1.744,0.0001472209999064944,1.7441472209999065,0,-0.8,0.775,0.6510157312440921,0.007982698900342434,0.004024717161563088,0.00022266354926736012,0.0163924541034152,0.007998627313537355,1,1,0.0,0.7534857873654746,0.5547215475460843,0.3181282736927237,0.02435609561507812
1024,1,excited,ignore_passive,0.002,1.0,0.6514467567631979,0.007942114630527877,1,1,1.744,0.0001322090001849574,1.744132209000185,0,-0.8,0.775,0.6510157312440921,0.007982698900342434,0.004024717161563088,0.00022266354926736012,0.0163924541034152,0.007998627313537355,1,1,0.0,0.7534857873654746,0.5547215475460843,0.3181282736927237,0.02435609561507812
1024,1,excited,oracle,0.002,1.0,0.6514467567631979,0.007942114630527877,1,1,1.644,6.66099999762082e-05,1.6440666099999761,0,nan,0.675,0.6514467567631979,0.007942114630527877,1e-10,1e-10,1e-10,1e-10,1,1,0.0,0.7534929166312729,0.5547261308543117,0.20542702725569245,0.02489790983099714
1025,1,excited,fixed_nominal,0.002,1.0,1.3495643132438015,0.016467172383280073,1,1,2.032,7.891699988249457e-05,2.0320789169998825,0,nan,0.8500000000000001,0.8,0.012,0.5,0.008,0.5,0.008,1,1,0.0,0.7646575563649398,0.583681926721903,0.7569517342105585,0.09492497082800623
1025,1,excited,passive,0.002,1.0,1.3495643132438015,0.016467172383280073,1,1,1.7440000000000002,5.48230000276817e-05,1.744054823000028,0,nan,0.75,1.3490733395843648,0.01642812279141633,0.004005687170587666,0.0002458124800769963,0.00965205484005248,0.00799440359988507,1,1,0.0,0.764535721145088,0.7664233369056112,0.18294269882152964,0.024676476428277413
1025,1,excited,always_probe,0.002,1.0,1.3495643132438015,0.016467172383280073,1,1,2.5400000000000005,5.6195000070147216e-05,2.5400561950000706,1,nan,0.65,1.3498620876524305,0.016426113662659753,0.0030068760398584454,0.0001212311801503726,0.00965205484005248,0.00799440359988507,1,1,0.0,0.7645420343063206,0.7664233369056112,0.22053228607068665,0.025677065296714915
1025,1,excited,batch_aware,0.002,1.0,1.3495643132438015,0.016467172383280073,1,1,1.7440000000000002,0.00013394200004768209,1.744133942000048,0,-0.8,0.75,1.3490733395843648,0.01642812279141633,0.004005687170587666,0.0002458124800769963,0.00965205484005248,0.00799440359988507,1,1,0.0,0.764535721145088,0.7664233369056112,0.18294269882152964,0.024676476428277413
1025,1,excited,ignore_passive,0.002,1.0,1.3495643132438015,0.016467172383280073,1,1,1.7440000000000002,0.0001078309999229532,1.7441078309999232,0,-0.8,0.75,1.3490733395843648,0.01642812279141633,0.004005687170587666,0.0002458124800769963,0.00965205484005248,0.00799440359988507,1,1,0.0,0.764535721145088,0.7664233369056112,0.18294269882152964,0.024676476428277413
1025,1,excited,oracle,0.002,1.0,1.3495643132438015,0.016467172383280073,1,1,1.592,6.590799989680818e-05,1.592065907999897,0,nan,0.65,1.3495643132438015,0.016467172383280073,1e-10,1e-10,1e-10,1e-10,1,1,0.0,0.7645422211546644,0.5834830400149758,0.220110658586609,0.024961043493395174
1026,1,excited,fixed_nominal,0.002,1.0,0.439032074266144,0.015687697085048382,1,1,1.988,6.768200000806246e-05,1.988067682000008,0,nan,0.8500000000000001,0.8,0.012,0.5,0.008,0.5,0.008,1,1,0.0,0.7671866222049787,0.5855376076650215,0.6560260240078163,0.11721957781932155
1026,1,excited,passive,0.002,1.0,0.439032074266144,0.015687697085048382,1,1,1.7280000000000002,5.4041000112192705e-05,1.7280540410001124,0,nan,0.75,0.4396158582020375,0.015579897787850936,0.0040132330218470525,0.00024861493678070756,0.01198404504114298,0.007994968182442313,1,1,0.0,0.7672692039917639,0.5861761163709768,0.1768638052243249,0.023672404148009012
1026,1,excited,always_probe,0.002,1.0,0.439032074266144,0.015687697085048382,1,1,2.5240000000000005,5.724599964196386e-05,2.5240572459996424,1,nan,0.65,0.43973214054486287,0.015638920040589387,0.0029716091662978124,0.00012103231618021454,0.01198404504114298,0.007994968182442313,1,1,0.0,0.7672756849322919,0.5862241787049589,0.20672477234496742,0.023996559758004233
1026,1,excited,batch_aware,0.002,1.0,0.439032074266144,0.015687697085048382,1,1,1.7280000000000002,0.00011994000010417949,1.7281199400001044,0,-0.8,0.75,0.4396158582020375,0.015579897787850936,0.0040132330218470525,0.00024861493678070756,0.01198404504114298,0.007994968182442313,1,1,0.0,0.7672692039917639,0.5861761163709768,0.1768638052243249,0.023672404148009012
1026,1,excited,ignore_passive,0.002,1.0,0.439032074266144,0.015687697085048382,1,1,1.7280000000000002,0.00014901399981681607,1.728149013999817,0,-0.8,0.75,0.4396158582020375,0.015579897787850936,0.0040132330218470525,0.00024861493678070756,0.01198404504114298,0.007994968182442313,1,1,0.0,0.7672692039917639,0.5861761163709768,0.1768638052243249,0.023672404148009012
1026,1,excited,oracle,0.002,1.0,0.439032074266144,0.015687697085048382,1,1,1.592,5.961000010756834e-05,1.5920596100001077,0,nan,0.65,0.439032074266144,0.015687697085048382,1e-10,1e-10,1e-10,1e-10,1,1,0.0,0.767275870797479,0.5862256604535679,0.20598914114378788,0.023629519100922067
1027,1,excited,fixed_nominal,0.002,1.0,0.23916437855556752,0.014929349798439306,0,0,0.34600000000000003,0.0,10.346,0,nan,nan,0.8,0.012,0.5,0.008,0.5,0.008,1,1,0.0,0.05739399986640912,1.0583735098441407,0.5952184403440708,0.0009558865342094336
1027,1,excited,passive,0.002,1.0,0.23916437855556752,0.014929349798439306,0,0,0.154,0.0,10.154,0,nan,nan,0.24423885552766733,0.011936571110077223,0.009651025745609092,0.007982797817285121,0.5,0.008,1,1,0.0,0.05739399986640912,1.0583735098441407,0.12754119746543716,0.00014020770629536689
1027,1,excited,always_probe,0.002,1.0,0.23916437855556752,0.014929349798439306,0,0,0.154,0.0,10.154,0,nan,nan,0.24423885552766733,0.011936571110077223,0.009651025745609092,0.007982797817285121,0.5,0.008,1,1,0.0,0.05739399986640912,1.0583735098441407,0.12754119746543716,0.00014020770629536689
1027,1,excited,batch_aware,0.002,1.0,0.23916437855556752,0.014929349798439306,0,0,0.154,0.0,10.154,0,nan,nan,0.24423885552766733,0.011936571110077223,0.009651025745609092,0.007982797817285121,0.5,0.008,1,1,0.0,0.05739399986640912,1.0583735098441407,0.12754119746543716,0.00014020770629536689
1027,1,excited,ignore_passive,0.002,1.0,0.23916437855556752,0.014929349798439306,0,0,0.154,0.0,10.154,0,nan,nan,0.24423885552766733,0.011936571110077223,0.009651025745609092,0.007982797817285121,0.5,0.008,1,1,0.0,0.05739399986640912,1.0583735098441407,0.12754119746543716,0.00014020770629536689
1027,1,excited,oracle,0.002,1.0,0.23916437855556752,0.014929349798439306,1,1,1.644,6.0630999996647006e-05,1.6440606309999966,0,nan,0.675,0.23916437855556752,0.014929349798439306,1e-10,1e-10,1e-10,1e-10,1,1,0.0,0.7697384970857579,0.5670696112878173,0.2243209767570982,0.02547605090253623
1028,1,excited,fixed_nominal,0.002,1.0,1.3426395100577646,0.010878378202408194,1,1,2.108,9.405099967807473e-05,2.108094050999678,0,nan,0.875,0.8,0.012,0.5,0.008,0.5,0.008,1,1,0.0,0.7513198900461473,0.531794367073383,0.8561120418428161,0.0328184156901215
1028,1,excited,passive,0.002,1.0,1.3426395100577646,0.010878378202408194,1,1,1.844,7.159699998737779e-05,1.8440715969999875,0,nan,0.8,1.3424295004868039,0.01087214889309264,0.003899524244490057,0.00024801749146157576,0.009655305218638277,0.00790179394097774,1,1,0.0,0.7511854149896604,0.7539184670626082,0.1645193267519612,0.021239496347987025
1028,1,excited,always_probe,0.002,1.0,1.3426395100577646,0.010878378202408194,1,1,2.64,7.662599978175422e-05,2.640076625999782,1,nan,0.7000000000000001,1.3436679456191547,0.010878224874655253,0.0029613411128511205,0.00011807146695459356,0.009655305218638277,0.00790179394097774,1,1,0.0,0.7511895252282728,0.7539184670626082,0.19639248827854136,0.024061866583089033
1028,1,excited,batch_aware,0.002,1.0,1.3426395100577646,0.010878378202408194,1,1,1.844,0.00016058100004556763,1.8441605810000457,0,-0.8,0.8,1.3424295004868039,0.01087214889309264,0.003899524244490057,0.00024801749146157576,0.009655305218638277,0.00790179394097774,1,1,0.0,0.7511854149896604,0.7539184670626082,0.1645193267519612,0.021239496347987025
1028,1,excited,ignore_passive,0.002,1.0,1.3426395100577646,0.010878378202408194,1,1,1.844,0.00014713200016558403,1.8441471320001657,0,-0.8,0.8,1.3424295004868039,0.01087214889309264,0.003899524244490057,0.00024801749146157576,0.009655305218638277,0.00790179394097774,1,1,0.0,0.7511854149896604,0.7539184670626082,0.1645193267519612,0.021239496347987025
1028,1,excited,oracle,0.002,1.0,1.3426395100577646,0.010878378202408194,1,1,1.692,0.00014397599989024457,1.6921439759998902,0,nan,0.7000000000000001,1.3426395100577646,0.010878378202408194,1e-10,1e-10,1e-10,1e-10,1,1,0.0,0.751189979431877,0.5331091115851685,0.19666099911252688,0.022970041702758244
1029,1,excited,fixed_nominal,0.002,1.0,1.3714882708570773,0.020927530813686132,1,1,2.012,5.4321999868989224e-05,2.012054321999869,0,nan,0.8250000000000001,0.8,0.012,0.5,0.008,0.5,0.008,1,1,0.0,0.7548709792673609,0.576291032184243,0.7345707692403948,0.19549410632037803
1029,1,excited,passive,0.002,1.0,1.3714882708570773,0.020927530813686132,1,1,1.746,5.512299981091928e-05,1.746055122999811,0,nan,0.75,1.3719871184062207,0.021024761632094213,0.004008682167598974,0.00026361163359265113,0.00964926231025773,0.007976067670417353,1,1,0.0,0.7547374936961565,0.7835581547360767,0.17788900090857068,0.024180177369166306
1029,1,excited,always_probe,0.002,1.0,1.3714882708570773,0.020927530813686132,1,1,2.5420000000000003,5.458300006466743e-05,2.542054583000065,1,nan,0.65,1.3715472439014247,0.02096292079598019,0.0030092057652203615,0.00012773725851159494,0.00964926231025773,0.007976067670417353,1,1,0.0,0.7547446427238889,0.7835581547360767,0.21482296120768754,0.025331071680679298
1029,1,excited,batch_aware,0.002,1.0,1.3714882708570773,0.020927530813686132,1,1,1.746,0.00012051100020471495,1.7461205110002047,0,-0.8,0.75,1.3719871184062207,0.021024761632094213,0.004008682167598974,0.00026361163359265113,0.00964926231025773,0.007976067670417353,1,1,0.0,0.7547374936961565,0.7835581547360767,0.17788900090857068,0.024180177369166306
1029,1,excited,ignore_passive,0.002,1.0,1.3714882708570773,0.020927530813686132,1,1,1.746,0.00019252900005994888,1.74619252900006,0,-0.8,0.75,1.3719871184062207,0.021024761632094213,0.004008682167598974,0.00026361163359265113,0.00964926231025773,0.007976067670417353,1,1,0.0,0.7547374936961565,0.7835581547360767,0.17788900090857068,0.024180177369166306
1029,1,excited,oracle,0.002,1.0,1.3714882708570773,0.020927530813686132,1,1,1.592,5.647600005431741e-05,1.5920564760000544,0,nan,0.65,1.3714882708570773,0.020927530813686132,1e-10,1e-10,1e-10,1e-10,1,1,0.0,0.7547446582588405,0.5759037097382668,0.21556636721043748,0.02575623996019006
1030,1,excited,fixed_nominal,0.002,1.0,0.5316106469180696,0.0025793032514379397,1,1,2.0220000000000002,8.59100000525359e-05,2.0220859100000528,0,nan,0.875,0.8,0.012,0.5,0.008,0.5,0.008,1,1,0.0,0.7620271181769614,0.5396696717111906,0.7080768484337588,0.2174778133515034
1030,1,excited,passive,0.002,1.0,0.5316106469180696,0.0025793032514379397,1,1,1.792,7.49119999454706e-05,1.7920749119999455,0,nan,0.8,0.5313306163152711,0.002541017778519116,0.004006745009389091,0.00022282313381135968,0.016165782296858534,0.007984560101083232,1,1,0.0,0.7620993539150962,0.5400129995726304,0.5802566327422999,0.022707801624651164
1030,1,excited,always_probe,0.002,1.0,0.5316106469180696,0.0025793032514379397,1,1,2.588,0.0003779980002036609,2.5883779980002037,1,nan,0.7000000000000001,0.5318046076972412,0.0025861381799464284,0.0029724039383987044,0.00011006967590304239,0.016165782296858534,0.007984560101083232,1,1,0.0,0.7621070883533316,0.5486239680513877,0.5802566327422999,0.07248270688930877
1030,1,excited,batch_aware,0.002,1.0,0.5316106469180696,0.0025793032514379397,1,1,1.792,0.00020947500001966546,1.7922094750000197,0,-0.8,0.8,0.5313306163152711,0.002541017778519116,0.004006745009389091,0.00022282313381135968,0.016165782296858534,0.007984560101083232,1,1,0.0,0.7620993539150962,0.5400129995726304,0.5802566327422999,0.022707801624651164
1030,1,excited,ignore_passive,0.002,1.0,0.5316106469180696,0.0025793032514379397,1,1,1.792,0.00014161300009618571,1.7921416130000962,0,-0.8,0.8,0.5313306163152711,0.002541017778519116,0.004006745009389091,0.00022282313381135968,0.016165782296858534,0.007984560101083232,1,1,0.0,0.7620993539150962,0.5400129995726304,0.5802566327422999,0.022707801624651164
1030,1,excited,oracle,0.002,1.0,0.5316106469180696,0.0025793032514379397,1,1,1.692,7.049600003483647e-05,1.6920704960000348,0,nan,0.7000000000000001,0.5316106469180696,0.0025793032514379397,1e-10,1e-10,1e-10,1e-10,1,1,0.0,0.7621072446067169,0.5400630090073082,0.2100571809501622,0.024572006797797707
1001,5,excited,fixed_nominal,0.002,1.0,1.0576328999979314,0.002361110759867625,5,1,9.740000000000002,0.0003345119996538415,9.740334511999656,0,nan,0.8500000000000001,0.8,0.012,0.5,0.008,0.5,0.008,1,1,0.0,0.7668824803302027,0.5863210669777152,0.6802923624085803,0.23350555516467736
1001,5,excited,passive,0.002,1.0,1.0576328999979314,0.002361110759867625,5,1,8.06,0.0002745319998211926,8.060274531999822,0,nan,0.75,1.0577225936350205,0.0023489047040178633,0.0019836359550714825,7.771721951754757e-05,0.01732909305990758,0.007991287289320376,1,1,0.0,0.7668316342575793,0.585882852528328,0.5261093428900617,0.028481545853635878
1001,5,excited,always_probe,0.002,1.0,1.0576328999979314,0.002361110759867625,5,1,8.856000000000002,0.00032815399981700466,8.856328153999819,1,nan,0.65,1.0575362670149095,0.00235323979784497,0.0018151863983189495,6.585079781819691e-05,0.01732909305990758,0.007991287289320376,1,1,0.0,0.7668316947171604,0.5858834155256709,0.5261093428900617,0.06607159271616758
1001,5,excited,batch_aware,0.002,1.0,1.0576328999979314,0.002361110759867625,5,1,8.06,0.0006636569996771868,8.060663656999678,0,-0.7999999999999999,0.75,1.0577225936350205,0.0023489047040178633,0.0019836359550714825,7.771721951754757e-05,0.01732909305990758,0.007991287289320376,1,1,0.0,0.7668316342575793,0.585882852528328,0.5261093428900617,0.028481545853635878
1001,5,excited,ignore_passive,0.002,1.0,1.0576328999979314,0.002361110759867625,5,1,8.06,0.0003341019998970296,8.060334101999898,0,-0.40000000000000013,0.75,1.0577225936350205,0.0023489047040178633,0.0019836359550714825,7.771721951754757e-05,0.01732909305990758,0.007991287289320376,1,1,0.0,0.7668316342575793,0.585882852528328,0.5261093428900617,0.028481545853635878
1001,5,excited,oracle,0.002,1.0,1.0576328999979314,0.002361110759867625,5,1,7.960000000000002,0.00028590199985956133,7.960285901999861,0,nan,0.65,1.0576328999979314,0.002361110759867625,1e-10,1e-10,1e-10,1e-10,1,1,0.0,0.7668316050454952,0.5858823428394286,0.22833207867508817,0.028132126379305768
1002,5,excited,fixed_nominal,0.002,1.0,0.7331496232763623,0.01021535476643178,5,1,9.34,0.00045129700015422713,9.340451297000154,0,nan,0.875,0.8,0.012,0.5,0.008,0.5,0.008,1,1,0.0,0.7570148636264548,0.5376899782075529,0.3399695789352446,0.03191538003619705
1002,5,excited,passive,0.002,1.0,0.7331496232763623,0.01021535476643178,5,1,8.56,0.00044710399993164174,8.560447103999932,0,nan,0.8,0.733944927670347,0.01025742099037735,0.001897789559396883,9.122064934933537e-05,0.016572625881405786,0.007999820261819711,1,1,0.0,0.7570406768388186,0.5377062837643511,0.1991821552507584,0.02219287743329846
1002,5,excited,always_probe,0.002,1.0,0.7331496232763623,0.01021535476643178,5,1,9.356,0.00037133000023459317,9.356371330000234,1,nan,0.7000000000000001,0.7339104467260392,0.010250875276287943,0.0017460811132313037,7.529437696450746e-05,0.016572625881405786,0.007999820261819711,1,1,0.0,0.7570407005111581,0.5487073776913809,0.2010671989477935,0.03710697417074945
1002,5,excited,batch_aware,0.002,1.0,0.7331496232763623,0.01021535476643178,5,1,8.56,0.0007285469998805638,8.560728546999881,0,-0.8000000000000004,0.8,0.733944927670347,0.01025742099037735,0.001897789559396883,9.122064934933537e-05,0.016572625881405786,0.007999820261819711,1,1,0.0,0.7570406768388186,0.5377062837643511,0.1991821552507584,0.02219287743329846
1002,5,excited,ignore_passive,0.002,1.0,0.7331496232763623,0.01021535476643178,5,1,8.56,0.00043058800042672374,8.560430588000427,0,-0.40000000000000013,0.8,0.733944927670347,0.01025742099037735,0.001897789559396883,9.122064934933537e-05,0.016572625881405786,0.007999820261819711,1,1,0.0,0.7570406768388186,0.5377062837643511,0.1991821552507584,0.02219287743329846
1002,5,excited,oracle,0.002,1.0,0.7331496232763623,0.01021535476643178,5,1,8.46,0.0003567859998838685,8.460356785999885,0,nan,0.7000000000000001,0.7331496232763623,0.01021535476643178,1e-10,1e-10,1e-10,1e-10,1,1,0.0,0.7570410058976645,0.5377066279313371,0.20035059973184724,0.023655744183968902
1003,5,excited,fixed_nominal,0.002,1.0,0.4628603155760868,0.007904233635032908,5,1,10.03,0.000299922999829505,10.030299922999829,0,nan,0.8500000000000001,0.8,0.012,0.5,0.008,0.5,0.008,1,1,0.0,0.7638689236117852,0.5619178211933685,0.6634144690390295,0.07683209895554198
1003,5,excited,passive,0.002,1.0,0.4628603155760868,0.007904233635032908,5,1,8.352,0.00033047599981728126,8.352330475999818,0,nan,0.775,0.4629977346868501,0.007880657214594088,0.001872190623559848,8.455439937414627e-05,0.011969086607841692,0.007991510776315975,1,1,0.0,0.7639634870622065,0.5628157009051374,0.21669738540113384,0.02740774810091236
1003,5,excited,always_probe,0.002,1.0,0.4628603155760868,0.007904233635032908,5,1,9.148000000000001,0.000310605999402469,9.148310605999404,1,nan,0.675,0.46292646240668134,0.007894901068266147,0.001724184189048993,7.083056952108989e-05,0.011969086607841692,0.007991510776315975,1,1,0.0,0.7639635438675875,0.5628168667659537,0.21814866954590997,0.04466064799089464
1003,5,excited,batch_aware,0.002,1.0,0.4628603155760868,0.007904233635032908,5,1,8.352,0.0006222569998044492,8.352622256999805,0,-0.7999999999999999,0.775,0.4629977346868501,0.007880657214594088,0.001872190623559848,8.455439937414627e-05,0.011969086607841692,0.007991510776315975,1,1,0.0,0.7639634870622065,0.5628157009051374,0.21669738540113384,0.02740774810091236
1003,5,excited,ignore_passive,0.002,1.0,0.4628603155760868,0.007904233635032908,5,1,8.352,0.0004027569998470426,8.352402756999847,0,-0.40000000000000013,0.775,0.4629977346868501,0.007880657214594088,0.001872190623559848,8.455439937414627e-05,0.011969086607841692,0.007991510776315975,1,1,0.0,0.7639634870622065,0.5628157009051374,0.21669738540113384,0.02740774810091236
1003,5,excited,oracle,0.002,1.0,0.4628603155760868,0.007904233635032908,5,1,8.22,0.0003183519995673123,8.220318351999568,0,nan,0.675,0.4628603155760868,0.007904233635032908,1e-10,1e-10,1e-10,1e-10,1,1,0.0,0.763963583642836,0.5628147484887098,0.2184871643370491,0.02659237836698646
1004,5,excited,fixed_nominal,0.002,1.0,0.20123263383700105,0.0049934801789355224,0,0,0.352,0.0,50.352,0,nan,nan,0.8,0.012,0.5,0.008,0.5,0.008,1,1,0.0,0.061610198244884125,1.1748704611126253,0.597708944404588,0.00048337470801847215
1004,5,excited,passive,0.002,1.0,0.20123263383700105,0.0049934801789355224,0,0,0.156,0.0,50.156,0,nan,nan,0.20194297872477146,0.01187250750975726,0.00964671035008101,0.00797088043537762,0.5,0.008,1,1,0.0,0.061610198244884125,1.1748704611126253,0.2023618859390936,0.0006528996570740971
1004,5,excited,always_probe,0.002,1.0,0.20123263383700105,0.0049934801789355224,0,0,0.156,0.0,50.156,0,nan,nan,0.20194297872477146,0.01187250750975726,0.00964671035008101,0.00797088043537762,0.5,0.008,1,1,0.0,0.061610198244884125,1.1748704611126253,0.2023618859390936,0.0006528996570740971
1004,5,excited,batch_aware,0.002,1.0,0.20123263383700105,0.0049934801789355224,0,0,0.156,0.0,50.156,0,nan,nan,0.20194297872477146,0.01187250750975726,0.00964671035008101,0.00797088043537762,0.5,0.008,1,1,0.0,0.061610198244884125,1.1748704611126253,0.2023618859390936,0.0006528996570740971
1004,5,excited,ignore_passive,0.002,1.0,0.20123263383700105,0.0049934801789355224,0,0,0.156,0.0,50.156,0,nan,nan,0.20194297872477146,0.01187250750975726,0.00964671035008101,0.00797088043537762,0.5,0.008,1,1,0.0,0.061610198244884125,1.1748704611126253,0.2023618859390936,0.0006528996570740971
1004,5,excited,oracle,0.002,1.0,0.20123263383700105,0.0049934801789355224,5,1,7.960000000000002,0.00034301500022593245,7.960343015000228,0,nan,0.65,0.20123263383700105,0.0049934801789355224,1e-10,1e-10,1e-10,1e-10,1,1,0.0,0.7625491447346854,0.5826976250994079,0.23528433003842367,0.02747122628109527
1005,5,excited,fixed_nominal,0.002,1.0,0.31510684229505126,0.023402926974937885,5,1,10.25,0.00034303600000384904,10.250343036000004,0,nan,0.8500000000000001,0.8,0.012,0.5,0.008,0.5,0.008,1,1,0.0,0.7465655440922873,0.859440454020706,0.6117013653583708,0.3427439290018157
1005,5,excited,passive,0.002,1.0,0.31510684229505126,0.023402926974937885,5,1,8.37,0.0003631549998317496,8.370363154999831,0,nan,0.775,0.3155069155633621,0.023436283563215695,0.0018660404184514593,0.0001013021092671756,0.012022576441392794,0.007996365749051474,1,1,0.0,0.7466921716303873,0.859440454020706,0.2105413328719568,0.025284158232851673
1005,5,excited,always_probe,0.002,1.0,0.31510684229505126,0.023402926974937885,5,1,9.166,0.0005030360005093826,9.16650303600051,1,nan,0.675,0.3155197742226917,0.023440653505050514,0.0017184615503044486,8.403694814099618e-05,0.012022576441392794,0.007996365749051474,1,1,0.0,0.7466992758387009,0.859440454020706,0.2124050212523377,0.025284758541250806
1005,5,excited,batch_aware,0.002,1.0,0.31510684229505126,0.023402926974937885,5,1,8.37,0.0010785819997636281,8.371078581999763,0,-0.7999999999999999,0.775,0.3155069155633621,0.023436283563215695,0.0018660404184514593,0.0001013021092671756,0.012022576441392794,0.007996365749051474,1,1,0.0,0.7466921716303873,0.859440454020706,0.2105413328719568,0.025284158232851673
1005,5,excited,ignore_passive,0.002,1.0,0.31510684229505126,0.023402926974937885,5,1,8.37,0.0004268110001248715,8.370426811000124,0,-0.40000000000000013,0.775,0.3155069155633621,0.023436283563215695,0.0018660404184514593,0.0001013021092671756,0.012022576441392794,0.007996365749051474,1,1,0.0,0.7466921716303873,0.859440454020706,0.2105413328719568,0.025284158232851673
1005,5,excited,oracle,0.002,1.0,0.31510684229505126,0.023402926974937885,5,1,8.22,0.0003516589995342656,8.220351658999535,0,nan,0.675,0.31510684229505126,0.023402926974937885,1e-10,1e-10,1e-10,1e-10,1,1,0.0,0.7466992458810705,0.5494676094649362,0.21218320310735284,0.025284407627243245
1006,5,excited,fixed_nominal,0.002,1.0,0.6716900070019542,0.015819709707392063,5,1,9.09,0.00032551999970564793,9.090325519999706,0,nan,0.8500000000000001,0.8,0.012,0.5,0.008,0.5,0.008,1,1,0.0,0.7475205350017147,0.5506885753804277,0.6439670461838475,0.1145037929295458
1006,5,excited,passive,0.002,1.0,0.6716900070019542,0.015819709707392063,5,1,8.32,0.0003435149997130793,8.320343514999713,0,nan,0.775,0.6722871664383061,0.01580304217882397,0.0018936262408402915,9.623661968599163e-05,0.016425221753901438,0.00798854883711479,1,1,0.0,0.7475618805171325,0.5509682853813361,0.2822285531904244,0.025157369677609405
1006,5,excited,always_probe,0.002,1.0,0.6716900070019542,0.015819709707392063,5,1,9.116000000000001,0.0003407129995594005,9.11634071299956,1,nan,0.675,0.6719285986241292,0.01580971705217654,0.0017422954456997697,7.928586543359024e-05,0.016425221753901438,0.00798854883711479,1,1,0.0,0.7475620736654548,0.565334696036692,0.2822285531904244,0.02497047541606428
1006,5,excited,batch_aware,0.002,1.0,0.6716900070019542,0.015819709707392063,5,1,8.32,0.0007226159998481307,8.320722615999848,0,-0.7999999999999999,0.775,0.6722871664383061,0.01580304217882397,0.0018936262408402915,9.623661968599163e-05,0.016425221753901438,0.00798854883711479,1,1,0.0,0.7475618805171325,0.5509682853813361,0.2822285531904244,0.025157369677609405
1006,5,excited,ignore_passive,0.002,1.0,0.6716900070019542,0.015819709707392063,5,1,8.32,0.0004036169996197714,8.32040361699962,0,-0.40000000000000013,0.775,0.6722871664383061,0.01580304217882397,0.0018936262408402915,9.623661968599163e-05,0.016425221753901438,0.00798854883711479,1,1,0.0,0.7475618805171325,0.5509682853813361,0.2822285531904244,0.025157369677609405
1006,5,excited,oracle,0.002,1.0,0.6716900070019542,0.015819709707392063,5,1,8.22,0.0003371280001829291,8.220337128000184,0,nan,0.675,0.6716900070019542,0.015819709707392063,1e-10,1e-10,1e-10,1e-10,1,1,0.0,0.7475618572801991,0.5509701683498333,0.21387611011810775,0.024916996293738836
1007,5,excited,fixed_nominal,0.002,1.0,0.29971491244524007,0.020767547939092697,5,1,10.52,0.0004008860005342285,10.520400886000534,0,nan,0.875,0.8,0.012,0.5,0.008,0.5,0.008,1,1,0.0,0.7483636420633029,0.895618020796013,0.605962339409764,0.2569641363477222
1007,5,excited,passive,0.002,1.0,0.29971491244524007,0.020767547939092697,5,1,8.612,0.0003628750000643777,8.612362875000064,0,nan,0.8,0.29927946442080816,0.020745947686449696,0.0018535966479166618,0.00010436484292200529,0.009648684869219736,0.007987580612355452,1,1,0.0,0.7484970427678892,0.8902913621648787,0.20221047575598977,0.02333191272862615
1007,5,excited,always_probe,0.002,1.0,0.29971491244524007,0.020767547939092697,5,1,9.408,0.0003841779996491823,9.408384177999649,1,nan,0.7000000000000001,0.2993666773664435,0.020748001783905498,0.0017087346462943346,8.522316348153153e-05,0.009648684869219736,0.007987580612355452,1,1,0.0,0.7484969446510946,0.8902913621648787,0.20410865028325784,0.024477643538744306
1007,5,excited,batch_aware,0.002,1.0,0.29971491244524007,0.020767547939092697,5,1,8.612,0.0008320640004058077,8.612832064000406,0,-0.8000000000000004,0.8,0.29927946442080816,0.020745947686449696,0.0018535966479166618,0.00010436484292200529,0.009648684869219736,0.007987580612355452,1,1,0.0,0.7484970427678892,0.8902913621648787,0.20221047575598977,0.02333191272862615
1007,5,excited,ignore_passive,0.002,1.0,0.29971491244524007,0.020767547939092697,5,1,8.612,0.00044686900014312414,8.612446869000143,0,-0.40000000000000013,0.8,0.29927946442080816,0.020745947686449696,0.0018535966479166618,0.00010436484292200529,0.009648684869219736,0.007987580612355452,1,1,0.0,0.7484970427678892,0.8902913621648787,0.20221047575598977,0.02333191272862615
1007,5,excited,oracle,0.002,1.0,0.29971491244524007,0.020767547939092697,5,1,8.46,0.0003706679999595508,8.46037066799996,0,nan,0.7000000000000001,0.29971491244524007,0.020767547939092697,1e-10,1e-10,1e-10,1e-10,1,1,0.0,0.7484967981828152,0.5321636234163019,0.20415812015736182,0.024305106109663695
1008,5,excited,fixed_nominal,0.002,1.0,0.4341538486764662,0.020700167197761923,5,1,9.950000000000001,0.0003132210001695057,9.95031322100017,0,nan,0.8500000000000001,0.8,0.012,0.5,0.008,0.5,0.008,1,1,0.0,0.7693163717771193,0.5881708074420584,0.6523405140576698,0.26600434020506397
1008,5,excited,passive,0.002,1.0,0.4341538486764662,0.020700167197761923,5,1,8.098,0.0002661589999206626,8.098266158999921,0,nan,0.75,0.43467719187278797,0.020675872240883304,0.001933212699530407,9.070666095962282e-05,0.011979580182029626,0.007984011129291193,1,1,0.0,0.7694176959684589,0.5889554720119442,0.231482621647546,0.029271635978488884
1008,5,excited,always_probe,0.002,1.0,0.4341538486764662,0.020700167197761923,5,1,8.894000000000002,0.00033239900017179025,8.894332399000174,1,nan,0.65,0.4345822334678835,0.02068187210859501,0.0017712378611364073,7.672763636396152e-05,0.011979580182029626,0.007984011129291193,1,1,0.0,0.7694177268474276,0.6066261770363052,0.234965867624352,0.029022927745662595
1008,5,excited,batch_aware,0.002,1.0,0.4341538486764662,0.020700167197761923,5,1,8.098,0.0005833890002122644,8.098583389000213,0,-0.7999999999999999,0.75,0.43467719187278797,0.020675872240883304,0.001933212699530407,9.070666095962282e-05,0.011979580182029626,0.007984011129291193,1,1,0.0,0.7694176959684589,0.5889554720119442,0.231482621647546,0.029271635978488884
1008,5,excited,ignore_passive,0.002,1.0,0.4341538486764662,0.020700167197761923,5,1,8.098,0.00036805199988521053,8.098368051999886,0,-0.40000000000000013,0.75,0.43467719187278797,0.020675872240883304,0.001933212699530407,9.070666095962282e-05,0.011979580182029626,0.007984011129291193,1,1,0.0,0.7694176959684589,0.5889554720119442,0.231482621647546,0.029271635978488884
1008,5,excited,oracle,0.002,1.0,0.4341538486764662,0.020700167197761923,5,1,7.960000000000002,0.0002629860002798523,7.960262986000282,0,nan,0.65,0.4341538486764662,0.020700167197761923,1e-10,1e-10,1e-10,1e-10,1,1,0.0,0.7694178539883947,0.5889567544400258,0.23279296801408772,0.02849093057733151
1009,5,excited,fixed_nominal,0.002,1.0,0.279100646874815,0.00951905851647582,5,1,10.040000000000001,0.0002954220001356589,10.040295422000137,0,nan,0.8250000000000001,0.8,0.012,0.5,0.008,0.5,0.008,1,1,0.0,0.7547586191046125,0.95376367409386,0.6057806690610531,0.041936864265246614
1009,5,excited,passive,0.002,1.0,0.279100646874815,0.00951905851647582,5,1,8.112000000000002,0.00029327100037335185,8.112293271000375,0,nan,0.75,0.2786298961091335,0.009526433248032052,0.001913118115098066,8.731421774047769e-05,0.009646846290457192,0.007994644689937233,1,1,0.0,0.7548889475773501,0.9490082703192859,0.22503483537183364,0.02512470066202907
1009,5,excited,always_probe,0.002,1.0,0.279100646874815,0.00951905851647582,5,1,8.908000000000003,0.000277185999948415,8.908277185999951,1,nan,0.65,0.27869672942029905,0.00952697981887853,0.0017548091868483252,7.269928095987237e-05,0.009646846290457192,0.007994644689937233,1,1,0.0,0.7548888798187413,0.9490082703192859,0.22519810361848538,0.031981478163058276
1009,5,excited,batch_aware,0.002,1.0,0.279100646874815,0.00951905851647582,5,1,8.112000000000002,0.0005545349997646554,8.112554534999767,0,-0.7999999999999999,0.75,0.2786298961091335,0.009526433248032052,0.001913118115098066,8.731421774047769e-05,0.009646846290457192,0.007994644689937233,1,1,0.0,0.7548889475773501,0.9490082703192859,0.22503483537183364,0.02512470066202907
1009,5,excited,ignore_passive,0.002,1.0,0.279100646874815,0.00951905851647582,5,1,8.112000000000002,0.0003260199998749158,8.112326019999877,0,-0.40000000000000013,0.75,0.2786298961091335,0.009526433248032052,0.001913118115098066,8.731421774047769e-05,0.009646846290457192,0.007994644689937233,1,1,0.0,0.7548889475773501,0.9490082703192859,0.22503483537183364,0.02512470066202907
1009,5,excited,oracle,0.002,1.0,0.279100646874815,0.00951905851647582,5,1,7.960000000000002,0.00027720600087377534,7.9602772060008755,0,nan,0.65,0.279100646874815,0.00951905851647582,1e-10,1e-10,1e-10,1e-10,1,1,0.0,0.754888662823367,0.5779298430733986,0.22590595832435595,0.025126204153253544
1010,5,excited,fixed_nominal,0.002,1.0,0.33298919614620115,0.014323531818447402,5,1,10.478,0.000359110000090368,10.47835911000009,0,nan,0.875,0.8,0.012,0.5,0.008,0.5,0.008,1,1,0.0,0.770493822415962,0.8075766006856879,0.6230445561473987,0.09111711015269375
1010,5,excited,passive,0.002,1.0,0.33298919614620115,0.014323531818447402,5,1,8.608,0.00034738900035335973,8.608347389000354,0,nan,0.8,0.3332865999997505,0.014373976642328604,0.0018672631305320423,8.922846376266788e-05,0.012029560806777879,0.007976778535449789,1,1,0.0,0.7706275230464917,0.803280946627486,0.2117832234965882,0.02364214390002136
1010,5,excited,always_probe,0.002,1.0,0.33298919614620115,0.014323531818447402,5,1,9.404,0.00036432700017030584,9.40436432700017,1,nan,0.7000000000000001,0.33317318077191294,0.014358655662568186,0.0017195912455566548,7.468584681044484e-05,0.012029560806777879,0.007976778535449789,1,1,0.0,0.7706342009684375,0.803280946627486,0.21172359623690623,0.024397899049280657
1010,5,excited,batch_aware,0.002,1.0,0.33298919614620115,0.014323531818447402,5,1,8.608,0.0009055029995579389,8.608905502999558,0,-0.8000000000000004,0.8,0.3332865999997505,0.014373976642328604,0.0018672631305320423,8.922846376266788e-05,0.012029560806777879,0.007976778535449789,1,1,0.0,0.7706275230464917,0.803280946627486,0.2117832234965882,0.02364214390002136
1010,5,excited,ignore_passive,0.002,1.0,0.33298919614620115,0.014323531818447402,5,1,8.608,0.00043469299998832867,8.608434692999989,0,-0.40000000000000013,0.8,0.3332865999997505,0.014373976642328604,0.0018672631305320423,8.922846376266788e-05,0.012029560806777879,0.007976778535449789,1,1,0.0,0.7706275230464917,0.803280946627486,0.2117832234965882,0.02364214390002136
1010,5,excited,oracle,0.002,1.0,0.33298919614620115,0.014323531818447402,5,1,8.46,0.0004015020006136183,8.460401502000614,0,nan,0.7000000000000001,0.33298919614620115,0.014323531818447402,1e-10,1e-10,1e-10,1e-10,1,1,0.0,0.7706341848235614,0.5470029205081638,0.2116970233455486,0.02491033855027432
1011,5,excited,fixed_nominal,0.002,1.0,0.5977747764906113,0.014956441316716097,5,1,9.430000000000001,0.00033661799989204155,9.430336617999894,0,nan,0.8500000000000001,0.8,0.012,0.5,0.008,0.5,0.008,1,1,0.0,0.7689251249267159,0.5887978013151152,0.8155955711328776,0.09395895182660632
1011,5,excited,passive,0.002,1.0,0.5977747764906113,0.014956441316716097,5,1,8.06,0.0003584999997201521,8.06035849999972,0,nan,0.75,0.5974529089633019,0.01498238297578794,0.0019529665358261601,9.238455535777686e-05,0.01627241246202492,0.00799448752388211,1,1,0.0,0.7689821851417251,0.5892654455113115,0.42634318096653323,0.02566697145000761
1011,5,excited,always_probe,0.002,1.0,0.5977747764906113,0.014956441316716097,5,1,8.856000000000002,0.0002829259999543865,8.856282925999956,1,nan,0.65,0.5972694752046149,0.01498869641325933,0.0017876167413887708,7.669812675531529e-05,0.01627241246202492,0.00799448752388211,1,1,0.0,0.768982336868639,0.5892668546318665,0.42634318096653323,0.025665370031794497
1011,5,excited,batch_aware,0.002,1.0,0.5977747764906113,0.014956441316716097,5,1,8.06,0.0005652309998822602,8.060565230999883,0,-0.7999999999999999,0.75,0.5974529089633019,0.01498238297578794,0.0019529665358261601,9.238455535777686e-05,0.01627241246202492,0.00799448752388211,1,1,0.0,0.7689821851417251,0.5892654455113115,0.42634318096653323,0.02566697145000761
1011,5,excited,ignore_passive,0.002,1.0,0.5977747764906113,0.014956441316716097,5,1,8.06,0.00046341600000232575,8.060463416000003,0,-0.40000000000000013,0.75,0.5974529089633019,0.01498238297578794,0.0019529665358261601,9.238455535777686e-05,0.01627241246202492,0.00799448752388211,1,1,0.0,0.7689821851417251,0.5892654455113115,0.42634318096653323,0.02566697145000761
1011,5,excited,oracle,0.002,1.0,0.5977747764906113,0.014956441316716097,5,1,7.960000000000002,0.0002725809999901685,7.960272580999992,0,nan,0.65,0.5977747764906113,0.014956441316716097,1e-10,1e-10,1e-10,1e-10,1,1,0.0,0.7689823225442873,0.589265654932415,0.22948702831458445,0.025664886416089185
1012,5,excited,fixed_nominal,0.002,1.0,0.6288486765788946,0.019954873740693824,5,1,9.09,0.0003323939995425462,9.090332393999542,0,nan,0.8500000000000001,0.8,0.012,0.5,0.008,0.5,0.008,1,1,0.0,0.7425889530631657,0.5465171716811624,0.8553134933859217,0.23605407267048928
1012,5,excited,passive,0.002,1.0,0.6288486765788946,0.019954873740693824,5,1,8.32,0.00037256000018714985,8.320372560000187,0,nan,0.775,0.6291137777294377,0.019956653119076018,0.0018911284342906219,9.594505805769238e-05,0.0163524145840588,0.007994025240819639,1,1,0.0,0.742642898211384,0.5469246334914778,0.3748078721304448,0.027678666006626013
1012,5,excited,always_probe,0.002,1.0,0.6288486765788946,0.019954873740693824,5,1,9.116000000000001,0.00036741500025527785,9.116367415000257,1,nan,0.675,0.6290591784969887,0.01996042827686138,0.0017400943063158882,7.990955889037003e-05,0.0163524145840588,0.007994025240819639,1,1,0.0,0.7426429972235892,0.5855162916471531,0.3748078721304448,0.027686735707902824
1012,5,excited,batch_aware,0.002,1.0,0.6288486765788946,0.019954873740693824,5,1,8.32,0.0007192609998583066,8.320719260999859,0,-0.7999999999999999,0.775,0.6291137777294377,0.019956653119076018,0.0018911284342906219,9.594505805769238e-05,0.0163524145840588,0.007994025240819639,1,1,0.0,0.742642898211384,0.5469246334914778,0.3748078721304448,0.027678666006626013
1012,5,excited,ignore_passive,0.002,1.0,0.6288486765788946,0.019954873740693824,5,1,8.32,0.00044030200069755665,8.320440302000698,0,-0.40000000000000013,0.775,0.6291137777294377,0.019956653119076018,0.0018911284342906219,9.594505805769238e-05,0.0163524145840588,0.007994025240819639,1,1,0.0,0.742642898211384,0.5469246334914778,0.3748078721304448,0.027678666006626013
1012,5,excited,oracle,0.002,1.0,0.6288486765788946,0.019954873740693824,5,1,8.22,0.0005575879995376454,8.220557587999538,0,nan,0.675,0.6288486765788946,0.019954873740693824,1e-10,1e-10,1e-10,1e-10,1,1,0.0,0.7426432595227711,0.546942931931137,0.22576783073596726,0.027816197635610496
1013,5,excited,fixed_nominal,0.002,1.0,1.312290081428663,0.0038165278462078903,5,1,10.51,0.0003650480002761469,10.510365048000276,0,nan,0.875,0.8,0.012,0.5,0.008,0.5,0.008,1,1,0.0,0.7510990709797988,0.5334566235882658,0.8175414142706848,0.20434090840738095
1013,5,excited,passive,0.002,1.0,1.312290081428663,0.0038165278462078903,5,1,8.61,0.0003825760004474432,8.610382576000447,0,nan,0.8,1.3125368808984779,0.003822587501061655,0.0019225247591155201,8.685571661239125e-05,0.011610616644718897,0.007998660544575122,1,1,0.0,0.7509690635572233,0.7120922980406764,0.20125342873218516,0.023563674980129484
1013,5,excited,always_probe,0.002,1.0,1.312290081428663,0.0038165278462078903,5,1,9.406,0.0003612819996305916,9.406361281999631,1,nan,0.7000000000000001,1.3127193206518029,0.0038113738627200996,0.0017707177521691273,7.178426125319161e-05,0.011610616644718897,0.007998660544575122,1,1,0.0,0.7509688519449109,0.7120922980406764,0.20132900581636673,0.050571966346214164
1013,5,excited,batch_aware,0.002,1.0,1.312290081428663,0.0038165278462078903,5,1,8.61,0.000739670999791997,8.610739670999791,0,-0.8000000000000004,0.8,1.3125368808984779,0.003822587501061655,0.0019225247591155201,8.685571661239125e-05,0.011610616644718897,0.007998660544575122,1,1,0.0,0.7509690635572233,0.7120922980406764,0.20125342873218516,0.023563674980129484
1013,5,excited,ignore_passive,0.002,1.0,1.312290081428663,0.0038165278462078903,5,1,8.61,0.0005878960000700317,8.61058789600007,0,-0.40000000000000013,0.8,1.3125368808984779,0.003822587501061655,0.0019225247591155201,8.685571661239125e-05,0.011610616644718897,0.007998660544575122,1,1,0.0,0.7509690635572233,0.7120922980406764,0.20125342873218516,0.023563674980129484
1013,5,excited,oracle,0.002,1.0,1.312290081428663,0.0038165278462078903,5,1,8.46,0.0003969589997723233,8.460396958999773,0,nan,0.7000000000000001,1.312290081428663,0.0038165278462078903,1e-10,1e-10,1e-10,1e-10,1,1,0.0,0.7509689273338443,0.532623025639905,0.20132779178743113,0.023878490205117
1014,5,excited,fixed_nominal,0.002,1.0,0.8097336022719199,0.015471153021909535,5,1,9.34,0.0003337339994686772,9.340333733999469,0,nan,0.875,0.8,0.012,0.5,0.008,0.5,0.008,1,1,0.0,0.7689685710213314,0.5459125301730468,0.1759372837272422,0.11172891782066055
1014,5,excited,passive,0.002,1.0,0.8097336022719199,0.015471153021909535,5,1,8.56,0.0003451089999089163,8.56034510899991,0,nan,0.8,0.8092440447641086,0.01544232828710796,0.0019024270137697765,9.021810829884673e-05,0.016734621171951083,0.007993157172932737,1,1,0.0,0.7689757564976231,0.5459655668769482,0.2153570272336037,0.026137423666794602
1014,5,excited,always_probe,0.002,1.0,0.8097336022719199,0.015471153021909535,5,1,9.356,0.0003484359997401043,9.35634843599974,1,nan,0.7000000000000001,0.8096871782365951,0.01543389443189908,0.0017503951083830303,7.551239702132129e-05,0.016734621171951083,0.007993157172932737,1,1,0.0,0.7689754690268198,0.5622132979980319,0.2155104666212011,0.026465364871848786
1014,5,excited,batch_aware,0.002,1.0,0.8097336022719199,0.015471153021909535,5,1,8.56,0.0007543149999946763,8.560754314999995,0,-0.8000000000000004,0.8,0.8092440447641086,0.01544232828710796,0.0019024270137697765,9.021810829884673e-05,0.016734621171951083,0.007993157172932737,1,1,0.0,0.7689757564976231,0.5459655668769482,0.2153570272336037,0.026137423666794602
1014,5,excited,ignore_passive,0.002,1.0,0.8097336022719199,0.015471153021909535,5,1,8.56,0.0004258710002886801,8.56042587100029,0,-0.40000000000000013,0.8,0.8092440447641086,0.01544232828710796,0.0019024270137697765,9.021810829884673e-05,0.016734621171951083,0.007993157172932737,1,1,0.0,0.7689757564976231,0.5459655668769482,0.2153570272336037,0.026137423666794602
1014,5,excited,oracle,0.002,1.0,0.8097336022719199,0.015471153021909535,5,1,8.46,0.0003509769999254786,8.460350976999926,0,nan,0.7000000000000001,0.8097336022719199,0.015471153021909535,1e-10,1e-10,1e-10,1e-10,1,1,0.0,0.7689755717287485,0.5461513749575826,0.21549894492495303,0.025198428219391764
1015,5,excited,fixed_nominal,0.002,1.0,0.7038641093276814,0.0159625600579694,5,1,9.34,0.00037017500017100247,9.34037017500017,0,nan,0.875,0.8,0.012,0.5,0.008,0.5,0.008,1,1,0.0,0.748351194175319,0.5310161388417981,0.483624936202623,0.11568176415064174
1015,5,excited,passive,0.002,1.0,0.7038641093276814,0.0159625600579694,5,1,8.56,0.0004654479996588634,8.56046544799966,0,nan,0.8,0.704306067097874,0.015978024658454507,0.0018960437134780096,9.997094729906769e-05,0.016503002220019557,0.007992359632587607,1,1,0.0,0.748374510155633,0.5312401173020855,0.2034698093349361,0.02409480236738794
1015,5,excited,always_probe,0.002,1.0,0.7038641093276814,0.0159625600579694,5,1,9.356,0.0003669229997740331,9.356366922999774,1,nan,0.7000000000000001,0.7042456809235395,0.015982801703277375,0.0017445293999732185,8.156259936051375e-05,0.016503002220019557,0.007992359632587607,1,1,0.0,0.7483831714085812,0.5671964604580052,0.2034698093349361,0.023609668778789516
1015,5,excited,batch_aware,0.002,1.0,0.7038641093276814,0.0159625600579694,5,1,8.56,0.0007777479997912451,8.560777747999792,0,-0.8000000000000004,0.8,0.704306067097874,0.015978024658454507,0.0018960437134780096,9.997094729906769e-05,0.016503002220019557,0.007992359632587607,1,1,0.0,0.748374510155633,0.5312401173020855,0.2034698093349361,0.02409480236738794
1015,5,excited,ignore_passive,0.002,1.0,0.7038641093276814,0.0159625600579694,5,1,8.56,0.0004630260002613795,8.560463026000262,0,-0.40000000000000013,0.8,0.704306067097874,0.015978024658454507,0.0018960437134780096,9.997094729906769e-05,0.016503002220019557,0.007992359632587607,1,1,0.0,0.748374510155633,0.5312401173020855,0.2034698093349361,0.02409480236738794
1015,5,excited,oracle,0.002,1.0,0.7038641093276814,0.0159625600579694,5,1,8.46,0.00036692300000140676,8.460366923000002,0,nan,0.7000000000000001,0.7038641093276814,0.0159625600579694,1e-10,1e-10,1e-10,1e-10,1,1,0.0,0.7483831104321528,0.5312413681863872,0.2029056635434646,0.023394203709575106
1016,5,excited,fixed_nominal,0.002,1.0,0.5191882353970596,0.012181961795169161,5,1,9.9,0.0003217519999907381,9.900321751999991,0,nan,0.8500000000000001,0.8,0.012,0.5,0.008,0.5,0.008,1,1,0.0,0.7521405657543674,0.553158689570713,0.6947157047663302,0.031037481995837973
1016,5,excited,passive,0.002,1.0,0.5191882353970596,0.012181961795169161,5,1,8.32,0.00034989499999937834,8.320349895,0,nan,0.775,0.5195978962271568,0.01217630745207783,0.0018851401475416477,8.953782250506863e-05,0.016134345697543587,0.007974565168517262,1,1,0.0,0.7522130894465288,0.5537170241008069,0.6115281859871571,0.026930658187900566
1016,5,excited,always_probe,0.002,1.0,0.5191882353970596,0.012181961795169161,5,1,9.116000000000001,0.0003362639999977546,9.116336264,1,nan,0.675,0.5196367410207721,0.012170685049402311,0.0017346562868399886,7.450683717891419e-05,0.016134345697543587,0.007974565168517262,1,1,0.0,0.7522196000149596,0.5537169176296735,0.6115281859871571,0.026985156461927257
1016,5,excited,batch_aware,0.002,1.0,0.5191882353970596,0.012181961795169161,5,1,8.32,0.0007661610002287489,8.320766161000229,0,-0.7999999999999999,0.775,0.5195978962271568,0.01217630745207783,0.0018851401475416477,8.953782250506863e-05,0.016134345697543587,0.007974565168517262,1,1,0.0,0.7522130894465288,0.5537170241008069,0.6115281859871571,0.026930658187900566
1016,5,excited,ignore_passive,0.002,1.0,0.5191882353970596,0.012181961795169161,5,1,8.32,0.000413081000033344,8.320413081000034,0,-0.40000000000000013,0.775,0.5195978962271568,0.01217630745207783,0.0018851401475416477,8.953782250506863e-05,0.016134345697543587,0.007974565168517262,1,1,0.0,0.7522130894465288,0.5537170241008069,0.6115281859871571,0.026930658187900566
1016,5,excited,oracle,0.002,1.0,0.5191882353970596,0.012181961795169161,5,1,8.22,0.0004571100005250628,8.220457110000526,0,nan,0.675,0.5191882353970596,0.012181961795169161,1e-10,1e-10,1e-10,1e-10,1,1,0.0,0.7522196404146183,0.5537181014126861,0.2240994009129095,0.026468899724749768
1017,5,excited,fixed_nominal,0.002,1.0,1.4856924560343867,0.020890633093577735,5,1,12.372,0.00040813400028127944,12.372408134000281,0,nan,0.9,0.8,0.012,0.5,0.008,0.5,0.008,1,1,0.0,0.7482280466296976,0.5948918323388009,0.5385051464031619,0.10691311256275676
1017,5,excited,passive,0.002,1.0,1.4856924560343867,0.020890633093577735,5,1,8.879999999999999,0.0004278819999399275,8.880427881999939,0,nan,0.8250000000000001,1.485505592574697,0.020922771825687084,0.0018660319451084214,0.00010350139945945747,0.009648930758008909,0.007945311519205115,1,1,0.0,0.748248185548735,0.9303360215443941,0.19305429165356297,0.023438281385077402
1017,5,excited,always_probe,0.002,1.0,1.4856924560343867,0.020890633093577735,5,1,9.675999999999998,0.00045273999990058655,9.676452739999899,1,nan,0.7250000000000001,1.4854649100178408,0.02090504051194191,0.001727953812526697,8.472737659484959e-05,0.009648930758008909,0.007945311519205115,1,1,0.0,0.7482482177536361,0.9303360215443941,0.19309629715956417,0.023721308515437262
1017,5,excited,batch_aware,0.002,1.0,1.4856924560343867,0.020890633093577735,5,1,8.879999999999999,0.0009001020000596327,8.880900102000059,0,-0.7999999999999995,0.8250000000000001,1.485505592574697,0.020922771825687084,0.0018660319451084214,0.00010350139945945747,0.009648930758008909,0.007945311519205115,1,1,0.0,0.748248185548735,0.9303360215443941,0.19305429165356297,0.023438281385077402
1017,5,excited,ignore_passive,0.002,1.0,1.4856924560343867,0.020890633093577735,5,1,8.879999999999999,0.0005029360002026806,8.880502936000202,0,-0.40000000000000013,0.8250000000000001,1.485505592574697,0.020922771825687084,0.0018660319451084214,0.00010350139945945747,0.009648930758008909,0.007945311519205115,1,1,0.0,0.748248185548735,0.9303360215443941,0.19305429165356297,0.023438281385077402
1017,5,excited,oracle,0.002,1.0,1.4856924560343867,0.020890633093577735,5,1,8.719999999999999,0.0005409609996149811,8.720540960999614,0,nan,0.7250000000000001,1.4856924560343867,0.020890633093577735,1e-10,1e-10,1e-10,1e-10,1,1,0.0,0.7482481317780452,0.5140813940125731,0.19313629830760404,0.023627404066027216
1018,5,excited,fixed_nominal,0.002,1.0,1.031565628864165,0.0124640587409875,5,1,10.030000000000001,0.0005494069998803752,10.030549406999882,0,nan,0.875,0.8,0.012,0.5,0.008,0.5,0.008,1,1,0.0,0.7669577433671356,0.5452140616605935,0.7137801463138044,0.024918585941940408
1018,5,excited,passive,0.002,1.0,1.031565628864165,0.0124640587409875,5,1,8.56,0.00037610500021401094,8.560376105000215,0,nan,0.8,1.0317246916344573,0.012478700026101087,0.0019174444108316414,8.897283616085429e-05,0.017255610462821,0.007970666932482155,1,1,0.0,0.7668972642319989,0.5448273764455979,0.4616804700189964,0.027185562843156597
1018,5,excited,always_probe,0.002,1.0,1.031565628864165,0.0124640587409875,5,1,9.356,0.00035688899970409693,9.356356888999704,1,nan,0.7000000000000001,1.0318241617756136,0.012476815560728171,0.001763936566259449,7.425925440662285e-05,0.017255610462821,0.007970666932482155,1,1,0.0,0.7669031217277358,0.548161485383323,0.4616804700189964,0.026374980839412688
1018,5,excited,batch_aware,0.002,1.0,1.031565628864165,0.0124640587409875,5,1,8.56,0.0007113800002116477,8.560711380000212,0,-0.8000000000000004,0.8,1.0317246916344573,0.012478700026101087,0.0019174444108316414,8.897283616085429e-05,0.017255610462821,0.007970666932482155,1,1,0.0,0.7668972642319989,0.5448273764455979,0.4616804700189964,0.027185562843156597
1018,5,excited,ignore_passive,0.002,1.0,1.031565628864165,0.0124640587409875,5,1,8.56,0.0004194020002614707,8.560419402000262,0,-0.40000000000000013,0.8,1.0317246916344573,0.012478700026101087,0.0019174444108316414,8.897283616085429e-05,0.017255610462821,0.007970666932482155,1,1,0.0,0.7668972642319989,0.5448273764455979,0.4616804700189964,0.027185562843156597
1018,5,excited,oracle,0.002,1.0,1.031565628864165,0.0124640587409875,5,1,8.46,0.0003443979999246949,8.460344397999926,0,nan,0.7000000000000001,1.031565628864165,0.0124640587409875,1e-10,1e-10,1e-10,1e-10,1,1,0.0,0.7669033909118723,0.544827065515064,0.2108905983438664,0.02609444859911995
1019,5,excited,fixed_nominal,0.002,1.0,0.5036976020492282,0.011107886101555628,5,1,9.94,0.0003205009995781438,9.940320500999578,0,nan,0.8500000000000001,0.8,0.012,0.5,0.008,0.5,0.008,1,1,0.0,0.7615643463598226,0.5610677222584153,0.6849126073436037,0.025464572808204904
1019,5,excited,passive,0.002,1.0,0.5036976020492282,0.011107886101555628,5,1,8.34,0.00030470699971374415,8.340304706999714,0,nan,0.775,0.504025167072182,0.011096656175503554,0.0018738422912896629,8.596549142414492e-05,0.011948470140516055,0.007994391411390104,1,1,0.0,0.761645665258205,0.5616948915575322,0.29940179631303554,0.027321746408135558
1019,5,excited,always_probe,0.002,1.0,0.5036976020492282,0.011107886101555628,5,1,9.136000000000001,0.00045504500008064497,9.136455045000082,1,nan,0.675,0.5040455341999129,0.011103208775840739,0.0017257389208041416,7.211803844749697e-05,0.011948470140516055,0.007994391411390104,1,1,0.0,0.7616533918071632,0.5616950779217684,0.29940179631303554,0.0318919455015502
1019,5,excited,batch_aware,0.002,1.0,0.5036976020492282,0.011107886101555628,5,1,8.34,0.0006168270006128296,8.340616827000613,0,-0.7999999999999999,0.775,0.504025167072182,0.011096656175503554,0.0018738422912896629,8.596549142414492e-05,0.011948470140516055,0.007994391411390104,1,1,0.0,0.761645665258205,0.5616948915575322,0.29940179631303554,0.027321746408135558
1019,5,excited,ignore_passive,0.002,1.0,0.5036976020492282,0.011107886101555628,5,1,8.34,0.00038750499993511767,8.340387504999935,0,-0.40000000000000013,0.775,0.504025167072182,0.011096656175503554,0.0018738422912896629,8.596549142414492e-05,0.011948470140516055,0.007994391411390104,1,1,0.0,0.761645665258205,0.5616948915575322,0.29940179631303554,0.027321746408135558
1019,5,excited,oracle,0.002,1.0,0.5036976020492282,0.011107886101555628,5,1,8.22,0.0003087580000737944,8.220308758000074,0,nan,0.675,0.5036976020492282,0.011107886101555628,1e-10,1e-10,1e-10,1e-10,1,1,0.0,0.7616534225561145,0.5616968409784185,0.2179331299717435,0.02654850093457602
1020,5,excited,fixed_nominal,0.002,1.0,1.0101803401942053,0.008524531469628635,5,1,9.430000000000001,0.0002964339996651688,9.430296433999667,0,nan,0.8250000000000001,0.8,0.012,0.5,0.008,0.5,0.008,1,1,0.0,0.7571406830477028,0.5794141386024372,0.7538333422822848,0.08896492576005097
1020,5,excited,passive,0.002,1.0,1.0101803401942053,0.008524531469628635,5,1,8.06,0.00031099900002118375,8.060310999000022,0,nan,0.75,1.0100316453910692,0.008496169376059756,0.0019800741710291497,8.312518872974592e-05,0.01720940159206843,0.00799790405476049,1,1,0.0,0.7571001687386769,0.5791045709973749,0.4457634299933218,0.02671581830080401
1020,5,excited,always_probe,0.002,1.0,1.0101803401942053,0.008524531469628635,5,1,8.856000000000002,0.0002736830001595081,8.856273683000161,1,nan,0.65,1.010066464537316,0.008512428119485941,0.0018120179293829408,6.994569598488311e-05,0.01720940159206843,0.00799790405476049,1,1,0.0,0.7571001422108751,0.579104366616425,0.4457634299933218,0.035897773989770634
1020,5,excited,batch_aware,0.002,1.0,1.0101803401942053,0.008524531469628635,5,1,8.06,0.0005624540003736911,8.060562454000374,0,-0.7999999999999999,0.75,1.0100316453910692,0.008496169376059756,0.0019800741710291497,8.312518872974592e-05,0.01720940159206843,0.00799790405476049,1,1,0.0,0.7571001687386769,0.5791045709973749,0.4457634299933218,0.02671581830080401
1020,5,excited,ignore_passive,0.002,1.0,1.0101803401942053,0.008524531469628635,5,1,8.06,0.00036187699947731744,8.060361876999478,0,-0.40000000000000013,0.75,1.0100316453910692,0.008496169376059756,0.0019800741710291497,8.312518872974592e-05,0.01720940159206843,0.00799790405476049,1,1,0.0,0.7571001687386769,0.5791045709973749,0.4457634299933218,0.02671581830080401
1020,5,excited,oracle,0.002,1.0,1.0101803401942053,0.008524531469628635,5,1,7.960000000000002,0.0002707990001908911,7.960270799000193,0,nan,0.65,1.0101803401942053,0.008524531469628635,1e-10,1e-10,1e-10,1e-10,1,1,0.0,0.7571000825812904,0.5791038991648774,0.2179672298903191,0.02666971438472535
1021,5,excited,fixed_nominal,0.002,1.0,0.7241433995407722,0.0038595824926138606,5,1,9.59,0.00042153399999733665,9.590421533999997,0,nan,0.9,0.8,0.012,0.5,0.008,0.5,0.008,1,1,0.0,0.7496715482304562,0.5145285554791275,0.3836827233725567,0.18386525886743632
1021,5,excited,passive,0.002,1.0,0.7241433995407722,0.0038595824926138606,5,1,8.82,0.00044169599959786865,8.820441695999598,0,nan,0.8250000000000001,0.7238506032838623,0.00388697315160351,0.0018390003018848276,9.152626829802357e-05,0.016535912410397795,0.007999864813543383,1,1,0.0,0.7496906549230301,0.5146734177810491,0.18825314164915602,0.023002957569685848
1021,5,excited,always_probe,0.002,1.0,0.7241433995407722,0.0038595824926138606,5,1,9.616,0.00041335299988531915,9.616413352999885,1,nan,0.7250000000000001,0.723766918763509,0.003873458112799004,0.0016999079594407873,7.461095059867355e-05,0.016535912410397795,0.007999864813543383,1,1,0.0,0.7496968717386544,0.5478244072423541,0.1888037310478468,0.05745770153356388
1021,5,excited,batch_aware,0.002,1.0,0.7241433995407722,0.0038595824926138606,5,1,8.82,0.0009247510006389348,8.82092475100064,0,-0.7999999999999995,0.8250000000000001,0.7238506032838623,0.00388697315160351,0.0018390003018848276,9.152626829802357e-05,0.016535912410397795,0.007999864813543383,1,1,0.0,0.7496906549230301,0.5146734177810491,0.18825314164915602,0.023002957569685848
1021,5,excited,ignore_passive,0.002,1.0,0.7241433995407722,0.0038595824926138606,5,1,8.82,0.00048664100017958845,8.82048664100018,0,-0.40000000000000013,0.8250000000000001,0.7238506032838623,0.00388697315160351,0.0018390003018848276,9.152626829802357e-05,0.016535912410397795,0.007999864813543383,1,1,0.0,0.7496906549230301,0.5146734177810491,0.18825314164915602,0.023002957569685848
1021,5,excited,oracle,0.002,1.0,0.7241433995407722,0.0038595824926138606,5,1,8.719999999999999,0.00042774300072778715,8.720427743000727,0,nan,0.7250000000000001,0.7241433995407722,0.0038595824926138606,1e-10,1e-10,1e-10,1e-10,1,1,0.0,0.7496969529961593,0.5146732293069851,0.18878393972650634,0.022912938060901684
1022,5,excited,fixed_nominal,0.002,1.0,0.2007373035940423,0.023123585389293697,0,0,0.354,0.0,50.354,0,nan,nan,0.8,0.012,0.5,0.008,0.5,0.008,1,1,0.0,0.06167485762868571,1.1767319458415206,0.581766357039619,0.0011559067688240068
1022,5,excited,passive,0.002,1.0,0.2007373035940423,0.023123585389293697,0,0,0.156,0.0,50.156,0,nan,nan,0.1983861992444571,0.011771827064623371,0.009644378593515184,0.007974256535716722,0.5,0.008,1,1,0.0,0.06167485762868571,1.1767319458415206,0.21627619158774264,1.1951027138684738e-05
1022,5,excited,always_probe,0.002,1.0,0.2007373035940423,0.023123585389293697,0,0,0.156,0.0,50.156,0,nan,nan,0.1983861992444571,0.011771827064623371,0.009644378593515184,0.007974256535716722,0.5,0.008,1,1,0.0,0.06167485762868571,1.1767319458415206,0.21627619158774264,1.1951027138684738e-05
1022,5,excited,batch_aware,0.002,1.0,0.2007373035940423,0.023123585389293697,0,0,0.156,0.0,50.156,0,nan,nan,0.1983861992444571,0.011771827064623371,0.009644378593515184,0.007974256535716722,0.5,0.008,1,1,0.0,0.06167485762868571,1.1767319458415206,0.21627619158774264,1.1951027138684738e-05
1022,5,excited,ignore_passive,0.002,1.0,0.2007373035940423,0.023123585389293697,0,0,0.156,0.0,50.156,0,nan,nan,0.1983861992444571,0.011771827064623371,0.009644378593515184,0.007974256535716722,0.5,0.008,1,1,0.0,0.06167485762868571,1.1767319458415206,0.21627619158774264,1.1951027138684738e-05
1022,5,excited,oracle,0.002,1.0,0.2007373035940423,0.023123585389293697,5,1,8.46,0.000358939999841823,8.460358939999843,0,nan,0.7000000000000001,0.2007373035940423,0.023123585389293697,1e-10,1e-10,1e-10,1e-10,1,1,0.0,0.7442756287093331,0.5279658269648245,0.1987362324732304,0.02314000893542232
1023,5,excited,fixed_nominal,0.002,1.0,0.6744167120119368,0.022835670906901563,5,1,9.34,0.00034372600043752755,9.340343726000437,0,nan,0.875,0.8,0.012,0.5,0.008,0.5,0.008,1,1,0.0,0.7699561542556562,0.5458678588019066,0.6292648641677117,0.32298597881020924
1023,5,excited,passive,0.002,1.0,0.6744167120119368,0.022835670906901563,5,1,8.56,0.0003521610003645037,8.560352161000365,0,nan,0.8,0.6739191029760546,0.022844248877051058,0.0018941854880006094,9.984325810375468e-05,0.01643965541428334,0.007996729446475781,1,1,0.0,0.7699959280286505,0.5461527292272783,0.26475870499919446,0.024886535508419853
1023,5,excited,always_probe,0.002,1.0,0.6744167120119368,0.022835670906901563,5,1,9.356,0.0003551530003278458,9.356355153000328,1,nan,0.7000000000000001,0.6741800486640017,0.02284820424058142,0.0017428285881798085,8.30734499422959e-05,0.01643965541428334,0.007996729446475781,1,1,0.0,0.7700014005841805,0.6214840678534425,0.26475870499919446,0.024887378637080362
1023,5,excited,batch_aware,0.002,1.0,0.6744167120119368,0.022835670906901563,5,1,8.56,0.0008122629994886665,8.56081226299949,0,-0.8000000000000004,0.8,0.6739191029760546,0.022844248877051058,0.0018941854880006094,9.984325810375468e-05,0.01643965541428334,0.007996729446475781,1,1,0.0,0.7699959280286505,0.5461527292272783,0.26475870499919446,0.024886535508419853
1023,5,excited,ignore_passive,0.002,1.0,0.6744167120119368,0.022835670906901563,5,1,8.56,0.00043287099992994627,8.56043287099993,0,-0.40000000000000013,0.8,0.6739191029760546,0.022844248877051058,0.0018941854880006094,9.984325810375468e-05,0.01643965541428334,0.007996729446475781,1,1,0.0,0.7699959280286505,0.5461527292272783,0.26475870499919446,0.024886535508419853
1023,5,excited,oracle,0.002,1.0,0.6744167120119368,0.022835670906901563,5,1,8.46,0.00037575600026684697,8.460375756000268,0,nan,0.7000000000000001,0.6744167120119368,0.022835670906901563,1e-10,1e-10,1e-10,1e-10,1,1,0.0,0.7700015936095527,0.5461511515030084,0.21042780703051303,0.024888092608173366
1024,5,excited,fixed_nominal,0.002,1.0,0.6514467567631979,0.007942114630527877,5,1,9.09,0.00038210499974411505,9.090382104999744,0,nan,0.8500000000000001,0.8,0.012,0.5,0.008,0.5,0.008,1,1,0.0,0.7535463711166661,0.5549297393526827,0.7445196325582106,0.08587343382723756
1024,5,excited,passive,0.002,1.0,0.6514467567631979,0.007942114630527877,5,1,8.32,0.0004067519998898206,8.32040675199989,0,nan,0.775,0.6515753143370739,0.007966504490489948,0.001892447826753089,8.390826458391929e-05,0.0163924541034152,0.007998627313537355,1,1,0.0,0.7535949674580471,0.5552612055090443,0.3181282736927237,0.02554179753116016
1024,5,excited,always_probe,0.002,1.0,0.6514467567631979,0.007942114630527877,5,1,9.116000000000001,0.0003841669997655117,9.116384166999767,1,nan,0.675,0.6511557137813602,0.007949622185450238,0.001741273111462238,7.038250982399405e-05,0.0163924541034152,0.007998627313537355,1,1,0.0,0.7535951204203912,0.5552624763171166,0.3181282736927237,0.038330992395358476
1024,5,excited,batch_aware,0.002,1.0,0.6514467567631979,0.007942114630527877,5,1,8.32,0.000720505000117555,8.320720505000118,0,-0.7999999999999999,0.775,0.6515753143370739,0.007966504490489948,0.001892447826753089,8.390826458391929e-05,0.0163924541034152,0.007998627313537355,1,1,0.0,0.7535949674580471,0.5552612055090443,0.3181282736927237,0.02554179753116016
1024,5,excited,ignore_passive,0.002,1.0,0.6514467567631979,0.007942114630527877,5,1,8.32,0.0005482139999912761,8.320548213999992,0,-0.40000000000000013,0.775,0.6515753143370739,0.007966504490489948,0.001892447826753089,8.390826458391929e-05,0.0163924541034152,0.007998627313537355,1,1,0.0,0.7535949674580471,0.5552612055090443,0.3181282736927237,0.02554179753116016
1024,5,excited,oracle,0.002,1.0,0.6514467567631979,0.007942114630527877,5,1,8.22,0.0003621029995883873,8.220362102999589,0,nan,0.675,0.6514467567631979,0.007942114630527877,1e-10,1e-10,1e-10,1e-10,1,1,0.0,0.7535949744079828,0.5552596548490443,0.21301468589740102,0.02570550966224706
1025,5,excited,fixed_nominal,0.002,1.0,1.3495643132438015,0.016467172383280073,5,1,10.16,0.00031663700019635144,10.160316637000196,0,nan,0.8500000000000001,0.8,0.012,0.5,0.008,0.5,0.008,1,1,0.0,0.7647381275913159,0.5845974069079614,0.768190491929016,0.09624238114204432
1025,5,excited,passive,0.002,1.0,1.3495643132438015,0.016467172383280073,5,1,8.112000000000002,0.0002839480005150108,8.112283948000517,0,nan,0.75,1.3503975866895952,0.016455984582202796,0.0019758045101000857,9.265057859684255e-05,0.00965205484005248,0.00799440359988507,1,1,0.0,0.7646236954509027,0.7664233369056112,0.22411524617522252,0.026834884259210406
1025,5,excited,always_probe,0.002,1.0,1.3495643132438015,0.016467172383280073,5,1,8.908000000000003,0.0002777259996946668,8.908277725999698,1,nan,0.65,1.350474120306134,0.016446632840531696,0.0018123883841247457,7.714494814020013e-05,0.00965205484005248,0.00799440359988507,1,1,0.0,0.7646236692182176,0.7664233369056112,0.2245383101255707,0.026869961695881073
1025,5,excited,batch_aware,0.002,1.0,1.3495643132438015,0.016467172383280073,5,1,8.112000000000002,0.0005703159999939089,8.112570315999996,0,-0.7999999999999999,0.75,1.3503975866895952,0.016455984582202796,0.0019758045101000857,9.265057859684255e-05,0.00965205484005248,0.00799440359988507,1,1,0.0,0.7646236954509027,0.7664233369056112,0.22411524617522252,0.026834884259210406
1025,5,excited,ignore_passive,0.002,1.0,1.3495643132438015,0.016467172383280073,5,1,8.112000000000002,0.00032810199968480447,8.112328101999687,0,-0.40000000000000013,0.75,1.3503975866895952,0.016455984582202796,0.0019758045101000857,9.265057859684255e-05,0.00965205484005248,0.00799440359988507,1,1,0.0,0.7646236954509027,0.7664233369056112,0.22411524617522252,0.026834884259210406
1025,5,excited,oracle,0.002,1.0,1.3495643132438015,0.016467172383280073,5,1,7.960000000000002,0.00026965299935000075,7.960269652999352,0,nan,0.65,1.3495643132438015,0.016467172383280073,1e-10,1e-10,1e-10,1e-10,1,1,0.0,0.7646239307946769,0.5839374294777325,0.22437271037647957,0.026170069553559404
1026,5,excited,fixed_nominal,0.002,1.0,0.439032074266144,0.015687697085048382,5,1,9.944,0.00032087400040836656,9.94432087400041,0,nan,0.8500000000000001,0.8,0.012,0.5,0.008,0.5,0.008,1,1,0.0,0.7673506503673427,0.5859607953281304,0.6560773720976022,0.11944632944194593
1026,5,excited,passive,0.002,1.0,0.439032074266144,0.015687697085048382,5,1,8.096000000000002,0.00026952600069307664,8.096269526000695,0,nan,0.75,0.4389350077114765,0.015678704439498013,0.0019334263807429116,9.348149891600361e-05,0.01198404504114298,0.007994968182442313,1,1,0.0,0.7674425175527313,0.5867059357964337,0.22874392287115788,0.026889517267461957
1026,5,excited,always_probe,0.002,1.0,0.439032074266144,0.015687697085048382,5,1,8.892000000000003,0.00043233299993516994,8.892432332999938,1,nan,0.65,0.43908563676339357,0.015671995999496317,0.0017714586357948322,7.750460621808137e-05,0.01198404504114298,0.007994968182442313,1,1,0.0,0.7674424442423156,0.5867050989321695,0.2291548749750779,0.02689003308956575
1026,5,excited,batch_aware,0.002,1.0,0.439032074266144,0.015687697085048382,5,1,8.096000000000002,0.0005640369995489891,8.09656403699955,0,-0.7999999999999999,0.75,0.4389350077114765,0.015678704439498013,0.0019334263807429116,9.348149891600361e-05,0.01198404504114298,0.007994968182442313,1,1,0.0,0.7674425175527313,0.5867059357964337,0.22874392287115788,0.026889517267461957
1026,5,excited,ignore_passive,0.002,1.0,0.439032074266144,0.015687697085048382,5,1,8.096000000000002,0.00034577199949126225,8.096345771999493,0,-0.40000000000000013,0.75,0.4389350077114765,0.015678704439498013,0.0019334263807429116,9.348149891600361e-05,0.01198404504114298,0.007994968182442313,1,1,0.0,0.7674425175527313,0.5867059357964337,0.22874392287115788,0.026889517267461957
1026,5,excited,oracle,0.002,1.0,0.439032074266144,0.015687697085048382,5,1,7.960000000000002,0.00028031399983774463,7.9602803139998395,0,nan,0.65,0.439032074266144,0.015687697085048382,1e-10,1e-10,1e-10,1e-10,1,1,0.0,0.7674425660310278,0.5867048337849731,0.22907023718498953,0.02689051877998505
1027,5,excited,fixed_nominal,0.002,1.0,0.23916437855556752,0.014929349798439306,0,0,0.34600000000000003,0.0,50.346,0,nan,nan,0.8,0.012,0.5,0.008,0.5,0.008,1,1,0.0,0.05739399986640912,1.0583735098441407,0.5952184403440708,0.0009558865342094336
1027,5,excited,passive,0.002,1.0,0.23916437855556752,0.014929349798439306,0,0,0.154,0.0,50.154,0,nan,nan,0.24423885552766733,0.011936571110077223,0.009651025745609092,0.007982797817285121,0.5,0.008,1,1,0.0,0.05739399986640912,1.0583735098441407,0.12754119746543716,0.00014020770629536689
1027,5,excited,always_probe,0.002,1.0,0.23916437855556752,0.014929349798439306,0,0,0.154,0.0,50.154,0,nan,nan,0.24423885552766733,0.011936571110077223,0.009651025745609092,0.007982797817285121,0.5,0.008,1,1,0.0,0.05739399986640912,1.0583735098441407,0.12754119746543716,0.00014020770629536689
1027,5,excited,batch_aware,0.002,1.0,0.23916437855556752,0.014929349798439306,0,0,0.154,0.0,50.154,0,nan,nan,0.24423885552766733,0.011936571110077223,0.009651025745609092,0.007982797817285121,0.5,0.008,1,1,0.0,0.05739399986640912,1.0583735098441407,0.12754119746543716,0.00014020770629536689
1027,5,excited,ignore_passive,0.002,1.0,0.23916437855556752,0.014929349798439306,0,0,0.154,0.0,50.154,0,nan,nan,0.24423885552766733,0.011936571110077223,0.009651025745609092,0.007982797817285121,0.5,0.008,1,1,0.0,0.05739399986640912,1.0583735098441407,0.12754119746543716,0.00014020770629536689
1027,5,excited,oracle,0.002,1.0,0.23916437855556752,0.014929349798439306,5,1,8.22,0.00030435899998337845,8.220304358999984,0,nan,0.675,0.23916437855556752,0.014929349798439306,1e-10,1e-10,1e-10,1e-10,1,1,0.0,0.7698581405132124,0.5670696112878173,0.22557028177361227,0.025786180635381427
1028,5,excited,fixed_nominal,0.002,1.0,1.3426395100577646,0.010878378202408194,5,1,10.54,0.00037833000010323303,10.540378330000102,0,nan,0.875,0.8,0.012,0.5,0.008,0.5,0.008,1,1,0.0,0.7513198900461473,0.5355798963315369,0.8561120418428161,0.034086585580341486
1028,5,excited,passive,0.002,1.0,1.3426395100577646,0.010878378202408194,5,1,8.612,0.00038943599929552875,8.612389435999296,0,nan,0.8,1.3427010739089822,0.010865733639828864,0.0019130464855789885,9.399476941949414e-05,0.009655305218638277,0.00790179394097774,1,1,0.0,0.7511854149896604,0.7539184670626082,0.20481781164294996,0.023872045919898152
1028,5,excited,always_probe,0.002,1.0,1.3426395100577646,0.010878378202408194,5,1,9.408,0.00037405000034596014,9.408374050000345,1,nan,0.7000000000000001,1.3430995506732344,0.010870425643333868,0.0017636327816937581,7.700402701611714e-05,0.009655305218638277,0.00790179394097774,1,1,0.0,0.7511895252282728,0.7539184670626082,0.20493495010147922,0.024061866583089033
1028,5,excited,batch_aware,0.002,1.0,1.3426395100577646,0.010878378202408194,5,1,8.612,0.000807414999599132,8.6128074149996,0,-0.8000000000000004,0.8,1.3427010739089822,0.010865733639828864,0.0019130464855789885,9.399476941949414e-05,0.009655305218638277,0.00790179394097774,1,1,0.0,0.7511854149896604,0.7539184670626082,0.20481781164294996,0.023872045919898152
1028,5,excited,ignore_passive,0.002,1.0,1.3426395100577646,0.010878378202408194,5,1,8.612,0.0004658600000766455,8.612465860000077,0,-0.40000000000000013,0.8,1.3427010739089822,0.010865733639828864,0.0019130464855789885,9.399476941949414e-05,0.009655305218638277,0.00790179394097774,1,1,0.0,0.7511854149896604,0.7539184670626082,0.20481781164294996,0.023872045919898152
1028,5,excited,oracle,0.002,1.0,1.3426395100577646,0.010878378202408194,5,1,8.46,0.0003657509996628505,8.460365750999664,0,nan,0.7000000000000001,1.3426395100577646,0.010878378202408194,1e-10,1e-10,1e-10,1e-10,1,1,0.0,0.751189979431877,0.5347654126378008,0.20471927296331505,0.023707363969930333
1029,5,excited,fixed_nominal,0.002,1.0,1.3714882708570773,0.020927530813686132,5,1,10.06,0.0002799920000597922,10.06027999200006,0,nan,0.8250000000000001,0.8,0.012,0.5,0.008,0.5,0.008,1,1,0.0,0.7550336908792964,0.5766851764158533,0.7412902348933958,0.19590711147043852
1029,5,excited,passive,0.002,1.0,1.3714882708570773,0.020927530813686132,5,1,8.114,0.00027725699987968255,8.11427725699988,0,nan,0.75,1.3715302356769652,0.020936340855184258,0.0019774959281256966,9.916688070679439e-05,0.00964926231025773,0.007976067670417353,1,1,0.0,0.7549071850803081,0.7835581547360767,0.22000110852920643,0.025820826973640236
1029,5,excited,always_probe,0.002,1.0,1.3714882708570773,0.020927530813686132,5,1,8.910000000000002,0.000278381000043737,8.910278381000046,1,nan,0.65,1.3714428650269836,0.020938734160705005,0.0018139077007764595,8.202908912612377e-05,0.00964926231025773,0.007976067670417353,1,1,0.0,0.7549072160261452,0.7835581547360767,0.21990679588393786,0.025819840802051925
1029,5,excited,batch_aware,0.002,1.0,1.3714882708570773,0.020927530813686132,5,1,8.114,0.0005919000000176311,8.114591900000018,0,-0.7999999999999999,0.75,1.3715302356769652,0.020936340855184258,0.0019774959281256966,9.916688070679439e-05,0.00964926231025773,0.007976067670417353,1,1,0.0,0.7549071850803081,0.7835581547360767,0.22000110852920643,0.025820826973640236
1029,5,excited,ignore_passive,0.002,1.0,1.3714882708570773,0.020927530813686132,5,1,8.114,0.0008751070001835615,8.114875107000184,0,-0.40000000000000013,0.75,1.3715302356769652,0.020936340855184258,0.0019774959281256966,9.916688070679439e-05,0.00964926231025773,0.007976067670417353,1,1,0.0,0.7549071850803081,0.7835581547360767,0.22000110852920643,0.025820826973640236
1029,5,excited,oracle,0.002,1.0,1.3714882708570773,0.020927530813686132,5,1,7.960000000000002,0.00029763700035800866,7.96029763700036,0,nan,0.65,1.3714882708570773,0.020927530813686132,1e-10,1e-10,1e-10,1e-10,1,1,0.0,0.7549072009867406,0.5766229268890989,0.2199411364068358,0.025818925230177325
1030,5,excited,fixed_nominal,0.002,1.0,0.5316106469180696,0.0025793032514379397,5,1,10.118,0.00038496699994539085,10.118384966999946,0,nan,0.875,0.8,0.012,0.5,0.008,0.5,0.008,1,1,0.0,0.7621858901302029,0.5401742994403635,0.7080768484337588,0.2174778133515034
1030,5,excited,passive,0.002,1.0,0.5316106469180696,0.0025793032514379397,5,1,8.56,0.00038697299987688893,8.560386972999877,0,nan,0.8,0.5316444759449924,0.002586202586374906,0.0018862062164272265,8.426617489845573e-05,0.016165782296858534,0.007984560101083232,1,1,0.0,0.7622664371416374,0.5406548888611747,0.5802566327422999,0.025016221476154954
1030,5,excited,always_probe,0.002,1.0,0.5316106469180696,0.0025793032514379397,5,1,9.356,0.0003943729996080947,9.356394372999608,1,nan,0.7000000000000001,0.5317579710437381,0.002590656738124404,0.0017356108491178312,7.015758813129662e-05,0.016165782296858534,0.007984560101083232,1,1,0.0,0.7622663765343055,0.5486239680513877,0.5802566327422999,0.07248270688930877
1030,5,excited,batch_aware,0.002,1.0,0.5316106469180696,0.0025793032514379397,5,1,8.56,0.0007493880002584774,8.560749388000259,0,-0.8000000000000004,0.8,0.5316444759449924,0.002586202586374906,0.0018862062164272265,8.426617489845573e-05,0.016165782296858534,0.007984560101083232,1,1,0.0,0.7622664371416374,0.5406548888611747,0.5802566327422999,0.025016221476154954
1030,5,excited,ignore_passive,0.002,1.0,0.5316106469180696,0.0025793032514379397,5,1,8.56,0.0004302280003685155,8.560430228000369,0,-0.40000000000000013,0.8,0.5316444759449924,0.002586202586374906,0.0018862062164272265,8.426617489845573e-05,0.016165782296858534,0.007984560101083232,1,1,0.0,0.7622664371416374,0.5406548888611747,0.5802566327422999,0.025016221476154954
1030,5,excited,oracle,0.002,1.0,0.5316106469180696,0.0025793032514379397,5,1,8.46,0.00036262000003262074,8.460362620000033,0,nan,0.7000000000000001,0.5316106469180696,0.0025793032514379397,1e-10,1e-10,1e-10,1e-10,1,1,0.0,0.7622664205916103,0.5406545934843785,0.2100571809501622,0.02497467471973788
1001,20,excited,fixed_nominal,0.002,1.0,1.0576328999979314,0.002361110759867625,20,1,38.96000000000001,0.0013585360002252855,38.96135853600023,0,nan,0.8500000000000001,0.8,0.012,0.5,0.008,0.5,0.008,1,1,0.0,0.7668899392928015,0.5873667417137763,0.6837002418862156,0.23365679687977142
1001,20,excited,passive,0.002,1.0,1.0576328999979314,0.002361110759867625,20,1,31.939999999999998,0.0014304829996945045,31.941430482999692,0,nan,0.75,1.0575485128763182,0.002361880616356956,0.0010015516792069906,3.781044141434368e-05,0.01732909305990758,0.007991287289320376,1,1,0.0,0.7668382373707623,0.5869798636925632,0.5261093428900617,0.029148058729871626
1001,20,excited,always_probe,0.002,1.0,1.0576328999979314,0.002361110759867625,20,1,32.736,0.0011282699999810575,32.73712826999998,1,nan,0.65,1.057502675230273,0.0023620840450553314,0.0009776405919551434,3.6166319442572735e-05,0.01732909305990758,0.007991287289320376,1,1,0.0,0.7668382510584996,0.5869800629787514,0.5261093428900617,0.06607159271616758
1001,20,excited,batch_aware,0.002,1.0,1.0576328999979314,0.002361110759867625,20,1,31.939999999999998,0.0022986029994171986,31.942298602999415,0,-0.7999999999999986,0.75,1.0575485128763182,0.002361880616356956,0.0010015516792069906,3.781044141434368e-05,0.01732909305990758,0.007991287289320376,1,1,0.0,0.7668382373707623,0.5869798636925632,0.5261093428900617,0.029148058729871626
1001,20,excited,ignore_passive,0.002,1.0,1.0576328999979314,0.002361110759867625,20,1,32.736,0.0011774069992043223,32.7371774069992,1,1.0999999999999996,0.65,1.057502675230273,0.0023620840450553314,0.0009776405919551434,3.6166319442572735e-05,0.01732909305990758,0.007991287289320376,1,1,0.0,0.7668382510584996,0.5869800629787514,0.5261093428900617,0.06607159271616758
1001,20,excited,oracle,0.002,1.0,1.0576328999979314,0.002361110759867625,20,1,31.84,0.0011594959994454257,31.841159495999445,0,nan,0.65,1.0576328999979314,0.002361110759867625,1e-10,1e-10,1e-10,1e-10,1,1,0.0,0.7668381628313158,0.5869796415792962,0.23698627851039616,0.029000307434210084
1002,20,excited,fixed_nominal,0.002,1.0,0.7331496232763623,0.01021535476643178,20,1,37.35999999999998,0.0013929760002611147,37.36139297600024,0,nan,0.875,0.8,0.012,0.5,0.008,0.5,0.008,1,1,0.0,0.7570148636264548,0.5376899782075529,0.3406162798604859,0.03281260997137982
1002,20,excited,passive,0.002,1.0,0.7331496232763623,0.01021535476643178,20,1,33.94,0.0017455069998959516,33.941745506999894,0,nan,0.8,0.7333849496040049,0.010245399949808462,0.0009582456401634647,4.4449605294648856e-05,0.016572625881405786,0.007999820261819711,1,1,0.0,0.7570406768388186,0.5377497700128929,0.21357947319984788,0.023974322636522858
1002,20,excited,always_probe,0.002,1.0,0.7331496232763623,0.01021535476643178,20,1,34.73599999999999,0.0015984340000159136,34.737598434000006,1,nan,0.7000000000000001,0.7333997659876634,0.010244547609573251,0.0009368367323600441,4.216854995404397e-05,0.016572625881405786,0.007999820261819711,1,1,0.0,0.7570407005111581,0.5487073776913809,0.21359468245102978,0.03710697417074945
1002,20,excited,batch_aware,0.002,1.0,0.7331496232763623,0.01021535476643178,20,1,33.94,0.003424971999720583,33.94342497199972,0,-0.8000000000000004,0.8,0.7333849496040049,0.010245399949808462,0.0009582456401634647,4.4449605294648856e-05,0.016572625881405786,0.007999820261819711,1,1,0.0,0.7570406768388186,0.5377497700128929,0.21357947319984788,0.023974322636522858
1002,20,excited,ignore_passive,0.002,1.0,0.7331496232763623,0.01021535476643178,20,1,34.73599999999999,0.0022863009994580352,34.73828630099945,1,1.0999999999999996,0.7000000000000001,0.7333997659876634,0.010244547609573251,0.0009368367323600441,4.216854995404397e-05,0.016572625881405786,0.007999820261819711,1,1,0.0,0.7570407005111581,0.5487073776913809,0.21359468245102978,0.03710697417074945
1002,20,excited,oracle,0.002,1.0,0.7331496232763623,0.01021535476643178,20,1,33.839999999999996,0.001802269000791057,33.84180226900079,0,nan,0.7000000000000001,0.7331496232763623,0.01021535476643178,1e-10,1e-10,1e-10,1e-10,1,1,0.0,0.7570410058976645,0.5377504274296883,0.21359184191989228,0.024954616363859282
1003,20,excited,fixed_nominal,0.002,1.0,0.4628603155760868,0.007904233635032908,20,1,40.12,0.0015946049998092349,40.12159460499981,0,nan,0.8500000000000001,0.8,0.012,0.5,0.008,0.5,0.008,1,1,0.0,0.7639200011612085,0.5619178211933685,0.6664861165653019,0.0770518392175588
1003,20,excited,passive,0.002,1.0,0.4628603155760868,0.007904233635032908,20,1,33.011999999999986,0.0015210290000595705,33.013521029000046,0,nan,0.775,0.4628349918629658,0.007890652549815583,0.000949580349421891,4.117549776552135e-05,0.011969086607841692,0.007991510776315975,1,1,0.0,0.7640178260971855,0.5628157009051374,0.2233916902789373,0.02778827996861049
1003,20,excited,always_probe,0.002,1.0,0.4628603155760868,0.007904233635032908,20,1,33.807999999999986,0.0020661070000187465,33.810066107000004,1,nan,0.675,0.4628214915961609,0.007894109842045742,0.0009284380507146493,3.9247888450963324e-05,0.011969086607841692,0.007991510776315975,1,1,0.0,0.7640178366878785,0.5628168667659537,0.22333939216787319,0.04466064799089464
1003,20,excited,batch_aware,0.002,1.0,0.4628603155760868,0.007904233635032908,20,1,33.011999999999986,0.0029737730001215823,33.01497377300011,0,-0.8000000000000004,0.775,0.4628349918629658,0.007890652549815583,0.000949580349421891,4.117549776552135e-05,0.011969086607841692,0.007991510776315975,1,1,0.0,0.7640178260971855,0.5628157009051374,0.2233916902789373,0.02778827996861049
1003,20,excited,ignore_passive,0.002,1.0,0.4628603155760868,0.007904233635032908,20,1,33.807999999999986,0.0015356570002040826,33.80953565700019,1,1.0999999999999996,0.675,0.4628214915961609,0.007894109842045742,0.0009284380507146493,3.9247888450963324e-05,0.011969086607841692,0.007991510776315975,1,1,0.0,0.7640178366878785,0.5628168667659537,0.22333939216787319,0.04466064799089464
1003,20,excited,oracle,0.002,1.0,0.4628603155760868,0.007904233635032908,20,1,32.87999999999999,0.0023884920001364662,32.882388492000125,0,nan,0.675,0.4628603155760868,0.007904233635032908,1e-10,1e-10,1e-10,1e-10,1,1,0.0,0.7640178243199043,0.5628147484887098,0.22335944717442138,0.02718014033166283
1004,20,excited,fixed_nominal,0.002,1.0,0.20123263383700105,0.0049934801789355224,0,0,0.352,0.0,200.352,0,nan,nan,0.8,0.012,0.5,0.008,0.5,0.008,1,1,0.0,0.061610198244884125,1.1748704611126253,0.597708944404588,0.00048337470801847215
1004,20,excited,passive,0.002,1.0,0.20123263383700105,0.0049934801789355224,0,0,0.156,0.0,200.156,0,nan,nan,0.20194297872477146,0.01187250750975726,0.00964671035008101,0.00797088043537762,0.5,0.008,1,1,0.0,0.061610198244884125,1.1748704611126253,0.2023618859390936,0.0006528996570740971
1004,20,excited,always_probe,0.002,1.0,0.20123263383700105,0.0049934801789355224,0,0,0.156,0.0,200.156,0,nan,nan,0.20194297872477146,0.01187250750975726,0.00964671035008101,0.00797088043537762,0.5,0.008,1,1,0.0,0.061610198244884125,1.1748704611126253,0.2023618859390936,0.0006528996570740971
1004,20,excited,batch_aware,0.002,1.0,0.20123263383700105,0.0049934801789355224,0,0,0.156,0.0,200.156,0,nan,nan,0.20194297872477146,0.01187250750975726,0.00964671035008101,0.00797088043537762,0.5,0.008,1,1,0.0,0.061610198244884125,1.1748704611126253,0.2023618859390936,0.0006528996570740971
1004,20,excited,ignore_passive,0.002,1.0,0.20123263383700105,0.0049934801789355224,0,0,0.156,0.0,200.156,0,nan,nan,0.20194297872477146,0.01187250750975726,0.00964671035008101,0.00797088043537762,0.5,0.008,1,1,0.0,0.061610198244884125,1.1748704611126253,0.2023618859390936,0.0006528996570740971
1004,20,excited,oracle,0.002,1.0,0.20123263383700105,0.0049934801789355224,20,1,31.84,0.0013566479999553849,31.841356647999955,0,nan,0.65,0.20123263383700105,0.0049934801789355224,1e-10,1e-10,1e-10,1e-10,1,1,0.0,0.7626841790307636,0.5832381698711192,0.23805277234596686,0.02747122628109527
1005,20,excited,fixed_nominal,0.002,1.0,0.31510684229505126,0.023402926974937885,20,1,40.999999999999964,0.0015469780003058986,41.00154697800027,0,nan,0.8500000000000001,0.8,0.012,0.5,0.008,0.5,0.008,1,1,0.0,0.7465655440922873,0.859440454020706,0.6165228055225181,0.3438104087600846
1005,20,excited,passive,0.002,1.0,0.31510684229505126,0.023402926974937885,20,1,33.02999999999999,0.0014685610001379246,33.031468561000125,0,nan,0.775,0.31493545981296167,0.02340833437189924,0.0009463803319219696,4.9371028204977415e-05,0.012022576441392794,0.007996365749051474,1,1,0.0,0.7466937529844749,0.859440454020706,0.21817913086935026,0.02613311130839652
1005,20,excited,always_probe,0.002,1.0,0.31510684229505126,0.023402926974937885,20,1,33.82599999999998,0.0015156750000642205,33.82751567500004,1,nan,0.675,0.3149643584186026,0.023412412816933945,0.0009253041024177605,4.691345986887081e-05,0.012022576441392794,0.007996365749051474,1,1,0.0,0.7466992758387009,0.859440454020706,0.21817885678212617,0.026076079309246603
1005,20,excited,batch_aware,0.002,1.0,0.31510684229505126,0.023402926974937885,20,1,33.02999999999999,0.0030100049993961875,33.03301000499938,0,-0.8000000000000004,0.775,0.31493545981296167,0.02340833437189924,0.0009463803319219696,4.9371028204977415e-05,0.012022576441392794,0.007996365749051474,1,1,0.0,0.7466937529844749,0.859440454020706,0.21817913086935026,0.02613311130839652
1005,20,excited,ignore_passive,0.002,1.0,0.31510684229505126,0.023402926974937885,20,1,33.82599999999998,0.0016458849997889047,33.82764588499977,1,1.0999999999999996,0.675,0.3149643584186026,0.023412412816933945,0.0009253041024177605,4.691345986887081e-05,0.012022576441392794,0.007996365749051474,1,1,0.0,0.7466992758387009,0.859440454020706,0.21817885678212617,0.026076079309246603
1005,20,excited,oracle,0.002,1.0,0.31510684229505126,0.023402926974937885,20,1,32.87999999999999,0.001693049000323299,32.88169304900031,0,nan,0.675,0.31510684229505126,0.023402926974937885,1e-10,1e-10,1e-10,1e-10,1,1,0.0,0.7466992458810705,0.5497437458735769,0.2177835925601462,0.026373438038542467
1006,20,excited,fixed_nominal,0.002,1.0,0.6716900070019542,0.015819709707392063,20,1,36.35999999999998,0.0015140489999794227,36.36151404899996,0,nan,0.8500000000000001,0.8,0.012,0.5,0.008,0.5,0.008,1,1,0.0,0.7475499873759733,0.5507660698002015,0.6473942717969342,0.11567999496890673
1006,20,excited,passive,0.002,1.0,0.6716900070019542,0.015819709707392063,20,1,32.97999999999999,0.0013903589992878551,32.98139035899928,0,nan,0.775,0.6717018422440582,0.015831368820922582,0.000956267914324678,4.6886676563283084e-05,0.016425221753901438,0.00798854883711479,1,1,0.0,0.7475924935529029,0.5510252129483078,0.2822285531904244,0.0254172643157664
1006,20,excited,always_probe,0.002,1.0,0.6716900070019542,0.015819709707392063,20,1,33.77599999999998,0.001500949001410845,33.77750094900139,1,nan,0.675,0.6716244607294748,0.01583060610273285,0.000934902422460148,4.4455933251064156e-05,0.016425221753901438,0.00798854883711479,1,1,0.0,0.7475925702462449,0.565334696036692,0.2822285531904244,0.02526344326988086
1006,20,excited,batch_aware,0.002,1.0,0.6716900070019542,0.015819709707392063,20,1,32.97999999999999,0.00312580299896581,32.983125802998956,0,-0.8000000000000004,0.775,0.6717018422440582,0.015831368820922582,0.000956267914324678,4.6886676563283084e-05,0.016425221753901438,0.00798854883711479,1,1,0.0,0.7475924935529029,0.5510252129483078,0.2822285531904244,0.0254172643157664
1006,20,excited,ignore_passive,0.002,1.0,0.6716900070019542,0.015819709707392063,20,1,33.77599999999998,0.001924674998235787,33.77792467499822,1,1.0999999999999996,0.675,0.6716244607294748,0.01583060610273285,0.000934902422460148,4.4455933251064156e-05,0.016425221753901438,0.00798854883711479,1,1,0.0,0.7475925702462449,0.565334696036692,0.2822285531904244,0.02526344326988086
1006,20,excited,oracle,0.002,1.0,0.6716900070019542,0.015819709707392063,20,1,32.87999999999999,0.0014015010001457995,32.881401501000134,0,nan,0.675,0.6716900070019542,0.015819709707392063,1e-10,1e-10,1e-10,1e-10,1,1,0.0,0.7475926276633685,0.5510264058425538,0.21387611011810775,0.025147320992564913
1007,20,excited,fixed_nominal,0.002,1.0,0.29971491244524007,0.020767547939092697,20,1,42.079999999999984,0.0015113109998310392,42.081511310999815,0,nan,0.875,0.8,0.012,0.5,0.008,0.5,0.008,1,1,0.0,0.7483866159218843,0.8971604701998984,0.6067667897717693,0.25833546657194295
1007,20,excited,passive,0.002,1.0,0.29971491244524007,0.020767547939092697,20,1,33.992,0.0017271200001687248,33.993727120000166,0,nan,0.8,0.2996398715096886,0.02075828318196614,0.0009446911653295063,5.090308104106324e-05,0.009648684869219736,0.007987580612355452,1,1,0.0,0.7485205703757221,0.8902913621648787,0.2105243402449407,0.024490352254921428
1007,20,excited,always_probe,0.002,1.0,0.29971491244524007,0.020767547939092697,20,1,34.78799999999999,0.0015557119986624457,34.78955571199865,1,nan,0.7000000000000001,0.299649538826835,0.020757627587831423,0.0009237260396631881,4.8122506164757194e-05,0.009648684869219736,0.007987580612355452,1,1,0.0,0.7485205667847399,0.8902913621648787,0.21053062027042022,0.024541941105179585
1007,20,excited,batch_aware,0.002,1.0,0.29971491244524007,0.020767547939092697,20,1,33.992,0.0033487029998013895,33.9953487029998,0,-0.8000000000000004,0.8,0.2996398715096886,0.02075828318196614,0.0009446911653295063,5.090308104106324e-05,0.009648684869219736,0.007987580612355452,1,1,0.0,0.7485205703757221,0.8902913621648787,0.2105243402449407,0.024490352254921428
1007,20,excited,ignore_passive,0.002,1.0,0.29971491244524007,0.020767547939092697,20,1,34.78799999999999,0.0020189749998280604,34.79001897499982,1,1.0999999999999996,0.7000000000000001,0.299649538826835,0.020757627587831423,0.0009237260396631881,4.8122506164757194e-05,0.009648684869219736,0.007987580612355452,1,1,0.0,0.7485205667847399,0.8902913621648787,0.21053062027042022,0.024541941105179585
1007,20,excited,oracle,0.002,1.0,0.29971491244524007,0.020767547939092697,20,1,33.839999999999996,0.0015374059998976009,33.841537405999894,0,nan,0.7000000000000001,0.29971491244524007,0.020767547939092697,1e-10,1e-10,1e-10,1e-10,1,1,0.0,0.7485205521331852,0.5321636234163019,0.21051811407090026,0.02454401354366892
1008,20,excited,fixed_nominal,0.002,1.0,0.4341538486764662,0.020700167197761923,20,1,39.8,0.0012432310002168379,39.801243231000214,0,nan,0.8500000000000001,0.8,0.012,0.5,0.008,0.5,0.008,1,1,0.0,0.7693712574885399,0.5881708074420584,0.6556468022389057,0.2672758068619629
1008,20,excited,passive,0.002,1.0,0.4341538486764662,0.020700167197761923,20,1,31.977999999999998,0.001150262999772167,31.97915026299977,0,nan,0.75,0.43433462158069114,0.020696606775971776,0.0009814609571549445,4.418825562516711e-05,0.011979580182029626,0.007984011129291193,1,1,0.0,0.7694730407951682,0.5890280693656689,0.24123995743596643,0.02955589919196137
1008,20,excited,always_probe,0.002,1.0,0.4341538486764662,0.020700167197761923,20,1,32.774,0.0011011439987669291,32.77510114399877,1,nan,0.65,0.4343229289807408,0.020696637187825467,0.000958129034309842,4.224083304109789e-05,0.011979580182029626,0.007984011129291193,1,1,0.0,0.7694730774241757,0.6066261770363052,0.2411786275685147,0.029524088689130097
1008,20,excited,batch_aware,0.002,1.0,0.4341538486764662,0.020700167197761923,20,1,31.977999999999998,0.002364770000667704,31.980364770000666,0,-0.7999999999999986,0.75,0.43433462158069114,0.020696606775971776,0.0009814609571549445,4.418825562516711e-05,0.011979580182029626,0.007984011129291193,1,1,0.0,0.7694730407951682,0.5890280693656689,0.24123995743596643,0.02955589919196137
1008,20,excited,ignore_passive,0.002,1.0,0.4341538486764662,0.020700167197761923,20,1,32.774,0.001191019000543747,32.775191019000545,1,1.0999999999999996,0.65,0.4343229289807408,0.020696637187825467,0.000958129034309842,4.224083304109789e-05,0.011979580182029626,0.007984011129291193,1,1,0.0,0.7694730774241757,0.6066261770363052,0.2411786275685147,0.029524088689130097
1008,20,excited,oracle,0.002,1.0,0.4341538486764662,0.020700167197761923,20,1,31.84,0.001073152999197191,31.841073152999197,0,nan,0.65,0.4341538486764662,0.020700167197761923,1e-10,1e-10,1e-10,1e-10,1,1,0.0,0.7694733059196817,0.58903558527449,0.2406133506662951,0.029243923338313087
1009,20,excited,fixed_nominal,0.002,1.0,0.279100646874815,0.00951905851647582,20,1,40.160000000000004,0.0011452709998138744,40.16114527099982,0,nan,0.8250000000000001,0.8,0.012,0.5,0.008,0.5,0.008,1,1,0.0,0.7547926727821643,0.95376367409386,0.6067366260369654,0.041936864265246614
1009,20,excited,passive,0.002,1.0,0.279100646874815,0.00951905851647582,20,1,31.992,0.0010735940002177813,31.99307359400022,0,nan,0.75,0.27866667153430347,0.009509852853058413,0.0009763024473035122,4.246375610768223e-05,0.009646846290457192,0.007994644689937233,1,1,0.0,0.7549197411286261,0.9490082703192859,0.23025695729703527,0.027116431586913507
1009,20,excited,always_probe,0.002,1.0,0.279100646874815,0.00951905851647582,20,1,32.788000000000004,0.0010965999999825726,32.789096599999986,1,nan,0.65,0.27868466909060435,0.009511592591652787,0.0009531787546341389,4.04033956417941e-05,0.009646846290457192,0.007994644689937233,1,1,0.0,0.7549197391341711,0.9490082703192859,0.2302695617073349,0.031981478163058276
1009,20,excited,batch_aware,0.002,1.0,0.279100646874815,0.00951905851647582,20,1,31.992,0.002250023999295081,31.994250023999296,0,-0.7999999999999986,0.75,0.27866667153430347,0.009509852853058413,0.0009763024473035122,4.246375610768223e-05,0.009646846290457192,0.007994644689937233,1,1,0.0,0.7549197411286261,0.9490082703192859,0.23025695729703527,0.027116431586913507
1009,20,excited,ignore_passive,0.002,1.0,0.279100646874815,0.00951905851647582,20,1,32.788000000000004,0.001144660000136355,32.78914466000014,1,1.0999999999999996,0.65,0.27868466909060435,0.009511592591652787,0.0009531787546341389,4.04033956417941e-05,0.009646846290457192,0.007994644689937233,1,1,0.0,0.7549197391341711,0.9490082703192859,0.2302695617073349,0.031981478163058276
1009,20,excited,oracle,0.002,1.0,0.279100646874815,0.00951905851647582,20,1,31.84,0.0011110599991752679,31.841111059999175,0,nan,0.65,0.279100646874815,0.00951905851647582,1e-10,1e-10,1e-10,1e-10,1,1,0.0,0.7549196882052938,0.5779298430733986,0.2305809396853236,0.02700145072945409
1010,20,excited,fixed_nominal,0.002,1.0,0.33298919614620115,0.014323531818447402,20,1,41.917999999999985,0.0013146710000455641,41.91931467100003,0,nan,0.875,0.8,0.012,0.5,0.008,0.5,0.008,1,1,0.0,0.7705168445427083,0.8147230424214251,0.6230445561473987,0.09169719917540484
1010,20,excited,passive,0.002,1.0,0.33298919614620115,0.014323531818447402,20,1,33.98799999999999,0.0014316960000542167,33.98943169600005,0,nan,0.8,0.33323312733129645,0.01432516238907051,0.0009470112836058308,4.345454102048755e-05,0.012029560806777879,0.007976778535449789,1,1,0.0,0.7706550211320962,0.803280946627486,0.2234206682897359,0.025963259135046046
1010,20,excited,always_probe,0.002,1.0,0.33298919614620115,0.014323531818447402,20,1,34.78399999999999,0.0014366580003297713,34.78543665800032,1,nan,0.7000000000000001,0.33320259785498135,0.01432494439808761,0.0009259204491732312,4.140561677672717e-05,0.012029560806777879,0.007976778535449789,1,1,0.0,0.7706550415560831,0.803280946627486,0.22337493446465065,0.02606042073775906
1010,20,excited,batch_aware,0.002,1.0,0.33298919614620115,0.014323531818447402,20,1,33.98799999999999,0.002851835000456049,33.99085183500045,0,-0.8000000000000004,0.8,0.33323312733129645,0.01432516238907051,0.0009470112836058308,4.345454102048755e-05,0.012029560806777879,0.007976778535449789,1,1,0.0,0.7706550211320962,0.803280946627486,0.2234206682897359,0.025963259135046046
1010,20,excited,ignore_passive,0.002,1.0,0.33298919614620115,0.014323531818447402,20,1,34.78399999999999,0.0015676509997319954,34.785567650999724,1,1.0999999999999996,0.7000000000000001,0.33320259785498135,0.01432494439808761,0.0009259204491732312,4.140561677672717e-05,0.012029560806777879,0.007976778535449789,1,1,0.0,0.7706550415560831,0.803280946627486,0.22337493446465065,0.02606042073775906
1010,20,excited,oracle,0.002,1.0,0.33298919614620115,0.014323531818447402,20,1,33.839999999999996,0.0014194150003277173,33.841419415000324,0,nan,0.7000000000000001,0.33298919614620115,0.014323531818447402,1e-10,1e-10,1e-10,1e-10,1,1,0.0,0.7706551094953783,0.5478018904562271,0.2231303932233628,0.026467732158494645
1011,20,excited,fixed_nominal,0.002,1.0,0.5977747764906113,0.014956441316716097,20,1,37.718,0.001267207000637427,37.71926720700064,0,nan,0.8500000000000001,0.8,0.012,0.5,0.008,0.5,0.008,1,1,0.0,0.7689387364335807,0.5887978013151152,0.8225988117943851,0.09588672339493531
1011,20,excited,passive,0.002,1.0,0.5977747764906113,0.014956441316716097,20,1,31.939999999999998,0.0010924260004685493,31.941092426000466,0,nan,0.75,0.5976935697602324,0.014956501168212967,0.0009870732162123612,4.492961583101411e-05,0.01627241246202492,0.00799448752388211,1,1,0.0,0.768996206269912,0.5892654455113115,0.42634318096653323,0.026914578523161085
1011,20,excited,always_probe,0.002,1.0,0.5977747764906113,0.014956441316716097,20,1,32.736,0.0010880689990244719,32.73708806899902,1,nan,0.65,0.597628938360426,0.01496095454692268,0.0009635391303444863,4.271287912096359e-05,0.01627241246202492,0.00799448752388211,1,1,0.0,0.7689962283188354,0.5892668546318665,0.42634318096653323,0.026824757271759432
1011,20,excited,batch_aware,0.002,1.0,0.5977747764906113,0.014956441316716097,20,1,31.939999999999998,0.002175452999836125,31.942175452999834,0,-0.7999999999999986,0.75,0.5976935697602324,0.014956501168212967,0.0009870732162123612,4.492961583101411e-05,0.01627241246202492,0.00799448752388211,1,1,0.0,0.768996206269912,0.5892654455113115,0.42634318096653323,0.026914578523161085
1011,20,excited,ignore_passive,0.002,1.0,0.5977747764906113,0.014956441316716097,20,1,32.736,0.0011375280000720522,32.73713752800007,1,1.0999999999999996,0.65,0.597628938360426,0.01496095454692268,0.0009635391303444863,4.271287912096359e-05,0.01627241246202492,0.00799448752388211,1,1,0.0,0.7689962283188354,0.5892668546318665,0.42634318096653323,0.026824757271759432
1011,20,excited,oracle,0.002,1.0,0.5977747764906113,0.014956441316716097,20,1,31.84,0.0010751299994353758,31.841075129999435,0,nan,0.65,0.5977747764906113,0.014956441316716097,1e-10,1e-10,1e-10,1e-10,1,1,0.0,0.7689961742460495,0.589265654932415,0.23113184182188679,0.026888849361945404
1012,20,excited,fixed_nominal,0.002,1.0,0.6288486765788946,0.019954873740693824,20,1,36.35999999999998,0.001417491000438531,36.36141749100042,0,nan,0.8500000000000001,0.8,0.012,0.5,0.008,0.5,0.008,1,1,0.0,0.742608231881933,0.5465171716811624,0.8554489234324724,0.23605407267048928
1012,20,excited,passive,0.002,1.0,0.6288486765788946,0.019954873740693824,20,1,32.97999999999999,0.0014611879996664356,32.981461187999656,0,nan,0.775,0.6287217790381923,0.019949703557519533,0.000955082448052741,4.673566289899585e-05,0.0163524145840588,0.007994025240819639,1,1,0.0,0.7426627383197617,0.5469246334914778,0.3748078721304448,0.027678666006626013
1012,20,excited,always_probe,0.002,1.0,0.6288486765788946,0.019954873740693824,20,1,33.77599999999998,0.0013984899994738953,33.777398489999456,1,nan,0.675,0.6287233668162945,0.01995153118017554,0.0009337572289066677,4.446510724365985e-05,0.0163524145840588,0.007994025240819639,1,1,0.0,0.7426627381173566,0.5855162916471531,0.3748078721304448,0.027686735707902824
1012,20,excited,batch_aware,0.002,1.0,0.6288486765788946,0.019954873740693824,20,1,32.97999999999999,0.002854633999959333,32.98285463399995,0,-0.8000000000000004,0.775,0.6287217790381923,0.019949703557519533,0.000955082448052741,4.673566289899585e-05,0.0163524145840588,0.007994025240819639,1,1,0.0,0.7426627383197617,0.5469246334914778,0.3748078721304448,0.027678666006626013
1012,20,excited,ignore_passive,0.002,1.0,0.6288486765788946,0.019954873740693824,20,1,33.77599999999998,0.0014685799988001236,33.77746857999878,1,1.0999999999999996,0.675,0.6287233668162945,0.01995153118017554,0.0009337572289066677,4.446510724365985e-05,0.0163524145840588,0.007994025240819639,1,1,0.0,0.7426627381173566,0.5855162916471531,0.3748078721304448,0.027686735707902824
1012,20,excited,oracle,0.002,1.0,0.6288486765788946,0.019954873740693824,20,1,32.87999999999999,0.0014091919988459267,32.881409191998834,0,nan,0.675,0.6288486765788946,0.019954873740693824,1e-10,1e-10,1e-10,1e-10,1,1,0.0,0.7426627002275001,0.546942931931137,0.22576783073596726,0.027816197635610496
1013,20,excited,fixed_nominal,0.002,1.0,1.312290081428663,0.0038165278462078903,20,1,42.03999999999999,0.00159531899976173,42.041595318999754,0,nan,0.875,0.8,0.012,0.5,0.008,0.5,0.008,1,1,0.0,0.7510990709797988,0.5343675670362579,0.8235395617198871,0.20552385418426278
1013,20,excited,passive,0.002,1.0,1.312290081428663,0.0038165278462078903,20,1,33.989999999999995,0.0014828910000233009,33.99148289100002,0,nan,0.8,1.3125938215982929,0.003815022063543954,0.00097570720771239,4.230476078822547e-05,0.011610616644718897,0.007998660544575122,1,1,0.0,0.7509690635572233,0.7120922980406764,0.2091583210421263,0.024834454019299082
1013,20,excited,always_probe,0.002,1.0,1.312290081428663,0.0038165278462078903,20,1,34.785999999999994,0.0014908450004895712,34.787490845000484,1,nan,0.7000000000000001,1.3126442686500106,0.0038122632385728453,0.0009539874874826579,4.0150787850547815e-05,0.011610616644718897,0.007998660544575122,1,1,0.0,0.7509688519449109,0.7120922980406764,0.2091751687295398,0.050571966346214164
1013,20,excited,batch_aware,0.002,1.0,1.312290081428663,0.0038165278462078903,20,1,33.989999999999995,0.0030421650008065626,33.9930421650008,0,-0.8000000000000004,0.8,1.3125938215982929,0.003815022063543954,0.00097570720771239,4.230476078822547e-05,0.011610616644718897,0.007998660544575122,1,1,0.0,0.7509690635572233,0.7120922980406764,0.2091583210421263,0.024834454019299082
1013,20,excited,ignore_passive,0.002,1.0,1.312290081428663,0.0038165278462078903,20,1,34.785999999999994,0.0015867259996866778,34.78758672599968,1,1.0999999999999996,0.7000000000000001,1.3126442686500106,0.0038122632385728453,0.0009539874874826579,4.0150787850547815e-05,0.011610616644718897,0.007998660544575122,1,1,0.0,0.7509688519449109,0.7120922980406764,0.2091751687295398,0.050571966346214164
1013,20,excited,oracle,0.002,1.0,1.312290081428663,0.0038165278462078903,20,1,33.839999999999996,0.0015803939991201332,33.841580393999116,0,nan,0.7000000000000001,1.312290081428663,0.0038165278462078903,1e-10,1e-10,1e-10,1e-10,1,1,0.0,0.7509689273338443,0.5345829262936832,0.2091062642256337,0.024313015313001392
1014,20,excited,fixed_nominal,0.002,1.0,0.8097336022719199,0.015471153021909535,20,1,37.35999999999998,0.0014640539995980362,37.361464053999576,0,nan,0.875,0.8,0.012,0.5,0.008,0.5,0.008,1,1,0.0,0.7690519762021784,0.5462654214545918,0.18036838418587517,0.11172891782066055
1014,20,excited,passive,0.002,1.0,0.8097336022719199,0.015471153021909535,20,1,33.94,0.0016642070002035325,33.9416642070002,0,nan,0.8,0.809575701675469,0.015484119114769147,0.0009605109339163397,4.399190509736817e-05,0.016734621171951083,0.007993157172932737,1,1,0.0,0.7690601051315492,0.5463224745390205,0.2172195530139716,0.026821548390294644
1014,20,excited,always_probe,0.002,1.0,0.8097336022719199,0.015471153021909535,20,1,34.73599999999999,0.00144105600088551,34.737441056000876,1,nan,0.7000000000000001,0.8096885957787884,0.015477668024157981,0.0009390649314559433,4.191013552747048e-05,0.016734621171951083,0.007993157172932737,1,1,0.0,0.7690599878853799,0.5622132979980319,0.21729164242821616,0.0270760027591832
1014,20,excited,batch_aware,0.002,1.0,0.8097336022719199,0.015471153021909535,20,1,33.94,0.0029177899998558132,33.94291778999985,0,-0.8000000000000004,0.8,0.809575701675469,0.015484119114769147,0.0009605109339163397,4.399190509736817e-05,0.016734621171951083,0.007993157172932737,1,1,0.0,0.7690601051315492,0.5463224745390205,0.2172195530139716,0.026821548390294644
1014,20,excited,ignore_passive,0.002,1.0,0.8097336022719199,0.015471153021909535,20,1,34.73599999999999,0.0019468620005227422,34.73794686200051,1,1.0999999999999996,0.7000000000000001,0.8096885957787884,0.015477668024157981,0.0009390649314559433,4.191013552747048e-05,0.016734621171951083,0.007993157172932737,1,1,0.0,0.7690599878853799,0.5622132979980319,0.21729164242821616,0.0270760027591832
1014,20,excited,oracle,0.002,1.0,0.8097336022719199,0.015471153021909535,20,1,33.839999999999996,0.001576511999928698,33.841576511999925,0,nan,0.7000000000000001,0.8097336022719199,0.015471153021909535,1e-10,1e-10,1e-10,1e-10,1,1,0.0,0.7690599713124331,0.5463212229163075,0.21726694117160375,0.02690546277609964
1015,20,excited,fixed_nominal,0.002,1.0,0.7038641093276814,0.0159625600579694,20,1,37.35999999999998,0.0014801160002662073,37.361480116000244,0,nan,0.875,0.8,0.012,0.5,0.008,0.5,0.008,1,1,0.0,0.748416393950806,0.5312947675403966,0.48573328304658747,0.11663732349951175
1015,20,excited,passive,0.002,1.0,0.7038641093276814,0.0159625600579694,20,1,33.94,0.0016041299986682134,33.941604129998666,0,nan,0.8,0.7038326657343361,0.015961868568018213,0.0009574261419618751,4.870834042483256e-05,0.016503002220019557,0.007992359632587607,1,1,0.0,0.7484503679900203,0.531530373706583,0.21018285731401254,0.02409480236738794
1015,20,excited,always_probe,0.002,1.0,0.7038641093276814,0.0159625600579694,20,1,34.73599999999999,0.0017576360000930435,34.73775763600008,1,nan,0.7000000000000001,0.70383619238404,0.015965113516191853,0.000936041043734436,4.604355291185784e-05,0.016503002220019557,0.007992359632587607,1,1,0.0,0.7484503676040278,0.5671964604580052,0.21018281801922511,0.023609668778789516
1015,20,excited,batch_aware,0.002,1.0,0.7038641093276814,0.0159625600579694,20,1,33.94,0.003756575998977496,33.943756575998975,0,-0.8000000000000004,0.8,0.7038326657343361,0.015961868568018213,0.0009574261419618751,4.870834042483256e-05,0.016503002220019557,0.007992359632587607,1,1,0.0,0.7484503679900203,0.531530373706583,0.21018285731401254,0.02409480236738794
1015,20,excited,ignore_passive,0.002,1.0,0.7038641093276814,0.0159625600579694,20,1,34.73599999999999,0.0016902569996091188,34.7376902569996,1,1.0999999999999996,0.7000000000000001,0.70383619238404,0.015965113516191853,0.000936041043734436,4.604355291185784e-05,0.016503002220019557,0.007992359632587607,1,1,0.0,0.7484503676040278,0.5671964604580052,0.21018281801922511,0.023609668778789516
1015,20,excited,oracle,0.002,1.0,0.7038641093276814,0.0159625600579694,20,1,33.839999999999996,0.0018951570007175178,33.841895157000714,0,nan,0.7000000000000001,0.7038641093276814,0.0159625600579694,1e-10,1e-10,1e-10,1e-10,1,1,0.0,0.7484503696163269,0.5315302369837613,0.21021172585178738,0.02361638164538866
1016,20,excited,fixed_nominal,0.002,1.0,0.5191882353970596,0.012181961795169161,20,1,39.599999999999994,0.002369911999494434,39.60236991199949,0,nan,0.8500000000000001,0.8,0.012,0.5,0.008,0.5,0.008,1,1,0.0,0.7521920369042951,0.5544309013275496,0.6971429900549796,0.03292798297565947
1016,20,excited,passive,0.002,1.0,0.5191882353970596,0.012181961795169161,20,1,32.97999999999999,0.0016248939996330591,32.98162489399962,0,nan,0.775,0.5194551266883902,0.012187059951562934,0.0009522755924552621,4.362030492782928e-05,0.016134345697543587,0.007974565168517262,1,1,0.0,0.752271230898799,0.5550395790721477,0.6115281859871571,0.026930658187900566
1016,20,excited,always_probe,0.002,1.0,0.5191882353970596,0.012181961795169161,20,1,33.77599999999998,0.0018963889995120553,33.777896388999494,1,nan,0.675,0.5194726198470825,0.012184291146827743,0.0009310149499809423,4.1486784849615815e-05,0.016134345697543587,0.007974565168517262,1,1,0.0,0.7522712191127735,0.5550395038702717,0.6115281859871571,0.026985156461927257
1016,20,excited,batch_aware,0.002,1.0,0.5191882353970596,0.012181961795169161,20,1,32.97999999999999,0.0027286440006264456,32.982728644000616,0,-0.8000000000000004,0.775,0.5194551266883902,0.012187059951562934,0.0009522755924552621,4.362030492782928e-05,0.016134345697543587,0.007974565168517262,1,1,0.0,0.752271230898799,0.5550395790721477,0.6115281859871571,0.026930658187900566
1016,20,excited,ignore_passive,0.002,1.0,0.5191882353970596,0.012181961795169161,20,1,33.77599999999998,0.0015666440008317295,33.777566644000814,1,1.0999999999999996,0.675,0.5194726198470825,0.012184291146827743,0.0009310149499809423,4.1486784849615815e-05,0.016134345697543587,0.007974565168517262,1,1,0.0,0.7522712191127735,0.5550395038702717,0.6115281859871571,0.026985156461927257
1016,20,excited,oracle,0.002,1.0,0.5191882353970596,0.012181961795169161,20,1,32.87999999999999,0.0013529150014619518,32.88135291500145,0,nan,0.675,0.5191882353970596,0.012181961795169161,1e-10,1e-10,1e-10,1e-10,1,1,0.0,0.7522713639058318,0.5550405371667269,0.2240994009129095,0.02662541041339358
1017,20,excited,fixed_nominal,0.002,1.0,1.4856924560343867,0.020890633093577735,20,1,49.47800000000002,0.0019578429989906,49.47995784299901,0,nan,0.9,0.8,0.012,0.5,0.008,0.5,0.008,1,1,0.0,0.7482442138459032,0.5970031415244431,0.5467448528145725,0.10856920752519716
1017,20,excited,passive,0.002,1.0,1.4856924560343867,0.020890633093577735,20,1,35.03999999999999,0.002058526000382699,35.042058526000375,0,nan,0.8250000000000001,1.485565755863997,0.020909878888295277,0.0009503965968960167,5.049805112761944e-05,0.009648930758008909,0.007945311519205115,1,1,0.0,0.7482637640658198,0.9303360215443941,0.20199730576420935,0.023648180225668988
1017,20,excited,always_probe,0.002,1.0,1.4856924560343867,0.020890633093577735,20,1,35.83599999999999,0.001797403999717062,35.83779740399971,1,nan,0.7250000000000001,1.4855514708572948,0.02090559228469085,0.0009305481266064147,4.7772735463949496e-05,0.009648930758008909,0.007945311519205115,1,1,0.0,0.7482637722631853,0.9303360215443941,0.20199989000337415,0.02374198090775233
1017,20,excited,batch_aware,0.002,1.0,1.4856924560343867,0.020890633093577735,20,1,35.03999999999999,0.0037545459995271813,35.04375454599952,0,-0.7999999999999986,0.8250000000000001,1.485565755863997,0.020909878888295277,0.0009503965968960167,5.049805112761944e-05,0.009648930758008909,0.007945311519205115,1,1,0.0,0.7482637640658198,0.9303360215443941,0.20199730576420935,0.023648180225668988
1017,20,excited,ignore_passive,0.002,1.0,1.4856924560343867,0.020890633093577735,20,1,35.83599999999999,0.001893378999966444,35.83789337899996,1,1.0999999999999996,0.7250000000000001,1.4855514708572948,0.02090559228469085,0.0009305481266064147,4.7772735463949496e-05,0.009648930758008909,0.007945311519205115,1,1,0.0,0.7482637722631853,0.9303360215443941,0.20199989000337415,0.02374198090775233
1017,20,excited,oracle,0.002,1.0,1.4856924560343867,0.020890633093577735,20,1,34.879999999999995,0.002177070000243475,34.88217707000024,0,nan,0.7250000000000001,1.4856924560343867,0.020890633093577735,1e-10,1e-10,1e-10,1e-10,1,1,0.0,0.7482636969535748,0.5146302352881607,0.20193024896198877,0.023974468347096368
1018,20,excited,fixed_nominal,0.002,1.0,1.031565628864165,0.0124640587409875,20,1,40.119999999999976,0.0016128250001656852,40.12161282500014,0,nan,0.875,0.8,0.012,0.5,0.008,0.5,0.008,1,1,0.0,0.766961702510445,0.5452140616605935,0.7148199674495902,0.024918585941940408
1018,20,excited,passive,0.002,1.0,1.031565628864165,0.0124640587409875,20,1,33.94,0.0015790399991146842,33.94157903999911,0,nan,0.8,1.0315980357789147,0.012462258667298769,0.0009676027653445044,4.3372969419199595e-05,0.017255610462821,0.007970666932482155,1,1,0.0,0.7669094393557219,0.5448273764455979,0.4616804700189964,0.027185562843156597
1018,20,excited,always_probe,0.002,1.0,1.031565628864165,0.0124640587409875,20,1,34.73599999999999,0.0015356759988662816,34.737535675998856,1,nan,0.7000000000000001,1.0316322434754852,0.01246321830872392,0.0009459748865567437,4.1288551981948933e-05,0.017255610462821,0.007970666932482155,1,1,0.0,0.7669094087386108,0.548161485383323,0.4616804700189964,0.026374980839412688
1018,20,excited,batch_aware,0.002,1.0,1.031565628864165,0.0124640587409875,20,1,33.94,0.0031459190010991733,33.9431459190011,0,-0.8000000000000004,0.8,1.0315980357789147,0.012462258667298769,0.0009676027653445044,4.3372969419199595e-05,0.017255610462821,0.007970666932482155,1,1,0.0,0.7669094393557219,0.5448273764455979,0.4616804700189964,0.027185562843156597
1018,20,excited,ignore_passive,0.002,1.0,1.031565628864165,0.0124640587409875,20,1,34.73599999999999,0.0017009979994782043,34.73770099799947,1,1.0999999999999996,0.7000000000000001,1.0316322434754852,0.01246321830872392,0.0009459748865567437,4.1288551981948933e-05,0.017255610462821,0.007970666932482155,1,1,0.0,0.7669094087386108,0.548161485383323,0.4616804700189964,0.026374980839412688
1018,20,excited,oracle,0.002,1.0,1.031565628864165,0.0124640587409875,20,1,33.839999999999996,0.0020506740002019797,33.8420506740002,0,nan,0.7000000000000001,1.031565628864165,0.0124640587409875,1e-10,1e-10,1e-10,1e-10,1,1,0.0,0.7669094236838461,0.544827065515064,0.2148824461785112,0.02609444859911995
1019,20,excited,fixed_nominal,0.002,1.0,0.5036976020492282,0.011107886101555628,20,1,39.76,0.0014448409995111433,39.76144484099951,0,nan,0.8500000000000001,0.8,0.012,0.5,0.008,0.5,0.008,1,1,0.0,0.7615942366390359,0.5610677222584153,0.6867405718252839,0.02610734213641361
1019,20,excited,passive,0.002,1.0,0.5036976020492282,0.011107886101555628,20,1,32.999999999999986,0.0012910320001537912,33.00129103200014,0,nan,0.775,0.50332120426206,0.011117231277326962,0.0009505091014893898,4.187409034987354e-05,0.011948470140516055,0.007994391411390104,1,1,0.0,0.7616809751217636,0.5616948915575322,0.29940179631303554,0.027321746408135558
1019,20,excited,always_probe,0.002,1.0,0.5036976020492282,0.011107886101555628,20,1,33.795999999999985,0.001527517999875272,33.79752751799986,1,nan,0.675,0.5033581075215345,0.01111737123048607,0.0009293481468188464,3.992812517901312e-05,0.011948470140516055,0.007994391411390104,1,1,0.0,0.7616809592757289,0.5616950779217684,0.29940179631303554,0.0318919455015502
1019,20,excited,batch_aware,0.002,1.0,0.5036976020492282,0.011107886101555628,20,1,32.999999999999986,0.0026358149996212887,33.00263581499961,0,-0.8000000000000004,0.775,0.50332120426206,0.011117231277326962,0.0009505091014893898,4.187409034987354e-05,0.011948470140516055,0.007994391411390104,1,1,0.0,0.7616809751217636,0.5616948915575322,0.29940179631303554,0.027321746408135558
1019,20,excited,ignore_passive,0.002,1.0,0.5036976020492282,0.011107886101555628,20,1,33.795999999999985,0.001383432999773504,33.79738343299976,1,1.0999999999999996,0.675,0.5033581075215345,0.01111737123048607,0.0009293481468188464,3.992812517901312e-05,0.011948470140516055,0.007994391411390104,1,1,0.0,0.7616809592757289,0.5616950779217684,0.29940179631303554,0.0318919455015502
1019,20,excited,oracle,0.002,1.0,0.5036976020492282,0.011107886101555628,20,1,32.87999999999999,0.0012060290000590612,32.88120602900005,0,nan,0.675,0.5036976020492282,0.011107886101555628,1e-10,1e-10,1e-10,1e-10,1,1,0.0,0.7616808438931904,0.5616968409784185,0.22316923515330359,0.026784270495493274
1020,20,excited,fixed_nominal,0.002,1.0,1.0101803401942053,0.008524531469628635,20,1,37.720000000000006,0.001187549000405852,37.72118754900041,0,nan,0.8250000000000001,0.8,0.012,0.5,0.008,0.5,0.008,1,1,0.0,0.7572003448415385,0.579937664627608,0.7556962546339223,0.08896492576005097
1020,20,excited,passive,0.002,1.0,1.0101803401942053,0.008524531469628635,20,1,31.939999999999998,0.0011282990003564919,31.941128299000354,0,nan,0.75,1.0104982547619836,0.008529429147401109,0.0009998934826186993,4.044107951372564e-05,0.01720940159206843,0.00799790405476049,1,1,0.0,0.7571589087020356,0.5796013340221526,0.4457634299933218,0.027799016566565263
1020,20,excited,always_probe,0.002,1.0,1.0101803401942053,0.008524531469628635,20,1,32.736,0.0011444619999565475,32.737144461999954,1,nan,0.65,1.0104863514498013,0.008531422903423123,0.0009760311007334225,3.8603623113604784e-05,0.01720940159206843,0.00799790405476049,1,1,0.0,0.7571589104165556,0.579601363070402,0.4457634299933218,0.035897773989770634
1020,20,excited,batch_aware,0.002,1.0,1.0101803401942053,0.008524531469628635,20,1,31.939999999999998,0.002758938999477323,31.942758938999475,0,-0.7999999999999986,0.75,1.0104982547619836,0.008529429147401109,0.0009998934826186993,4.044107951372564e-05,0.01720940159206843,0.00799790405476049,1,1,0.0,0.7571589087020356,0.5796013340221526,0.4457634299933218,0.027799016566565263
1020,20,excited,ignore_passive,0.002,1.0,1.0101803401942053,0.008524531469628635,20,1,32.736,0.001450205999390164,32.73745020599939,1,1.0999999999999996,0.65,1.0104863514498013,0.008531422903423123,0.0009760311007334225,3.8603623113604784e-05,0.01720940159206843,0.00799790405476049,1,1,0.0,0.7571589104165556,0.579601363070402,0.4457634299933218,0.035897773989770634
1020,20,excited,oracle,0.002,1.0,1.0101803401942053,0.008524531469628635,20,1,31.84,0.0012064440011272382,31.841206444001127,0,nan,0.65,1.0101803401942053,0.008524531469628635,1e-10,1e-10,1e-10,1e-10,1,1,0.0,0.7571589380432153,0.5796019681945562,0.22968883976170412,0.027603653014043477
1021,20,excited,fixed_nominal,0.002,1.0,0.7241433995407722,0.0038595824926138606,20,1,38.36,0.0016311389995280479,38.36163113899953,0,nan,0.9,0.8,0.012,0.5,0.008,0.5,0.008,1,1,0.0,0.7496948394579127,0.5145285554791275,0.38513703205256505,0.1842824173359475
1021,20,excited,passive,0.002,1.0,0.7241433995407722,0.0038595824926138606,20,1,34.98,0.0016634930002510373,34.98166349300025,0,nan,0.8250000000000001,0.7243050553902309,0.003859536185008276,0.0009280595242887507,4.462574440210788e-05,0.016535912410397795,0.007999864813543383,1,1,0.0,0.7497216601688435,0.5146734177810491,0.19640052644534198,0.023002957569685848
1021,20,excited,always_probe,0.002,1.0,0.7241433995407722,0.0038595824926138606,20,1,35.775999999999996,0.0016826500002480316,35.777682650000244,1,nan,0.7250000000000001,0.7242622548485985,0.0038581590573472276,0.0009085602675290889,4.2165343086518526e-05,0.016535912410397795,0.007999864813543383,1,1,0.0,0.7497216838197753,0.5478244072423541,0.19641618357746116,0.05745770153356388
1021,20,excited,batch_aware,0.002,1.0,0.7241433995407722,0.0038595824926138606,20,1,34.98,0.0033510700004626415,34.98335107000046,0,-0.7999999999999986,0.8250000000000001,0.7243050553902309,0.003859536185008276,0.0009280595242887507,4.462574440210788e-05,0.016535912410397795,0.007999864813543383,1,1,0.0,0.7497216601688435,0.5146734177810491,0.19640052644534198,0.023002957569685848
1021,20,excited,ignore_passive,0.002,1.0,0.7241433995407722,0.0038595824926138606,20,1,35.775999999999996,0.0017515219994947984,35.77775152199949,1,1.0999999999999996,0.7250000000000001,0.7242622548485985,0.0038581590573472276,0.0009085602675290889,4.2165343086518526e-05,0.016535912410397795,0.007999864813543383,1,1,0.0,0.7497216838197753,0.5478244072423541,0.19641618357746116,0.05745770153356388
1021,20,excited,oracle,0.002,1.0,0.7241433995407722,0.0038595824926138606,20,1,34.879999999999995,0.0016174610004782153,34.881617461000474,0,nan,0.7250000000000001,0.7241433995407722,0.0038595824926138606,1e-10,1e-10,1e-10,1e-10,1,1,0.0,0.7497216157612608,0.5146732293069851,0.19645256731009,0.02312116037206413
1022,20,excited,fixed_nominal,0.002,1.0,0.2007373035940423,0.023123585389293697,0,0,0.354,0.0,200.354,0,nan,nan,0.8,0.012,0.5,0.008,0.5,0.008,1,1,0.0,0.06167485762868571,1.1767319458415206,0.581766357039619,0.0011559067688240068
1022,20,excited,passive,0.002,1.0,0.2007373035940423,0.023123585389293697,0,0,0.156,0.0,200.156,0,nan,nan,0.1983861992444571,0.011771827064623371,0.009644378593515184,0.007974256535716722,0.5,0.008,1,1,0.0,0.06167485762868571,1.1767319458415206,0.21627619158774264,1.1951027138684738e-05
1022,20,excited,always_probe,0.002,1.0,0.2007373035940423,0.023123585389293697,0,0,0.156,0.0,200.156,0,nan,nan,0.1983861992444571,0.011771827064623371,0.009644378593515184,0.007974256535716722,0.5,0.008,1,1,0.0,0.06167485762868571,1.1767319458415206,0.21627619158774264,1.1951027138684738e-05
1022,20,excited,batch_aware,0.002,1.0,0.2007373035940423,0.023123585389293697,0,0,0.156,0.0,200.156,0,nan,nan,0.1983861992444571,0.011771827064623371,0.009644378593515184,0.007974256535716722,0.5,0.008,1,1,0.0,0.06167485762868571,1.1767319458415206,0.21627619158774264,1.1951027138684738e-05
1022,20,excited,ignore_passive,0.002,1.0,0.2007373035940423,0.023123585389293697,0,0,0.156,0.0,200.156,0,nan,nan,0.1983861992444571,0.011771827064623371,0.009644378593515184,0.007974256535716722,0.5,0.008,1,1,0.0,0.06167485762868571,1.1767319458415206,0.21627619158774264,1.1951027138684738e-05
1022,20,excited,oracle,0.002,1.0,0.2007373035940423,0.023123585389293697,20,1,33.839999999999996,0.0015433029996074765,33.841543302999604,0,nan,0.7000000000000001,0.2007373035940423,0.023123585389293697,1e-10,1e-10,1e-10,1e-10,1,1,0.0,0.7443316747173088,0.5287579157573647,0.2125500527170998,0.024822153279130284
1023,20,excited,fixed_nominal,0.002,1.0,0.6744167120119368,0.022835670906901563,20,1,37.35999999999998,0.0014511039998978958,37.361451103999876,0,nan,0.875,0.8,0.012,0.5,0.008,0.5,0.008,1,1,0.0,0.7699855592815712,0.5468399927820886,0.6315947483201988,0.3252732012007856
1023,20,excited,passive,0.002,1.0,0.6744167120119368,0.022835670906901563,20,1,33.94,0.0013941470006102463,33.94139414700061,0,nan,0.8,0.6745162451440485,0.02284100461528555,0.0009565941587782627,4.8693943051746235e-05,0.01643965541428334,0.007996729446475781,1,1,0.0,0.770031012485947,0.5471526276315386,0.26475870499919446,0.025959851145413087
1023,20,excited,always_probe,0.002,1.0,0.6744167120119368,0.022835670906901563,20,1,34.73599999999999,0.0014166460005071713,34.7374166460005,1,nan,0.7000000000000001,0.6745650051059644,0.022842543655995137,0.0009352257841315793,4.630889495600756e-05,0.01643965541428334,0.007996729446475781,1,1,0.0,0.7700309649983038,0.6214840678534425,0.26475870499919446,0.025949229434614852
1023,20,excited,batch_aware,0.002,1.0,0.6744167120119368,0.022835670906901563,20,1,33.94,0.002950121000139916,33.94295012100014,0,-0.8000000000000004,0.8,0.6745162451440485,0.02284100461528555,0.0009565941587782627,4.8693943051746235e-05,0.01643965541428334,0.007996729446475781,1,1,0.0,0.770031012485947,0.5471526276315386,0.26475870499919446,0.025959851145413087
1023,20,excited,ignore_passive,0.002,1.0,0.6744167120119368,0.022835670906901563,20,1,34.73599999999999,0.00146986800018567,34.737469868000176,1,1.0999999999999996,0.7000000000000001,0.6745650051059644,0.022842543655995137,0.0009352257841315793,4.630889495600756e-05,0.01643965541428334,0.007996729446475781,1,1,0.0,0.7700309649983038,0.6214840678534425,0.26475870499919446,0.025949229434614852
1023,20,excited,oracle,0.002,1.0,0.6744167120119368,0.022835670906901563,20,1,33.839999999999996,0.0013578790001247398,33.84135787900012,0,nan,0.7000000000000001,0.6744167120119368,0.022835670906901563,1e-10,1e-10,1e-10,1e-10,1,1,0.0,0.770030939513099,0.5471523208193922,0.2166724480974356,0.02600581582321979
1024,20,excited,fixed_nominal,0.002,1.0,0.6514467567631979,0.007942114630527877,20,1,36.35999999999998,0.0012804329999198671,36.3612804329999,0,nan,0.8500000000000001,0.8,0.012,0.5,0.008,0.5,0.008,1,1,0.0,0.753563110690218,0.5555489663170188,0.7448388472557775,0.08686037065695296
1024,20,excited,passive,0.002,1.0,0.6514467567631979,0.007942114630527877,20,1,32.97999999999999,0.0013060759988547943,32.981306075998845,0,nan,0.775,0.6513177763265552,0.007951250779935257,0.0009557045302563118,4.0861681566457725e-05,0.0163924541034152,0.007998627313537355,1,1,0.0,0.753609865283713,0.5558901288604232,0.3181282736927237,0.026615178151389203
1024,20,excited,always_probe,0.002,1.0,0.6514467567631979,0.007942114630527877,20,1,33.77599999999998,0.0013844619998053531,33.77738446199979,1,nan,0.675,0.6512083351080807,0.007947462346174673,0.0009343592833421898,3.895877791972546e-05,0.0163924541034152,0.007998627313537355,1,1,0.0,0.7536099221152915,0.5558905481618593,0.3181282736927237,0.038330992395358476
1024,20,excited,batch_aware,0.002,1.0,0.6514467567631979,0.007942114630527877,20,1,32.97999999999999,0.002762965000101758,32.98276296500009,0,-0.8000000000000004,0.775,0.6513177763265552,0.007951250779935257,0.0009557045302563118,4.0861681566457725e-05,0.0163924541034152,0.007998627313537355,1,1,0.0,0.753609865283713,0.5558901288604232,0.3181282736927237,0.026615178151389203
1024,20,excited,ignore_passive,0.002,1.0,0.6514467567631979,0.007942114630527877,20,1,33.77599999999998,0.0014282920012647082,33.77742829200125,1,1.0999999999999996,0.675,0.6512083351080807,0.007947462346174673,0.0009343592833421898,3.895877791972546e-05,0.0163924541034152,0.007998627313537355,1,1,0.0,0.7536099221152915,0.5558905481618593,0.3181282736927237,0.038330992395358476
1024,20,excited,oracle,0.002,1.0,0.6514467567631979,0.007942114630527877,20,1,32.87999999999999,0.0013440629991237074,32.88134406299911,0,nan,0.675,0.6514467567631979,0.007942114630527877,1e-10,1e-10,1e-10,1e-10,1,1,0.0,0.7536098338925643,0.5558898967564315,0.22570777028786734,0.026977493990424307
1025,20,excited,fixed_nominal,0.002,1.0,1.3495643132438015,0.016467172383280073,20,1,40.640000000000015,0.0012413029996878322,40.6412413029997,0,nan,0.8500000000000001,0.8,0.012,0.5,0.008,0.5,0.008,1,1,0.0,0.7647421764685127,0.5861046940502788,0.768190491929016,0.09624238114204432
1025,20,excited,passive,0.002,1.0,1.3495643132438015,0.016467172383280073,20,1,31.992,0.0011065530002269952,31.993106553000228,0,nan,0.75,1.3500448104854734,0.016455740821978832,0.0010086228115235572,4.511345931509135e-05,0.00965205484005248,0.00799440359988507,1,1,0.0,0.7646282861014188,0.7664233369056112,0.22733060519924683,0.027546215572565983
1025,20,excited,always_probe,0.002,1.0,1.3495643132438015,0.016467172383280073,20,1,32.788000000000004,0.0011426079993270832,32.78914260799933,1,nan,0.65,1.3500839187578595,0.016452869516033863,0.0009847323900534996,4.291674327290685e-05,0.00965205484005248,0.00799440359988507,1,1,0.0,0.7646282755788087,0.7664233369056112,0.227384491769357,0.027546190473282328
1025,20,excited,batch_aware,0.002,1.0,1.3495643132438015,0.016467172383280073,20,1,31.992,0.0023404460005167493,31.994340446000518,0,-0.7999999999999986,0.75,1.3500448104854734,0.016455740821978832,0.0010086228115235572,4.511345931509135e-05,0.00965205484005248,0.00799440359988507,1,1,0.0,0.7646282861014188,0.7664233369056112,0.22733060519924683,0.027546215572565983
1025,20,excited,ignore_passive,0.002,1.0,1.3495643132438015,0.016467172383280073,20,1,32.788000000000004,0.0011793720000241592,32.78917937200003,1,1.0999999999999996,0.65,1.3500839187578595,0.016452869516033863,0.0009847323900534996,4.291674327290685e-05,0.00965205484005248,0.00799440359988507,1,1,0.0,0.7646282755788087,0.7664233369056112,0.227384491769357,0.027546190473282328
1025,20,excited,oracle,0.002,1.0,1.3495643132438015,0.016467172383280073,20,1,31.84,0.001443691000531544,31.84144369100053,0,nan,0.65,1.3495643132438015,0.016467172383280073,1e-10,1e-10,1e-10,1e-10,1,1,0.0,0.7646284442978722,0.5852085992591196,0.22679782675787097,0.027545193692661268
1026,20,excited,fixed_nominal,0.002,1.0,0.439032074266144,0.015687697085048382,20,1,39.77,0.0012437589996352472,39.77124375899964,0,nan,0.8500000000000001,0.8,0.012,0.5,0.008,0.5,0.008,1,1,0.0,0.7673798420060589,0.5865949754798329,0.6583244041197519,0.11944632944194593
1026,20,excited,passive,0.002,1.0,0.439032074266144,0.015687697085048382,20,1,31.976,0.0010848450003777543,31.977084845000377,0,nan,0.75,0.43879682788386637,0.015686219228878282,0.0009815847580331607,4.552257748192064e-05,0.01198404504114298,0.007994968182442313,1,1,0.0,0.7674733217776506,0.5873427551756685,0.22874392287115788,0.026889517267461957
1026,20,excited,always_probe,0.002,1.0,0.439032074266144,0.015687697085048382,20,1,32.772,0.001074626000445278,32.773074626000444,1,nan,0.65,0.4388473968269785,0.015683398588376328,0.0009582543019023317,4.3248693144473144e-05,0.01198404504114298,0.007994968182442313,1,1,0.0,0.7674733032607094,0.5873426246478561,0.2291548749750779,0.02689003308956575
1026,20,excited,batch_aware,0.002,1.0,0.439032074266144,0.015687697085048382,20,1,31.976,0.0022702869994191133,31.978270286999418,0,-0.7999999999999986,0.75,0.43879682788386637,0.015686219228878282,0.0009815847580331607,4.552257748192064e-05,0.01198404504114298,0.007994968182442313,1,1,0.0,0.7674733217776506,0.5873427551756685,0.22874392287115788,0.026889517267461957
1026,20,excited,ignore_passive,0.002,1.0,0.439032074266144,0.015687697085048382,20,1,32.772,0.0011722750000444648,32.77317227500004,1,1.0999999999999996,0.65,0.4388473968269785,0.015683398588376328,0.0009582543019023317,4.3248693144473144e-05,0.01198404504114298,0.007994968182442313,1,1,0.0,0.7674733032607094,0.5873426246478561,0.2291548749750779,0.02689003308956575
1026,20,excited,oracle,0.002,1.0,0.439032074266144,0.015687697085048382,20,1,31.84,0.0010681489998205507,31.84106814899982,0,nan,0.65,0.439032074266144,0.015687697085048382,1e-10,1e-10,1e-10,1e-10,1,1,0.0,0.7674732534035567,0.5873423450364254,0.22907023718498953,0.02689051877998505
1027,20,excited,fixed_nominal,0.002,1.0,0.23916437855556752,0.014929349798439306,0,0,0.34600000000000003,0.0,200.346,0,nan,nan,0.8,0.012,0.5,0.008,0.5,0.008,1,1,0.0,0.05739399986640912,1.0583735098441407,0.5952184403440708,0.0009558865342094336
1027,20,excited,passive,0.002,1.0,0.23916437855556752,0.014929349798439306,0,0,0.154,0.0,200.154,0,nan,nan,0.24423885552766733,0.011936571110077223,0.009651025745609092,0.007982797817285121,0.5,0.008,1,1,0.0,0.05739399986640912,1.0583735098441407,0.12754119746543716,0.00014020770629536689
1027,20,excited,always_probe,0.002,1.0,0.23916437855556752,0.014929349798439306,0,0,0.154,0.0,200.154,0,nan,nan,0.24423885552766733,0.011936571110077223,0.009651025745609092,0.007982797817285121,0.5,0.008,1,1,0.0,0.05739399986640912,1.0583735098441407,0.12754119746543716,0.00014020770629536689
1027,20,excited,batch_aware,0.002,1.0,0.23916437855556752,0.014929349798439306,0,0,0.154,0.0,200.154,0,nan,nan,0.24423885552766733,0.011936571110077223,0.009651025745609092,0.007982797817285121,0.5,0.008,1,1,0.0,0.05739399986640912,1.0583735098441407,0.12754119746543716,0.00014020770629536689
1027,20,excited,ignore_passive,0.002,1.0,0.23916437855556752,0.014929349798439306,0,0,0.154,0.0,200.154,0,nan,nan,0.24423885552766733,0.011936571110077223,0.009651025745609092,0.007982797817285121,0.5,0.008,1,1,0.0,0.05739399986640912,1.0583735098441407,0.12754119746543716,0.00014020770629536689
1027,20,excited,oracle,0.002,1.0,0.23916437855556752,0.014929349798439306,20,1,32.87999999999999,0.001427030999593626,32.88142703099958,0,nan,0.675,0.23916437855556752,0.014929349798439306,1e-10,1e-10,1e-10,1e-10,1,1,0.0,0.7698581405132124,0.5670696112878173,0.2273543696272089,0.025786180635381427
1028,20,excited,fixed_nominal,0.002,1.0,1.3426395100577646,0.010878378202408194,20,1,42.15999999999999,0.0014523580007335113,42.16145235800072,0,nan,0.875,0.8,0.012,0.5,0.008,0.5,0.008,1,1,0.0,0.7513198900461473,0.5355798963315369,0.8655538998823196,0.03456680819455401
1028,20,excited,passive,0.002,1.0,1.3426395100577646,0.010878378202408194,20,1,33.992,0.0014268650006670214,33.993426865000664,0,nan,0.8,1.342690071152997,0.010865422043767146,0.0009752982398134161,4.578929037115402e-05,0.009655305218638277,0.00790179394097774,1,1,0.0,0.7511854149896604,0.7539184670626082,0.20799384102797608,0.024485616024866055
1028,20,excited,always_probe,0.002,1.0,1.3426395100577646,0.010878378202408194,20,1,34.78799999999999,0.0014772489998904348,34.78947724899988,1,nan,0.7000000000000001,1.3428070670196341,0.010866940432797456,0.0009536599299268363,4.334033840660104e-05,0.009655305218638277,0.00790179394097774,1,1,0.0,0.7511895252282728,0.7539184670626082,0.2080302383183872,0.024459138189856018
1028,20,excited,batch_aware,0.002,1.0,1.3426395100577646,0.010878378202408194,20,1,33.992,0.0029594400000405585,33.99495944000004,0,-0.8000000000000004,0.8,1.342690071152997,0.010865422043767146,0.0009752982398134161,4.578929037115402e-05,0.009655305218638277,0.00790179394097774,1,1,0.0,0.7511854149896604,0.7539184670626082,0.20799384102797608,0.024485616024866055
1028,20,excited,ignore_passive,0.002,1.0,1.3426395100577646,0.010878378202408194,20,1,34.78799999999999,0.0015109839996512164,34.78951098399964,1,1.0999999999999996,0.7000000000000001,1.3428070670196341,0.010866940432797456,0.0009536599299268363,4.334033840660104e-05,0.009655305218638277,0.00790179394097774,1,1,0.0,0.7511895252282728,0.7539184670626082,0.2080302383183872,0.024459138189856018
1028,20,excited,oracle,0.002,1.0,1.3426395100577646,0.010878378202408194,20,1,33.839999999999996,0.0014522229998874536,33.841452222999884,0,nan,0.7000000000000001,1.3426395100577646,0.010878378202408194,1e-10,1e-10,1e-10,1e-10,1,1,0.0,0.751189979431877,0.5347654126378008,0.20794273875355987,0.02409424421314456
1029,20,excited,fixed_nominal,0.002,1.0,1.3714882708570773,0.020927530813686132,20,1,40.23999999999998,0.0011441469998771936,40.24114414699986,0,nan,0.8250000000000001,0.8,0.012,0.5,0.008,0.5,0.008,1,1,0.0,0.7550336908792964,0.5795123071947994,0.7474529741180422,0.19788731373958662
1029,20,excited,passive,0.002,1.0,1.3714882708570773,0.020927530813686132,20,1,31.994,0.001101496002092972,31.995101496002093,0,nan,0.75,1.3717074058588459,0.0209239798142966,0.0010094998317432846,4.8263571899330426e-05,0.00964926231025773,0.007976067670417353,1,1,0.0,0.7549071850803081,0.7835581547360767,0.22944221192302208,0.027181490458754228
1029,20,excited,always_probe,0.002,1.0,1.3714882708570773,0.020927530813686132,20,1,32.79,0.0010636029999204766,32.79106360299992,1,nan,0.65,1.3716733164203847,0.02092594469910887,0.0009855802978084068,4.5825006709865345e-05,0.00964926231025773,0.007976067670417353,1,1,0.0,0.7549072160261452,0.7835581547360767,0.22940377935742834,0.027141399813398314
1029,20,excited,batch_aware,0.002,1.0,1.3714882708570773,0.020927530813686132,20,1,31.994,0.002341123999485717,31.996341123999485,0,-0.7999999999999986,0.75,1.3717074058588459,0.0209239798142966,0.0010094998317432846,4.8263571899330426e-05,0.00964926231025773,0.007976067670417353,1,1,0.0,0.7549071850803081,0.7835581547360767,0.22944221192302208,0.027181490458754228
1029,20,excited,ignore_passive,0.002,1.0,1.3714882708570773,0.020927530813686132,20,1,32.79,0.001148407999835399,32.791148407999835,1,1.0999999999999996,0.65,1.3716733164203847,0.02092594469910887,0.0009855802978084068,4.5825006709865345e-05,0.00964926231025773,0.007976067670417353,1,1,0.0,0.7549072160261452,0.7835581547360767,0.22940377935742834,0.027141399813398314
1029,20,excited,oracle,0.002,1.0,1.3714882708570773,0.020927530813686132,20,1,31.84,0.002761952000128076,31.842761952000128,0,nan,0.65,1.3714882708570773,0.020927530813686132,1e-10,1e-10,1e-10,1e-10,1,1,0.0,0.7549072009867406,0.5785515679203069,0.22941137562529232,0.027159749393119857
1030,20,excited,fixed_nominal,0.002,1.0,0.5316106469180696,0.0025793032514379397,20,1,40.47799999999998,0.0014387940000233357,40.479438794000004,0,nan,0.875,0.8,0.012,0.5,0.008,0.5,0.008,1,1,0.0,0.7621858901302029,0.5404205353784848,0.7080768484337588,0.21760056441707382
1030,20,excited,passive,0.002,1.0,0.5316106469180696,0.0025793032514379397,20,1,33.94,0.0017059799995422509,33.94170597999954,0,nan,0.8,0.5317307210914921,0.0025757024713430553,0.0009528130143986913,4.1045241775258164e-05,0.016165782296858534,0.007984560101083232,1,1,0.0,0.7622664371416374,0.5412449244734885,0.5802566327422999,0.025321888935208047
1030,20,excited,always_probe,0.002,1.0,0.5316106469180696,0.0025793032514379397,20,1,34.73599999999999,0.0015881159995387861,34.73758811599953,1,nan,0.7000000000000001,0.5317596063227789,0.0025780806440855878,0.0009315367196102358,3.904795699642854e-05,0.016165782296858534,0.007984560101083232,1,1,0.0,0.7622663765343055,0.5486239680513877,0.5802566327422999,0.07248270688930877
1030,20,excited,batch_aware,0.002,1.0,0.5316106469180696,0.0025793032514379397,20,1,33.94,0.002969375999100521,33.9429693759991,0,-0.8000000000000004,0.8,0.5317307210914921,0.0025757024713430553,0.0009528130143986913,4.1045241775258164e-05,0.016165782296858534,0.007984560101083232,1,1,0.0,0.7622664371416374,0.5412449244734885,0.5802566327422999,0.025321888935208047
1030,20,excited,ignore_passive,0.002,1.0,0.5316106469180696,0.0025793032514379397,20,1,34.73599999999999,0.0018585630007237341,34.737858563000714,1,1.0999999999999996,0.7000000000000001,0.5317596063227789,0.0025780806440855878,0.0009315367196102358,3.904795699642854e-05,0.016165782296858534,0.007984560101083232,1,1,0.0,0.7622663765343055,0.5486239680513877,0.5802566327422999,0.07248270688930877
1030,20,excited,oracle,0.002,1.0,0.5316106469180696,0.0025793032514379397,20,1,33.839999999999996,0.0014992950002579164,33.841499295000254,0,nan,0.7000000000000001,0.5316106469180696,0.0025793032514379397,1e-10,1e-10,1e-10,1e-10,1,1,0.0,0.7622664205916103,0.5412448397105619,0.2196405154777125,0.025455335704764145
1001,1,low_yaw,fixed_nominal,0.002,1.0,1.0576328999979314,0.002361110759867625,1,1,1.9240000000000004,9.028499994201411e-05,1.9240902849999424,0,nan,0.8250000000000001,0.8,0.012,0.5,0.008,0.5,0.008,1,1,0.0,0.7668804536489395,0.5844418642673306,0.6724113991575412,0.03262477594297175
1001,1,low_yaw,passive,0.002,1.0,1.0576328999979314,0.002361110759867625,1,1,1.6920000000000002,6.352600030368194e-05,1.6920635260003039,0,nan,0.75,1.057149883835502,0.003093889316916054,0.004223068381704929,0.0019201970198377,0.01732909305990758,0.007991287289320376,1,1,0.0,0.7668172640938491,0.5840568954401637,0.5261093428900617,0.011489398766606967
1001,1,low_yaw,always_probe,0.002,1.0,1.0576328999979314,0.002361110759867625,1,1,2.4880000000000004,5.68749999274587e-05,2.488056874999928,1,nan,0.65,1.0568816096991218,0.00238329698088034,0.003079823055754537,0.0001373498770537132,0.01732909305990758,0.007991287289320376,1,1,0.0,0.766825076699817,0.5840625474674976,0.5261093428900617,0.06607159271616758
1001,1,low_yaw,batch_aware,0.002,1.0,1.0576328999979314,0.002361110759867625,1,1,1.6920000000000002,0.0001217030001043895,1.6921217030001046,0,-0.8,0.75,1.057149883835502,0.003093889316916054,0.004223068381704929,0.0019201970198377,0.01732909305990758,0.007991287289320376,1,1,0.0,0.7668172640938491,0.5840568954401637,0.5261093428900617,0.011489398766606967
1001,1,low_yaw,ignore_passive,0.002,1.0,1.0576328999979314,0.002361110759867625,1,1,1.6920000000000002,0.0001811929998893902,1.6921811929998896,0,-0.8,0.75,1.057149883835502,0.003093889316916054,0.004223068381704929,0.0019201970198377,0.01732909305990758,0.007991287289320376,1,1,0.0,0.7668172640938491,0.5840568954401637,0.5261093428900617,0.011489398766606967
1001,1,low_yaw,oracle,0.002,1.0,1.0576328999979314,0.002361110759867625,1,1,1.592,5.622399999083427e-05,1.592056223999991,0,nan,0.65,1.0576328999979314,0.002361110759867625,1e-10,1e-10,1e-10,1e-10,1,1,0.0,0.7668247520636573,0.5840622705333548,0.22019927763185268,0.012061600471936891
1002,1,low_yaw,fixed_nominal,0.002,1.0,0.7331496232763623,0.01021535476643178,1,1,1.868,0.00012606000018422492,1.8681260600001843,0,nan,0.875,0.8,0.012,0.5,0.008,0.5,0.008,1,1,0.0,0.7568742929125821,0.5361065515762065,0.3374582082494113,0.010453373376951595
1002,1,low_yaw,passive,0.002,1.0,0.7331496232763623,0.01021535476643178,1,1,1.792,7.301799996639602e-05,1.7920730179999664,0,nan,0.8,0.7349635282101621,0.010392297143190862,0.0040392963850582,0.0021937277539260834,0.016572625881405786,0.007999820261819711,1,1,0.0,0.7568952372999239,0.5361209697211643,0.1637064716289206,0.010287250071508118
1002,1,low_yaw,always_probe,0.002,1.0,0.7331496232763623,0.01021535476643178,1,1,2.588,7.356999981311674e-05,2.588073569999813,1,nan,0.7000000000000001,0.7344028633275129,0.010229030109084106,0.0029929913256473333,0.0001442953741219166,0.016572625881405786,0.007999820261819711,1,1,0.0,0.7568997114868756,0.5487073776913809,0.20102838597156505,0.03710697417074945
1002,1,low_yaw,batch_aware,0.002,1.0,0.7331496232763623,0.01021535476643178,1,1,1.792,0.00015738499996587052,1.792157384999966,0,-0.8,0.8,0.7349635282101621,0.010392297143190862,0.0040392963850582,0.0021937277539260834,0.016572625881405786,0.007999820261819711,1,1,0.0,0.7568952372999239,0.5361209697211643,0.1637064716289206,0.010287250071508118
1002,1,low_yaw,ignore_passive,0.002,1.0,0.7331496232763623,0.01021535476643178,1,1,1.792,0.0001461599999856844,1.7921461599999857,0,-0.8,0.8,0.7349635282101621,0.010392297143190862,0.0040392963850582,0.0021937277539260834,0.016572625881405786,0.007999820261819711,1,1,0.0,0.7568952372999239,0.5361209697211643,0.1637064716289206,0.010287250071508118
1002,1,low_yaw,oracle,0.002,1.0,0.7331496232763623,0.01021535476643178,1,1,1.692,0.00010430600013933145,1.6921043060001393,0,nan,0.7000000000000001,0.7331496232763623,0.01021535476643178,1e-10,1e-10,1e-10,1e-10,1,1,0.0,0.7569002331249658,0.5361237931646724,0.2003023888842336,0.011871015297061561
1003,1,low_yaw,fixed_nominal,0.002,1.0,0.4628603155760868,0.007904233635032908,1,1,2.0060000000000002,6.0990999827481573e-05,2.0060609909998277,0,nan,0.8500000000000001,0.8,0.012,0.5,0.008,0.5,0.008,1,1,0.0,0.7637797486411932,0.5618618995970039,0.660878863431728,0.018476363269600574
1003,1,low_yaw,passive,0.002,1.0,0.4628603155760868,0.007904233635032908,1,1,1.776,5.9991000171066844e-05,1.776059991000171,0,nan,0.775,0.46362039025174945,0.007917988602417094,0.0039026272645204282,0.0020532161685759428,0.011969086607841692,0.007991510776315975,1,1,0.0,0.7638702180183291,0.5625099840876601,0.18043026320850963,0.01001355564954374
1003,1,low_yaw,always_probe,0.002,1.0,0.4628603155760868,0.007904233635032908,1,1,2.572,6.15319997905317e-05,2.5720615319997906,1,nan,0.675,0.46314252758685337,0.007940050846160973,0.002926775429505819,0.00014177795774200717,0.011969086607841692,0.007991510776315975,1,1,0.0,0.7638779710531455,0.562564814407023,0.2180615215682218,0.04466064799089464
1003,1,low_yaw,batch_aware,0.002,1.0,0.4628603155760868,0.007904233635032908,1,1,1.776,0.00013114799980940006,1.7761311479998094,0,-0.8,0.775,0.46362039025174945,0.007917988602417094,0.0039026272645204282,0.0020532161685759428,0.011969086607841692,0.007991510776315975,1,1,0.0,0.7638702180183291,0.5625099840876601,0.18043026320850963,0.01001355564954374
1003,1,low_yaw,ignore_passive,0.002,1.0,0.4628603155760868,0.007904233635032908,1,1,1.776,0.00012283299997761787,1.7761228329999776,0,-0.8,0.775,0.46362039025174945,0.007917988602417094,0.0039026272645204282,0.0020532161685759428,0.011969086607841692,0.007991510776315975,1,1,0.0,0.7638702180183291,0.5625099840876601,0.18043026320850963,0.01001355564954374
1003,1,low_yaw,oracle,0.002,1.0,0.4628603155760868,0.007904233635032908,1,1,1.644,6.147300018710666e-05,1.644061473000187,0,nan,0.675,0.4628603155760868,0.007904233635032908,1e-10,1e-10,1e-10,1e-10,1,1,0.0,0.7638780089424974,0.5625650774493891,0.21840115038638602,0.012607145371605183
1004,1,low_yaw,fixed_nominal,0.002,1.0,0.20123263383700105,0.0049934801789355224,0,0,0.352,0.0,10.352,0,nan,nan,0.8,0.012,0.5,0.008,0.5,0.008,1,1,0.0,0.061610198244884125,1.1748704611126253,0.597708944404588,0.00048337470801847215
1004,1,low_yaw,passive,0.002,1.0,0.20123263383700105,0.0049934801789355224,0,0,0.156,0.0,10.156,0,nan,nan,0.20194297872477146,0.01187250750975726,0.00964671035008101,0.00797088043537762,0.5,0.008,1,1,0.0,0.061610198244884125,1.1748704611126253,0.2023618859390936,0.0006528996570740971
1004,1,low_yaw,always_probe,0.002,1.0,0.20123263383700105,0.0049934801789355224,0,0,0.156,0.0,10.156,0,nan,nan,0.20194297872477146,0.01187250750975726,0.00964671035008101,0.00797088043537762,0.5,0.008,1,1,0.0,0.061610198244884125,1.1748704611126253,0.2023618859390936,0.0006528996570740971
1004,1,low_yaw,batch_aware,0.002,1.0,0.20123263383700105,0.0049934801789355224,0,0,0.156,0.0,10.156,0,nan,nan,0.20194297872477146,0.01187250750975726,0.00964671035008101,0.00797088043537762,0.5,0.008,1,1,0.0,0.061610198244884125,1.1748704611126253,0.2023618859390936,0.0006528996570740971
1004,1,low_yaw,ignore_passive,0.002,1.0,0.20123263383700105,0.0049934801789355224,0,0,0.156,0.0,10.156,0,nan,nan,0.20194297872477146,0.01187250750975726,0.00964671035008101,0.00797088043537762,0.5,0.008,1,1,0.0,0.061610198244884125,1.1748704611126253,0.2023618859390936,0.0006528996570740971
1004,1,low_yaw,oracle,0.002,1.0,0.20123263383700105,0.0049934801789355224,1,1,1.592,5.8027999784826534e-05,1.592058027999785,0,nan,0.65,0.20123263383700105,0.0049934801789355224,1e-10,1e-10,1e-10,1e-10,1,1,0.0,0.762453060443219,0.5826881291274116,0.20933265978604665,0.010512672065441351
1005,1,low_yaw,fixed_nominal,0.002,1.0,0.31510684229505126,0.023402926974937885,1,1,2.05,6.935499982319016e-05,2.050069354999823,0,nan,0.8500000000000001,0.8,0.012,0.5,0.008,0.5,0.008,1,1,0.0,0.7465649703254609,0.859440454020706,0.6107852150060489,0.06377069475122249
1005,1,low_yaw,passive,0.002,1.0,0.31510684229505126,0.023402926974937885,1,1,1.794,6.669999970654317e-05,1.7940666999997066,0,nan,0.775,0.31479977413083504,0.021707597455923593,0.0038916315908415116,0.002252283079758238,0.012022576441392794,0.007996365749051474,1,1,0.0,0.7466898425611855,0.859440454020706,0.16922162717082276,0.01439500470085849
1005,1,low_yaw,always_probe,0.002,1.0,0.31510684229505126,0.023402926974937885,1,1,2.59,8.134199993037328e-05,2.5900813419999302,1,nan,0.675,0.31514650209309397,0.02345496088219569,0.0029176311147210026,0.00016293216400073627,0.012022576441392794,0.007996365749051474,1,1,0.0,0.7466969541859764,0.859440454020706,0.21232316564658058,0.021855865967923778
1005,1,low_yaw,batch_aware,0.002,1.0,0.31510684229505126,0.023402926974937885,1,1,1.794,0.000146490000133781,1.7941464900001338,0,-0.8,0.775,0.31479977413083504,0.021707597455923593,0.0038916315908415116,0.002252283079758238,0.012022576441392794,0.007996365749051474,1,1,0.0,0.7466898425611855,0.859440454020706,0.16922162717082276,0.01439500470085849
1005,1,low_yaw,ignore_passive,0.002,1.0,0.31510684229505126,0.023402926974937885,1,1,1.794,0.0001458889998957602,1.7941458889998958,0,-0.8,0.775,0.31479977413083504,0.021707597455923593,0.0038916315908415116,0.002252283079758238,0.012022576441392794,0.007996365749051474,1,1,0.0,0.7466898425611855,0.859440454020706,0.16922162717082276,0.01439500470085849
1005,1,low_yaw,oracle,0.002,1.0,0.31510684229505126,0.023402926974937885,1,1,1.644,7.128699985514686e-05,1.644071286999855,0,nan,0.675,0.31510684229505126,0.023402926974937885,1e-10,1e-10,1e-10,1e-10,1,1,0.0,0.7466969263594753,0.5483355978682052,0.2120886813032288,0.011496254553797056
1006,1,low_yaw,fixed_nominal,0.002,1.0,0.6716900070019542,0.015819709707392063,1,1,1.818,6.776199984415143e-05,1.8180677619998442,0,nan,0.8500000000000001,0.8,0.012,0.5,0.008,0.5,0.008,1,1,0.0,0.7473357111005338,0.5483162825026833,0.6408155678598001,0.024188753488537273
1006,1,low_yaw,passive,0.002,1.0,0.6716900070019542,0.015819709707392063,1,1,1.744,7.077800000843126e-05,1.7440707780000084,0,nan,0.775,0.6718395192808437,0.015445783804267182,0.0040282790295626675,0.0021444853592395086,0.016425221753901438,0.00798854883711479,1,1,0.0,0.7473716081306289,0.5485844272855352,0.2822285531904244,0.014637944360590342
1006,1,low_yaw,always_probe,0.002,1.0,0.6716900070019542,0.015819709707392063,1,1,2.54,6.690999998681946e-05,2.540066909999987,1,nan,0.675,0.6709881500157906,0.015826861779516217,0.0029858107481384143,0.0001513307379195408,0.016425221753901438,0.00798854883711479,1,1,0.0,0.7473782767952395,0.565334696036692,0.2822285531904244,0.0220734376373038
1006,1,low_yaw,batch_aware,0.002,1.0,0.6716900070019542,0.015819709707392063,1,1,1.744,0.0001502159998381103,1.744150215999838,0,-0.8,0.775,0.6718395192808437,0.015445783804267182,0.0040282790295626675,0.0021444853592395086,0.016425221753901438,0.00798854883711479,1,1,0.0,0.7473716081306289,0.5485844272855352,0.2822285531904244,0.014637944360590342
1006,1,low_yaw,ignore_passive,0.002,1.0,0.6716900070019542,0.015819709707392063,1,1,1.744,0.0001351440000689763,1.744135144000069,0,-0.8,0.775,0.6718395192808437,0.015445783804267182,0.0040282790295626675,0.0021444853592395086,0.016425221753901438,0.00798854883711479,1,1,0.0,0.7473716081306289,0.5485844272855352,0.2822285531904244,0.014637944360590342
1006,1,low_yaw,oracle,0.002,1.0,0.6716900070019542,0.015819709707392063,1,1,1.644,6.801100016673445e-05,1.6440680110001666,0,nan,0.675,0.6716900070019542,0.015819709707392063,1e-10,1e-10,1e-10,1e-10,1,1,0.0,0.747378001828298,0.5486320144870436,0.19447435930885612,0.010778165220601632
1007,1,low_yaw,fixed_nominal,0.002,1.0,0.29971491244524007,0.020767547939092697,1,1,2.104,0.00010676100009732181,2.1041067610000974,0,nan,0.875,0.8,0.012,0.5,0.008,0.5,0.008,1,1,0.0,0.7483413674757021,0.8902913621648787,0.6014420932712112,0.04716834593076008
1007,1,low_yaw,passive,0.002,1.0,0.29971491244524007,0.020767547939092697,1,1,1.844,7.449200006703904e-05,1.8440744920000671,0,nan,0.8,0.29955321671655044,0.019830575561983973,0.003783350230742022,0.0023226100260042327,0.009648684869219736,0.007987580612355452,1,1,0.0,0.7484667548673982,0.8902913621648787,0.16151703830345457,0.01375279463759375
1007,1,low_yaw,always_probe,0.002,1.0,0.29971491244524007,0.020767547939092697,1,1,2.64,7.550500026809459e-05,2.640075505000268,1,nan,0.7000000000000001,0.2996833618192875,0.020741201994271874,0.002871186343137313,0.00015850166948508425,0.009648684869219736,0.007987580612355452,1,1,0.0,0.7484716751268917,0.8902913621648787,0.20401890824509974,0.02011780855679783
1007,1,low_yaw,batch_aware,0.002,1.0,0.29971491244524007,0.020767547939092697,1,1,1.844,0.00016090299982352008,1.8441609029998236,0,-0.8,0.8,0.29955321671655044,0.019830575561983973,0.003783350230742022,0.0023226100260042327,0.009648684869219736,0.007987580612355452,1,1,0.0,0.7484667548673982,0.8902913621648787,0.16151703830345457,0.01375279463759375
1007,1,low_yaw,ignore_passive,0.002,1.0,0.29971491244524007,0.020767547939092697,1,1,1.844,0.0001464409999698546,1.84414644099997,0,-0.8,0.8,0.29955321671655044,0.019830575561983973,0.003783350230742022,0.0023226100260042327,0.009648684869219736,0.007987580612355452,1,1,0.0,0.7484667548673982,0.8902913621648787,0.16151703830345457,0.01375279463759375
1007,1,low_yaw,oracle,0.002,1.0,0.29971491244524007,0.020767547939092697,1,1,1.692,7.340999968619144e-05,1.6920734099996861,0,nan,0.7000000000000001,0.29971491244524007,0.020767547939092697,1e-10,1e-10,1e-10,1e-10,1,1,0.0,0.7484716236158637,0.5321534359783071,0.2040819417278308,0.012803095880074103
1008,1,low_yaw,fixed_nominal,0.002,1.0,0.4341538486764662,0.020700167197761923,1,1,1.9660000000000002,6.786299991290434e-05,1.966067862999913,0,nan,0.8250000000000001,0.8,0.012,0.5,0.008,0.5,0.008,1,1,0.0,0.7691708414188374,0.5871318142933418,0.6517478478126835,0.05654766256781467
1008,1,low_yaw,passive,0.002,1.0,0.4341538486764662,0.020700167197761923,1,1,1.73,5.4070999794930685e-05,1.730054070999795,0,nan,0.75,0.4357807706335047,0.019594840159900685,0.00401335169966884,0.0021176423195479713,0.011979580182029626,0.007984011129291193,1,1,0.0,0.7692684358464004,0.5871318142933418,0.18604920305095013,0.013582852623267857
1008,1,low_yaw,always_probe,0.002,1.0,0.4341538486764662,0.020700167197761923,1,1,2.5260000000000002,5.6374999758190825e-05,2.5260563749997584,1,nan,0.65,0.4350148976403335,0.02068644290661757,0.002971416319926474,0.00015838272902829646,0.011979580182029626,0.007984011129291193,1,1,0.0,0.7692776500433375,0.6066261770363052,0.2348574367338123,0.020847992708431535
1008,1,low_yaw,batch_aware,0.002,1.0,0.4341538486764662,0.020700167197761923,1,1,1.73,0.00012101200013603375,1.730121012000136,0,-0.8,0.75,0.4357807706335047,0.019594840159900685,0.00401335169966884,0.0021176423195479713,0.011979580182029626,0.007984011129291193,1,1,0.0,0.7692684358464004,0.5871318142933418,0.18604920305095013,0.013582852623267857
1008,1,low_yaw,ignore_passive,0.002,1.0,0.4341538486764662,0.020700167197761923,1,1,1.73,0.00010935399996014894,1.7301093539999601,0,-0.8,0.75,0.4357807706335047,0.019594840159900685,0.00401335169966884,0.0021176423195479713,0.011979580182029626,0.007984011129291193,1,1,0.0,0.7692684358464004,0.5871318142933418,0.18604920305095013,0.013582852623267857
1008,1,low_yaw,oracle,0.002,1.0,0.4341538486764662,0.020700167197761923,1,1,1.592,5.522400010704587e-05,1.5920552240001071,0,nan,0.65,0.4341538486764662,0.020700167197761923,1e-10,1e-10,1e-10,1e-10,1,1,0.0,0.7692780098631052,0.5868580600841015,0.23269609427204993,0.012159400002929699
1009,1,low_yaw,fixed_nominal,0.002,1.0,0.279100646874815,0.00951905851647582,1,1,2.008,5.8507000176177826e-05,2.008058507000176,0,nan,0.8250000000000001,0.8,0.012,0.5,0.008,0.5,0.008,1,1,0.0,0.7546803979522275,0.9490082703192859,0.6034199820403188,0.030048772899198627
1009,1,low_yaw,passive,0.002,1.0,0.279100646874815,0.00951905851647582,1,1,1.7440000000000002,5.976900024506904e-05,1.7440597690002453,0,nan,0.75,0.27810702090187667,0.009784332430924053,0.0038836288886345727,0.002005953379283067,0.009646846290457192,0.007994644689937233,1,1,0.0,0.7548030170099992,0.9490082703192859,0.17554819341714634,0.010605968221809682
1009,1,low_yaw,always_probe,0.002,1.0,0.279100646874815,0.00951905851647582,1,1,2.5400000000000005,5.666600009135436e-05,2.540056666000092,1,nan,0.65,0.2785198626526633,0.00953554354115727,0.0029132962615543083,0.000143489709542345,0.009646846290457192,0.007994644689937233,1,1,0.0,0.7548103836227212,0.9490082703192859,0.21752529417352348,0.031981478163058276
1009,1,low_yaw,batch_aware,0.002,1.0,0.279100646874815,0.00951905851647582,1,1,1.7440000000000002,0.00012089200004083978,1.744120892000041,0,-0.8,0.75,0.27810702090187667,0.009784332430924053,0.0038836288886345727,0.002005953379283067,0.009646846290457192,0.007994644689937233,1,1,0.0,0.7548030170099992,0.9490082703192859,0.17554819341714634,0.010605968221809682
1009,1,low_yaw,ignore_passive,0.002,1.0,0.279100646874815,0.00951905851647582,1,1,1.7440000000000002,0.00010910400010288868,1.744109104000103,0,-0.8,0.75,0.27810702090187667,0.009784332430924053,0.0038836288886345727,0.002005953379283067,0.009646846290457192,0.007994644689937233,1,1,0.0,0.7548030170099992,0.9490082703192859,0.17554819341714634,0.010605968221809682
1009,1,low_yaw,oracle,0.002,1.0,0.279100646874815,0.00951905851647582,1,1,1.592,5.601499992735626e-05,1.5920560149999274,0,nan,0.65,0.279100646874815,0.00951905851647582,1e-10,1e-10,1e-10,1e-10,1,1,0.0,0.7548102398900958,0.5760504020062436,0.2189639703642027,0.010913965963586915
1010,1,low_yaw,fixed_nominal,0.002,1.0,0.33298919614620115,0.014323531818447402,1,1,2.096,7.106599991857365e-05,2.0960710659999187,0,nan,0.875,0.8,0.012,0.5,0.008,0.5,0.008,1,1,0.0,0.7704920352592306,0.803280946627486,0.6155505265815325,0.02700020796766008
1010,1,low_yaw,passive,0.002,1.0,0.33298919614620115,0.014323531818447402,1,1,1.84,6.889299993417808e-05,1.8400688929999343,0,nan,0.8,0.33402745591592986,0.014672327373931624,0.0038938169253204067,0.002265105451989149,0.012029560806777879,0.007976778535449789,1,1,0.0,0.7706253805436623,0.803280946627486,0.17036652435036828,0.01009337080706486
1010,1,low_yaw,always_probe,0.002,1.0,0.33298919614620115,0.014323531818447402,1,1,2.636,0.00011016600001312327,2.6361101660000132,1,nan,0.7000000000000001,0.33337615083654687,0.014313268300888499,0.0029194221016682967,0.00014911123487740567,0.012029560806777879,0.007976778535449789,1,1,0.0,0.7706320624577421,0.803280946627486,0.21031073918386156,0.020134047733046473
1010,1,low_yaw,batch_aware,0.002,1.0,0.33298919614620115,0.014323531818447402,1,1,1.84,0.00015646600013496936,1.840156466000135,0,-0.8,0.8,0.33402745591592986,0.014672327373931624,0.0038938169253204067,0.002265105451989149,0.012029560806777879,0.007976778535449789,1,1,0.0,0.7706253805436623,0.803280946627486,0.17036652435036828,0.01009337080706486
1010,1,low_yaw,ignore_passive,0.002,1.0,0.33298919614620115,0.014323531818447402,1,1,1.84,0.00014215400028660952,1.8401421540002867,0,-0.8,0.8,0.33402745591592986,0.014672327373931624,0.0038938169253204067,0.002265105451989149,0.012029560806777879,0.007976778535449789,1,1,0.0,0.7706253805436623,0.803280946627486,0.17036652435036828,0.01009337080706486
1010,1,low_yaw,oracle,0.002,1.0,0.33298919614620115,0.014323531818447402,1,1,1.692,9.044500006893941e-05,1.6920904450000689,0,nan,0.7000000000000001,0.33298919614620115,0.014323531818447402,1e-10,1e-10,1e-10,1e-10,1,1,0.0,0.7706320510441883,0.5469846348117846,0.21008629452830643,0.012078742525041514
1011,1,low_yaw,fixed_nominal,0.002,1.0,0.5977747764906113,0.014956441316716097,1,1,1.862,5.357099985303648e-05,1.8620535709998531,0,nan,0.8250000000000001,0.8,0.012,0.5,0.008,0.5,0.008,1,1,0.0,0.7688228041668018,0.5866514880165529,0.8143831981809418,0.02795574990874366
1011,1,low_yaw,passive,0.002,1.0,0.5977747764906113,0.014956441316716097,1,1,1.6920000000000002,5.714600024475658e-05,1.692057146000245,0,nan,0.75,0.5973617870142488,0.014727445166974025,0.004137944523427258,0.0020700278979079558,0.01627241246202492,0.00799448752388211,1,1,0.0,0.7688747740298332,0.5868291852866168,0.42634318096653323,0.010986797004719545
1011,1,low_yaw,always_probe,0.002,1.0,0.5977747764906113,0.014956441316716097,1,1,2.4880000000000004,5.553299979510484e-05,2.4880555329997955,1,nan,0.65,0.5968782347925446,0.015004718478934642,0.00302689113073659,0.00014994346752962998,0.01627241246202492,0.00799448752388211,1,1,0.0,0.7688825108182658,0.5868855473557292,0.42634318096653323,0.025485004942411668
1011,1,low_yaw,batch_aware,0.002,1.0,0.5977747764906113,0.014956441316716097,1,1,1.6920000000000002,0.00012091199982933176,1.6921209119998295,0,-0.8,0.75,0.5973617870142488,0.014727445166974025,0.004137944523427258,0.0020700278979079558,0.01627241246202492,0.00799448752388211,1,1,0.0,0.7688747740298332,0.5868291852866168,0.42634318096653323,0.010986797004719545
1011,1,low_yaw,ignore_passive,0.002,1.0,0.5977747764906113,0.014956441316716097,1,1,1.6920000000000002,0.0001179370001409552,1.6921179370001411,0,-0.8,0.75,0.5973617870142488,0.014727445166974025,0.004137944523427258,0.0020700278979079558,0.01627241246202492,0.00799448752388211,1,1,0.0,0.7688747740298332,0.5868291852866168,0.42634318096653323,0.010986797004719545
1011,1,low_yaw,oracle,0.002,1.0,0.5977747764906113,0.014956441316716097,1,1,1.592,5.500300017047266e-05,1.5920550030001706,0,nan,0.65,0.5977747764906113,0.014956441316716097,1e-10,1e-10,1e-10,1e-10,1,1,0.0,0.7688822067435003,0.5868830967368791,0.22364964369211165,0.0109389637678817
1012,1,low_yaw,fixed_nominal,0.002,1.0,0.6288486765788946,0.019954873740693824,1,1,1.818,6.663100020887214e-05,1.818066631000209,0,nan,0.8500000000000001,0.8,0.012,0.5,0.008,0.5,0.008,1,1,0.0,0.7425531726593828,0.5449845387280124,0.8544622283696031,0.037122869457003826
1012,1,low_yaw,passive,0.002,1.0,0.6288486765788946,0.019954873740693824,1,1,1.744,7.072700009302935e-05,1.744070727000093,0,nan,0.775,0.6301305531215041,0.01969590641962502,0.004021522067697364,0.002205446785418479,0.0163524145840588,0.007994025240819639,1,1,0.0,0.7425975983504441,0.5452063585864014,0.3748078721304448,0.009961277162998113
1012,1,low_yaw,always_probe,0.002,1.0,0.6288486765788946,0.019954873740693824,1,1,2.54,6.638899981226132e-05,2.5400663889998123,1,nan,0.675,0.6295124371451281,0.019979572583451843,0.0029817388020247633,0.00015710653484748204,0.0163524145840588,0.007994025240819639,1,1,0.0,0.742606446909138,0.5855162916471531,0.3748078721304448,0.02142227882497817
1012,1,low_yaw,batch_aware,0.002,1.0,0.6288486765788946,0.019954873740693824,1,1,1.744,0.00014707100012856245,1.7441470710001286,0,-0.8,0.775,0.6301305531215041,0.01969590641962502,0.004021522067697364,0.002205446785418479,0.0163524145840588,0.007994025240819639,1,1,0.0,0.7425975983504441,0.5452063585864014,0.3748078721304448,0.009961277162998113
1012,1,low_yaw,ignore_passive,0.002,1.0,0.6288486765788946,0.019954873740693824,1,1,1.744,0.0001351440000689763,1.744135144000069,0,-0.8,0.775,0.6301305531215041,0.01969590641962502,0.004021522067697364,0.002205446785418479,0.0163524145840588,0.007994025240819639,1,1,0.0,0.7425975983504441,0.5452063585864014,0.3748078721304448,0.009961277162998113
1012,1,low_yaw,oracle,0.002,1.0,0.6288486765788946,0.019954873740693824,1,1,1.644,7.056499998725485e-05,1.6440705649999872,0,nan,0.675,0.6288486765788946,0.019954873740693824,1e-10,1e-10,1e-10,1e-10,1,1,0.0,0.742606644047723,0.5458971356125777,0.2087365933874868,0.011829018814283637
1013,1,low_yaw,fixed_nominal,0.002,1.0,1.312290081428663,0.0038165278462078903,1,1,2.1020000000000003,7.38619999083312e-05,2.1020738619999086,0,nan,0.875,0.8,0.012,0.5,0.008,0.5,0.008,1,1,0.0,0.7510686996842421,0.5334298139333837,0.8184632958715673,0.031506800882852765
1013,1,low_yaw,passive,0.002,1.0,1.312290081428663,0.0038165278462078903,1,1,1.842,0.00016610900024716102,1.8421661090002472,0,nan,0.8,1.31160663789605,0.004209304111882726,0.003997389598720902,0.0021249604995381686,0.011610616644718897,0.007998660544575122,1,1,0.0,0.7509389162471066,0.7120922980406764,0.16343697459767634,0.010421630922520289
1013,1,low_yaw,always_probe,0.002,1.0,1.312290081428663,0.0038165278462078903,1,1,2.638,7.284000002982793e-05,2.6380728400000297,1,nan,0.7000000000000001,1.312536604101362,0.0037766923125978485,0.0030019570691213705,0.00013824507173813627,0.011610616644718897,0.007998660544575122,1,1,0.0,0.7509446758658703,0.7120922980406764,0.19793112735327756,0.050571966346214164
1013,1,low_yaw,batch_aware,0.002,1.0,1.312290081428663,0.0038165278462078903,1,1,1.842,0.0001571759999023925,1.8421571759999025,0,-0.8,0.8,1.31160663789605,0.004209304111882726,0.003997389598720902,0.0021249604995381686,0.011610616644718897,0.007998660544575122,1,1,0.0,0.7509389162471066,0.7120922980406764,0.16343697459767634,0.010421630922520289
1013,1,low_yaw,ignore_passive,0.002,1.0,1.312290081428663,0.0038165278462078903,1,1,1.842,0.00014274299996941409,1.8421427429999695,0,-0.8,0.8,1.31160663789605,0.004209304111882726,0.003997389598720902,0.0021249604995381686,0.011610616644718897,0.007998660544575122,1,1,0.0,0.7509389162471066,0.7120922980406764,0.16343697459767634,0.010421630922520289
1013,1,low_yaw,oracle,0.002,1.0,1.312290081428663,0.0038165278462078903,1,1,1.692,7.086700020408898e-05,1.692070867000204,0,nan,0.7000000000000001,1.312290081428663,0.0038165278462078903,1e-10,1e-10,1e-10,1e-10,1,1,0.0,0.7509448613235616,0.5326041283793308,0.19735186798564197,0.010640550715496702
1014,1,low_yaw,fixed_nominal,0.002,1.0,0.8097336022719199,0.015471153021909535,1,1,1.868,7.106799989742285e-05,1.8680710679998975,0,nan,0.875,0.8,0.012,0.5,0.008,0.5,0.008,1,1,0.0,0.7689608464614588,0.5441798400357887,0.17583896744032484,0.017313318385670736
1014,1,low_yaw,passive,0.002,1.0,0.8097336022719199,0.015471153021909535,1,1,1.792,7.231900008264347e-05,1.7920723190000827,0,nan,0.8,0.8092249204584356,0.014540588635585874,0.004052041714641435,0.0022349257127058098,0.016734621171951083,0.007993157172932737,1,1,0.0,0.7689619812227328,0.5441873782514981,0.17579525659436906,0.012610548118513582
1014,1,low_yaw,always_probe,0.002,1.0,0.8097336022719199,0.015471153021909535,1,1,2.588,7.331100005103508e-05,2.588073311000051,1,nan,0.7000000000000001,0.8105366244762334,0.015411574307715215,0.003001584834938003,0.00015052215933291374,0.016734621171951083,0.007993157172932737,1,1,0.0,0.7689673466633075,0.5622132979980319,0.20006629587775948,0.01933523043087146
1014,1,low_yaw,batch_aware,0.002,1.0,0.8097336022719199,0.015471153021909535,1,1,1.792,0.00017361999994136568,1.7921736199999414,0,-0.8,0.8,0.8092249204584356,0.014540588635585874,0.004052041714641435,0.0022349257127058098,0.016734621171951083,0.007993157172932737,1,1,0.0,0.7689619812227328,0.5441873782514981,0.17579525659436906,0.012610548118513582
1014,1,low_yaw,ignore_passive,0.002,1.0,0.8097336022719199,0.015471153021909535,1,1,1.792,0.00014336599974740238,1.7921433659997474,0,-0.8,0.8,0.8092249204584356,0.014540588635585874,0.004052041714641435,0.0022349257127058098,0.016734621171951083,0.007993157172932737,1,1,0.0,0.7689619812227328,0.5441873782514981,0.17579525659436906,0.012610548118513582
1014,1,low_yaw,oracle,0.002,1.0,0.8097336022719199,0.015471153021909535,1,1,1.692,7.314100002986379e-05,1.6920731410000298,0,nan,0.7000000000000001,0.8097336022719199,0.015471153021909535,1e-10,1e-10,1e-10,1e-10,1,1,0.0,0.7689677222941439,0.5461431620644083,0.19871661558352877,0.011627753948319563
1015,1,low_yaw,fixed_nominal,0.002,1.0,0.7038641093276814,0.0159625600579694,1,1,1.868,7.387100026789994e-05,1.868073871000268,0,nan,0.875,0.8,0.012,0.5,0.008,0.5,0.008,1,1,0.0,0.7483495953194358,0.5302818547237051,0.4801983949445347,0.021339007869685338
1015,1,low_yaw,passive,0.002,1.0,0.7038641093276814,0.0159625600579694,1,1,1.792,7.174899997153261e-05,1.7920717489999716,0,nan,0.8,0.7035745434510384,0.015227898066614324,0.00403392642683186,0.00225767775178218,0.016503002220019557,0.007992359632587607,1,1,0.0,0.7483722489963063,0.5304225479766177,0.2034698093349361,0.009465588873792037
1015,1,low_yaw,always_probe,0.002,1.0,0.7038641093276814,0.0159625600579694,1,1,2.588,7.475200004591898e-05,2.588074752000046,1,nan,0.7000000000000001,0.703726836234204,0.015989259721903126,0.002989841510427025,0.00015149754865240926,0.016503002220019557,0.007992359632587607,1,1,0.0,0.7483809142743906,0.5671964604580052,0.2034698093349361,0.023609668778789516
1015,1,low_yaw,batch_aware,0.002,1.0,0.7038641093276814,0.0159625600579694,1,1,1.792,0.0001590490001035505,1.7921590490001036,0,-0.8,0.8,0.7035745434510384,0.015227898066614324,0.00403392642683186,0.00225767775178218,0.016503002220019557,0.007992359632587607,1,1,0.0,0.7483722489963063,0.5304225479766177,0.2034698093349361,0.009465588873792037
1015,1,low_yaw,ignore_passive,0.002,1.0,0.7038641093276814,0.0159625600579694,1,1,1.792,0.0001472630001444486,1.7921472630001445,0,-0.8,0.8,0.7035745434510384,0.015227898066614324,0.00403392642683186,0.00225767775178218,0.016503002220019557,0.007992359632587607,1,1,0.0,0.7483722489963063,0.5304225479766177,0.2034698093349361,0.009465588873792037
1015,1,low_yaw,oracle,0.002,1.0,0.7038641093276814,0.0159625600579694,1,1,1.692,8.431699984612351e-05,1.692084316999846,0,nan,0.7000000000000001,0.7038641093276814,0.0159625600579694,1e-10,1e-10,1e-10,1e-10,1,1,0.0,0.7483808575997721,0.5304757476049462,0.19849870142285744,0.010830293742823585
1016,1,low_yaw,fixed_nominal,0.002,1.0,0.5191882353970596,0.012181961795169161,1,1,1.98,6.370599999172555e-05,1.9800637059999917,0,nan,0.8500000000000001,0.8,0.012,0.5,0.008,0.5,0.008,1,1,0.0,0.752138235199488,0.552632810749884,0.6925389368443314,0.020728258946082774
1016,1,low_yaw,passive,0.002,1.0,0.5191882353970596,0.012181961795169161,1,1,1.744,6.676999987575982e-05,1.7440667699998758,0,nan,0.775,0.5182057243494155,0.011796620073230365,0.004004409099425819,0.0021012012846617512,0.016134345697543587,0.007974565168517262,1,1,0.0,0.7522107396235153,0.5531417390620981,0.6115281859871571,0.011218242060929386
1016,1,low_yaw,always_probe,0.002,1.0,0.5191882353970596,0.012181961795169161,1,1,2.54,9.729599992169824e-05,2.5400972959999217,1,nan,0.675,0.5189455821691347,0.012153538786537054,0.0029708323927931653,0.00014636237387610578,0.016134345697543587,0.007974565168517262,1,1,0.0,0.7522172569373985,0.5531856993652933,0.6115281859871571,0.02353764518336909
1016,1,low_yaw,batch_aware,0.002,1.0,0.5191882353970596,0.012181961795169161,1,1,1.744,0.0001462299999275274,1.7441462299999275,0,-0.8,0.775,0.5182057243494155,0.011796620073230365,0.004004409099425819,0.0021012012846617512,0.016134345697543587,0.007974565168517262,1,1,0.0,0.7522107396235153,0.5531417390620981,0.6115281859871571,0.011218242060929386
1016,1,low_yaw,ignore_passive,0.002,1.0,0.5191882353970596,0.012181961795169161,1,1,1.744,0.00013633600019602454,1.744136336000196,0,-0.8,0.775,0.5182057243494155,0.011796620073230365,0.004004409099425819,0.0021012012846617512,0.016134345697543587,0.007974565168517262,1,1,0.0,0.7522107396235153,0.5531417390620981,0.6115281859871571,0.011218242060929386
1016,1,low_yaw,oracle,0.002,1.0,0.5191882353970596,0.012181961795169161,1,1,1.644,7.173800008786202e-05,1.6440717380000878,0,nan,0.675,0.5191882353970596,0.012181961795169161,1e-10,1e-10,1e-10,1e-10,1,1,0.0,0.752217294006301,0.5531859722294383,0.21398507691460336,0.011915130809918125
1017,1,low_yaw,fixed_nominal,0.002,1.0,1.4856924560343867,0.020890633093577735,1,1,2.4720000000000004,0.00010719200008679763,2.472107192000087,0,nan,0.9,0.8,0.012,0.5,0.008,0.5,0.008,1,1,0.0,0.7481698130373173,0.5948918323388009,0.5459233981715591,0.07885598052625321
1017,1,low_yaw,passive,0.002,1.0,1.4856924560343867,0.020890633093577735,1,1,1.9040000000000001,0.00011913899970750208,1.9041191389997076,0,nan,0.8250000000000001,1.4848175975674895,0.01987407323852984,0.003820230115446212,0.0024232352046687296,0.009648930758008909,0.007945311519205115,1,1,0.0,0.7481855847933806,0.9303360215443941,0.16571958389666236,0.012873319702319481
1017,1,low_yaw,always_probe,0.002,1.0,1.4856924560343867,0.020890633093577735,1,1,2.7,9.462299999540846e-05,2.7000946229999956,1,nan,0.7250000000000001,1.4849828744653994,0.020850251918057637,0.002932935555684773,0.00015847816322614496,0.009648930758008909,0.007945311519205115,1,1,0.0,0.7481898022986393,0.9303360215443941,0.18966717772025868,0.020108782013532205
1017,1,low_yaw,batch_aware,0.002,1.0,1.4856924560343867,0.020890633093577735,1,1,1.9040000000000001,0.00018971600002259947,1.9041897160000227,0,-0.8,0.8250000000000001,1.4848175975674895,0.01987407323852984,0.003820230115446212,0.0024232352046687296,0.009648930758008909,0.007945311519205115,1,1,0.0,0.7481855847933806,0.9303360215443941,0.16571958389666236,0.012873319702319481
1017,1,low_yaw,ignore_passive,0.002,1.0,1.4856924560343867,0.020890633093577735,1,1,1.9040000000000001,0.0002725189999637223,1.9042725189999639,0,-0.8,0.8250000000000001,1.4848175975674895,0.01987407323852984,0.003820230115446212,0.0024232352046687296,0.009648930758008909,0.007945311519205115,1,1,0.0,0.7481855847933806,0.9303360215443941,0.16571958389666236,0.012873319702319481
1017,1,low_yaw,oracle,0.002,1.0,1.4856924560343867,0.020890633093577735,1,1,1.744,0.00012358499998299521,1.744123584999983,0,nan,0.7250000000000001,1.4856924560343867,0.020890633093577735,1e-10,1e-10,1e-10,1e-10,1,1,0.0,0.748189565682767,0.5111272935578927,0.18949709121383498,0.010707667803429442
1018,1,low_yaw,fixed_nominal,0.002,1.0,1.031565628864165,0.0124640587409875,1,1,2.0060000000000002,7.643399999324174e-05,2.0060764339999935,0,nan,0.875,0.8,0.012,0.5,0.008,0.5,0.008,1,1,0.0,0.7669556501110328,0.5421550960713133,0.7102635633197423,0.018023688106942694
1018,1,low_yaw,passive,0.002,1.0,1.031565628864165,0.0124640587409875,1,1,1.792,9.194900007969409e-05,1.7920919490000797,0,nan,0.8,1.0311994988529252,0.011633519065990833,0.004092648713280019,0.0021937836505822764,0.017255610462821,0.007970666932482155,1,1,0.0,0.7668946817021588,0.5420950110941505,0.4616804700189964,0.011287878639552822
1018,1,low_yaw,always_probe,0.002,1.0,1.031565628864165,0.0124640587409875,1,1,2.588,7.400200001939083e-05,2.5880740020000195,1,nan,0.7000000000000001,1.0317303052093922,0.012464859120047064,0.0030274293737144477,0.00014663710831600436,0.017255610462821,0.007970666932482155,1,1,0.0,0.7669009659625998,0.548161485383323,0.4616804700189964,0.023724936810617565
1018,1,low_yaw,batch_aware,0.002,1.0,1.031565628864165,0.0124640587409875,1,1,1.792,0.00015682399975958106,1.7921568239997596,0,-0.8,0.8,1.0311994988529252,0.011633519065990833,0.004092648713280019,0.0021937836505822764,0.017255610462821,0.007970666932482155,1,1,0.0,0.7668946817021588,0.5420950110941505,0.4616804700189964,0.011287878639552822
1018,1,low_yaw,ignore_passive,0.002,1.0,1.031565628864165,0.0124640587409875,1,1,1.792,0.00014602999976887077,1.792146029999769,0,-0.8,0.8,1.0311994988529252,0.011633519065990833,0.004092648713280019,0.0021937836505822764,0.017255610462821,0.007970666932482155,1,1,0.0,0.7668946817021588,0.5420950110941505,0.4616804700189964,0.011287878639552822
1018,1,low_yaw,oracle,0.002,1.0,1.031565628864165,0.0124640587409875,1,1,1.692,7.419200005642779e-05,1.6920741920000564,0,nan,0.7000000000000001,1.031565628864165,0.0124640587409875,1e-10,1e-10,1e-10,1e-10,1,1,0.0,0.7669012324758829,0.5443479277365573,0.19984355559304767,0.010793061225784632
1019,1,low_yaw,fixed_nominal,0.002,1.0,0.5036976020492282,0.011107886101555628,1,1,1.988,6.838400008746248e-05,1.9880683840000875,0,nan,0.8500000000000001,0.8,0.012,0.5,0.008,0.5,0.008,1,1,0.0,0.7615619210777034,0.5602690665697793,0.6824040331075429,0.01880582232794106
1019,1,low_yaw,passive,0.002,1.0,0.5036976020492282,0.011107886101555628,1,1,1.764,6.287500013968383e-05,1.7640628750001397,0,nan,0.775,0.5043558990498549,0.01086718947295054,0.0039050921656962165,0.00210157991647571,0.011948470140516055,0.007994391411390104,1,1,0.0,0.7616433439141322,0.5608522955581409,0.29940179631303554,0.011466900388410056
1019,1,low_yaw,always_probe,0.002,1.0,0.5036976020492282,0.011107886101555628,1,1,2.56,6.354499987537565e-05,2.5600635449998754,1,nan,0.675,0.5042699093544453,0.011104406642395167,0.002929100881261988,0.00014513873335411846,0.011948470140516055,0.007994391411390104,1,1,0.0,0.7616510752420521,0.5609070301729513,0.29940179631303554,0.0318919455015502
1019,1,low_yaw,batch_aware,0.002,1.0,0.5036976020492282,0.011107886101555628,1,1,1.764,0.00035672599960889784,1.764356725999609,0,-0.8,0.775,0.5043558990498549,0.01086718947295054,0.0039050921656962165,0.00210157991647571,0.011948470140516055,0.007994391411390104,1,1,0.0,0.7616433439141322,0.5608522955581409,0.29940179631303554,0.011466900388410056
1019,1,low_yaw,ignore_passive,0.002,1.0,0.5036976020492282,0.011107886101555628,1,1,1.764,0.00012494699990384106,1.7641249469999039,0,-0.8,0.775,0.5043558990498549,0.01086718947295054,0.0039050921656962165,0.00210157991647571,0.011948470140516055,0.007994391411390104,1,1,0.0,0.7616433439141322,0.5608522955581409,0.29940179631303554,0.011466900388410056
1019,1,low_yaw,oracle,0.002,1.0,0.5036976020492282,0.011107886101555628,1,1,1.644,6.239399976948334e-05,1.6440623939997694,0,nan,0.675,0.5036976020492282,0.011107886101555628,1e-10,1e-10,1e-10,1e-10,1,1,0.0,0.7616511060686685,0.5609072469610255,0.216724899656214,0.012892256301293922
1020,1,low_yaw,fixed_nominal,0.002,1.0,1.0101803401942053,0.008524531469628635,1,1,1.8860000000000001,5.636499986394483e-05,1.886056364999864,0,nan,0.8250000000000001,0.8,0.012,0.5,0.008,0.5,0.008,1,1,0.0,0.7570074975101784,0.578628301411042,0.7498253240129723,0.01496722431344916
1020,1,low_yaw,passive,0.002,1.0,1.0101803401942053,0.008524531469628635,1,1,1.6920000000000002,5.676599971593532e-05,1.692056765999716,0,nan,0.75,1.0107324736837455,0.00896575120391948,0.00421346607870699,0.0019782600258773527,0.01720940159206843,0.00799790405476049,1,1,0.0,0.7569593987858731,0.5782596526358784,0.4457634299933218,0.012405541777432643
1020,1,low_yaw,always_probe,0.002,1.0,1.0101803401942053,0.008524531469628635,1,1,2.4880000000000004,5.552299990085885e-05,2.4880555229999013,1,nan,0.65,1.0105048493001327,0.008572688062837935,0.0030739000258932533,0.00014239896627750087,0.01720940159206843,0.00799790405476049,1,1,0.0,0.7569661787688909,0.5783079982854785,0.4457634299933218,0.035897773989770634
1020,1,low_yaw,batch_aware,0.002,1.0,1.0101803401942053,0.008524531469628635,1,1,1.6920000000000002,0.00012478799999371404,1.6921247879999939,0,-0.8,0.75,1.0107324736837455,0.00896575120391948,0.00421346607870699,0.0019782600258773527,0.01720940159206843,0.00799790405476049,1,1,0.0,0.7569593987858731,0.5782596526358784,0.4457634299933218,0.012405541777432643
1020,1,low_yaw,ignore_passive,0.002,1.0,1.0101803401942053,0.008524531469628635,1,1,1.6920000000000002,0.00010967499974867678,1.6921096749997488,0,-0.8,0.75,1.0107324736837455,0.00896575120391948,0.00421346607870699,0.0019782600258773527,0.01720940159206843,0.00799790405476049,1,1,0.0,0.7569593987858731,0.5782596526358784,0.4457634299933218,0.012405541777432643
1020,1,low_yaw,oracle,0.002,1.0,1.0101803401942053,0.008524531469628635,1,1,1.592,5.670499990628741e-05,1.5920567049999064,0,nan,0.65,1.0101803401942053,0.008524531469628635,1e-10,1e-10,1e-10,1e-10,1,1,0.0,0.7569663641753658,0.578309459578739,0.21365485346939214,0.012356432075735045
1021,1,low_yaw,fixed_nominal,0.002,1.0,0.7241433995407722,0.0038595824926138606,1,1,1.9180000000000001,8.249399979831651e-05,1.9180824939997985,0,nan,0.9,0.8,0.012,0.5,0.008,0.5,0.008,1,1,0.0,0.7496683120039676,0.5122014679711642,0.37878064897081526,0.014706659576592323
1021,1,low_yaw,passive,0.002,1.0,0.7241433995407722,0.0038595824926138606,1,1,1.844,0.00012576900007843506,1.8441257690000785,0,nan,0.8250000000000001,0.7250599075071376,0.0040878875665660295,0.003924380295307892,0.002197267042053317,0.016535912410397795,0.007999864813543383,1,1,0.0,0.7496886126826012,0.5123241542666926,0.15525376536650512,0.009825430015821804
1021,1,low_yaw,always_probe,0.002,1.0,0.7241433995407722,0.0038595824926138606,1,1,2.64,8.388600008402136e-05,2.640083886000084,1,nan,0.7250000000000001,0.7242804482872713,0.003860106209711764,0.002945030171912935,0.00013827153950613405,0.016535912410397795,0.007999864813543383,1,1,0.0,0.7496948032179103,0.5478244072423541,0.18874018453748803,0.05745770153356388
1021,1,low_yaw,batch_aware,0.002,1.0,0.7241433995407722,0.0038595824926138606,1,1,1.844,0.00017976900016947184,1.8441797690001696,0,-0.8,0.8250000000000001,0.7250599075071376,0.0040878875665660295,0.003924380295307892,0.002197267042053317,0.016535912410397795,0.007999864813543383,1,1,0.0,0.7496886126826012,0.5123241542666926,0.15525376536650512,0.009825430015821804
1021,1,low_yaw,ignore_passive,0.002,1.0,0.7241433995407722,0.0038595824926138606,1,1,1.844,0.00022769299994251924,1.8442276929999426,0,-0.8,0.8250000000000001,0.7250599075071376,0.0040878875665660295,0.003924380295307892,0.002197267042053317,0.016535912410397795,0.007999864813543383,1,1,0.0,0.7496886126826012,0.5123241542666926,0.15525376536650512,0.009825430015821804
1021,1,low_yaw,oracle,0.002,1.0,0.7241433995407722,0.0038595824926138606,1,1,1.744,8.393699999942328e-05,1.7440839369999994,0,nan,0.7250000000000001,0.7241433995407722,0.0038595824926138606,1e-10,1e-10,1e-10,1e-10,1,1,0.0,0.7496948770674501,0.5123618513973404,0.18875222080221443,0.011267471250163258
1022,1,low_yaw,fixed_nominal,0.002,1.0,0.2007373035940423,0.023123585389293697,0,0,0.354,0.0,10.354,0,nan,nan,0.8,0.012,0.5,0.008,0.5,0.008,1,1,0.0,0.06167485762868571,1.1767319458415206,0.581766357039619,0.0011559067688240068
1022,1,low_yaw,passive,0.002,1.0,0.2007373035940423,0.023123585389293697,0,0,0.156,0.0,10.156,0,nan,nan,0.1983861992444571,0.011771827064623371,0.009644378593515184,0.007974256535716722,0.5,0.008,1,1,0.0,0.06167485762868571,1.1767319458415206,0.21627619158774264,1.1951027138684738e-05
1022,1,low_yaw,always_probe,0.002,1.0,0.2007373035940423,0.023123585389293697,0,0,0.156,0.0,10.156,0,nan,nan,0.1983861992444571,0.011771827064623371,0.009644378593515184,0.007974256535716722,0.5,0.008,1,1,0.0,0.06167485762868571,1.1767319458415206,0.21627619158774264,1.1951027138684738e-05
1022,1,low_yaw,batch_aware,0.002,1.0,0.2007373035940423,0.023123585389293697,0,0,0.156,0.0,10.156,0,nan,nan,0.1983861992444571,0.011771827064623371,0.009644378593515184,0.007974256535716722,0.5,0.008,1,1,0.0,0.06167485762868571,1.1767319458415206,0.21627619158774264,1.1951027138684738e-05
1022,1,low_yaw,ignore_passive,0.002,1.0,0.2007373035940423,0.023123585389293697,0,0,0.156,0.0,10.156,0,nan,nan,0.1983861992444571,0.011771827064623371,0.009644378593515184,0.007974256535716722,0.5,0.008,1,1,0.0,0.06167485762868571,1.1767319458415206,0.21627619158774264,1.1951027138684738e-05
1022,1,low_yaw,oracle,0.002,1.0,0.2007373035940423,0.023123585389293697,1,1,1.692,0.00017124800001511176,1.692171248000015,0,nan,0.7000000000000001,0.2007373035940423,0.023123585389293697,1e-10,1e-10,1e-10,1e-10,1,1,0.0,0.7442256343021901,0.5273257466375901,0.1955295816275414,0.011127635194888418
1023,1,low_yaw,fixed_nominal,0.002,1.0,0.6744167120119368,0.022835670906901563,1,1,1.868,7.229999982882873e-05,1.868072299999829,0,nan,0.875,0.8,0.012,0.5,0.008,0.5,0.008,1,1,0.0,0.7699558601320428,0.5447902251771152,0.6266493218333113,0.04141022257089138
1023,1,low_yaw,passive,0.002,1.0,0.6744167120119368,0.022835670906901563,1,1,1.792,0.00016247300004579301,1.7921624730000458,0,nan,0.8,0.6732789195916914,0.021839271607443138,0.004029109469171414,0.002354942135789063,0.01643965541428334,0.007996729446475781,1,1,0.0,0.7699937363192049,0.5450274603186229,0.26475870499919446,0.013280947048162241
1023,1,low_yaw,always_probe,0.002,1.0,0.6744167120119368,0.022835670906901563,1,1,2.588,7.162800011428772e-05,2.5880716280001144,1,nan,0.7000000000000001,0.6743336703367123,0.022856123112007395,0.0029865341472037734,0.0001621654059550657,0.01643965541428334,0.007996729446475781,1,1,0.0,0.7699992177543061,0.6214840678534425,0.26475870499919446,0.023627433473690247
1023,1,low_yaw,batch_aware,0.002,1.0,0.6744167120119368,0.022835670906901563,1,1,1.792,0.0001542509999126196,1.7921542509999127,0,-0.8,0.8,0.6732789195916914,0.021839271607443138,0.004029109469171414,0.002354942135789063,0.01643965541428334,0.007996729446475781,1,1,0.0,0.7699937363192049,0.5450274603186229,0.26475870499919446,0.013280947048162241
1023,1,low_yaw,ignore_passive,0.002,1.0,0.6744167120119368,0.022835670906901563,1,1,1.792,0.00014212300038707326,1.792142123000387,0,-0.8,0.8,0.6732789195916914,0.021839271607443138,0.004029109469171414,0.002354942135789063,0.01643965541428334,0.007996729446475781,1,1,0.0,0.7699937363192049,0.5450274603186229,0.26475870499919446,0.013280947048162241
1023,1,low_yaw,oracle,0.002,1.0,0.6744167120119368,0.022835670906901563,1,1,1.692,7.31210002413718e-05,1.6920731210002413,0,nan,0.7000000000000001,0.6744167120119368,0.022835670906901563,1e-10,1e-10,1e-10,1e-10,1,1,0.0,0.7699994125174693,0.5450619077257556,0.20001955965199336,0.01109965385203869
1024,1,low_yaw,fixed_nominal,0.002,1.0,0.6514467567631979,0.007942114630527877,1,1,1.818,6.534699991789239e-05,1.818065346999918,0,nan,0.8500000000000001,0.8,0.012,0.5,0.008,0.5,0.008,1,1,0.0,0.7534416694209793,0.5546795731735158,0.7407721556141899,0.011435863828422085
1024,1,low_yaw,passive,0.002,1.0,0.6514467567631979,0.007942114630527877,1,1,1.744,6.961600001886836e-05,1.7440696160000189,0,nan,0.775,0.6510157312440921,0.008554925519881735,0.004024717161563088,0.0020612532031435704,0.0163924541034152,0.007998627313537355,1,1,0.0,0.7534835090875396,0.554710236233404,0.3181282736927237,0.011082183431649644
1024,1,low_yaw,always_probe,0.002,1.0,0.6514467567631979,0.007942114630527877,1,1,2.54,6.919400016158761e-05,2.5400691940001616,1,nan,0.675,0.6500356394644207,0.007921952068412987,0.002983828578639467,0.00014181481123040228,0.0163924541034152,0.007998627313537355,1,1,0.0,0.7534912685300175,0.5547153025640817,0.3181282736927237,0.038330992395358476
1024,1,low_yaw,batch_aware,0.002,1.0,0.6514467567631979,0.007942114630527877,1,1,1.744,0.00016437800013591186,1.744164378000136,0,-0.8,0.775,0.6510157312440921,0.008554925519881735,0.004024717161563088,0.0020612532031435704,0.0163924541034152,0.007998627313537355,1,1,0.0,0.7534835090875396,0.554710236233404,0.3181282736927237,0.011082183431649644
1024,1,low_yaw,ignore_passive,0.002,1.0,0.6514467567631979,0.007942114630527877,1,1,1.744,0.00013478300002134347,1.7441347830000213,0,-0.8,0.775,0.6510157312440921,0.008554925519881735,0.004024717161563088,0.0020612532031435704,0.0163924541034152,0.007998627313537355,1,1,0.0,0.7534835090875396,0.554710236233404,0.3181282736927237,0.011082183431649644
1024,1,low_yaw,oracle,0.002,1.0,0.6514467567631979,0.007942114630527877,1,1,1.644,6.92950004577142e-05,1.6440692950004576,0,nan,0.675,0.6514467567631979,0.007942114630527877,1e-10,1e-10,1e-10,1e-10,1,1,0.0,0.7534906337242252,0.5547148149869808,0.20536970780467242,0.011505100012080114
1025,1,low_yaw,fixed_nominal,0.002,1.0,1.3495643132438015,0.016467172383280073,1,1,2.008,6.0732000065399916e-05,2.0080607320000654,0,nan,0.8250000000000001,0.8,0.012,0.5,0.008,0.5,0.008,1,1,0.0,0.7646646076292265,0.5837375757928551,0.722025608168699,0.039216767528149746
1025,1,low_yaw,passive,0.002,1.0,1.3495643132438015,0.016467172383280073,1,1,1.7440000000000002,5.601500015472993e-05,1.744056015000155,0,nan,0.75,1.3490733395843648,0.01585151705433304,0.004005687170587666,0.0020448001610878803,0.00965205484005248,0.00799440359988507,1,1,0.0,0.7645330773347411,0.7664233369056112,0.18282125571426538,0.012527844858212182
1025,1,low_yaw,always_probe,0.002,1.0,1.3495643132438015,0.016467172383280073,1,1,2.5400000000000005,0.0001582180000241351,2.5401582180000246,1,nan,0.65,1.3498620876524305,0.016415976546823884,0.0030068760398584454,0.0001519184638543145,0.00965205484005248,0.00799440359988507,1,1,0.0,0.7645393970169088,0.7664233369056112,0.22046754447939132,0.020217561193471324
1025,1,low_yaw,batch_aware,0.002,1.0,1.3495643132438015,0.016467172383280073,1,1,1.7440000000000002,0.00012178400015727675,1.7441217840001575,0,-0.8,0.75,1.3490733395843648,0.01585151705433304,0.004005687170587666,0.0020448001610878803,0.00965205484005248,0.00799440359988507,1,1,0.0,0.7645330773347411,0.7664233369056112,0.18282125571426538,0.012527844858212182
1025,1,low_yaw,ignore_passive,0.002,1.0,1.3495643132438015,0.016467172383280073,1,1,1.7440000000000002,0.0001141810000717669,1.744114181000072,0,-0.8,0.75,1.3490733395843648,0.01585151705433304,0.004005687170587666,0.0020448001610878803,0.00965205484005248,0.00799440359988507,1,1,0.0,0.7645330773347411,0.7664233369056112,0.18282125571426538,0.012527844858212182
1025,1,low_yaw,oracle,0.002,1.0,1.3495643132438015,0.016467172383280073,1,1,1.592,5.628500002785586e-05,1.592056285000028,0,nan,0.65,1.3495643132438015,0.016467172383280073,1e-10,1e-10,1e-10,1e-10,1,1,0.0,0.7645395808069184,0.583475557228636,0.2200649398283625,0.010966824056174032
1026,1,low_yaw,fixed_nominal,0.002,1.0,0.439032074266144,0.015687697085048382,1,1,1.964,5.722600008084555e-05,1.9640572260000808,0,nan,0.8250000000000001,0.8,0.012,0.5,0.008,0.5,0.008,1,1,0.0,0.7671804145067319,0.5854859386312917,0.6560260240078163,0.04021131231191286
1026,1,low_yaw,passive,0.002,1.0,0.439032074266144,0.015687697085048382,1,1,1.7280000000000002,7.616400012011582e-05,1.7280761640001203,0,nan,0.75,0.4396158582020375,0.014593153787249381,0.0040132330218470525,0.0020308355182215216,0.01198404504114298,0.007994968182442313,1,1,0.0,0.7672665022264143,0.5861540581684203,0.17674996449205815,0.01138528444382939
1026,1,low_yaw,always_probe,0.002,1.0,0.439032074266144,0.015687697085048382,1,1,2.5240000000000005,7.653599982404558e-05,2.5240765359998245,1,nan,0.65,0.43973214054486287,0.0156405083631442,0.0029716091662978124,0.00015073747170714255,0.01198404504114298,0.007994968182442313,1,1,0.0,0.7672729928288164,0.5862022036555481,0.20659571889948933,0.02143174995686383
1026,1,low_yaw,batch_aware,0.002,1.0,0.439032074266144,0.015687697085048382,1,1,1.7280000000000002,0.00012001000004602247,1.7281200100000462,0,-0.8,0.75,0.4396158582020375,0.014593153787249381,0.0040132330218470525,0.0020308355182215216,0.01198404504114298,0.007994968182442313,1,1,0.0,0.7672665022264143,0.5861540581684203,0.17674996449205815,0.01138528444382939
1026,1,low_yaw,ignore_passive,0.002,1.0,0.439032074266144,0.015687697085048382,1,1,1.7280000000000002,0.00010997499998666171,1.7281099749999869,0,-0.8,0.75,0.4396158582020375,0.014593153787249381,0.0040132330218470525,0.0020308355182215216,0.01198404504114298,0.007994968182442313,1,1,0.0,0.7672665022264143,0.5861540581684203,0.17674996449205815,0.01138528444382939
1026,1,low_yaw,oracle,0.002,1.0,0.439032074266144,0.015687697085048382,1,1,1.592,6.75500000397733e-05,1.5920675500000399,0,nan,0.65,0.439032074266144,0.015687697085048382,1e-10,1e-10,1e-10,1e-10,1,1,0.0,0.767273174710333,0.5862036478135889,0.20588349671243322,0.010149003787153372
1027,1,low_yaw,fixed_nominal,0.002,1.0,0.23916437855556752,0.014929349798439306,0,0,0.34600000000000003,0.0,10.346,0,nan,nan,0.8,0.012,0.5,0.008,0.5,0.008,1,1,0.0,0.05739399986640912,1.0583735098441407,0.5952184403440708,0.0009558865342094336
1027,1,low_yaw,passive,0.002,1.0,0.23916437855556752,0.014929349798439306,0,0,0.154,0.0,10.154,0,nan,nan,0.24423885552766733,0.011936571110077223,0.009651025745609092,0.007982797817285121,0.5,0.008,1,1,0.0,0.05739399986640912,1.0583735098441407,0.12754119746543716,0.00014020770629536689
1027,1,low_yaw,always_probe,0.002,1.0,0.23916437855556752,0.014929349798439306,0,0,0.154,0.0,10.154,0,nan,nan,0.24423885552766733,0.011936571110077223,0.009651025745609092,0.007982797817285121,0.5,0.008,1,1,0.0,0.05739399986640912,1.0583735098441407,0.12754119746543716,0.00014020770629536689
1027,1,low_yaw,batch_aware,0.002,1.0,0.23916437855556752,0.014929349798439306,0,0,0.154,0.0,10.154,0,nan,nan,0.24423885552766733,0.011936571110077223,0.009651025745609092,0.007982797817285121,0.5,0.008,1,1,0.0,0.05739399986640912,1.0583735098441407,0.12754119746543716,0.00014020770629536689
1027,1,low_yaw,ignore_passive,0.002,1.0,0.23916437855556752,0.014929349798439306,0,0,0.154,0.0,10.154,0,nan,nan,0.24423885552766733,0.011936571110077223,0.009651025745609092,0.007982797817285121,0.5,0.008,1,1,0.0,0.05739399986640912,1.0583735098441407,0.12754119746543716,0.00014020770629536689
1027,1,low_yaw,oracle,0.002,1.0,0.23916437855556752,0.014929349798439306,1,1,1.644,6.041099982212472e-05,1.644060410999822,0,nan,0.675,0.23916437855556752,0.014929349798439306,1e-10,1e-10,1e-10,1e-10,1,1,0.0,0.7697359794483634,0.567048481122876,0.2242385945684082,0.012893750124344605
1028,1,low_yaw,fixed_nominal,0.002,1.0,1.3426395100577646,0.010878378202408194,1,1,2.108,7.627600007253932e-05,2.1080762760000726,0,nan,0.875,0.8,0.012,0.5,0.008,0.5,0.008,1,1,0.0,0.7513174501651063,0.5317736513469054,0.8567796977698642,0.037578975964234915
1028,1,low_yaw,passive,0.002,1.0,1.3426395100577646,0.010878378202408194,1,1,1.844,9.107599998969818e-05,1.8440910759999898,0,nan,0.8,1.3424295004868039,0.01080580342231225,0.003899524244490057,0.002192682828958728,0.009655305218638277,0.00790179394097774,1,1,0.0,0.7511831718640103,0.7539184670626082,0.16442761992196075,0.00993874805244987
1028,1,low_yaw,always_probe,0.002,1.0,1.3426395100577646,0.010878378202408194,1,1,2.64,7.509300007768616e-05,2.640075093000078,1,nan,0.7000000000000001,1.3436679456191547,0.010887808255898213,0.0029613411128511205,0.00014466274343681698,0.009655305218638277,0.00790179394097774,1,1,0.0,0.7511872820675625,0.7539184670626082,0.19637970795898887,0.024061866583089033
1028,1,low_yaw,batch_aware,0.002,1.0,1.3426395100577646,0.010878378202408194,1,1,1.844,0.00025131799975497415,1.844251317999755,0,-0.8,0.8,1.3424295004868039,0.01080580342231225,0.003899524244490057,0.002192682828958728,0.009655305218638277,0.00790179394097774,1,1,0.0,0.7511831718640103,0.7539184670626082,0.16442761992196075,0.00993874805244987
1028,1,low_yaw,ignore_passive,0.002,1.0,1.3426395100577646,0.010878378202408194,1,1,1.844,0.00014513900009660574,1.8441451390000967,0,-0.8,0.8,1.3424295004868039,0.01080580342231225,0.003899524244490057,0.002192682828958728,0.009655305218638277,0.00790179394097774,1,1,0.0,0.7511831718640103,0.7539184670626082,0.16442761992196075,0.00993874805244987
1028,1,low_yaw,oracle,0.002,1.0,1.3426395100577646,0.010878378202408194,1,1,1.692,7.532400013587903e-05,1.6920753240001358,0,nan,0.7000000000000001,1.3426395100577646,0.010878378202408194,1e-10,1e-10,1e-10,1e-10,1,1,0.0,0.7511877378466748,0.5331024332153339,0.19664155495291247,0.011500513305370871
1029,1,low_yaw,fixed_nominal,0.002,1.0,1.3714882708570773,0.020927530813686132,1,1,2.012,5.832799979543779e-05,2.0120583279997954,0,nan,0.8250000000000001,0.8,0.012,0.5,0.008,0.5,0.008,1,1,0.0,0.7548694144699238,0.5762783566552665,0.7298049938530924,0.042020237531833655
1029,1,low_yaw,passive,0.002,1.0,1.3714882708570773,0.020927530813686132,1,1,1.746,6.118099986451853e-05,1.7460611809998645,0,nan,0.75,1.3719871184062207,0.021033666489455313,0.004008682167598974,0.002151016552505664,0.00964926231025773,0.007976067670417353,1,1,0.0,0.7547348610163278,0.7835581547360767,0.17777343993738667,0.010814005197063731
1029,1,low_yaw,always_probe,0.002,1.0,1.3714882708570773,0.020927530813686132,1,1,2.5420000000000003,5.886800022381067e-05,2.542058868000224,1,nan,0.65,1.3715472439014247,0.0209372997400741,0.0030092057652203615,0.0001586020033782733,0.00964926231025773,0.007976067670417353,1,1,0.0,0.7547420183228482,0.7835581547360767,0.2147927062522533,0.023037147137265852
1029,1,low_yaw,batch_aware,0.002,1.0,1.3714882708570773,0.020927530813686132,1,1,1.746,0.000125918999856367,1.7461259189998564,0,-0.8,0.75,1.3719871184062207,0.021033666489455313,0.004008682167598974,0.002151016552505664,0.00964926231025773,0.007976067670417353,1,1,0.0,0.7547348610163278,0.7835581547360767,0.17777343993738667,0.010814005197063731
1029,1,low_yaw,ignore_passive,0.002,1.0,1.3714882708570773,0.020927530813686132,1,1,1.746,0.00010843200016097398,1.746108432000161,0,-0.8,0.75,1.3719871184062207,0.021033666489455313,0.004008682167598974,0.002151016552505664,0.00964926231025773,0.007976067670417353,1,1,0.0,0.7547348610163278,0.7835581547360767,0.17777343993738667,0.010814005197063731
1029,1,low_yaw,oracle,0.002,1.0,1.3714882708570773,0.020927530813686132,1,1,1.592,5.7987000445791637e-05,1.5920579870004459,0,nan,0.65,1.3714882708570773,0.020927530813686132,1e-10,1e-10,1e-10,1e-10,1,1,0.0,0.7547420343869218,0.5758920093694461,0.2155315493440783,0.011992004267071027
1030,1,low_yaw,fixed_nominal,0.002,1.0,0.5316106469180696,0.0025793032514379397,1,1,2.0220000000000002,7.635399992977909e-05,2.02207635399993,0,nan,0.875,0.8,0.012,0.5,0.008,0.5,0.008,1,1,0.0,0.7620235525319581,0.5396581197246574,0.7080768484337588,0.020228112115249233
1030,1,low_yaw,passive,0.002,1.0,0.5316106469180696,0.0025793032514379397,1,1,1.792,7.423100009873451e-05,1.7920742310000988,0,nan,0.8,0.5313306163152711,0.002815041101745528,0.004006745009389091,0.0021219818094155994,0.016165782296858534,0.007984560101083232,1,1,0.0,0.7620971812592219,0.5399942495104806,0.5802566327422999,0.010755691517351494
1030,1,low_yaw,always_probe,0.002,1.0,0.5316106469180696,0.0025793032514379397,1,1,2.588,7.290099983947584e-05,2.5880729009998396,1,nan,0.7000000000000001,0.5318046076972412,0.002605989314138575,0.0029724039383987044,0.00013773745770010682,0.016165782296858534,0.007984560101083232,1,1,0.0,0.7621048880850397,0.5486239680513877,0.5802566327422999,0.07248270688930877
1030,1,low_yaw,batch_aware,0.002,1.0,0.5316106469180696,0.0025793032514379397,1,1,1.792,0.00017848900006356416,1.7921784890000636,0,-0.8,0.8,0.5313306163152711,0.002815041101745528,0.004006745009389091,0.0021219818094155994,0.016165782296858534,0.007984560101083232,1,1,0.0,0.7620971812592219,0.5399942495104806,0.5802566327422999,0.010755691517351494
1030,1,low_yaw,ignore_passive,0.002,1.0,0.5316106469180696,0.0025793032514379397,1,1,1.792,0.0001507570000285341,1.7921507570000286,0,-0.8,0.8,0.5313306163152711,0.002815041101745528,0.004006745009389091,0.0021219818094155994,0.016165782296858534,0.007984560101083232,1,1,0.0,0.7620971812592219,0.5399942495104806,0.5802566327422999,0.010755691517351494
1030,1,low_yaw,oracle,0.002,1.0,0.5316106469180696,0.0025793032514379397,1,1,1.692,0.00011437100010880386,1.6921143710001088,0,nan,0.7000000000000001,0.5316106469180696,0.0025793032514379397,1e-10,1e-10,1e-10,1e-10,1,1,0.0,0.7621050482481937,0.5400441014697208,0.20999836200554392,0.012577078304554883
1001,5,low_yaw,fixed_nominal,0.002,1.0,1.0576328999979314,0.002361110759867625,5,1,9.620000000000001,0.0002764290002232883,9.620276429000224,0,nan,0.8250000000000001,0.8,0.012,0.5,0.008,0.5,0.008,1,1,0.0,0.7668832735839392,0.5863290698735387,0.6802864951848941,0.03466003136653051
1001,5,low_yaw,passive,0.002,1.0,1.0576328999979314,0.002361110759867625,5,1,8.236,0.0003357759997015819,8.236335775999702,0,nan,0.75,1.0575920286020037,0.0023587421882035357,0.0019316027357092365,0.0007847729916902798,0.01732909305990758,0.007991287289320376,1,1,0.0,0.7668238532306745,0.5858289046097684,0.5261093428900617,0.01339069926104728
1001,5,low_yaw,always_probe,0.002,1.0,1.0576328999979314,0.002361110759867625,5,1,8.856000000000002,0.00031844800014368957,8.856318448000145,1,nan,0.65,1.0575362670149095,0.0023771781339962245,0.0018151863983189495,0.00013526607801983562,0.01732909305990758,0.007991287289320376,1,1,0.0,0.7668292007468102,0.5858630982224367,0.5261093428900617,0.06607159271616758
1001,5,low_yaw,batch_aware,0.002,1.0,1.0576328999979314,0.002361110759867625,5,1,8.236,0.0006241379994662566,8.236624137999467,0,-0.6749999999999999,0.75,1.0575920286020037,0.0023587421882035357,0.0019316027357092365,0.0007847729916902798,0.01732909305990758,0.007991287289320376,1,1,0.0,0.7668238532306745,0.5858289046097684,0.5261093428900617,0.01339069926104728
1001,5,low_yaw,ignore_passive,0.002,1.0,1.0576328999979314,0.002361110759867625,5,1,8.236,0.0003289029998541082,8.236328902999855,0,-0.40000000000000013,0.75,1.0575920286020037,0.0023587421882035357,0.0019316027357092365,0.0007847729916902798,0.01732909305990758,0.007991287289320376,1,1,0.0,0.7668238532306745,0.5858289046097684,0.5261093428900617,0.01339069926104728
1001,5,low_yaw,oracle,0.002,1.0,1.0576328999979314,0.002361110759867625,5,1,7.960000000000002,0.0003313479999178526,7.96033134799992,0,nan,0.65,1.0576328999979314,0.002361110759867625,1e-10,1e-10,1e-10,1e-10,1,1,0.0,0.7668291098408179,0.5858620095035895,0.22827185531769403,0.013380624837860193
1002,5,low_yaw,fixed_nominal,0.002,1.0,0.7331496232763623,0.01021535476643178,5,1,9.34,0.0005710890000045765,9.340571089000004,0,nan,0.875,0.8,0.012,0.5,0.008,0.5,0.008,1,1,0.0,0.7570123914269901,0.5376793667213854,0.3399726156555543,0.010728014601140435
1002,5,low_yaw,passive,0.002,1.0,0.7331496232763623,0.01021535476643178,5,1,8.687999999999999,0.00039038799991431006,8.688390387999913,0,nan,0.8,0.7337984660974487,0.010625178042909366,0.0018508869660218722,0.0009015059993201797,0.016572625881405786,0.007999820261819711,1,1,0.0,0.7570364093754639,0.537694718221686,0.18101540618763765,0.010554444237463032
1002,5,low_yaw,always_probe,0.002,1.0,0.7331496232763623,0.01021535476643178,5,1,9.356,0.0004722610003682348,9.356472261000368,1,nan,0.7000000000000001,0.7339104467260392,0.010238140964740336,0.0017460811132313037,0.00014256863731669552,0.016572625881405786,0.007999820261819711,1,1,0.0,0.7570384757769333,0.5487073776913809,0.20102838597156505,0.03710697417074945
1002,5,low_yaw,batch_aware,0.002,1.0,0.7331496232763623,0.01021535476643178,5,1,8.687999999999999,0.0007558570002856868,8.688755857000285,0,-0.6749999999999999,0.8,0.7337984660974487,0.010625178042909366,0.0018508869660218722,0.0009015059993201797,0.016572625881405786,0.007999820261819711,1,1,0.0,0.7570364093754639,0.537694718221686,0.18101540618763765,0.010554444237463032
1002,5,low_yaw,ignore_passive,0.002,1.0,0.7331496232763623,0.01021535476643178,5,1,8.687999999999999,0.0004654399999708403,8.68846543999997,0,-0.40000000000000013,0.8,0.7337984660974487,0.010625178042909366,0.0018508869660218722,0.0009015059993201797,0.016572625881405786,0.007999820261819711,1,1,0.0,0.7570364093754639,0.537694718221686,0.18101540618763765,0.010554444237463032
1002,5,low_yaw,oracle,0.002,1.0,0.7331496232763623,0.01021535476643178,5,1,8.46,0.00039240099954440666,8.460392400999545,0,nan,0.7000000000000001,0.7331496232763623,0.01021535476643178,1e-10,1e-10,1e-10,1e-10,1,1,0.0,0.7570387860286415,0.537696226883602,0.2003023888842336,0.011871015297061561
1003,5,low_yaw,fixed_nominal,0.002,1.0,0.4628603155760868,0.007904233635032908,5,1,10.03,0.00031547399998999026,10.03031547399999,0,nan,0.8500000000000001,0.8,0.012,0.5,0.008,0.5,0.008,1,1,0.0,0.7638660464335207,0.5618942057638238,0.6634152473818533,0.020515720275664343
1003,5,low_yaw,passive,0.002,1.0,0.4628603155760868,0.007904233635032908,5,1,8.474,0.00036339599978418846,8.474363395999784,0,nan,0.775,0.46292699639765233,0.0077354846834029895,0.00186078103330434,0.0008372471349777169,0.011969086607841692,0.007991510776315975,1,1,0.0,0.7639604990208173,0.5625298695935506,0.19769366367074512,0.013413535815435584
1003,5,low_yaw,always_probe,0.002,1.0,0.4628603155760868,0.007904233635032908,5,1,9.148000000000001,0.0003086429999257234,9.148308642999927,1,nan,0.675,0.46292646240668134,0.007933102762776284,0.001724184189048993,0.00013988128970943855,0.011969086607841692,0.007991510776315975,1,1,0.0,0.7639611842664523,0.5628080077310902,0.2180615215682218,0.04466064799089464
1003,5,low_yaw,batch_aware,0.002,1.0,0.4628603155760868,0.007904233635032908,5,1,8.474,0.0006608349995076424,8.474660834999508,0,-0.6750000000000004,0.775,0.46292699639765233,0.0077354846834029895,0.00186078103330434,0.0008372471349777169,0.011969086607841692,0.007991510776315975,1,1,0.0,0.7639604990208173,0.5625298695935506,0.19769366367074512,0.013413535815435584
1003,5,low_yaw,ignore_passive,0.002,1.0,0.4628603155760868,0.007904233635032908,5,1,8.474,0.00042684999993980455,8.47442684999994,0,-0.40000000000000013,0.775,0.46292699639765233,0.0077354846834029895,0.00186078103330434,0.0008372471349777169,0.011969086607841692,0.007991510776315975,1,1,0.0,0.7639604990208173,0.5625298695935506,0.19769366367074512,0.013413535815435584
1003,5,low_yaw,oracle,0.002,1.0,0.4628603155760868,0.007904233635032908,5,1,8.22,0.0003369060000295576,8.22033690600003,0,nan,0.675,0.4628603155760868,0.007904233635032908,1e-10,1e-10,1e-10,1e-10,1,1,0.0,0.7639612239145935,0.5628058928724782,0.21840115038638602,0.013330779739123033
1004,5,low_yaw,fixed_nominal,0.002,1.0,0.20123263383700105,0.0049934801789355224,0,0,0.352,0.0,50.352,0,nan,nan,0.8,0.012,0.5,0.008,0.5,0.008,1,1,0.0,0.061610198244884125,1.1748704611126253,0.597708944404588,0.00048337470801847215
1004,5,low_yaw,passive,0.002,1.0,0.20123263383700105,0.0049934801789355224,0,0,0.156,0.0,50.156,0,nan,nan,0.20194297872477146,0.01187250750975726,0.00964671035008101,0.00797088043537762,0.5,0.008,1,1,0.0,0.061610198244884125,1.1748704611126253,0.2023618859390936,0.0006528996570740971
1004,5,low_yaw,always_probe,0.002,1.0,0.20123263383700105,0.0049934801789355224,0,0,0.156,0.0,50.156,0,nan,nan,0.20194297872477146,0.01187250750975726,0.00964671035008101,0.00797088043537762,0.5,0.008,1,1,0.0,0.061610198244884125,1.1748704611126253,0.2023618859390936,0.0006528996570740971
1004,5,low_yaw,batch_aware,0.002,1.0,0.20123263383700105,0.0049934801789355224,0,0,0.156,0.0,50.156,0,nan,nan,0.20194297872477146,0.01187250750975726,0.00964671035008101,0.00797088043537762,0.5,0.008,1,1,0.0,0.061610198244884125,1.1748704611126253,0.2023618859390936,0.0006528996570740971
1004,5,low_yaw,ignore_passive,0.002,1.0,0.20123263383700105,0.0049934801789355224,0,0,0.156,0.0,50.156,0,nan,nan,0.20194297872477146,0.01187250750975726,0.00964671035008101,0.00797088043537762,0.5,0.008,1,1,0.0,0.061610198244884125,1.1748704611126253,0.2023618859390936,0.0006528996570740971
1004,5,low_yaw,oracle,0.002,1.0,0.20123263383700105,0.0049934801789355224,5,1,7.960000000000002,0.000287400999923193,7.960287400999925,0,nan,0.65,0.20123263383700105,0.0049934801789355224,1e-10,1e-10,1e-10,1e-10,1,1,0.0,0.7625465442688687,0.5826881291274116,0.235145778240044,0.013422230342277344
1005,5,low_yaw,fixed_nominal,0.002,1.0,0.31510684229505126,0.023402926974937885,5,1,10.25,0.0007441789998665627,10.250744178999867,0,nan,0.8500000000000001,0.8,0.012,0.5,0.008,0.5,0.008,1,1,0.0,0.7465649703254609,0.859440454020706,0.6117002732587242,0.06501221659075376
1005,5,low_yaw,passive,0.002,1.0,0.31510684229505126,0.023402926974937885,5,1,8.466,0.0005007330000807997,8.46650073300008,0,nan,0.775,0.31550488644496416,0.023481947392709576,0.0018664360672631958,0.0009615103958710093,0.012022576441392794,0.007996365749051474,1,1,0.0,0.7466898425611855,0.859440454020706,0.18719181894665543,0.01439500470085849
1005,5,low_yaw,always_probe,0.002,1.0,0.31510684229505126,0.023402926974937885,5,1,9.166,0.000342014999660023,9.16634201499966,1,nan,0.675,0.3155197742226917,0.023465874368925534,0.0017184615503044486,0.00016085902557375434,0.012022576441392794,0.007996365749051474,1,1,0.0,0.7466969541859764,0.859440454020706,0.21232316564658058,0.021855865967923778
1005,5,low_yaw,batch_aware,0.002,1.0,0.31510684229505126,0.023402926974937885,5,1,8.466,0.0007307469993520499,8.466730746999351,0,-0.6750000000000004,0.775,0.31550488644496416,0.023481947392709576,0.0018664360672631958,0.0009615103958710093,0.012022576441392794,0.007996365749051474,1,1,0.0,0.7466898425611855,0.859440454020706,0.18719181894665543,0.01439500470085849
1005,5,low_yaw,ignore_passive,0.002,1.0,0.31510684229505126,0.023402926974937885,5,1,8.466,0.000487134999502814,8.466487134999502,0,-0.40000000000000013,0.775,0.31550488644496416,0.023481947392709576,0.0018664360672631958,0.0009615103958710093,0.012022576441392794,0.007996365749051474,1,1,0.0,0.7466898425611855,0.859440454020706,0.18719181894665543,0.01439500470085849
1005,5,low_yaw,oracle,0.002,1.0,0.31510684229505126,0.023402926974937885,5,1,8.22,0.00047179700027299987,8.220471797000274,0,nan,0.675,0.31510684229505126,0.023402926974937885,1e-10,1e-10,1e-10,1e-10,1,1,0.0,0.7466969263594753,0.5494482356793996,0.2120886813032288,0.01245272875041843
1006,5,low_yaw,fixed_nominal,0.002,1.0,0.6716900070019542,0.015819709707392063,5,1,9.09,0.00034582199941723957,9.090345821999417,0,nan,0.8500000000000001,0.8,0.012,0.5,0.008,0.5,0.008,1,1,0.0,0.7475186920526069,0.550672600913096,0.6439682783076438,0.024188753488537273
1006,5,low_yaw,passive,0.002,1.0,0.6716900070019542,0.015819709707392063,5,1,8.416,0.00035899000044992135,8.41635899000045,0,nan,0.775,0.6722930419121731,0.015559534678755127,0.0018940328051895515,0.0008870025773809208,0.016425221753901438,0.00798854883711479,1,1,0.0,0.7475579742719538,0.5509427891160189,0.2822285531904244,0.014637944360590342
1006,5,low_yaw,always_probe,0.002,1.0,0.6716900070019542,0.015819709707392063,5,1,9.116000000000001,0.00033767499985515315,9.116337674999857,1,nan,0.675,0.6719285986241292,0.01582183475925378,0.0017422954456997697,0.00014934471886760106,0.016425221753901438,0.00798854883711479,1,1,0.0,0.7475596703414767,0.565334696036692,0.2822285531904244,0.0220734376373038
1006,5,low_yaw,batch_aware,0.002,1.0,0.6716900070019542,0.015819709707392063,5,1,8.416,0.0008219080000344547,8.416821908000035,0,-0.6750000000000004,0.775,0.6722930419121731,0.015559534678755127,0.0018940328051895515,0.0008870025773809208,0.016425221753901438,0.00798854883711479,1,1,0.0,0.7475579742719538,0.5509427891160189,0.2822285531904244,0.014637944360590342
1006,5,low_yaw,ignore_passive,0.002,1.0,0.6716900070019542,0.015819709707392063,5,1,8.416,0.00042028399957416696,8.416420283999575,0,-0.40000000000000013,0.775,0.6722930419121731,0.015559534678755127,0.0018940328051895515,0.0008870025773809208,0.016425221753901438,0.00798854883711479,1,1,0.0,0.7475579742719538,0.5509427891160189,0.2822285531904244,0.014637944360590342
1006,5,low_yaw,oracle,0.002,1.0,0.6716900070019542,0.015819709707392063,5,1,8.22,0.0007078629998886754,8.22070786299989,0,nan,0.675,0.6716900070019542,0.015819709707392063,1e-10,1e-10,1e-10,1e-10,1,1,0.0,0.7475594536603224,0.5509501166099059,0.21381812795563956,0.01239615279965607
1007,5,low_yaw,fixed_nominal,0.002,1.0,0.29971491244524007,0.020767547939092697,5,1,10.52,0.0004490289995828789,10.520449028999582,0,nan,0.875,0.8,0.012,0.5,0.008,0.5,0.008,1,1,0.0,0.7483628774985243,0.895618020796013,0.6059614527959774,0.04748732360831876
1007,5,low_yaw,passive,0.002,1.0,0.29971491244524007,0.020767547939092697,5,1,8.716,0.0005314500003805733,8.71653145000038,0,nan,0.8,0.2991482958127235,0.020391470573495028,0.0018087989742507692,0.0009778970575006253,0.009648684869219736,0.007987580612355452,1,1,0.0,0.7484925693361454,0.8902913621648787,0.19091436110019547,0.01375279463759375
1007,5,low_yaw,always_probe,0.002,1.0,0.29971491244524007,0.020767547939092697,5,1,9.408,0.0004171280002083222,9.408417128000208,1,nan,0.7000000000000001,0.2993666773664435,0.020736656247677822,0.0017087346462943346,0.00015666158992187114,0.009648684869219736,0.007987580612355452,1,1,0.0,0.748494713203349,0.8902913621648787,0.20401890824509974,0.02011780855679783
1007,5,low_yaw,batch_aware,0.002,1.0,0.29971491244524007,0.020767547939092697,5,1,8.716,0.0007420540000566689,8.716742054000056,0,-0.6749999999999999,0.8,0.2991482958127235,0.020391470573495028,0.0018087989742507692,0.0009778970575006253,0.009648684869219736,0.007987580612355452,1,1,0.0,0.7484925693361454,0.8902913621648787,0.19091436110019547,0.01375279463759375
1007,5,low_yaw,ignore_passive,0.002,1.0,0.29971491244524007,0.020767547939092697,5,1,8.716,0.00044843399996352673,8.716448433999963,0,-0.40000000000000013,0.8,0.2991482958127235,0.020391470573495028,0.0018087989742507692,0.0009778970575006253,0.009648684869219736,0.007987580612355452,1,1,0.0,0.7484925693361454,0.8902913621648787,0.19091436110019547,0.01375279463759375
1007,5,low_yaw,oracle,0.002,1.0,0.29971491244524007,0.020767547939092697,5,1,8.46,0.0003758630000447738,8.460375863000046,0,nan,0.7000000000000001,0.29971491244524007,0.020767547939092697,1e-10,1e-10,1e-10,1e-10,1,1,0.0,0.748494564990064,0.5321534359783071,0.2040819417278308,0.012803095880074103
1008,5,low_yaw,fixed_nominal,0.002,1.0,0.4341538486764662,0.020700167197761923,5,1,9.830000000000002,0.000332989999833444,9.830332989999835,0,nan,0.8250000000000001,0.8,0.012,0.5,0.008,0.5,0.008,1,1,0.0,0.7693103272559227,0.5881203516310551,0.6523460718072249,0.0583860121771236
1008,5,low_yaw,passive,0.002,1.0,0.4341538486764662,0.020700167197761923,5,1,8.202,0.00027558499937185843,8.202275584999372,0,nan,0.75,0.4346748917203131,0.02033661487607768,0.001882895998149378,0.0008780298429249003,0.011979580182029626,0.007984011129291193,1,1,0.0,0.7694126874889745,0.5889159670824324,0.21196118759661728,0.013952688775123201
1008,5,low_yaw,always_probe,0.002,1.0,0.4341538486764662,0.020700167197761923,5,1,8.894000000000002,0.0002713489993766416,8.894271348999379,1,nan,0.65,0.4345822334678835,0.020680546378471415,0.0017712378611364073,0.0001560937451861547,0.011979580182029626,0.007984011129291193,1,1,0.0,0.7694152568526884,0.6066261770363052,0.2348574367338123,0.020847992708431535
1008,5,low_yaw,batch_aware,0.002,1.0,0.4341538486764662,0.020700167197761923,5,1,8.202,0.0006308810000064113,8.202630881000006,0,-0.6749999999999999,0.75,0.4346748917203131,0.02033661487607768,0.001882895998149378,0.0008780298429249003,0.011979580182029626,0.007984011129291193,1,1,0.0,0.7694126874889745,0.5889159670824324,0.21196118759661728,0.013952688775123201
1008,5,low_yaw,ignore_passive,0.002,1.0,0.4341538486764662,0.020700167197761923,5,1,8.202,0.0003452890005064546,8.202345289000506,0,-0.40000000000000013,0.75,0.4346748917203131,0.02033661487607768,0.001882895998149378,0.0008780298429249003,0.011979580182029626,0.007984011129291193,1,1,0.0,0.7694126874889745,0.5889159670824324,0.21196118759661728,0.013952688775123201
1008,5,low_yaw,oracle,0.002,1.0,0.4341538486764662,0.020700167197761923,5,1,7.960000000000002,0.0002847689997906855,7.960284768999792,0,nan,0.65,0.4341538486764662,0.020700167197761923,1e-10,1e-10,1e-10,1e-10,1,1,0.0,0.7694153828904058,0.5889366322270733,0.23269609427204993,0.013315729169541953
1009,5,low_yaw,fixed_nominal,0.002,1.0,0.279100646874815,0.00951905851647582,5,1,10.040000000000001,0.0003097859996614716,10.040309785999662,0,nan,0.8250000000000001,0.8,0.012,0.5,0.008,0.5,0.008,1,1,0.0,0.7547557355927105,0.95376367409386,0.6057804138114854,0.030048772899198627
1009,5,low_yaw,passive,0.002,1.0,0.279100646874815,0.00951905851647582,5,1,8.24,0.00037648500006071117,8.240376485000061,0,nan,0.75,0.278549029634738,0.009524825212768578,0.0018640607975820985,0.0008070153069550071,0.009646846290457192,0.007994644689937233,1,1,0.0,0.7548834665086418,0.9490082703192859,0.20528977125876263,0.011514245316723211
1009,5,low_yaw,always_probe,0.002,1.0,0.279100646874815,0.00951905851647582,5,1,8.908000000000003,0.000291888999981893,8.908291888999985,1,nan,0.65,0.27869672942029905,0.009535793372238824,0.0017548091868483252,0.0001413545562983777,0.009646846290457192,0.007994644689937233,1,1,0.0,0.7548862758915093,0.9490082703192859,0.22507987024071704,0.031981478163058276
1009,5,low_yaw,batch_aware,0.002,1.0,0.279100646874815,0.00951905851647582,5,1,8.24,0.0008199620001505536,8.24081996200015,0,-0.6749999999999999,0.75,0.278549029634738,0.009524825212768578,0.0018640607975820985,0.0008070153069550071,0.009646846290457192,0.007994644689937233,1,1,0.0,0.7548834665086418,0.9490082703192859,0.20528977125876263,0.011514245316723211
1009,5,low_yaw,ignore_passive,0.002,1.0,0.279100646874815,0.00951905851647582,5,1,8.24,0.00035135899952365435,8.240351358999524,0,-0.40000000000000013,0.75,0.278549029634738,0.009524825212768578,0.0018640607975820985,0.0008070153069550071,0.009646846290457192,0.007994644689937233,1,1,0.0,0.7548834665086418,0.9490082703192859,0.20528977125876263,0.011514245316723211
1009,5,low_yaw,oracle,0.002,1.0,0.279100646874815,0.00951905851647582,5,1,7.960000000000002,0.0002768479998849216,7.960276847999887,0,nan,0.65,0.279100646874815,0.00951905851647582,1e-10,1e-10,1e-10,1e-10,1,1,0.0,0.7548860597819835,0.5779086020553367,0.22577837061554376,0.011493153498835522
1010,5,low_yaw,fixed_nominal,0.002,1.0,0.33298919614620115,0.014323531818447402,5,1,10.478,0.0003955530003167951,10.478395553000317,0,nan,0.875,0.8,0.012,0.5,0.008,0.5,0.008,1,1,0.0,0.7704920352592306,0.8075766006856879,0.6230446131419654,0.027440328079841383
1010,5,low_yaw,passive,0.002,1.0,0.33298919614620115,0.014323531818447402,5,1,8.735999999999999,0.000347843000326975,8.736347843000326,0,nan,0.8,0.3333706587256387,0.014819072307568034,0.0018216155904006328,0.0009414002430950288,0.012029560806777879,0.007976778535449789,1,1,0.0,0.7706253805436623,0.803280946627486,0.196761684012566,0.011116161051264008
1010,5,low_yaw,always_probe,0.002,1.0,0.33298919614620115,0.014323531818447402,5,1,9.404,0.00035218099947087467,9.40435218099947,1,nan,0.7000000000000001,0.33317318077191294,0.014324356908857623,0.0017195912455566548,0.00014735406901160512,0.012029560806777879,0.007976778535449789,1,1,0.0,0.7706320624577421,0.803280946627486,0.21167131113326224,0.020134047733046473
1010,5,low_yaw,batch_aware,0.002,1.0,0.33298919614620115,0.014323531818447402,5,1,8.735999999999999,0.0014536179994593112,8.737453617999458,0,-0.6749999999999999,0.8,0.3333706587256387,0.014819072307568034,0.0018216155904006328,0.0009414002430950288,0.012029560806777879,0.007976778535449789,1,1,0.0,0.7706253805436623,0.803280946627486,0.196761684012566,0.011116161051264008
1010,5,low_yaw,ignore_passive,0.002,1.0,0.33298919614620115,0.014323531818447402,5,1,8.735999999999999,0.00043195999978706823,8.736431959999786,0,-0.40000000000000013,0.8,0.3333706587256387,0.014819072307568034,0.0018216155904006328,0.0009414002430950288,0.012029560806777879,0.007976778535449789,1,1,0.0,0.7706253805436623,0.803280946627486,0.196761684012566,0.011116161051264008
1010,5,low_yaw,oracle,0.002,1.0,0.33298919614620115,0.014323531818447402,5,1,8.46,0.0003585009997095767,8.46035850099971,0,nan,0.7000000000000001,0.33298919614620115,0.014323531818447402,1e-10,1e-10,1e-10,1e-10,1,1,0.0,0.7706320510441883,0.5469846348117846,0.21162198739684668,0.012222609923044666
1011,5,low_yaw,fixed_nominal,0.002,1.0,0.5977747764906113,0.014956441316716097,5,1,9.310000000000002,0.00027384199984226143,9.310273841999845,0,nan,0.8250000000000001,0.8,0.012,0.5,0.008,0.5,0.008,1,1,0.0,0.76892039144011,0.5887529046513875,0.8155963980798057,0.029792034738364375
1011,5,low_yaw,passive,0.002,1.0,0.5977747764906113,0.014956441316716097,5,1,8.164,0.00031054700025379134,8.164310547000253,0,nan,0.75,0.5975647877053873,0.015182981363841297,0.0019016083107890654,0.000842684813827845,0.01627241246202492,0.00799448752388211,1,1,0.0,0.7689765748514817,0.5892178256462629,0.42634318096653323,0.0121125113652097
1011,5,low_yaw,always_probe,0.002,1.0,0.5977747764906113,0.014956441316716097,5,1,8.856000000000002,0.00027354299982107477,8.856273542999823,1,nan,0.65,0.5972694752046149,0.015010900437656982,0.0017876167413887708,0.00014775780180519338,0.01627241246202492,0.00799448752388211,1,1,0.0,0.7689796444958884,0.5892448205206929,0.42634318096653323,0.025485004942411668
1011,5,low_yaw,batch_aware,0.002,1.0,0.5977747764906113,0.014956441316716097,5,1,8.164,0.000565418000178397,8.164565418000178,0,-0.6749999999999999,0.75,0.5975647877053873,0.015182981363841297,0.0019016083107890654,0.000842684813827845,0.01627241246202492,0.00799448752388211,1,1,0.0,0.7689765748514817,0.5892178256462629,0.42634318096653323,0.0121125113652097
1011,5,low_yaw,ignore_passive,0.002,1.0,0.5977747764906113,0.014956441316716097,5,1,8.164,0.000373418999288333,8.164373418999288,0,-0.40000000000000013,0.75,0.5975647877053873,0.015182981363841297,0.0019016083107890654,0.000842684813827845,0.01627241246202492,0.00799448752388211,1,1,0.0,0.7689765748514817,0.5892178256462629,0.42634318096653323,0.0121125113652097
1011,5,low_yaw,oracle,0.002,1.0,0.5977747764906113,0.014956441316716097,5,1,7.960000000000002,0.0002707670007566776,7.960270767000758,0,nan,0.65,0.5977747764906113,0.014956441316716097,1e-10,1e-10,1e-10,1e-10,1,1,0.0,0.7689796335344635,0.5892436536382865,0.22939607823997737,0.012089092237933054
1012,5,low_yaw,fixed_nominal,0.002,1.0,0.6288486765788946,0.019954873740693824,5,1,9.09,0.00034087300014107313,9.090340873000141,0,nan,0.8500000000000001,0.8,0.012,0.5,0.008,0.5,0.008,1,1,0.0,0.7425878229452884,0.5465066635083712,0.8553141449656408,0.0400395192326498
1012,5,low_yaw,passive,0.002,1.0,0.6288486765788946,0.019954873740693824,5,1,8.416,0.00034315699986109394,8.416343156999861,0,nan,0.775,0.6291145304567832,0.019828511485320593,0.001891533510427084,0.000928546137379019,0.0163524145840588,0.007994025240819639,1,1,0.0,0.7426383620272662,0.5468707659397295,0.3748078721304448,0.013578980987690985
1012,5,low_yaw,always_probe,0.002,1.0,0.6288486765788946,0.019954873740693824,5,1,9.116000000000001,0.0003639180001755449,9.116363918000177,1,nan,0.675,0.6290591784969887,0.019976889695276695,0.0017400943063158882,0.00015508993472461918,0.0163524145840588,0.007994025240819639,1,1,0.0,0.7426407367194304,0.5855162916471531,0.3748078721304448,0.02142227882497817
1012,5,low_yaw,batch_aware,0.002,1.0,0.6288486765788946,0.019954873740693824,5,1,8.416,0.0008438389995717444,8.416843838999572,0,-0.6750000000000004,0.775,0.6291145304567832,0.019828511485320593,0.001891533510427084,0.000928546137379019,0.0163524145840588,0.007994025240819639,1,1,0.0,0.7426383620272662,0.5468707659397295,0.3748078721304448,0.013578980987690985
1012,5,low_yaw,ignore_passive,0.002,1.0,0.6288486765788946,0.019954873740693824,5,1,8.416,0.00041350100013914926,8.41641350100014,0,-0.40000000000000013,0.775,0.6291145304567832,0.019828511485320593,0.001891533510427084,0.000928546137379019,0.0163524145840588,0.007994025240819639,1,1,0.0,0.7426383620272662,0.5468707659397295,0.3748078721304448,0.013578980987690985
1012,5,low_yaw,oracle,0.002,1.0,0.6288486765788946,0.019954873740693824,5,1,8.22,0.00034971600007338566,8.220349716000074,0,nan,0.675,0.6288486765788946,0.019954873740693824,1e-10,1e-10,1e-10,1e-10,1,1,0.0,0.7426409998969346,0.5469342204147435,0.22570514828052426,0.014559127248736824
1013,5,low_yaw,fixed_nominal,0.002,1.0,1.312290081428663,0.0038165278462078903,5,1,10.51,0.0003861510001570423,10.510386151000157,0,nan,0.875,0.8,0.012,0.5,0.008,0.5,0.008,1,1,0.0,0.7510956276539553,0.5334298139333837,0.8220601747954039,0.03283962221084622
1013,5,low_yaw,passive,0.002,1.0,1.312290081428663,0.0038165278462078903,5,1,8.762,0.0005195609996917483,8.762519560999692,0,nan,0.8,1.3125247864996898,0.0039667284712021425,0.0018757639207971446,0.0008698593134192959,0.011610616644718897,0.007998660544575122,1,1,0.0,0.7509650970732887,0.7120922980406764,0.18048339511633185,0.01129081523223011
1013,5,low_yaw,always_probe,0.002,1.0,1.312290081428663,0.0038165278462078903,5,1,9.406,0.0003970289997141663,9.406397028999715,1,nan,0.7000000000000001,1.3127193206518029,0.003779254165275725,0.0017707177521691273,0.0001365670725094747,0.011610616644718897,0.007998660544575122,1,1,0.0,0.7509666666256944,0.7120922980406764,0.2013085982898973,0.050571966346214164
1013,5,low_yaw,batch_aware,0.002,1.0,1.312290081428663,0.0038165278462078903,5,1,8.762,0.0009790510000584618,8.762979051000059,0,-0.6749999999999999,0.8,1.3125247864996898,0.0039667284712021425,0.0018757639207971446,0.0008698593134192959,0.011610616644718897,0.007998660544575122,1,1,0.0,0.7509650970732887,0.7120922980406764,0.18048339511633185,0.01129081523223011
1013,5,low_yaw,ignore_passive,0.002,1.0,1.312290081428663,0.0038165278462078903,5,1,8.762,0.0005006930000490684,8.76250069300005,0,-0.40000000000000013,0.8,1.3125247864996898,0.0039667284712021425,0.0018757639207971446,0.0008698593134192959,0.011610616644718897,0.007998660544575122,1,1,0.0,0.7509650970732887,0.7120922980406764,0.18048339511633185,0.01129081523223011
1013,5,low_yaw,oracle,0.002,1.0,1.312290081428663,0.0038165278462078903,5,1,8.46,0.0003673539997635089,8.460367353999764,0,nan,0.7000000000000001,1.312290081428663,0.0038165278462078903,1e-10,1e-10,1e-10,1e-10,1,1,0.0,0.7509667369953703,0.5326041283793308,0.2013036702501367,0.012151729227431032
1014,5,low_yaw,fixed_nominal,0.002,1.0,0.8097336022719199,0.015471153021909535,5,1,9.34,0.00035540200019568147,9.340355402000196,0,nan,0.875,0.8,0.012,0.5,0.008,0.5,0.008,1,1,0.0,0.7689669358822989,0.5458974500048835,0.17583896744032484,0.018882866332771645
1014,5,low_yaw,passive,0.002,1.0,0.8097336022719199,0.015471153021909535,5,1,8.687999999999999,0.0005247990002317238,8.68852479900023,0,nan,0.8,0.809234308037491,0.015009140686718422,0.0018553687743304297,0.0009356762540912849,0.016734621171951083,0.007993157172932737,1,1,0.0,0.7689710820827638,0.5459342611099942,0.19379398215695237,0.012610548118513582
1014,5,low_yaw,always_probe,0.002,1.0,0.8097336022719199,0.015471153021909535,5,1,9.356,0.0003596430001380213,9.356359643000138,1,nan,0.7000000000000001,0.8096871782365951,0.01540721150095711,0.0017503951083830303,0.00014874810135411028,0.016734621171951083,0.007993157172932737,1,1,0.0,0.7689733477116868,0.5622132979980319,0.21545039591248125,0.01933523043087146
1014,5,low_yaw,batch_aware,0.002,1.0,0.8097336022719199,0.015471153021909535,5,1,8.687999999999999,0.0009092569998756517,8.688909256999874,0,-0.6749999999999999,0.8,0.809234308037491,0.015009140686718422,0.0018553687743304297,0.0009356762540912849,0.016734621171951083,0.007993157172932737,1,1,0.0,0.7689710820827638,0.5459342611099942,0.19379398215695237,0.012610548118513582
1014,5,low_yaw,ignore_passive,0.002,1.0,0.8097336022719199,0.015471153021909535,5,1,8.687999999999999,0.0005176610002308735,8.68851766100023,0,-0.40000000000000013,0.8,0.809234308037491,0.015009140686718422,0.0018553687743304297,0.0009356762540912849,0.016734621171951083,0.007993157172932737,1,1,0.0,0.7689710820827638,0.5459342611099942,0.19379398215695237,0.012610548118513582
1014,5,low_yaw,oracle,0.002,1.0,0.8097336022719199,0.015471153021909535,5,1,8.46,0.00044126399961896823,8.46044126399962,0,nan,0.7000000000000001,0.8097336022719199,0.015471153021909535,1e-10,1e-10,1e-10,1e-10,1,1,0.0,0.7689734471267516,0.5461431620644083,0.21545503402752803,0.012501324492952165
1015,5,low_yaw,fixed_nominal,0.002,1.0,0.7038641093276814,0.0159625600579694,5,1,9.34,0.0003754440003831405,9.340375444000383,0,nan,0.875,0.8,0.012,0.5,0.008,0.5,0.008,1,1,0.0,0.7483495953194358,0.5310009692816805,0.4836262580617915,0.021339007869685338
1015,5,low_yaw,passive,0.002,1.0,0.7038641093276814,0.0159625600579694,5,1,8.687999999999999,0.0003659309998056415,8.688365930999804,0,nan,0.8,0.7041804775664738,0.016022379780819367,0.0018492006483568416,0.000949397448324533,0.016503002220019557,0.007992359632587607,1,1,0.0,0.7483722489963063,0.5312053080530094,0.2034698093349361,0.012222733048677494
1015,5,low_yaw,always_probe,0.002,1.0,0.7038641093276814,0.0159625600579694,5,1,9.356,0.0003914919996077515,9.356391491999608,1,nan,0.7000000000000001,0.7042456809235395,0.015993166557496684,0.0017445293999732185,0.0001497260987871662,0.016503002220019557,0.007992359632587607,1,1,0.0,0.7483809142743906,0.5671964604580052,0.2034698093349361,0.023609668778789516
1015,5,low_yaw,batch_aware,0.002,1.0,0.7038641093276814,0.0159625600579694,5,1,8.687999999999999,0.001018769999518554,8.689018769999517,0,-0.6749999999999999,0.8,0.7041804775664738,0.016022379780819367,0.0018492006483568416,0.000949397448324533,0.016503002220019557,0.007992359632587607,1,1,0.0,0.7483722489963063,0.5312053080530094,0.2034698093349361,0.012222733048677494
1015,5,low_yaw,ignore_passive,0.002,1.0,0.7038641093276814,0.0159625600579694,5,1,8.687999999999999,0.0007274949998645752,8.688727494999863,0,-0.40000000000000013,0.8,0.7041804775664738,0.016022379780819367,0.0018492006483568416,0.000949397448324533,0.016503002220019557,0.007992359632587607,1,1,0.0,0.7483722489963063,0.5312053080530094,0.2034698093349361,0.012222733048677494
1015,5,low_yaw,oracle,0.002,1.0,0.7038641093276814,0.0159625600579694,5,1,8.46,0.000373732999605636,8.460373732999606,0,nan,0.7000000000000001,0.7038641093276814,0.0159625600579694,1e-10,1e-10,1e-10,1e-10,1,1,0.0,0.7483808575997721,0.5312218710183289,0.20286867615681733,0.012206929597529993
1016,5,low_yaw,fixed_nominal,0.002,1.0,0.5191882353970596,0.012181961795169161,5,1,9.9,0.00034529899994595326,9.900345298999946,0,nan,0.8500000000000001,0.8,0.012,0.5,0.008,0.5,0.008,1,1,0.0,0.752138235199488,0.5531392074689161,0.6947160793904278,0.021189554339173612
1016,5,low_yaw,passive,0.002,1.0,0.5191882353970596,0.012181961795169161,5,1,8.442,0.0004261719998339686,8.442426171999834,0,nan,0.775,0.5196634182657958,0.012126454347668979,0.0018735593788124258,0.0008643545657229525,0.016134345697543587,0.007974565168517262,1,1,0.0,0.7522107396235153,0.5536893771000166,0.6115281859871571,0.012682910984923213
1016,5,low_yaw,always_probe,0.002,1.0,0.5191882353970596,0.012181961795169161,5,1,9.116000000000001,0.00034141499918405316,9.116341414999185,1,nan,0.675,0.5196367410207721,0.012153834408594381,0.0017346562868399886,0.00014441541177941393,0.016134345697543587,0.007974565168517262,1,1,0.0,0.7522172569373985,0.5536973186541364,0.6115281859871571,0.02353764518336909
1016,5,low_yaw,batch_aware,0.002,1.0,0.5191882353970596,0.012181961795169161,5,1,8.442,0.0008189800005311554,8.442818980000531,0,-0.6750000000000004,0.775,0.5196634182657958,0.012126454347668979,0.0018735593788124258,0.0008643545657229525,0.016134345697543587,0.007974565168517262,1,1,0.0,0.7522107396235153,0.5536893771000166,0.6115281859871571,0.012682910984923213
1016,5,low_yaw,ignore_passive,0.002,1.0,0.5191882353970596,0.012181961795169161,5,1,8.442,0.0005369369998788898,8.442536936999879,0,-0.40000000000000013,0.775,0.5196634182657958,0.012126454347668979,0.0018735593788124258,0.0008643545657229525,0.016134345697543587,0.007974565168517262,1,1,0.0,0.7522107396235153,0.5536893771000166,0.6115281859871571,0.012682910984923213
1016,5,low_yaw,oracle,0.002,1.0,0.5191882353970596,0.012181961795169161,5,1,8.22,0.0003381989997706114,8.220338198999771,0,nan,0.675,0.5191882353970596,0.012181961795169161,1e-10,1e-10,1e-10,1e-10,1,1,0.0,0.752217294006301,0.5536984922396838,0.22402511528516758,0.013462426759014746
1017,5,low_yaw,fixed_nominal,0.002,1.0,1.4856924560343867,0.020890633093577735,5,1,12.368000000000002,0.00048445999959767505,12.3684844599996,0,nan,0.9,0.8,0.012,0.5,0.008,0.5,0.008,1,1,0.0,0.7482267147768497,0.5948918323388009,0.5459233981715591,0.07885598052625321
1017,5,low_yaw,passive,0.002,1.0,1.4856924560343867,0.020890633093577735,5,1,8.975999999999999,0.00044375800030138635,8.9764437580003,0,nan,0.8250000000000001,1.4855045007361711,0.02098325258225266,0.001866312503485274,0.0010360581854670173,0.009648930758008909,0.007945311519205115,1,1,0.0,0.7482442512979709,0.9303360215443941,0.17930873950755802,0.013002571285646296
1017,5,low_yaw,always_probe,0.002,1.0,1.4856924560343867,0.020890633093577735,5,1,9.675999999999998,0.0005266019995815441,9.67652660199958,1,nan,0.7250000000000001,1.4854649100178408,0.02085827978300747,0.001727953812526697,0.00015682913395117737,0.009648930758008909,0.007945311519205115,1,1,0.0,0.7482462288477656,0.9303360215443941,0.1930904757882268,0.020108782013532205
1017,5,low_yaw,batch_aware,0.002,1.0,1.4856924560343867,0.020890633093577735,5,1,8.975999999999999,0.0008726100004423643,8.976872610000441,0,-0.6750000000000013,0.8250000000000001,1.4855045007361711,0.02098325258225266,0.001866312503485274,0.0010360581854670173,0.009648930758008909,0.007945311519205115,1,1,0.0,0.7482442512979709,0.9303360215443941,0.17930873950755802,0.013002571285646296
1017,5,low_yaw,ignore_passive,0.002,1.0,1.4856924560343867,0.020890633093577735,5,1,8.975999999999999,0.0005038890001287655,8.976503889000128,0,-0.40000000000000013,0.8250000000000001,1.4855045007361711,0.02098325258225266,0.001866312503485274,0.0010360581854670173,0.009648930758008909,0.007945311519205115,1,1,0.0,0.7482442512979709,0.9303360215443941,0.17930873950755802,0.013002571285646296
1017,5,low_yaw,oracle,0.002,1.0,1.4856924560343867,0.020890633093577735,5,1,8.719999999999999,0.00047104000009312585,8.720471040000092,0,nan,0.7250000000000001,1.4856924560343867,0.020890633093577735,1e-10,1e-10,1e-10,1e-10,1,1,0.0,0.7482461428104751,0.5140715358074224,0.19313109973622583,0.012752404005139991
1018,5,low_yaw,fixed_nominal,0.002,1.0,1.031565628864165,0.0124640587409875,5,1,10.030000000000001,0.000356047000423132,10.030356047000424,0,nan,0.875,0.8,0.012,0.5,0.008,0.5,0.008,1,1,0.0,0.7669556501110328,0.5451959705126516,0.7137809198779903,0.018705335912825003
1018,5,low_yaw,passive,0.002,1.0,1.031565628864165,0.0124640587409875,5,1,8.687999999999999,0.0003570360004232498,8.688357036000422,0,nan,0.8,1.0318090161058593,0.012534728867176657,0.0018699639573218469,0.0009145134198586708,0.017255610462821,0.007970666932482155,1,1,0.0,0.7668946817021588,0.5447911613758241,0.4616804700189964,0.013099110334753626
1018,5,low_yaw,always_probe,0.002,1.0,1.031565628864165,0.0124640587409875,5,1,9.356,0.0004095560000223486,9.356409556000022,1,nan,0.7000000000000001,1.0318241617756136,0.012471565096913132,0.001763936566259449,0.00014489688698131938,0.017255610462821,0.007970666932482155,1,1,0.0,0.7669009659625998,0.548161485383323,0.4616804700189964,0.023724936810617565
1018,5,low_yaw,batch_aware,0.002,1.0,1.031565628864165,0.0124640587409875,5,1,8.687999999999999,0.0008201420002933446,8.688820142000292,0,-0.6749999999999999,0.8,1.0318090161058593,0.012534728867176657,0.0018699639573218469,0.0009145134198586708,0.017255610462821,0.007970666932482155,1,1,0.0,0.7668946817021588,0.5447911613758241,0.4616804700189964,0.013099110334753626
1018,5,low_yaw,ignore_passive,0.002,1.0,1.031565628864165,0.0124640587409875,5,1,8.687999999999999,0.000440823999724671,8.688440823999724,0,-0.40000000000000013,0.8,1.0318090161058593,0.012534728867176657,0.0018699639573218469,0.0009145134198586708,0.017255610462821,0.007970666932482155,1,1,0.0,0.7668946817021588,0.5447911613758241,0.4616804700189964,0.013099110334753626
1018,5,low_yaw,oracle,0.002,1.0,1.031565628864165,0.0124640587409875,5,1,8.46,0.0003564890000689047,8.46035648900007,0,nan,0.7000000000000001,1.031565628864165,0.0124640587409875,1e-10,1e-10,1e-10,1e-10,1,1,0.0,0.7669012324758829,0.5448085389050913,0.21085604134418467,0.01366393196087077
1019,5,low_yaw,fixed_nominal,0.002,1.0,0.5036976020492282,0.011107886101555628,5,1,9.94,0.00043194899967602396,9.940431948999676,0,nan,0.8500000000000001,0.8,0.012,0.5,0.008,0.5,0.008,1,1,0.0,0.7615619210777034,0.5610475489212263,0.6849131542519885,0.019358364535259326
1019,5,low_yaw,passive,0.002,1.0,0.5036976020492282,0.011107886101555628,5,1,8.462,0.0003092440001637442,8.462309244000163,0,nan,0.775,0.504021070621877,0.010952008083748405,0.001862433128115548,0.0008564835070810876,0.011948470140516055,0.007994391411390104,1,1,0.0,0.7616433439141322,0.5616605147465822,0.29940179631303554,0.012654395078029618
1019,5,low_yaw,always_probe,0.002,1.0,0.5036976020492282,0.011107886101555628,5,1,9.136000000000001,0.0003111090002221317,9.136311109000223,1,nan,0.675,0.5040455341999129,0.01110151920295523,0.0017257389208041416,0.0001432051856407092,0.011948470140516055,0.007994391411390104,1,1,0.0,0.7616510752420521,0.5616757601418956,0.29940179631303554,0.0318919455015502
1019,5,low_yaw,batch_aware,0.002,1.0,0.5036976020492282,0.011107886101555628,5,1,8.462,0.0006270420005876076,8.462627042000587,0,-0.6750000000000004,0.775,0.504021070621877,0.010952008083748405,0.001862433128115548,0.0008564835070810876,0.011948470140516055,0.007994391411390104,1,1,0.0,0.7616433439141322,0.5616605147465822,0.29940179631303554,0.012654395078029618
1019,5,low_yaw,ignore_passive,0.002,1.0,0.5036976020492282,0.011107886101555628,5,1,8.462,0.0005714189994705521,8.46257141899947,0,-0.40000000000000013,0.775,0.504021070621877,0.010952008083748405,0.001862433128115548,0.0008564835070810876,0.011948470140516055,0.007994391411390104,1,1,0.0,0.7616433439141322,0.5616605147465822,0.29940179631303554,0.012654395078029618
1019,5,low_yaw,oracle,0.002,1.0,0.5036976020492282,0.011107886101555628,5,1,8.22,0.0003127519996724004,8.220312751999673,0,nan,0.675,0.5036976020492282,0.011107886101555628,1e-10,1e-10,1e-10,1e-10,1,1,0.0,0.7616511060686685,0.5616775196189709,0.21786739147246045,0.013067763771113407
1020,5,low_yaw,fixed_nominal,0.002,1.0,1.0101803401942053,0.008524531469628635,5,1,9.430000000000001,0.00028033400008098397,9.430280334000082,0,nan,0.8250000000000001,0.8,0.012,0.5,0.008,0.5,0.008,1,1,0.0,0.7571377559471171,0.5793902283739606,0.7538338621158343,0.01732952359794638
1020,5,low_yaw,passive,0.002,1.0,1.0101803401942053,0.008524531469628635,5,1,8.188,0.0003018739996605291,8.188301873999661,0,nan,0.75,1.009992603087202,0.008249571343340879,0.0019279156588908615,0.0007997398971675575,0.01720940159206843,0.00799790405476049,1,1,0.0,0.7570954676899158,0.5790685318092688,0.4457634299933218,0.012405541777432643
1020,5,low_yaw,always_probe,0.002,1.0,1.0101803401942053,0.008524531469628635,5,1,8.856000000000002,0.0002772579996417335,8.856277257999643,1,nan,0.65,1.010066464537316,0.00856036527240681,0.0018120179293829408,0.0001402847663269988,0.01720940159206843,0.00799790405476049,1,1,0.0,0.7570976321665832,0.5790839568240623,0.4457634299933218,0.035897773989770634
1020,5,low_yaw,batch_aware,0.002,1.0,1.0101803401942053,0.008524531469628635,5,1,8.188,0.0005751729995608912,8.188575172999562,0,-0.6749999999999999,0.75,1.009992603087202,0.008249571343340879,0.0019279156588908615,0.0007997398971675575,0.01720940159206843,0.00799790405476049,1,1,0.0,0.7570954676899158,0.5790685318092688,0.4457634299933218,0.012405541777432643
1020,5,low_yaw,ignore_passive,0.002,1.0,1.0101803401942053,0.008524531469628635,5,1,8.188,0.0003355329993155465,8.188335532999316,0,-0.40000000000000013,0.75,1.009992603087202,0.008249571343340879,0.0019279156588908615,0.0007997398971675575,0.01720940159206843,0.00799790405476049,1,1,0.0,0.7570954676899158,0.5790685318092688,0.4457634299933218,0.012405541777432643
1020,5,low_yaw,oracle,0.002,1.0,1.0101803401942053,0.008524531469628635,5,1,7.960000000000002,0.00028391699970597983,7.960283916999708,0,nan,0.65,1.0101803401942053,0.008524531469628635,1e-10,1e-10,1e-10,1e-10,1,1,0.0,0.7570975733093138,0.5790834961699683,0.2178976129477264,0.012356432075735045
1021,5,low_yaw,fixed_nominal,0.002,1.0,0.7241433995407722,0.0038595824926138606,5,1,9.59,0.0004321100004744949,9.590432110000474,0,nan,0.9,0.8,0.012,0.5,0.008,0.5,0.008,1,1,0.0,0.7496683120039676,0.5145029688741377,0.38368534493458456,0.014706659576592323
1021,5,low_yaw,passive,0.002,1.0,0.7241433995407722,0.0038595824926138606,5,1,8.994,0.0005023949995575094,8.994502394999557,0,nan,0.8250000000000001,0.7239340625441971,0.00411571730086436,0.001806759422305812,0.0009217140153143518,0.016535912410397795,0.007999864813543383,1,1,0.0,0.7496886126826012,0.5146315311852929,0.1614446022560727,0.00998549280594719
1021,5,low_yaw,always_probe,0.002,1.0,0.7241433995407722,0.0038595824926138606,5,1,9.616,0.00044265600035942043,9.616442656000359,1,nan,0.7250000000000001,0.723766918763509,0.003867342610559335,0.0016999079594407873,0.00013675802329331124,0.016535912410397795,0.007999864813543383,1,1,0.0,0.7496948032179103,0.5478244072423541,0.18874018453748803,0.05745770153356388
1021,5,low_yaw,batch_aware,0.002,1.0,0.7241433995407722,0.0038595824926138606,5,1,8.994,0.000998552999817548,8.994998552999817,0,-0.6750000000000013,0.8250000000000001,0.7239340625441971,0.00411571730086436,0.001806759422305812,0.0009217140153143518,0.016535912410397795,0.007999864813543383,1,1,0.0,0.7496886126826012,0.5146315311852929,0.1614446022560727,0.00998549280594719
1021,5,low_yaw,ignore_passive,0.002,1.0,0.7241433995407722,0.0038595824926138606,5,1,8.994,0.0005044379993250914,8.994504437999325,0,-0.40000000000000013,0.8250000000000001,0.7239340625441971,0.00411571730086436,0.001806759422305812,0.0009217140153143518,0.016535912410397795,0.007999864813543383,1,1,0.0,0.7496886126826012,0.5146315311852929,0.1614446022560727,0.00998549280594719
1021,5,low_yaw,oracle,0.002,1.0,0.7241433995407722,0.0038595824926138606,5,1,8.719999999999999,0.0006807039994782826,8.720680703999477,0,nan,0.7250000000000001,0.7241433995407722,0.0038595824926138606,1e-10,1e-10,1e-10,1e-10,1,1,0.0,0.7496948770674501,0.514654623502337,0.18875222080221443,0.012528359584220501
1022,5,low_yaw,fixed_nominal,0.002,1.0,0.2007373035940423,0.023123585389293697,0,0,0.354,0.0,50.354,0,nan,nan,0.8,0.012,0.5,0.008,0.5,0.008,1,1,0.0,0.06167485762868571,1.1767319458415206,0.581766357039619,0.0011559067688240068
1022,5,low_yaw,passive,0.002,1.0,0.2007373035940423,0.023123585389293697,0,0,0.156,0.0,50.156,0,nan,nan,0.1983861992444571,0.011771827064623371,0.009644378593515184,0.007974256535716722,0.5,0.008,1,1,0.0,0.06167485762868571,1.1767319458415206,0.21627619158774264,1.1951027138684738e-05
1022,5,low_yaw,always_probe,0.002,1.0,0.2007373035940423,0.023123585389293697,0,0,0.156,0.0,50.156,0,nan,nan,0.1983861992444571,0.011771827064623371,0.009644378593515184,0.007974256535716722,0.5,0.008,1,1,0.0,0.06167485762868571,1.1767319458415206,0.21627619158774264,1.1951027138684738e-05
1022,5,low_yaw,batch_aware,0.002,1.0,0.2007373035940423,0.023123585389293697,0,0,0.156,0.0,50.156,0,nan,nan,0.1983861992444571,0.011771827064623371,0.009644378593515184,0.007974256535716722,0.5,0.008,1,1,0.0,0.06167485762868571,1.1767319458415206,0.21627619158774264,1.1951027138684738e-05
1022,5,low_yaw,ignore_passive,0.002,1.0,0.2007373035940423,0.023123585389293697,0,0,0.156,0.0,50.156,0,nan,nan,0.1983861992444571,0.011771827064623371,0.009644378593515184,0.007974256535716722,0.5,0.008,1,1,0.0,0.06167485762868571,1.1767319458415206,0.21627619158774264,1.1951027138684738e-05
1022,5,low_yaw,oracle,0.002,1.0,0.2007373035940423,0.023123585389293697,5,1,8.46,0.00036230700038686336,8.460362307000388,0,nan,0.7000000000000001,0.2007373035940423,0.023123585389293697,1e-10,1e-10,1e-10,1e-10,1,1,0.0,0.7442734901419412,0.5279552426371488,0.1986386352681915,0.011184640365347154
1023,5,low_yaw,fixed_nominal,0.002,1.0,0.6744167120119368,0.022835670906901563,5,1,9.34,0.0003724890002558823,9.340372489000256,0,nan,0.875,0.8,0.012,0.5,0.008,0.5,0.008,1,1,0.0,0.7699558601320428,0.5458606669186272,0.6292655251740803,0.042637658149246124
1023,5,low_yaw,passive,0.002,1.0,0.6744167120119368,0.022835670906901563,5,1,8.664,0.0003555549999418872,8.664355554999942,0,nan,0.8,0.673995796409156,0.022687383723469165,0.0018473283663318675,0.0010020062629645529,0.01643965541428334,0.007996729446475781,1,1,0.0,0.7699937363192049,0.5461253053384383,0.26475870499919446,0.013280947048162241
1023,5,low_yaw,always_probe,0.002,1.0,0.6744167120119368,0.022835670906901563,5,1,9.356,0.00036277499998504936,9.356362774999985,1,nan,0.7000000000000001,0.6741800486640017,0.022857674662725477,0.0017428285881798085,0.00016029967133779558,0.01643965541428334,0.007996729446475781,1,1,0.0,0.7699992177543061,0.6214840678534425,0.26475870499919446,0.023627433473690247
1023,5,low_yaw,batch_aware,0.002,1.0,0.6744167120119368,0.022835670906901563,5,1,8.664,0.000876708000077997,8.664876708000078,0,-0.6749999999999999,0.8,0.673995796409156,0.022687383723469165,0.0018473283663318675,0.0010020062629645529,0.01643965541428334,0.007996729446475781,1,1,0.0,0.7699937363192049,0.5461253053384383,0.26475870499919446,0.013280947048162241
1023,5,low_yaw,ignore_passive,0.002,1.0,0.6744167120119368,0.022835670906901563,5,1,8.664,0.00043348299982426397,8.664433482999824,0,-0.40000000000000013,0.8,0.673995796409156,0.022687383723469165,0.0018473283663318675,0.0010020062629645529,0.01643965541428334,0.007996729446475781,1,1,0.0,0.7699937363192049,0.5461253053384383,0.26475870499919446,0.013280947048162241
1023,5,low_yaw,oracle,0.002,1.0,0.6744167120119368,0.022835670906901563,5,1,8.46,0.00035268899932816566,8.460352688999329,0,nan,0.7000000000000001,0.6744167120119368,0.022835670906901563,1e-10,1e-10,1e-10,1e-10,1,1,0.0,0.7699994125174693,0.5461324293421908,0.21037413998091598,0.012620833068848923
1024,5,low_yaw,fixed_nominal,0.002,1.0,0.6514467567631979,0.007942114630527877,5,1,9.09,0.00034214699985568586,9.090342146999856,0,nan,0.8500000000000001,0.8,0.012,0.5,0.008,0.5,0.008,1,1,0.0,0.7535436099963544,0.5549071349489921,0.7445217557893368,0.012146051494744075
1024,5,low_yaw,passive,0.002,1.0,0.6514467567631979,0.007942114630527877,5,1,8.442,0.0005067510001026676,8.442506751000103,0,nan,0.775,0.6515417651364089,0.00822327289754715,0.0018808140951317757,0.0008405142252416221,0.0163924541034152,0.007998627313537355,1,1,0.0,0.7535903679370527,0.5552303443891621,0.3181282736927237,0.01175111998632553
1024,5,low_yaw,always_probe,0.002,1.0,0.6514467567631979,0.007942114630527877,5,1,9.116000000000001,0.0003360730001986667,9.1163360730002,1,nan,0.675,0.6511557137813602,0.007927530128611087,0.001741273111462238,0.00013990857381258198,0.0163924541034152,0.007998627313537355,1,1,0.0,0.7535928371520008,0.555243462772856,0.3181282736927237,0.038330992395358476
1024,5,low_yaw,batch_aware,0.002,1.0,0.6514467567631979,0.007942114630527877,5,1,8.442,0.0006860620001134521,8.442686062000114,0,-0.6750000000000004,0.775,0.6515417651364089,0.00822327289754715,0.0018808140951317757,0.0008405142252416221,0.0163924541034152,0.007998627313537355,1,1,0.0,0.7535903679370527,0.5552303443891621,0.3181282736927237,0.01175111998632553
1024,5,low_yaw,ignore_passive,0.002,1.0,0.6514467567631979,0.007942114630527877,5,1,8.442,0.00041470399969512073,8.442414703999695,0,-0.40000000000000013,0.775,0.6515417651364089,0.00822327289754715,0.0018808140951317757,0.0008405142252416221,0.0163924541034152,0.007998627313537355,1,1,0.0,0.7535903679370527,0.5552303443891621,0.3181282736927237,0.01175111998632553
1024,5,low_yaw,oracle,0.002,1.0,0.6514467567631979,0.007942114630527877,5,1,8.22,0.00042202300028293394,8.220422023000284,0,nan,0.675,0.6514467567631979,0.007942114630527877,1e-10,1e-10,1e-10,1e-10,1,1,0.0,0.7535926908924712,0.5552406416321872,0.21295021814413065,0.012320338339786352
1025,5,low_yaw,fixed_nominal,0.002,1.0,1.3495643132438015,0.016467172383280073,5,1,10.040000000000001,0.0002781180005513306,10.040278118000552,0,nan,0.8250000000000001,0.8,0.012,0.5,0.008,0.5,0.008,1,1,0.0,0.7647451492456723,0.5846613495635501,0.7313417370508797,0.040280870172215044
1025,5,low_yaw,passive,0.002,1.0,1.3495643132438015,0.016467172383280073,5,1,8.216000000000001,0.00027918000000681786,8.216279180000008,0,nan,0.75,1.3503744281836159,0.016248909689828967,0.001925151005433208,0.0008447229883715773,0.00965205484005248,0.00799440359988507,1,1,0.0,0.7646193820958785,0.7664233369056112,0.20301740558762882,0.012527844858212182
1025,5,low_yaw,always_probe,0.002,1.0,1.3495643132438015,0.016467172383280073,5,1,8.908000000000003,0.00032335799983229663,8.908323357999835,1,nan,0.65,1.350474120306134,0.01641512876600556,0.0018123883841247457,0.00014970232176576143,0.00965205484005248,0.00799440359988507,1,1,0.0,0.7646210308160856,0.7664233369056112,0.22448615590074733,0.020217561193471324
1025,5,low_yaw,batch_aware,0.002,1.0,1.3495643132438015,0.016467172383280073,5,1,8.216000000000001,0.0005653699995491479,8.21656536999955,0,-0.6749999999999999,0.75,1.3503744281836159,0.016248909689828967,0.001925151005433208,0.0008447229883715773,0.00965205484005248,0.00799440359988507,1,1,0.0,0.7646193820958785,0.7664233369056112,0.20301740558762882,0.012527844858212182
1025,5,low_yaw,ignore_passive,0.002,1.0,1.3495643132438015,0.016467172383280073,5,1,8.216000000000001,0.0004278829997019784,8.216427882999703,0,-0.40000000000000013,0.75,1.3503744281836159,0.016248909689828967,0.001925151005433208,0.0008447229883715773,0.00965205484005248,0.00799440359988507,1,1,0.0,0.7646193820958785,0.7664233369056112,0.20301740558762882,0.012527844858212182
1025,5,low_yaw,oracle,0.002,1.0,1.3495643132438015,0.016467172383280073,5,1,7.960000000000002,0.00027172899967808917,7.96027172899968,0,nan,0.65,1.3495643132438015,0.016467172383280073,1e-10,1e-10,1e-10,1e-10,1,1,0.0,0.764621291817807,0.583925596965784,0.22432393121376704,0.012143059701428403
1026,5,low_yaw,fixed_nominal,0.002,1.0,0.439032074266144,0.015687697085048382,5,1,9.824000000000002,0.0005117800001244177,9.824511780000126,0,nan,0.8250000000000001,0.8,0.012,0.5,0.008,0.5,0.008,1,1,0.0,0.7673451412032556,0.5859073395070129,0.6560861363472517,0.04201691989565253
1026,5,low_yaw,passive,0.002,1.0,0.439032074266144,0.015687697085048382,5,1,8.200000000000001,0.00030811400029051583,8.200308114000292,0,nan,0.75,0.4389008540357536,0.01552234441431114,0.0018831303458990136,0.0008370575109201304,0.01198404504114298,0.007994968182442313,1,1,0.0,0.7674386283184392,0.5866563136441793,0.21105410014045306,0.013425685589634983
1026,5,low_yaw,always_probe,0.002,1.0,0.439032074266144,0.015687697085048382,5,1,8.892000000000003,0.00027613500014922465,8.892276135000152,1,nan,0.65,0.43908563676339357,0.01564292470865264,0.0017714586357948322,0.00014854965902818198,0.01198404504114298,0.007994968182442313,1,1,0.0,0.767439753510981,0.5866830781289634,0.229033779837279,0.02143174995686383
1026,5,low_yaw,batch_aware,0.002,1.0,0.439032074266144,0.015687697085048382,5,1,8.200000000000001,0.0005586899999343586,8.200558689999935,0,-0.6749999999999999,0.75,0.4389008540357536,0.01552234441431114,0.0018831303458990136,0.0008370575109201304,0.01198404504114298,0.007994968182442313,1,1,0.0,0.7674386283184392,0.5866563136441793,0.21105410014045306,0.013425685589634983
1026,5,low_yaw,ignore_passive,0.002,1.0,0.439032074266144,0.015687697085048382,5,1,8.200000000000001,0.0003393300003153854,8.200339330000316,0,-0.40000000000000013,0.75,0.4389008540357536,0.01552234441431114,0.0018831303458990136,0.0008370575109201304,0.01198404504114298,0.007994968182442313,1,1,0.0,0.7674386283184392,0.5866563136441793,0.21105410014045306,0.013425685589634983
1026,5,low_yaw,oracle,0.002,1.0,0.439032074266144,0.015687697085048382,5,1,7.960000000000002,0.0002766069999324827,7.960276606999934,0,nan,0.65,0.439032074266144,0.015687697085048382,1e-10,1e-10,1e-10,1e-10,1,1,0.0,0.7674398712577889,0.5866827813968476,0.22896811968525047,0.013418310710959886
1027,5,low_yaw,fixed_nominal,0.002,1.0,0.23916437855556752,0.014929349798439306,0,0,0.34600000000000003,0.0,50.346,0,nan,nan,0.8,0.012,0.5,0.008,0.5,0.008,1,1,0.0,0.05739399986640912,1.0583735098441407,0.5952184403440708,0.0009558865342094336
1027,5,low_yaw,passive,0.002,1.0,0.23916437855556752,0.014929349798439306,0,0,0.154,0.0,50.154,0,nan,nan,0.24423885552766733,0.011936571110077223,0.009651025745609092,0.007982797817285121,0.5,0.008,1,1,0.0,0.05739399986640912,1.0583735098441407,0.12754119746543716,0.00014020770629536689
1027,5,low_yaw,always_probe,0.002,1.0,0.23916437855556752,0.014929349798439306,0,0,0.154,0.0,50.154,0,nan,nan,0.24423885552766733,0.011936571110077223,0.009651025745609092,0.007982797817285121,0.5,0.008,1,1,0.0,0.05739399986640912,1.0583735098441407,0.12754119746543716,0.00014020770629536689
1027,5,low_yaw,batch_aware,0.002,1.0,0.23916437855556752,0.014929349798439306,0,0,0.154,0.0,50.154,0,nan,nan,0.24423885552766733,0.011936571110077223,0.009651025745609092,0.007982797817285121,0.5,0.008,1,1,0.0,0.05739399986640912,1.0583735098441407,0.12754119746543716,0.00014020770629536689
1027,5,low_yaw,ignore_passive,0.002,1.0,0.23916437855556752,0.014929349798439306,0,0,0.154,0.0,50.154,0,nan,nan,0.24423885552766733,0.011936571110077223,0.009651025745609092,0.007982797817285121,0.5,0.008,1,1,0.0,0.05739399986640912,1.0583735098441407,0.12754119746543716,0.00014020770629536689
1027,5,low_yaw,oracle,0.002,1.0,0.23916437855556752,0.014929349798439306,5,1,8.22,0.00033600500000829925,8.220336005000009,0,nan,0.675,0.23916437855556752,0.014929349798439306,1e-10,1e-10,1e-10,1e-10,1,1,0.0,0.7698556261579877,0.567048481122876,0.225491477235922,0.013191353367509049
1028,5,low_yaw,fixed_nominal,0.002,1.0,1.3426395100577646,0.010878378202408194,5,1,10.54,0.0004350439994595945,10.540435043999459,0,nan,0.875,0.8,0.012,0.5,0.008,0.5,0.008,1,1,0.0,0.7513174501651063,0.5355592994909246,0.8567796977698642,0.039239465409107166
1028,5,low_yaw,passive,0.002,1.0,1.3426395100577646,0.010878378202408194,5,1,8.74,0.0005643989998134202,8.740564398999814,0,nan,0.8,1.342434480760349,0.01066224220088813,0.0018668707186906472,0.0009040511497445872,0.009655305218638277,0.00790179394097774,1,1,0.0,0.7511831718640103,0.7539184670626082,0.19137640031970035,0.012854659612830385
1028,5,low_yaw,always_probe,0.002,1.0,1.3426395100577646,0.010878378202408194,5,1,9.408,0.0003679950002606347,9.40836799500026,1,nan,0.7000000000000001,1.3430995506732344,0.010883636960099809,0.0017636327816937581,0.00014295376630325357,0.009655305218638277,0.00790179394097774,1,1,0.0,0.7511872820675625,0.7539184670626082,0.204915355179416,0.024061866583089033
1028,5,low_yaw,batch_aware,0.002,1.0,1.3426395100577646,0.010878378202408194,5,1,8.74,0.0007913470003586554,8.740791347000359,0,-0.6749999999999999,0.8,1.342434480760349,0.01066224220088813,0.0018668707186906472,0.0009040511497445872,0.009655305218638277,0.00790179394097774,1,1,0.0,0.7511831718640103,0.7539184670626082,0.19137640031970035,0.012854659612830385
1028,5,low_yaw,ignore_passive,0.002,1.0,1.3426395100577646,0.010878378202408194,5,1,8.74,0.0004976489994987787,8.740497648999499,0,-0.40000000000000013,0.8,1.342434480760349,0.01066224220088813,0.0018668707186906472,0.0009040511497445872,0.009655305218638277,0.00790179394097774,1,1,0.0,0.7511831718640103,0.7539184670626082,0.19137640031970035,0.012854659612830385
1028,5,low_yaw,oracle,0.002,1.0,1.3426395100577646,0.010878378202408194,5,1,8.46,0.00038500000005115,8.460385000000052,0,nan,0.7000000000000001,1.3426395100577646,0.010878378202408194,1e-10,1e-10,1e-10,1e-10,1,1,0.0,0.7511877378466748,0.5347460615846285,0.20470266346778535,0.012222211327000987
1029,5,low_yaw,fixed_nominal,0.002,1.0,1.3714882708570773,0.020927530813686132,5,1,10.06,0.0005143939997651614,10.060514393999766,0,nan,0.8250000000000001,0.8,0.012,0.5,0.008,0.5,0.008,1,1,0.0,0.7550322329182535,0.5766734622073778,0.7364887155675931,0.043353584969015195
1029,5,low_yaw,passive,0.002,1.0,1.3714882708570773,0.020927530813686132,5,1,8.218,0.0002819439998802409,8.21828194399988,0,nan,0.75,1.3714827966430545,0.02085193896288395,0.0019267669094200435,0.0008913488793461212,0.00964926231025773,0.007976067670417353,1,1,0.0,0.7549020612355956,0.7835581547360767,0.20107734242384923,0.012343305664665051
1029,5,low_yaw,always_probe,0.002,1.0,1.3714882708570773,0.020927530813686132,5,1,8.910000000000002,0.00030436499991992605,8.910304364999922,1,nan,0.65,1.3714428650269836,0.020934901276792182,0.0018139077007764595,0.0001563248402863555,0.00964926231025773,0.007976067670417353,1,1,0.0,0.7549045859098591,0.7835581547360767,0.21987562239111713,0.023037147137265852
1029,5,low_yaw,batch_aware,0.002,1.0,1.3714882708570773,0.020927530813686132,5,1,8.218,0.0008664539998335385,8.218866453999834,0,-0.6749999999999999,0.75,1.3714827966430545,0.02085193896288395,0.0019267669094200435,0.0008913488793461212,0.00964926231025773,0.007976067670417353,1,1,0.0,0.7549020612355956,0.7835581547360767,0.20107734242384923,0.012343305664665051
1029,5,low_yaw,ignore_passive,0.002,1.0,1.3714882708570773,0.020927530813686132,5,1,8.218,0.0004940129997521581,8.218494012999752,0,-0.40000000000000013,0.75,1.3714827966430545,0.02085193896288395,0.0019267669094200435,0.0008913488793461212,0.00964926231025773,0.007976067670417353,1,1,0.0,0.7549020612355956,0.7835581547360767,0.20107734242384923,0.012343305664665051
1029,5,low_yaw,oracle,0.002,1.0,1.3714882708570773,0.020927530813686132,5,1,7.960000000000002,0.00043859999937012617,7.960438599999372,0,nan,0.65,1.3714882708570773,0.020927530813686132,1e-10,1e-10,1e-10,1e-10,1,1,0.0,0.7549045716542938,0.5766155373539605,0.21990361018792265,0.01233483188554407
1030,5,low_yaw,fixed_nominal,0.002,1.0,0.5316106469180696,0.0025793032514379397,5,1,10.118,0.000384930000109307,10.11838493000011,0,nan,0.875,0.8,0.012,0.5,0.008,0.5,0.008,1,1,0.0,0.7621824162388037,0.5401472749589441,0.7080768484337588,0.02157965142432299
1030,5,low_yaw,passive,0.002,1.0,0.5316106469180696,0.0025793032514379397,5,1,8.735999999999999,0.00036073300020689203,8.736360733000206,0,nan,0.8,0.5315807241840991,0.002597761341792424,0.00183972639803364,0.0008707942556174947,0.016165782296858534,0.007984560101083232,1,1,0.0,0.7622591844475988,0.5406215756747307,0.5802566327422999,0.012087182526799
1030,5,low_yaw,always_probe,0.002,1.0,0.5316106469180696,0.0025793032514379397,5,1,9.356,0.00037992100010342256,9.356379921000103,1,nan,0.7000000000000001,0.5317579710437381,0.002608434085242413,0.0017356108491178312,0.00013605744005664344,0.016165782296858534,0.007984560101083232,1,1,0.0,0.7622641773264103,0.5486239680513877,0.5802566327422999,0.07248270688930877
1030,5,low_yaw,batch_aware,0.002,1.0,0.5316106469180696,0.0025793032514379397,5,1,8.735999999999999,0.007908693999752359,8.743908693999751,0,-0.6749999999999999,0.8,0.5315807241840991,0.002597761341792424,0.00183972639803364,0.0008707942556174947,0.016165782296858534,0.007984560101083232,1,1,0.0,0.7622591844475988,0.5406215756747307,0.5802566327422999,0.012087182526799
1030,5,low_yaw,ignore_passive,0.002,1.0,0.5316106469180696,0.0025793032514379397,5,1,8.735999999999999,0.00046381599986489164,8.736463815999864,0,-0.40000000000000013,0.8,0.5315807241840991,0.002597761341792424,0.00183972639803364,0.0008707942556174947,0.016165782296858534,0.007984560101083232,1,1,0.0,0.7622591844475988,0.5406215756747307,0.5802566327422999,0.012087182526799
1030,5,low_yaw,oracle,0.002,1.0,0.5316106469180696,0.0025793032514379397,5,1,8.46,0.0004268809996119671,8.460426880999613,0,nan,0.7000000000000001,0.5316106469180696,0.0025793032514379397,1e-10,1e-10,1e-10,1e-10,1,1,0.0,0.7622642231326451,0.5406357042841109,0.20999836200554392,0.012962092244031121
1001,20,low_yaw,fixed_nominal,0.002,1.0,1.0576328999979314,0.002361110759867625,20,1,38.48,0.0014827980000973184,38.481482798000094,0,nan,0.8250000000000001,0.8,0.012,0.5,0.008,0.5,0.008,1,1,0.0,0.7668907189366282,0.5873728279850754,0.6836958989835218,0.03593806957452367
1001,20,low_yaw,passive,0.002,1.0,1.0576328999979314,0.002361110759867625,20,1,32.50599999999999,0.0012931310009207664,32.507293131000914,0,nan,0.75,1.0575761018076268,0.002378569269679416,0.0009698549943089549,0.0003744662591709303,0.01732909305990758,0.007991287289320376,1,1,0.0,0.7668336621508179,0.5869448852102424,0.5261093428900617,0.013910521086190996
1001,20,low_yaw,always_probe,0.002,1.0,1.0576328999979314,0.002361110759867625,20,1,32.736,0.001236194999592044,32.73723619499959,1,nan,0.65,1.057502675230273,0.0023792161616458278,0.0009776405919551434,0.00012821858416779122,0.01732909305990758,0.007991287289320376,1,1,0.0,0.7668357529812315,0.5869597229412369,0.5261093428900617,0.06607159271616758
1001,20,low_yaw,batch_aware,0.002,1.0,1.0576328999979314,0.002361110759867625,20,1,32.50599999999999,0.0022809530009908485,32.508280953000984,0,-0.4250000000000004,0.75,1.0575761018076268,0.002378569269679416,0.0009698549943089549,0.0003744662591709303,0.01732909305990758,0.007991287289320376,1,1,0.0,0.7668336621508179,0.5869448852102424,0.5261093428900617,0.013910521086190996
1001,20,low_yaw,ignore_passive,0.002,1.0,1.0576328999979314,0.002361110759867625,20,1,32.736,0.0011926140007290087,32.737192614000726,1,1.0999999999999996,0.65,1.057502675230273,0.0023792161616458278,0.0009776405919551434,0.00012821858416779122,0.01732909305990758,0.007991287289320376,1,1,0.0,0.7668357529812315,0.5869597229412369,0.5261093428900617,0.06607159271616758
1001,20,low_yaw,oracle,0.002,1.0,1.0576328999979314,0.002361110759867625,20,1,31.84,0.0011310419995425036,31.841131041999542,0,nan,0.65,1.0576328999979314,0.002361110759867625,1e-10,1e-10,1e-10,1e-10,1,1,0.0,0.7668356650500527,0.5869593046679322,0.23692101917598576,0.014234665571369274
1002,20,low_yaw,fixed_nominal,0.002,1.0,0.7331496232763623,0.01021535476643178,20,1,37.35999999999998,0.001443238000774727,37.36144323800075,0,nan,0.875,0.8,0.012,0.5,0.008,0.5,0.008,1,1,0.0,0.7570123914269901,0.5376793667213854,0.34062024949578545,0.012033880164003535
1002,20,low_yaw,passive,0.002,1.0,0.7331496232763623,0.01021535476643178,20,1,34.45799999999999,0.0015382729995963018,34.45953827299959,0,nan,0.8,0.7333101625725184,0.010493708174145354,0.0009297574898002619,0.00044023845778204694,0.016572625881405786,0.007999820261819711,1,1,0.0,0.7570364093754639,0.5377053122491203,0.19553244496456276,0.011864790092113173
1002,20,low_yaw,always_probe,0.002,1.0,0.7331496232763623,0.01021535476643178,20,1,34.73599999999999,0.0015132070000163367,34.737513207000006,1,nan,0.7000000000000001,0.7333997659876634,0.010255013960017063,0.0009368367323600441,0.00013659486351252082,0.016572625881405786,0.007999820261819711,1,1,0.0,0.7570384757769333,0.5487073776913809,0.21357379673345414,0.03710697417074945
1002,20,low_yaw,batch_aware,0.002,1.0,0.7331496232763623,0.01021535476643178,20,1,34.45799999999999,0.0032360229997721035,34.46123602299976,0,-0.34999999999999754,0.8,0.7333101625725184,0.010493708174145354,0.0009297574898002619,0.00044023845778204694,0.016572625881405786,0.007999820261819711,1,1,0.0,0.7570364093754639,0.5377053122491203,0.19553244496456276,0.011864790092113173
1002,20,low_yaw,ignore_passive,0.002,1.0,0.7331496232763623,0.01021535476643178,20,1,34.73599999999999,0.0016704989989193564,34.73767049899891,1,1.0999999999999996,0.7000000000000001,0.7333997659876634,0.010255013960017063,0.0009368367323600441,0.00013659486351252082,0.016572625881405786,0.007999820261819711,1,1,0.0,0.7570384757769333,0.5487073776913809,0.21357379673345414,0.03710697417074945
1002,20,low_yaw,oracle,0.002,1.0,0.7331496232763623,0.01021535476643178,20,1,33.839999999999996,0.0014651829999365873,33.84146518299993,0,nan,0.7000000000000001,0.7331496232763623,0.01021535476643178,1e-10,1e-10,1e-10,1e-10,1,1,0.0,0.7570387860286415,0.5377312700291538,0.21354550371811296,0.013159340229656131
1003,20,low_yaw,fixed_nominal,0.002,1.0,0.4628603155760868,0.007904233635032908,20,1,40.12,0.001256070001545595,40.12125607000154,0,nan,0.8500000000000001,0.8,0.012,0.5,0.008,0.5,0.008,1,1,0.0,0.7639171406143557,0.5618942057638238,0.6664869508513038,0.02072677165472096
1003,20,low_yaw,passive,0.002,1.0,0.4628603155760868,0.007904233635032908,20,1,33.49399999999999,0.0012620510001397633,33.49526205100013,0,nan,0.775,0.4628145901443321,0.007770810416953895,0.0009482742711082742,0.000407712884403819,0.011969086607841692,0.007991510776315975,1,1,0.0,0.764013918473664,0.5625370943538472,0.20702812808049045,0.014000159887287011
1003,20,low_yaw,always_probe,0.002,1.0,0.4628603155760868,0.007904233635032908,20,1,33.807999999999986,0.0013494860002083442,33.809349486000194,1,nan,0.675,0.4628214915961609,0.007919944634152139,0.0009284380507146493,0.00013339708790222984,0.011969086607841692,0.007991510776315975,1,1,0.0,0.7640154797137383,0.5628080077310902,0.22325677574547528,0.04466064799089464
1003,20,low_yaw,batch_aware,0.002,1.0,0.4628603155760868,0.007904233635032908,20,1,33.49399999999999,0.0026085209995017067,33.496608520999494,0,-0.39999999999999647,0.775,0.4628145901443321,0.007770810416953895,0.0009482742711082742,0.000407712884403819,0.011969086607841692,0.007991510776315975,1,1,0.0,0.764013918473664,0.5625370943538472,0.20702812808049045,0.014000159887287011
1003,20,low_yaw,ignore_passive,0.002,1.0,0.4628603155760868,0.007904233635032908,20,1,33.807999999999986,0.0032470219991864724,33.81124702199917,1,1.0999999999999996,0.675,0.4628214915961609,0.007919944634152139,0.0009284380507146493,0.00013339708790222984,0.011969086607841692,0.007991510776315975,1,1,0.0,0.7640154797137383,0.5628080077310902,0.22325677574547528,0.04466064799089464
1003,20,low_yaw,oracle,0.002,1.0,0.4628603155760868,0.007904233635032908,20,1,32.87999999999999,0.0012568960007683927,32.88125689600076,0,nan,0.675,0.4628603155760868,0.007904233635032908,1e-10,1e-10,1e-10,1e-10,1,1,0.0,0.7640154646054647,0.5628058928724782,0.22328773346074154,0.013906316694266018
1004,20,low_yaw,fixed_nominal,0.002,1.0,0.20123263383700105,0.0049934801789355224,0,0,0.352,0.0,200.352,0,nan,nan,0.8,0.012,0.5,0.008,0.5,0.008,1,1,0.0,0.061610198244884125,1.1748704611126253,0.597708944404588,0.00048337470801847215
1004,20,low_yaw,passive,0.002,1.0,0.20123263383700105,0.0049934801789355224,0,0,0.156,0.0,200.156,0,nan,nan,0.20194297872477146,0.01187250750975726,0.00964671035008101,0.00797088043537762,0.5,0.008,1,1,0.0,0.061610198244884125,1.1748704611126253,0.2023618859390936,0.0006528996570740971
1004,20,low_yaw,always_probe,0.002,1.0,0.20123263383700105,0.0049934801789355224,0,0,0.156,0.0,200.156,0,nan,nan,0.20194297872477146,0.01187250750975726,0.00964671035008101,0.00797088043537762,0.5,0.008,1,1,0.0,0.061610198244884125,1.1748704611126253,0.2023618859390936,0.0006528996570740971
1004,20,low_yaw,batch_aware,0.002,1.0,0.20123263383700105,0.0049934801789355224,0,0,0.156,0.0,200.156,0,nan,nan,0.20194297872477146,0.01187250750975726,0.00964671035008101,0.00797088043537762,0.5,0.008,1,1,0.0,0.061610198244884125,1.1748704611126253,0.2023618859390936,0.0006528996570740971
1004,20,low_yaw,ignore_passive,0.002,1.0,0.20123263383700105,0.0049934801789355224,0,0,0.156,0.0,200.156,0,nan,nan,0.20194297872477146,0.01187250750975726,0.00964671035008101,0.00797088043537762,0.5,0.008,1,1,0.0,0.061610198244884125,1.1748704611126253,0.2023618859390936,0.0006528996570740971
1004,20,low_yaw,oracle,0.002,1.0,0.20123263383700105,0.0049934801789355224,20,1,31.84,0.0011196039999958884,31.841119603999996,0,nan,0.65,0.20123263383700105,0.0049934801789355224,1e-10,1e-10,1e-10,1e-10,1,1,0.0,0.7626815748069349,0.5832169272789051,0.2379026128119096,0.013422230342277344
1005,20,low_yaw,fixed_nominal,0.002,1.0,0.31510684229505126,0.023402926974937885,20,1,40.999999999999964,0.0013593280002623942,41.00135932800023,0,nan,0.8500000000000001,0.8,0.012,0.5,0.008,0.5,0.008,1,1,0.0,0.7465649703254609,0.859440454020706,0.6165216733392515,0.06605268400411848
1005,20,low_yaw,passive,0.002,1.0,0.31510684229505126,0.023402926974937885,20,1,33.22199999999998,0.0016145279996635509,33.22361452799964,0,nan,0.775,0.3149359188861374,0.02336439640211724,0.0009464834357378536,0.0004626844289839985,0.012022576441392794,0.007996365749051474,1,1,0.0,0.7466898425611855,0.859440454020706,0.21687344379271628,0.01439500470085849
1005,20,low_yaw,always_probe,0.002,1.0,0.31510684229505126,0.023402926974937885,20,1,33.82599999999998,0.0013944569996056089,33.827394456999585,1,nan,0.675,0.3149643584186026,0.023454592963068795,0.0009253041024177605,0.00015369280911897305,0.012022576441392794,0.007996365749051474,1,1,0.0,0.7466969541859764,0.859440454020706,0.21811789852151298,0.021855865967923778
1005,20,low_yaw,batch_aware,0.002,1.0,0.31510684229505126,0.023402926974937885,20,1,33.22199999999998,0.0028804929995658313,33.224880492999546,0,-0.39999999999999647,0.775,0.3149359188861374,0.02336439640211724,0.0009464834357378536,0.0004626844289839985,0.012022576441392794,0.007996365749051474,1,1,0.0,0.7466898425611855,0.859440454020706,0.21687344379271628,0.01439500470085849
1005,20,low_yaw,ignore_passive,0.002,1.0,0.31510684229505126,0.023402926974937885,20,1,33.82599999999998,0.0016699750003681402,33.82766997500035,1,1.0999999999999996,0.675,0.3149643584186026,0.023454592963068795,0.0009253041024177605,0.00015369280911897305,0.012022576441392794,0.007996365749051474,1,1,0.0,0.7466969541859764,0.859440454020706,0.21811789852151298,0.021855865967923778
1005,20,low_yaw,oracle,0.002,1.0,0.31510684229505126,0.023402926974937885,20,1,32.87999999999999,0.0013469390000864223,32.881346939000075,0,nan,0.675,0.31510684229505126,0.023402926974937885,1e-10,1e-10,1e-10,1e-10,1,1,0.0,0.7466969263594753,0.5497344200584777,0.21770937004985635,0.01331164823998149
1006,20,low_yaw,fixed_nominal,0.002,1.0,0.6716900070019542,0.015819709707392063,20,1,36.35999999999998,0.0014754210001228785,36.3614754210001,0,nan,0.8500000000000001,0.8,0.012,0.5,0.008,0.5,0.008,1,1,0.0,0.7475481020209882,0.5507497668168218,0.6473958196293167,0.025350297091473697
1006,20,low_yaw,passive,0.002,1.0,0.6716900070019542,0.015819709707392063,20,1,33.243999999999986,0.0013312930007032264,33.24533129300069,0,nan,0.775,0.6717022767348156,0.015868983199837563,0.0009564118562752023,0.0004288178954683195,0.016425221753901438,0.00798854883711479,1,1,0.0,0.74758830978387,0.5509964674484518,0.2822285531904244,0.014637944360590342
1006,20,low_yaw,always_probe,0.002,1.0,0.6716900070019542,0.015819709707392063,20,1,33.77599999999998,0.0014468540009602293,33.77744685400094,1,nan,0.675,0.6716244607294748,0.01583546933743502,0.000934902422460148,0.0001425469398916871,0.016425221753901438,0.00798854883711479,1,1,0.0,0.7475901668699183,0.565334696036692,0.2822285531904244,0.0220734376373038
1006,20,low_yaw,batch_aware,0.002,1.0,0.6716900070019542,0.015819709707392063,20,1,33.243999999999986,0.0028544820011120464,33.2468544820011,0,-0.39999999999999647,0.775,0.6717022767348156,0.015868983199837563,0.0009564118562752023,0.0004288178954683195,0.016425221753901438,0.00798854883711479,1,1,0.0,0.74758830978387,0.5509964674484518,0.2822285531904244,0.014637944360590342
1006,20,low_yaw,ignore_passive,0.002,1.0,0.6716900070019542,0.015819709707392063,20,1,33.77599999999998,0.0014701600005082582,33.77747016000049,1,1.0999999999999996,0.675,0.6716244607294748,0.01583546933743502,0.000934902422460148,0.0001425469398916871,0.016425221753901438,0.00798854883711479,1,1,0.0,0.7475901668699183,0.565334696036692,0.2822285531904244,0.0220734376373038
1006,20,low_yaw,oracle,0.002,1.0,0.6716900070019542,0.015819709707392063,20,1,32.87999999999999,0.001396355999077059,32.881396355999065,0,nan,0.675,0.6716900070019542,0.015819709707392063,1e-10,1e-10,1e-10,1e-10,1,1,0.0,0.7475902237146135,0.5510063331280772,0.21381812795563956,0.012824455934061074
1007,20,low_yaw,fixed_nominal,0.002,1.0,0.29971491244524007,0.020767547939092697,20,1,42.079999999999984,0.002036339001278975,42.08203633900126,0,nan,0.875,0.8,0.012,0.5,0.008,0.5,0.008,1,1,0.0,0.7483858877027489,0.8971604701998984,0.6067657871010536,0.0489027958362869
1007,20,low_yaw,passive,0.002,1.0,0.29971491244524007,0.020767547939092697,20,1,34.251999999999995,0.0014700570000059088,34.253470057,0,nan,0.8,0.2996102093349249,0.020592045948095414,0.0009296656626139936,0.0004743549883299914,0.009648684869219736,0.007987580612355452,1,1,0.0,0.7485183481913159,0.8902913621648787,0.21043424751600706,0.01375279463759375
1007,20,low_yaw,always_probe,0.002,1.0,0.29971491244524007,0.020767547939092697,20,1,34.78799999999999,0.0015721569991455908,34.789572156999135,1,nan,0.7000000000000001,0.299649538826835,0.020732096666302352,0.0009237260396631881,0.00015029899854683947,0.009648684869219736,0.007987580612355452,1,1,0.0,0.7485183340870304,0.8902913621648787,0.21045887203502858,0.02011780855679783
1007,20,low_yaw,batch_aware,0.002,1.0,0.29971491244524007,0.020767547939092697,20,1,34.251999999999995,0.003237522999597786,34.25523752299959,0,-0.34999999999999754,0.8,0.2996102093349249,0.020592045948095414,0.0009296656626139936,0.0004743549883299914,0.009648684869219736,0.007987580612355452,1,1,0.0,0.7485183481913159,0.8902913621648787,0.21043424751600706,0.01375279463759375
1007,20,low_yaw,ignore_passive,0.002,1.0,0.29971491244524007,0.020767547939092697,20,1,34.78799999999999,0.0016064500002812565,34.78960645000027,1,1.0999999999999996,0.7000000000000001,0.299649538826835,0.020732096666302352,0.0009237260396631881,0.00015029899854683947,0.009648684869219736,0.007987580612355452,1,1,0.0,0.7485183340870304,0.8902913621648787,0.21045887203502858,0.02011780855679783
1007,20,low_yaw,oracle,0.002,1.0,0.29971491244524007,0.020767547939092697,20,1,33.839999999999996,0.0014544469997872511,33.841454446999784,0,nan,0.7000000000000001,0.29971491244524007,0.020767547939092697,1e-10,1e-10,1e-10,1e-10,1,1,0.0,0.7485183189931082,0.5321534359783071,0.2104454127101733,0.013031458722673897
1008,20,low_yaw,fixed_nominal,0.002,1.0,0.4341538486764662,0.020700167197761923,20,1,39.319999999999986,0.001119193000249652,39.321119193000236,0,nan,0.8250000000000001,0.8,0.012,0.5,0.008,0.5,0.008,1,1,0.0,0.7693661809772883,0.5881203516310551,0.6556551313316774,0.059668191149027563
1008,20,low_yaw,passive,0.002,1.0,0.4341538486764662,0.020700167197761923,20,1,32.18599999999999,0.0010928970007171301,32.18709289700071,0,nan,0.75,0.434287360951627,0.020598674816494515,0.0009680435098755605,0.0004227418607934418,0.011979580182029626,0.007984011129291193,1,1,0.0,0.769467987711412,0.5890194482014072,0.24099244001469686,0.014480093919188395
1008,20,low_yaw,always_probe,0.002,1.0,0.4341538486764662,0.020700167197761923,20,1,32.774,0.0011934890003431065,32.775193489000344,1,nan,0.65,0.4343229289807408,0.020681288038664848,0.000958129034309842,0.00014833880600484701,0.011979580182029626,0.007984011129291193,1,1,0.0,0.769470603332433,0.6066261770363052,0.24106922646976295,0.020847992708431535
1008,20,low_yaw,batch_aware,0.002,1.0,0.4341538486764662,0.020700167197761923,20,1,32.18599999999999,0.002281360000552013,32.188281360000545,0,-0.4250000000000004,0.75,0.434287360951627,0.020598674816494515,0.0009680435098755605,0.0004227418607934418,0.011979580182029626,0.007984011129291193,1,1,0.0,0.769467987711412,0.5890194482014072,0.24099244001469686,0.014480093919188395
1008,20,low_yaw,ignore_passive,0.002,1.0,0.4341538486764662,0.020700167197761923,20,1,32.774,0.0012594429995260725,32.77525944299953,1,1.0999999999999996,0.65,0.4343229289807408,0.020681288038664848,0.000958129034309842,0.00014833880600484701,0.011979580182029626,0.007984011129291193,1,1,0.0,0.769470603332433,0.6066261770363052,0.24106922646976295,0.020847992708431535
1008,20,low_yaw,oracle,0.002,1.0,0.4341538486764662,0.020700167197761923,20,1,31.84,0.0011365299999397394,31.84113652999994,0,nan,0.65,0.4341538486764662,0.020700167197761923,1e-10,1e-10,1e-10,1e-10,1,1,0.0,0.7694708305803681,0.5890257022511692,0.24050734098711557,0.014068185864036522
1009,20,low_yaw,fixed_nominal,0.002,1.0,0.279100646874815,0.00951905851647582,20,1,40.160000000000004,0.0011561180003809568,40.161156118000385,0,nan,0.8250000000000001,0.8,0.012,0.5,0.008,0.5,0.008,1,1,0.0,0.7547897797031503,0.95376367409386,0.6067365705479694,0.030147839779708693
1009,20,low_yaw,passive,0.002,1.0,0.279100646874815,0.00951905851647582,20,1,32.45799999999999,0.001099593000162713,32.459099593000154,0,nan,0.75,0.2785914469700826,0.00938905171463451,0.0009486791794377706,0.00038899033739924984,0.009646846290457192,0.007994644689937233,1,1,0.0,0.7549149443101206,0.9490082703192859,0.2254579301281049,0.013321929929154172
1009,20,low_yaw,always_probe,0.002,1.0,0.279100646874815,0.00951905851647582,20,1,32.788000000000004,0.0011646189991552092,32.78916461899916,1,nan,0.65,0.27868466909060435,0.009519520928446393,0.0009531787546341389,0.000134101154158711,0.009646846290457192,0.007994644689937233,1,1,0.0,0.7549171349983005,0.9490082703192859,0.23014182958048812,0.031981478163058276
1009,20,low_yaw,batch_aware,0.002,1.0,0.279100646874815,0.00951905851647582,20,1,32.45799999999999,0.002468167999495563,32.46046816799949,0,-0.4250000000000004,0.75,0.2785914469700826,0.00938905171463451,0.0009486791794377706,0.00038899033739924984,0.009646846290457192,0.007994644689937233,1,1,0.0,0.7549149443101206,0.9490082703192859,0.2254579301281049,0.013321929929154172
1009,20,low_yaw,ignore_passive,0.002,1.0,0.279100646874815,0.00951905851647582,20,1,32.788000000000004,0.001214374999563006,32.78921437499957,1,1.0999999999999996,0.65,0.27868466909060435,0.009519520928446393,0.0009531787546341389,0.000134101154158711,0.009646846290457192,0.007994644689937233,1,1,0.0,0.7549171349983005,0.9490082703192859,0.23014182958048812,0.031981478163058276
1009,20,low_yaw,oracle,0.002,1.0,0.279100646874815,0.00951905851647582,20,1,31.84,0.001116621000392115,31.841116621000392,0,nan,0.65,0.279100646874815,0.00951905851647582,1e-10,1e-10,1e-10,1e-10,1,1,0.0,0.7549170830227884,0.5779086020553367,0.23045898543533722,0.013149116686519025
1010,20,low_yaw,fixed_nominal,0.002,1.0,0.33298919614620115,0.014323531818447402,20,1,41.917999999999985,0.0017740580005920492,41.91977405800058,0,nan,0.875,0.8,0.012,0.5,0.008,0.5,0.008,1,1,0.0,0.770515067519619,0.8147230424214251,0.6230446131419654,0.027949117529846502
1010,20,low_yaw,passive,0.002,1.0,0.33298919614620115,0.014323531818447402,20,1,34.37599999999999,0.0014795729998695606,34.37747957299986,0,nan,0.8,0.3333044986219174,0.01432375288253094,0.0009260696630424035,0.00045114072687783027,0.012029560806777879,0.007976778535449789,1,1,0.0,0.7706510065815678,0.803280946627486,0.21098177379000227,0.013018645137222376
1010,20,low_yaw,always_probe,0.002,1.0,0.33298919614620115,0.014323531818447402,20,1,34.78399999999999,0.0015359830006218544,34.785535983000614,1,nan,0.7000000000000001,0.33320259785498135,0.01431063989045367,0.0009259204491732312,0.0001412502910894575,0.012029560806777879,0.007976778535449789,1,1,0.0,0.7706529080545416,0.803280946627486,0.22331988101128225,0.020134047733046473
1010,20,low_yaw,batch_aware,0.002,1.0,0.33298919614620115,0.014323531818447402,20,1,34.37599999999999,0.0029968410001401935,34.37899684100013,0,-0.34999999999999754,0.8,0.3333044986219174,0.01432375288253094,0.0009260696630424035,0.00045114072687783027,0.012029560806777879,0.007976778535449789,1,1,0.0,0.7706510065815678,0.803280946627486,0.21098177379000227,0.013018645137222376
1010,20,low_yaw,ignore_passive,0.002,1.0,0.33298919614620115,0.014323531818447402,20,1,34.78399999999999,0.001668172999188755,34.78566817299918,1,1.0999999999999996,0.7000000000000001,0.33320259785498135,0.01431063989045367,0.0009259204491732312,0.0001412502910894575,0.012029560806777879,0.007976778535449789,1,1,0.0,0.7706529080545416,0.803280946627486,0.22331988101128225,0.020134047733046473
1010,20,low_yaw,oracle,0.002,1.0,0.33298919614620115,0.014323531818447402,20,1,33.839999999999996,0.0014996559993960545,33.84149965599939,0,nan,0.7000000000000001,0.33298919614620115,0.014323531818447402,1e-10,1e-10,1e-10,1e-10,1,1,0.0,0.7706529764920406,0.5477908783806126,0.22305888829687195,0.013775322692681283
1011,20,low_yaw,fixed_nominal,0.002,1.0,0.5977747764906113,0.014956441316716097,20,1,37.238,0.001311842999257351,37.23931184299926,0,nan,0.8250000000000001,0.8,0.012,0.5,0.008,0.5,0.008,1,1,0.0,0.7689353716346088,0.5887529046513875,0.8225995283786642,0.03181341494673237
1011,20,low_yaw,passive,0.002,1.0,0.5977747764906113,0.014956441316716097,20,1,32.22599999999999,0.001149510999539416,32.22714951099953,0,nan,0.75,0.5977148769312826,0.014927715452747087,0.000968621227891828,0.0004030102967460076,0.01627241246202492,0.00799448752388211,1,1,0.0,0.7689935075370988,0.5892178256462629,0.42634318096653323,0.013264473368497377
1011,20,low_yaw,always_probe,0.002,1.0,0.5977747764906113,0.014956441316716097,20,1,32.736,0.0012308620002841053,32.73723086200028,1,nan,0.65,0.597628938360426,0.014995753006676368,0.0009635391303444863,0.0001403112023238496,0.01627241246202492,0.00799448752388211,1,1,0.0,0.7689935376104238,0.5892448205206929,0.42634318096653323,0.025485004942411668
1011,20,low_yaw,batch_aware,0.002,1.0,0.5977747764906113,0.014956441316716097,20,1,32.22599999999999,0.0022216659997411625,32.22822166599973,0,-0.4250000000000004,0.75,0.5977148769312826,0.014927715452747087,0.000968621227891828,0.0004030102967460076,0.01627241246202492,0.00799448752388211,1,1,0.0,0.7689935075370988,0.5892178256462629,0.42634318096653323,0.013264473368497377
1011,20,low_yaw,ignore_passive,0.002,1.0,0.5977747764906113,0.014956441316716097,20,1,32.736,0.0012307200004215701,32.73723072000042,1,1.0999999999999996,0.65,0.597628938360426,0.014995753006676368,0.0009635391303444863,0.0001403112023238496,0.01627241246202492,0.00799448752388211,1,1,0.0,0.7689935376104238,0.5892448205206929,0.42634318096653323,0.025485004942411668
1011,20,low_yaw,oracle,0.002,1.0,0.5977747764906113,0.014956441316716097,20,1,31.84,0.001185718999522578,31.841185718999522,0,nan,0.65,0.5977747764906113,0.014956441316716097,1e-10,1e-10,1e-10,1e-10,1,1,0.0,0.7689934833818924,0.5892436536382865,0.23104259253823134,0.013245216226123143
1012,20,low_yaw,fixed_nominal,0.002,1.0,0.6288486765788946,0.019954873740693824,20,1,36.35999999999998,0.0013592410000455857,36.361359241000024,0,nan,0.8500000000000001,0.8,0.012,0.5,0.008,0.5,0.008,1,1,0.0,0.7426071329799908,0.5465066635083712,0.8554499725863935,0.0400395192326498
1012,20,low_yaw,passive,0.002,1.0,0.6288486765788946,0.019954873740693824,20,1,33.195999999999984,0.0014836679999916669,33.197483667999975,0,nan,0.775,0.6287232597781132,0.019835364866590485,0.0009551998679106576,0.00044618564766252613,0.0163524145840588,0.007994025240819639,1,1,0.0,0.7426604776370077,0.5468707659397295,0.3748078721304448,0.013578980987690985
1012,20,low_yaw,always_probe,0.002,1.0,0.6288486765788946,0.019954873740693824,20,1,33.77599999999998,0.0015755280003304506,33.77757552800031,1,nan,0.675,0.6287233668162945,0.019964999502706776,0.0009337572289066677,0.00014814570476608588,0.0163524145840588,0.007994025240819639,1,1,0.0,0.7426604786907652,0.5855162916471531,0.3748078721304448,0.02142227882497817
1012,20,low_yaw,batch_aware,0.002,1.0,0.6288486765788946,0.019954873740693824,20,1,33.195999999999984,0.002764118999721177,33.198764118999705,0,-0.39999999999999647,0.775,0.6287232597781132,0.019835364866590485,0.0009551998679106576,0.00044618564766252613,0.0163524145840588,0.007994025240819639,1,1,0.0,0.7426604776370077,0.5468707659397295,0.3748078721304448,0.013578980987690985
1012,20,low_yaw,ignore_passive,0.002,1.0,0.6288486765788946,0.019954873740693824,20,1,33.77599999999998,0.0014380549998804781,33.77743805499986,1,1.0999999999999996,0.675,0.6287233668162945,0.019964999502706776,0.0009337572289066677,0.00014814570476608588,0.0163524145840588,0.007994025240819639,1,1,0.0,0.7426604786907652,0.5855162916471531,0.3748078721304448,0.02142227882497817
1012,20,low_yaw,oracle,0.002,1.0,0.6288486765788946,0.019954873740693824,20,1,32.87999999999999,0.0014553769997291965,32.88145537699972,0,nan,0.675,0.6288486765788946,0.019954873740693824,1e-10,1e-10,1e-10,1e-10,1,1,0.0,0.7426604409654148,0.5469342204147435,0.22570514828052426,0.014559127248736824
1013,20,low_yaw,fixed_nominal,0.002,1.0,1.312290081428663,0.0038165278462078903,20,1,42.03999999999999,0.0015139260003707022,42.04151392600036,0,nan,0.875,0.8,0.012,0.5,0.008,0.5,0.008,1,1,0.0,0.7510956276539553,0.5343405589474411,0.8280906442103222,0.03323375033532444
1013,20,low_yaw,passive,0.002,1.0,1.312290081428663,0.0038165278462078903,20,1,34.532,0.0014590439991479798,34.533459043999144,0,nan,0.8,1.3125130921592307,0.0037988963515692316,0.0009467944353229098,0.0004187040936024578,0.011610616644718897,0.007998660544575122,1,1,0.0,0.7509650970732887,0.7120922980406764,0.19419772854611425,0.012419762186924982
1013,20,low_yaw,always_probe,0.002,1.0,1.312290081428663,0.0038165278462078903,20,1,34.785999999999994,0.001626386000907587,34.7876263860009,1,nan,0.7000000000000001,1.3126442686500106,0.0037787162894795242,0.0009539874874826579,0.0001307601927573837,0.011610616644718897,0.007998660544575122,1,1,0.0,0.7509666666256944,0.7120922980406764,0.20915127224716637,0.050571966346214164
1013,20,low_yaw,batch_aware,0.002,1.0,1.312290081428663,0.0038165278462078903,20,1,34.532,0.0029571780005426263,34.53495717800054,0,-0.34999999999999754,0.8,1.3125130921592307,0.0037988963515692316,0.0009467944353229098,0.0004187040936024578,0.011610616644718897,0.007998660544575122,1,1,0.0,0.7509650970732887,0.7120922980406764,0.19419772854611425,0.012419762186924982
1013,20,low_yaw,ignore_passive,0.002,1.0,1.312290081428663,0.0038165278462078903,20,1,34.785999999999994,0.0017688200009615684,34.787768820000956,1,1.0999999999999996,0.7000000000000001,1.3126442686500106,0.0037787162894795242,0.0009539874874826579,0.0001307601927573837,0.011610616644718897,0.007998660544575122,1,1,0.0,0.7509666666256944,0.7120922980406764,0.20915127224716637,0.050571966346214164
1013,20,low_yaw,oracle,0.002,1.0,1.312290081428663,0.0038165278462078903,20,1,33.839999999999996,0.001416792999862082,33.84141679299986,0,nan,0.7000000000000001,1.312290081428663,0.0038165278462078903,1e-10,1e-10,1e-10,1e-10,1,1,0.0,0.7509667369953703,0.5345762188842196,0.20908111439032176,0.01261244058574882
1014,20,low_yaw,fixed_nominal,0.002,1.0,0.8097336022719199,0.015471153021909535,20,1,37.35999999999998,0.0014057150006010488,37.36140571500058,0,nan,0.875,0.8,0.012,0.5,0.008,0.5,0.008,1,1,0.0,0.7690503449107714,0.5462503237332901,0.18027353020689715,0.018882866332771645
1014,20,low_yaw,passive,0.002,1.0,0.8097336022719199,0.015471153021909535,20,1,34.30199999999999,0.001530110999738099,34.30353011099973,0,nan,0.8,0.8096008901191313,0.01553066584635761,0.0009406778425416235,0.0004530263787529634,0.016734621171951083,0.007993157172932737,1,1,0.0,0.7690564684045679,0.5462901814837277,0.20743976687507037,0.0135590553963579
1014,20,low_yaw,always_probe,0.002,1.0,0.8097336022719199,0.015471153021909535,20,1,34.73599999999999,0.0013839629998528835,34.73738396299984,1,nan,0.7000000000000001,0.8096885957787884,0.01543076227723316,0.0009390649314559433,0.00014262827561893659,0.016734621171951083,0.007993157172932737,1,1,0.0,0.7690578656453119,0.5622132979980319,0.21725264504432323,0.01933523043087146
1014,20,low_yaw,batch_aware,0.002,1.0,0.8097336022719199,0.015471153021909535,20,1,34.30199999999999,0.0028922879996571282,34.30489228799965,0,-0.34999999999999754,0.8,0.8096008901191313,0.01553066584635761,0.0009406778425416235,0.0004530263787529634,0.016734621171951083,0.007993157172932737,1,1,0.0,0.7690564684045679,0.5462901814837277,0.20743976687507037,0.0135590553963579
1014,20,low_yaw,ignore_passive,0.002,1.0,0.8097336022719199,0.015471153021909535,20,1,34.73599999999999,0.0014650840005288046,34.73746508400052,1,1.0999999999999996,0.7000000000000001,0.8096885957787884,0.01543076227723316,0.0009390649314559433,0.00014262827561893659,0.016734621171951083,0.007993157172932737,1,1,0.0,0.7690578656453119,0.5622132979980319,0.21725264504432323,0.01933523043087146
1014,20,low_yaw,oracle,0.002,1.0,0.8097336022719199,0.015471153021909535,20,1,33.839999999999996,0.0014601950006181141,33.841460195000614,0,nan,0.7000000000000001,0.8097336022719199,0.015471153021909535,1e-10,1e-10,1e-10,1e-10,1,1,0.0,0.7690578466818375,0.5463030167026348,0.21723017671168598,0.014214981421692502
1015,20,low_yaw,fixed_nominal,0.002,1.0,0.7038641093276814,0.0159625600579694,20,1,37.35999999999998,0.0015867759996126551,37.36158677599959,0,nan,0.875,0.8,0.012,0.5,0.008,0.5,0.008,1,1,0.0,0.7484147863279103,0.5312793143908663,0.4857349227355944,0.02212357961692815
1015,20,low_yaw,passive,0.002,1.0,0.7038641093276814,0.0159625600579694,20,1,34.30199999999999,0.0014931189991784777,34.30349311899917,0,nan,0.8,0.7038647597951749,0.015898438573192362,0.0009376726598850858,0.0004558587181116013,0.016503002220019557,0.007992359632587607,1,1,0.0,0.7484466289666665,0.5315107721877745,0.21015229760776793,0.012424557389680256
1015,20,low_yaw,always_probe,0.002,1.0,0.7038641093276814,0.0159625600579694,20,1,34.73599999999999,0.0015315660002670484,34.73753156600026,1,nan,0.7000000000000001,0.70383619238404,0.015983472822905163,0.000936041043734436,0.00014355520339029166,0.016503002220019557,0.007992359632587607,1,1,0.0,0.7484481168164286,0.5671964604580052,0.2101351648711926,0.023609668778789516
1015,20,low_yaw,batch_aware,0.002,1.0,0.7038641093276814,0.0159625600579694,20,1,34.30199999999999,0.003017027999248967,34.30501702799924,0,-0.34999999999999754,0.8,0.7038647597951749,0.015898438573192362,0.0009376726598850858,0.0004558587181116013,0.016503002220019557,0.007992359632587607,1,1,0.0,0.7484466289666665,0.5315107721877745,0.21015229760776793,0.012424557389680256
1015,20,low_yaw,ignore_passive,0.002,1.0,0.7038641093276814,0.0159625600579694,20,1,34.73599999999999,0.0016188300003250333,34.737618830000315,1,1.0999999999999996,0.7000000000000001,0.70383619238404,0.015983472822905163,0.000936041043734436,0.00014355520339029166,0.016503002220019557,0.007992359632587607,1,1,0.0,0.7484481168164286,0.5671964604580052,0.2101351648711926,0.023609668778789516
1015,20,low_yaw,oracle,0.002,1.0,0.7038641093276814,0.0159625600579694,20,1,33.839999999999996,0.0015477499996450206,33.84154774999964,0,nan,0.7000000000000001,0.7038641093276814,0.0159625600579694,1e-10,1e-10,1e-10,1e-10,1,1,0.0,0.7484481182941939,0.5315107270724977,0.21016501181370986,0.012248310367006684
1016,20,low_yaw,fixed_nominal,0.002,1.0,0.5191882353970596,0.012181961795169161,20,1,39.599999999999994,0.0013082209993626748,39.60130822099936,0,nan,0.8500000000000001,0.8,0.012,0.5,0.008,0.5,0.008,1,1,0.0,0.7521897074929093,0.5544114252325322,0.6971433287492971,0.023199280789037893
1016,20,low_yaw,passive,0.002,1.0,0.5191882353970596,0.012181961795169161,20,1,33.365999999999985,0.0013417249997473846,33.36734172499973,0,nan,0.775,0.519471915308937,0.012222404935525837,0.0009509151784479758,0.0004187671984068794,0.016134345697543587,0.007974565168517262,1,1,0.0,0.7522673458031767,0.5549992483058235,0.6115281859871571,0.013098538192074531
1016,20,low_yaw,always_probe,0.002,1.0,0.5191882353970596,0.012181961795169161,20,1,33.77599999999998,0.0013449190000756062,33.77734491900006,1,nan,0.675,0.5194726198470825,0.01216057583496722,0.0009310149499809423,0.00013778671497114564,0.016134345697543587,0.007974565168517262,1,1,0.0,0.7522688743611939,0.5550198794583805,0.6115281859871571,0.02353764518336909
1016,20,low_yaw,batch_aware,0.002,1.0,0.5191882353970596,0.012181961795169161,20,1,33.365999999999985,0.002873530999977447,33.36887353099996,0,-0.39999999999999647,0.775,0.519471915308937,0.012222404935525837,0.0009509151784479758,0.0004187671984068794,0.016134345697543587,0.007974565168517262,1,1,0.0,0.7522673458031767,0.5549992483058235,0.6115281859871571,0.013098538192074531
1016,20,low_yaw,ignore_passive,0.002,1.0,0.5191882353970596,0.012181961795169161,20,1,33.77599999999998,0.0015147360002174537,33.7775147360002,1,1.0999999999999996,0.675,0.5194726198470825,0.01216057583496722,0.0009310149499809423,0.00013778671497114564,0.016134345697543587,0.007974565168517262,1,1,0.0,0.7522688743611939,0.5550198794583805,0.6115281859871571,0.02353764518336909
1016,20,low_yaw,oracle,0.002,1.0,0.5191882353970596,0.012181961795169161,20,1,32.87999999999999,0.001347914000007222,32.881347913999996,0,nan,0.675,0.5191882353970596,0.012181961795169161,1e-10,1e-10,1e-10,1e-10,1,1,0.0,0.7522690187405544,0.5550209084327156,0.22402511528516758,0.013597020536560178
1017,20,low_yaw,fixed_nominal,0.002,1.0,1.4856924560343867,0.020890633093577735,20,1,49.468000000000025,0.001746024000340185,49.469746024000365,0,nan,0.9,0.8,0.012,0.5,0.008,0.5,0.008,1,1,0.0,0.7482423726642491,0.5970031414420438,0.552569779842815,0.07954386473164406
1017,20,low_yaw,passive,0.002,1.0,1.4856924560343867,0.020890633093577735,20,1,35.304,0.0017376950004290848,35.30573769500043,0,nan,0.8250000000000001,1.4855641580068493,0.020983609581832992,0.0009504983971712101,0.000503969155032464,0.009648930758008909,0.007945311519205115,1,1,0.0,0.7482594660086984,0.9303360215443941,0.20199591305210152,0.013002571285646296
1017,20,low_yaw,always_probe,0.002,1.0,1.4856924560343867,0.020890633093577735,20,1,35.83599999999999,0.0018153680005070782,35.8378153680005,1,nan,0.7250000000000001,1.4855514708572948,0.020867197944778718,0.0009305481266064147,0.0001510746939316526,0.009648930758008909,0.007945311519205115,1,1,0.0,0.7482617854535802,0.9303360215443941,0.20199739767793723,0.020108782013532205
1017,20,low_yaw,batch_aware,0.002,1.0,1.4856924560343867,0.020890633093577735,20,1,35.304,0.0033959360014250706,35.30739593600143,0,-0.3000000000000004,0.8250000000000001,1.4855641580068493,0.020983609581832992,0.0009504983971712101,0.000503969155032464,0.009648930758008909,0.007945311519205115,1,1,0.0,0.7482594660086984,0.9303360215443941,0.20199591305210152,0.013002571285646296
1017,20,low_yaw,ignore_passive,0.002,1.0,1.4856924560343867,0.020890633093577735,20,1,35.83599999999999,0.0017820760019731097,35.837782076001965,1,1.0999999999999996,0.7250000000000001,1.4855514708572948,0.020867197944778718,0.0009305481266064147,0.0001510746939316526,0.009648930758008909,0.007945311519205115,1,1,0.0,0.7482617854535802,0.9303360215443941,0.20199739767793723,0.020108782013532205
1017,20,low_yaw,oracle,0.002,1.0,1.4856924560343867,0.020890633093577735,20,1,34.879999999999995,0.0016973819997474493,34.88169738199974,0,nan,0.7250000000000001,1.4856924560343867,0.020890633093577735,1e-10,1e-10,1e-10,1e-10,1,1,0.0,0.7482617109372909,0.5146125209103892,0.20192303717153115,0.013107617728495481
1018,20,low_yaw,fixed_nominal,0.002,1.0,1.031565628864165,0.0124640587409875,20,1,40.119999999999976,0.0014874370008328697,40.12148743700081,0,nan,0.875,0.8,0.012,0.5,0.008,0.5,0.008,1,1,0.0,0.7669596113363173,0.5451959705126516,0.7148207206722771,0.019621418091547622
1018,20,low_yaw,passive,0.002,1.0,1.031565628864165,0.0124640587409875,20,1,34.37999999999999,0.0016335549994437315,34.38163355499943,0,nan,0.8,1.0316253742488328,0.012386879231046791,0.0009431808183552708,0.0004439990240962772,0.017255610462821,0.007970666932482155,1,1,0.0,0.7669045847525793,0.5447911613758241,0.4616804700189964,0.013127650872346118
1018,20,low_yaw,always_probe,0.002,1.0,1.031565628864165,0.0124640587409875,20,1,34.73599999999999,0.0014857599987863068,34.737485759998776,1,nan,0.7000000000000001,1.0316322434754852,0.012462644635009677,0.0009459748865567437,0.00013888072578233397,0.017255610462821,0.007970666932482155,1,1,0.0,0.7669072498755203,0.548161485383323,0.4616804700189964,0.023724936810617565
1018,20,low_yaw,batch_aware,0.002,1.0,1.031565628864165,0.0124640587409875,20,1,34.37999999999999,0.003358916000024692,34.38335891600001,0,-0.34999999999999754,0.8,1.0316253742488328,0.012386879231046791,0.0009431808183552708,0.0004439990240962772,0.017255610462821,0.007970666932482155,1,1,0.0,0.7669045847525793,0.5447911613758241,0.4616804700189964,0.013127650872346118
1018,20,low_yaw,ignore_passive,0.002,1.0,1.031565628864165,0.0124640587409875,20,1,34.73599999999999,0.0018278769996413757,34.73782787699963,1,1.0999999999999996,0.7000000000000001,1.0316322434754852,0.012462644635009677,0.0009459748865567437,0.00013888072578233397,0.017255610462821,0.007970666932482155,1,1,0.0,0.7669072498755203,0.548161485383323,0.4616804700189964,0.023724936810617565
1018,20,low_yaw,oracle,0.002,1.0,1.031565628864165,0.0124640587409875,20,1,33.839999999999996,0.0015882199998031865,33.8415882199998,0,nan,0.7000000000000001,1.031565628864165,0.0124640587409875,1e-10,1e-10,1e-10,1e-10,1,1,0.0,0.7669072665710077,0.5448085389050913,0.21485094366802657,0.01366393196087077
1019,20,low_yaw,fixed_nominal,0.002,1.0,0.5036976020492282,0.011107886101555628,20,1,39.76,0.002006659998869509,39.76200665999887,0,nan,0.8500000000000001,0.8,0.012,0.5,0.008,0.5,0.008,1,1,0.0,0.7615918057854776,0.5610475489212263,0.6867410549120249,0.02045784011003341
1019,20,low_yaw,passive,0.002,1.0,0.5036976020492282,0.011107886101555628,20,1,33.40999999999999,0.0022069189999456285,33.412206918999935,0,nan,0.775,0.5033217030252062,0.011163893341069472,0.0009491642644046068,0.00041588055655844883,0.011948470140516055,0.007994391411390104,1,1,0.0,0.7616770101080426,0.5616605147465822,0.29940179631303554,0.012654395078029618
1019,20,low_yaw,always_probe,0.002,1.0,0.5036976020492282,0.011107886101555628,20,1,33.795999999999985,0.0013530170006106346,33.797353017000596,1,nan,0.675,0.5033581075215345,0.01111263699780151,0.0009293481468188464,0.0001366098472221251,0.011948470140516055,0.007994391411390104,1,1,0.0,0.7616786429414226,0.5616757601418956,0.29940179631303554,0.0318919455015502
1019,20,low_yaw,batch_aware,0.002,1.0,0.5036976020492282,0.011107886101555628,20,1,33.40999999999999,0.002744200998904489,33.412744200998894,0,-0.39999999999999647,0.775,0.5033217030252062,0.011163893341069472,0.0009491642644046068,0.00041588055655844883,0.011948470140516055,0.007994391411390104,1,1,0.0,0.7616770101080426,0.5616605147465822,0.29940179631303554,0.012654395078029618
1019,20,low_yaw,ignore_passive,0.002,1.0,0.5036976020492282,0.011107886101555628,20,1,33.795999999999985,0.0013964489992304152,33.797396448999216,1,1.0999999999999996,0.675,0.5033581075215345,0.01111263699780151,0.0009293481468188464,0.0001366098472221251,0.011948470140516055,0.007994391411390104,1,1,0.0,0.7616786429414226,0.5616757601418956,0.29940179631303554,0.0318919455015502
1019,20,low_yaw,oracle,0.002,1.0,0.5036976020492282,0.011107886101555628,20,1,32.87999999999999,0.001432214000260501,32.88143221400025,0,nan,0.675,0.5036976020492282,0.011107886101555628,1e-10,1e-10,1e-10,1e-10,1,1,0.0,0.7616785289357085,0.5616775196189709,0.22309391245117288,0.013310630549605176
1020,20,low_yaw,fixed_nominal,0.002,1.0,1.0101803401942053,0.008524531469628635,20,1,37.720000000000006,0.0012264860006325762,37.72122648600064,0,nan,0.8250000000000001,0.8,0.012,0.5,0.008,0.5,0.008,1,1,0.0,0.7571974086355011,0.5799138199419359,0.7556967504706305,0.01732952359794638
1020,20,low_yaw,passive,0.002,1.0,1.0101803401942053,0.008524531469628635,20,1,32.431999999999995,0.0012733210000988038,32.433273321000094,0,nan,0.75,1.0105136937415176,0.008561659956875486,0.0009698155044821528,0.00038752437150614885,0.01720940159206843,0.00799790405476049,1,1,0.0,0.7571539378296461,0.5795600430058464,0.4457634299933218,0.013320325960797758
1020,20,low_yaw,always_probe,0.002,1.0,1.0101803401942053,0.008524531469628635,20,1,32.736,0.0011999629991805705,32.73719996299918,1,nan,0.65,1.0104863514498013,0.008568670874849915,0.0009760311007334225,0.00013309901481343956,0.01720940159206843,0.00799790405476049,1,1,0.0,0.7571564000894091,0.5795809040343098,0.4457634299933218,0.035897773989770634
1020,20,low_yaw,batch_aware,0.002,1.0,1.0101803401942053,0.008524531469628635,20,1,32.431999999999995,0.0024312460004694003,32.434431246000464,0,-0.4250000000000004,0.75,1.0105136937415176,0.008561659956875486,0.0009698155044821528,0.00038752437150614885,0.01720940159206843,0.00799790405476049,1,1,0.0,0.7571539378296461,0.5795600430058464,0.4457634299933218,0.013320325960797758
1020,20,low_yaw,ignore_passive,0.002,1.0,1.0101803401942053,0.008524531469628635,20,1,32.736,0.001434343000937588,32.737434343000935,1,1.0999999999999996,0.65,1.0104863514498013,0.008568670874849915,0.0009760311007334225,0.00013309901481343956,0.01720940159206843,0.00799790405476049,1,1,0.0,0.7571564000894091,0.5795809040343098,0.4457634299933218,0.035897773989770634
1020,20,low_yaw,oracle,0.002,1.0,1.0101803401942053,0.008524531469628635,20,1,31.84,0.0013028190003296913,31.84130281900033,0,nan,0.65,1.0101803401942053,0.008524531469628635,1e-10,1e-10,1e-10,1e-10,1,1,0.0,0.7571564260993259,0.5795815093802673,0.2296305394564759,0.013302801174653208
1021,20,low_yaw,fixed_nominal,0.002,1.0,0.7241433995407722,0.0038595824926138606,20,1,38.36,0.0016872699991381523,38.36168726999914,0,nan,0.9,0.8,0.012,0.5,0.008,0.5,0.008,1,1,0.0,0.7496915331620861,0.5145029688741377,0.3851391925135675,0.014953068222762034
1021,20,low_yaw,passive,0.002,1.0,0.7241433995407722,0.0038595824926138606,20,1,35.51400000000001,0.0018267799998739065,35.515826779999884,0,nan,0.8250000000000001,0.7243211874915845,0.003826499705542261,0.0009239681965256055,0.00044200527047804906,0.016535912410397795,0.007999864813543383,1,1,0.0,0.7497191902037101,0.5146315311852929,0.1799481568608242,0.012046656576251496
1021,20,low_yaw,always_probe,0.002,1.0,0.7241433995407722,0.0038595824926138606,20,1,35.775999999999996,0.0017257459996926627,35.77772574599969,1,nan,0.7250000000000001,0.7242622548485985,0.0038587331476344017,0.0009085602675290889,0.00013148858530805587,0.016535912410397795,0.007999864813543383,1,1,0.0,0.7497196029749266,0.5478244072423541,0.1963923944141097,0.05745770153356388
1021,20,low_yaw,batch_aware,0.002,1.0,0.7241433995407722,0.0038595824926138606,20,1,35.51400000000001,0.003351587000224754,35.517351587000235,0,-0.3000000000000004,0.8250000000000001,0.7243211874915845,0.003826499705542261,0.0009239681965256055,0.00044200527047804906,0.016535912410397795,0.007999864813543383,1,1,0.0,0.7497191902037101,0.5146315311852929,0.1799481568608242,0.012046656576251496
1021,20,low_yaw,ignore_passive,0.002,1.0,0.7241433995407722,0.0038595824926138606,20,1,35.775999999999996,0.0020921350005664863,35.77809213500056,1,1.0999999999999996,0.7250000000000001,0.7242622548485985,0.0038587331476344017,0.0009085602675290889,0.00013148858530805587,0.016535912410397795,0.007999864813543383,1,1,0.0,0.7497196029749266,0.5478244072423541,0.1963923944141097,0.05745770153356388
1021,20,low_yaw,oracle,0.002,1.0,0.7241433995407722,0.0038595824926138606,20,1,34.879999999999995,0.0016964650005775184,34.88169646500057,0,nan,0.7250000000000001,0.7241433995407722,0.0038595824926138606,1e-10,1e-10,1e-10,1e-10,1,1,0.0,0.7497195378727038,0.514654623502337,0.19641825593856907,0.012777376431432752
1022,20,low_yaw,fixed_nominal,0.002,1.0,0.2007373035940423,0.023123585389293697,0,0,0.354,0.0,200.354,0,nan,nan,0.8,0.012,0.5,0.008,0.5,0.008,1,1,0.0,0.06167485762868571,1.1767319458415206,0.581766357039619,0.0011559067688240068
1022,20,low_yaw,passive,0.002,1.0,0.2007373035940423,0.023123585389293697,0,0,0.156,0.0,200.156,0,nan,nan,0.1983861992444571,0.011771827064623371,0.009644378593515184,0.007974256535716722,0.5,0.008,1,1,0.0,0.06167485762868571,1.1767319458415206,0.21627619158774264,1.1951027138684738e-05
1022,20,low_yaw,always_probe,0.002,1.0,0.2007373035940423,0.023123585389293697,0,0,0.156,0.0,200.156,0,nan,nan,0.1983861992444571,0.011771827064623371,0.009644378593515184,0.007974256535716722,0.5,0.008,1,1,0.0,0.06167485762868571,1.1767319458415206,0.21627619158774264,1.1951027138684738e-05
1022,20,low_yaw,batch_aware,0.002,1.0,0.2007373035940423,0.023123585389293697,0,0,0.156,0.0,200.156,0,nan,nan,0.1983861992444571,0.011771827064623371,0.009644378593515184,0.007974256535716722,0.5,0.008,1,1,0.0,0.06167485762868571,1.1767319458415206,0.21627619158774264,1.1951027138684738e-05
1022,20,low_yaw,ignore_passive,0.002,1.0,0.2007373035940423,0.023123585389293697,0,0,0.156,0.0,200.156,0,nan,nan,0.1983861992444571,0.011771827064623371,0.009644378593515184,0.007974256535716722,0.5,0.008,1,1,0.0,0.06167485762868571,1.1767319458415206,0.21627619158774264,1.1951027138684738e-05
1022,20,low_yaw,oracle,0.002,1.0,0.2007373035940423,0.023123585389293697,20,1,33.839999999999996,0.0015589300010105944,33.84155893000101,0,nan,0.7000000000000001,0.2007373035940423,0.023123585389293697,1e-10,1e-10,1e-10,1e-10,1,1,0.0,0.7443295361942077,0.5287487790057543,0.21245655406390374,0.012862484819652721
1023,20,low_yaw,fixed_nominal,0.002,1.0,0.6744167120119368,0.022835670906901563,20,1,37.35999999999998,0.001489847000584632,37.36148984700056,0,nan,0.875,0.8,0.012,0.5,0.008,0.5,0.008,1,1,0.0,0.7699852035032458,0.5468336991714331,0.6315959718683969,0.04491644910380764
1023,20,low_yaw,passive,0.002,1.0,0.6744167120119368,0.022835670906901563,20,1,34.17399999999999,0.001447630001393918,34.175447630001386,0,nan,0.8,0.6745178296486201,0.022791003274636415,0.0009427905354421361,0.0004848214772930252,0.01643965541428334,0.007996729446475781,1,1,0.0,0.7700272971779486,0.54712407067985,0.26475870499919446,0.013676501875835037
1023,20,low_yaw,always_probe,0.002,1.0,0.6744167120119368,0.022835670906901563,20,1,34.73599999999999,0.0014039759996649082,34.737403975999655,1,nan,0.7000000000000001,0.6745650051059644,0.022855178695845264,0.0009352257841315793,0.00015379923582301992,0.01643965541428334,0.007996729446475781,1,1,0.0,0.7700287841738132,0.6214840678534425,0.26475870499919446,0.023627433473690247
1023,20,low_yaw,batch_aware,0.002,1.0,0.6744167120119368,0.022835670906901563,20,1,34.17399999999999,0.0029009310005676525,34.17690093100056,0,-0.34999999999999754,0.8,0.6745178296486201,0.022791003274636415,0.0009427905354421361,0.0004848214772930252,0.01643965541428334,0.007996729446475781,1,1,0.0,0.7700272971779486,0.54712407067985,0.26475870499919446,0.013676501875835037
1023,20,low_yaw,ignore_passive,0.002,1.0,0.6744167120119368,0.022835670906901563,20,1,34.73599999999999,0.00177539899959811,34.73777539899959,1,1.0999999999999996,0.7000000000000001,0.6745650051059644,0.022855178695845264,0.0009352257841315793,0.00015379923582301992,0.01643965541428334,0.007996729446475781,1,1,0.0,0.7700287841738132,0.6214840678534425,0.26475870499919446,0.023627433473690247
1023,20,low_yaw,oracle,0.002,1.0,0.6744167120119368,0.022835670906901563,20,1,33.839999999999996,0.001434417000382382,33.84143441700038,0,nan,0.7000000000000001,0.6744167120119368,0.022835670906901563,1e-10,1e-10,1e-10,1e-10,1,1,0.0,0.7700287588271879,0.5471335725388036,0.21662468988921832,0.013560851275210905
1024,20,low_yaw,fixed_nominal,0.002,1.0,0.6514467567631979,0.007942114630527877,20,1,36.35999999999998,0.0012611780002771411,36.361261178000255,0,nan,0.8500000000000001,0.8,0.012,0.5,0.008,0.5,0.008,1,1,0.0,0.7535603325159407,0.555526266803005,0.7448406757613543,0.013048651439724597
1024,20,low_yaw,passive,0.002,1.0,0.6514467567631979,0.007942114630527877,20,1,33.46199999999999,0.0013956100001450977,33.463395610000134,0,nan,0.775,0.6513089875750133,0.008025300847022262,0.0009543905332976593,0.00040958512020934336,0.0163924541034152,0.007998627313537355,1,1,0.0,0.7536067522147516,0.5558653373804451,0.3181282736927237,0.012674603042823989
1024,20,low_yaw,always_probe,0.002,1.0,0.6514467567631979,0.007942114630527877,20,1,33.77599999999998,0.0016025689999423776,33.777602568999924,1,nan,0.675,0.6512083351080807,0.007929913736110693,0.0009343592833421898,0.00013341427077733577,0.0163924541034152,0.007998627313537355,1,1,0.0,0.7536076399963926,0.5558715211477882,0.3181282736927237,0.038330992395358476
1024,20,low_yaw,batch_aware,0.002,1.0,0.6514467567631979,0.007942114630527877,20,1,33.46199999999999,0.0027651079999486683,33.46476510799994,0,-0.39999999999999647,0.775,0.6513089875750133,0.008025300847022262,0.0009543905332976593,0.00040958512020934336,0.0163924541034152,0.007998627313537355,1,1,0.0,0.7536067522147516,0.5558653373804451,0.3181282736927237,0.012674603042823989
1024,20,low_yaw,ignore_passive,0.002,1.0,0.6514467567631979,0.007942114630527877,20,1,33.77599999999998,0.0014089469991631631,33.777408946999145,1,1.0999999999999996,0.675,0.6512083351080807,0.007929913736110693,0.0009343592833421898,0.00013341427077733577,0.0163924541034152,0.007998627313537355,1,1,0.0,0.7536076399963926,0.5558715211477882,0.3181282736927237,0.038330992395358476
1024,20,low_yaw,oracle,0.002,1.0,0.6514467567631979,0.007942114630527877,20,1,32.87999999999999,0.0012780070001099375,32.8812780070001,0,nan,0.675,0.6514467567631979,0.007942114630527877,1e-10,1e-10,1e-10,1e-10,1,1,0.0,0.7536075524273924,0.5558708746793125,0.22565085605704138,0.013581675868797367
1025,20,low_yaw,fixed_nominal,0.002,1.0,1.3495643132438015,0.016467172383280073,20,1,40.160000000000004,0.0010889649990986072,40.1610889649991,0,nan,0.8250000000000001,0.8,0.012,0.5,0.008,0.5,0.008,1,1,0.0,0.7647482187112955,0.5861582073335616,0.731374223940717,0.04124449703592136
1025,20,low_yaw,passive,0.002,1.0,1.3495643132438015,0.016467172383280073,20,1,32.251999999999995,0.0010757900008684373,32.253075790000864,0,nan,0.75,1.3500002870465129,0.01632199151014663,0.0009915518128697448,0.0004062238076335647,0.00965205484005248,0.00799440359988507,1,1,0.0,0.7646256673507229,0.7664233369056112,0.22721777394256212,0.013778009304218273
1025,20,low_yaw,always_probe,0.002,1.0,1.3495643132438015,0.016467172383280073,20,1,32.788000000000004,0.001115156998821476,32.789115156998825,1,nan,0.65,1.3500839187578595,0.016408127229089586,0.0009847323900534996,0.00014218279418092087,0.00965205484005248,0.00799440359988507,1,1,0.0,0.7646256438153175,0.7664233369056112,0.22733015309388602,0.020217561193471324
1025,20,low_yaw,batch_aware,0.002,1.0,1.3495643132438015,0.016467172383280073,20,1,32.251999999999995,0.0023676289999912115,32.25436762899999,0,-0.4250000000000004,0.75,1.3500002870465129,0.01632199151014663,0.0009915518128697448,0.0004062238076335647,0.00965205484005248,0.00799440359988507,1,1,0.0,0.7646256673507229,0.7664233369056112,0.22721777394256212,0.013778009304218273
1025,20,low_yaw,ignore_passive,0.002,1.0,1.3495643132438015,0.016467172383280073,20,1,32.788000000000004,0.0012824820003061177,32.78928248200031,1,1.0999999999999996,0.65,1.3500839187578595,0.016408127229089586,0.0009847323900534996,0.00014218279418092087,0.00965205484005248,0.00799440359988507,1,1,0.0,0.7646256438153175,0.7664233369056112,0.22733015309388602,0.020217561193471324
1025,20,low_yaw,oracle,0.002,1.0,1.3495643132438015,0.016467172383280073,20,1,31.84,0.0013651089991526533,31.841365108999153,0,nan,0.65,1.3495643132438015,0.016467172383280073,1e-10,1e-10,1e-10,1e-10,1,1,0.0,0.7646258119484607,0.5851870666421591,0.226748404605089,0.01376457795871497
1026,20,low_yaw,fixed_nominal,0.002,1.0,0.439032074266144,0.015687697085048382,20,1,39.28999999999999,0.0011000390009030525,39.291100039000895,0,nan,0.8250000000000001,0.8,0.012,0.5,0.008,0.5,0.008,1,1,0.0,0.7673747492702956,0.5865500331853583,0.6583317885658774,0.042842438816715865
1026,20,low_yaw,passive,0.002,1.0,0.439032074266144,0.015687697085048382,20,1,32.236,0.001136198000267541,32.237136198000265,0,nan,0.75,0.43880807721146353,0.0156377141781576,0.0009648958479594599,0.0004032157217525875,0.01198404504114298,0.007994968182442313,1,1,0.0,0.7674706259790838,0.5873206909618607,0.22852873200480353,0.013425685589634983
1026,20,low_yaw,always_probe,0.002,1.0,0.439032074266144,0.015687697085048382,20,1,32.772,0.0011031900003217743,32.77310319000032,1,nan,0.65,0.4388473968269785,0.01564543390272188,0.0009582543019023317,0.00014109006169202225,0.01198404504114298,0.007994968182442313,1,1,0.0,0.767470612119581,0.5873205913963815,0.229033779837279,0.02143174995686383
1026,20,low_yaw,batch_aware,0.002,1.0,0.439032074266144,0.015687697085048382,20,1,32.236,0.0023672940001233655,32.23836729400012,0,-0.4250000000000004,0.75,0.43880807721146353,0.0156377141781576,0.0009648958479594599,0.0004032157217525875,0.01198404504114298,0.007994968182442313,1,1,0.0,0.7674706259790838,0.5873206909618607,0.22852873200480353,0.013425685589634983
1026,20,low_yaw,ignore_passive,0.002,1.0,0.439032074266144,0.015687697085048382,20,1,32.772,0.0012847109994709172,32.77328471099947,1,1.0999999999999996,0.65,0.4388473968269785,0.01564543390272188,0.0009582543019023317,0.00014109006169202225,0.01198404504114298,0.007994968182442313,1,1,0.0,0.767470612119581,0.5873205913963815,0.229033779837279,0.02143174995686383
1026,20,low_yaw,oracle,0.002,1.0,0.439032074266144,0.015687697085048382,20,1,31.84,0.0011639589997685107,31.84116395899977,0,nan,0.65,0.439032074266144,0.015687697085048382,1e-10,1e-10,1e-10,1e-10,1,1,0.0,0.7674705620385311,0.5873203091028911,0.22896811968525047,0.013418310710959886
1027,20,low_yaw,fixed_nominal,0.002,1.0,0.23916437855556752,0.014929349798439306,0,0,0.34600000000000003,0.0,200.346,0,nan,nan,0.8,0.012,0.5,0.008,0.5,0.008,1,1,0.0,0.05739399986640912,1.0583735098441407,0.5952184403440708,0.0009558865342094336
1027,20,low_yaw,passive,0.002,1.0,0.23916437855556752,0.014929349798439306,0,0,0.154,0.0,200.154,0,nan,nan,0.24423885552766733,0.011936571110077223,0.009651025745609092,0.007982797817285121,0.5,0.008,1,1,0.0,0.05739399986640912,1.0583735098441407,0.12754119746543716,0.00014020770629536689
1027,20,low_yaw,always_probe,0.002,1.0,0.23916437855556752,0.014929349798439306,0,0,0.154,0.0,200.154,0,nan,nan,0.24423885552766733,0.011936571110077223,0.009651025745609092,0.007982797817285121,0.5,0.008,1,1,0.0,0.05739399986640912,1.0583735098441407,0.12754119746543716,0.00014020770629536689
1027,20,low_yaw,batch_aware,0.002,1.0,0.23916437855556752,0.014929349798439306,0,0,0.154,0.0,200.154,0,nan,nan,0.24423885552766733,0.011936571110077223,0.009651025745609092,0.007982797817285121,0.5,0.008,1,1,0.0,0.05739399986640912,1.0583735098441407,0.12754119746543716,0.00014020770629536689
1027,20,low_yaw,ignore_passive,0.002,1.0,0.23916437855556752,0.014929349798439306,0,0,0.154,0.0,200.154,0,nan,nan,0.24423885552766733,0.011936571110077223,0.009651025745609092,0.007982797817285121,0.5,0.008,1,1,0.0,0.05739399986640912,1.0583735098441407,0.12754119746543716,0.00014020770629536689
1027,20,low_yaw,oracle,0.002,1.0,0.23916437855556752,0.014929349798439306,20,1,32.87999999999999,0.0012159670006894885,32.88121596700068,0,nan,0.675,0.23916437855556752,0.014929349798439306,1e-10,1e-10,1e-10,1e-10,1,1,0.0,0.7698556261579877,0.567048481122876,0.22725603154200666,0.013191353367509049
1028,20,low_yaw,fixed_nominal,0.002,1.0,1.3426395100577646,0.010878378202408194,20,1,42.15999999999999,0.001646179000090342,42.16164617900008,0,nan,0.875,0.8,0.012,0.5,0.008,0.5,0.008,1,1,0.0,0.7513174501651063,0.5355592994909246,0.866215911932719,0.0394965858196897
1028,20,low_yaw,passive,0.002,1.0,1.3426395100577646,0.010878378202408194,20,1,34.51,0.0014467959999819868,34.51144679599998,0,nan,0.8,1.3425597635697477,0.010678054279739058,0.0009464547116671842,0.0004405496355335489,0.009655305218638277,0.00790179394097774,1,1,0.0,0.7511831718640103,0.7539184670626082,0.19226279780879535,0.013187716362290694
1028,20,low_yaw,always_probe,0.002,1.0,1.3426395100577646,0.010878378202408194,20,1,34.78799999999999,0.0014403110005787312,34.78944031100057,1,nan,0.7000000000000001,1.3428070670196341,0.010870972622192094,0.0009536599299268363,0.00013701356622991605,0.009655305218638277,0.00790179394097774,1,1,0.0,0.7511872820675625,0.7539184670626082,0.20799966042585077,0.024061866583089033
1028,20,low_yaw,batch_aware,0.002,1.0,1.3426395100577646,0.010878378202408194,20,1,34.51,0.0032209630001034384,34.5132209630001,0,-0.3249999999999972,0.8,1.3425597635697477,0.010678054279739058,0.0009464547116671842,0.0004405496355335489,0.009655305218638277,0.00790179394097774,1,1,0.0,0.7511831718640103,0.7539184670626082,0.19226279780879535,0.013187716362290694
1028,20,low_yaw,ignore_passive,0.002,1.0,1.3426395100577646,0.010878378202408194,20,1,34.78799999999999,0.0015279070003089146,34.7895279070003,1,1.0999999999999996,0.7000000000000001,1.3428070670196341,0.010870972622192094,0.0009536599299268363,0.00013701356622991605,0.009655305218638277,0.00790179394097774,1,1,0.0,0.7511872820675625,0.7539184670626082,0.20799966042585077,0.024061866583089033
1028,20,low_yaw,oracle,0.002,1.0,1.3426395100577646,0.010878378202408194,20,1,33.839999999999996,0.0014987740005381056,33.841498774000534,0,nan,0.7000000000000001,1.3426395100577646,0.010878378202408194,1e-10,1e-10,1e-10,1e-10,1,1,0.0,0.7511877378466748,0.5347460615846285,0.20792037374477967,0.012623440370405152
1029,20,low_yaw,fixed_nominal,0.002,1.0,1.3714882708570773,0.020927530813686132,20,1,40.23999999999998,0.0011422959992160031,40.2411422959992,0,nan,0.8250000000000001,0.8,0.012,0.5,0.008,0.5,0.008,1,1,0.0,0.7550322329182535,0.5794998749733637,0.742644305614667,0.044329941324968807
1029,20,low_yaw,passive,0.002,1.0,1.3714882708570773,0.020927530813686132,20,1,32.202,0.001130022000097597,32.203130022000096,0,nan,0.75,1.3717432561634886,0.020827981516671017,0.0009957512379747205,0.00042602131842090575,0.00964926231025773,0.007976067670417353,1,1,0.0,0.7549020612355956,0.7835581547360767,0.22946211269621708,0.013559334764958346
1029,20,low_yaw,always_probe,0.002,1.0,1.3714882708570773,0.020927530813686132,20,1,32.79,0.0010945869998977287,32.7910945869999,1,nan,0.65,1.3716733164203847,0.02092417132509247,0.0009855802978084068,0.00014859839451161316,0.00964926231025773,0.007976067670417353,1,1,0.0,0.7549045859098591,0.7835581547360767,0.22935935879992522,0.023037147137265852
1029,20,low_yaw,batch_aware,0.002,1.0,1.3714882708570773,0.020927530813686132,20,1,32.202,0.0023235110004407034,32.20432351100044,0,-0.4250000000000004,0.75,1.3717432561634886,0.020827981516671017,0.0009957512379747205,0.00042602131842090575,0.00964926231025773,0.007976067670417353,1,1,0.0,0.7549020612355956,0.7835581547360767,0.22946211269621708,0.013559334764958346
1029,20,low_yaw,ignore_passive,0.002,1.0,1.3714882708570773,0.020927530813686132,20,1,32.79,0.001131769999574317,32.79113176999957,1,1.0999999999999996,0.65,1.3716733164203847,0.02092417132509247,0.0009855802978084068,0.00014859839451161316,0.00964926231025773,0.007976067670417353,1,1,0.0,0.7549045859098591,0.7835581547360767,0.22935935879992522,0.023037147137265852
1029,20,low_yaw,oracle,0.002,1.0,1.3714882708570773,0.020927530813686132,20,1,31.84,0.0011308690002351796,31.841130869000235,0,nan,0.65,1.3714882708570773,0.020927530813686132,1e-10,1e-10,1e-10,1e-10,1,1,0.0,0.7549045716542938,0.5785301952930364,0.2293663802550604,0.01340289161798853
1030,20,low_yaw,fixed_nominal,0.002,1.0,0.5316106469180696,0.0025793032514379397,20,1,40.47799999999998,0.001983964000146443,40.47998396400013,0,nan,0.875,0.8,0.012,0.5,0.008,0.5,0.008,1,1,0.0,0.7621824162388037,0.5404087450250364,0.7080768484337588,0.021952133809835753
1030,20,low_yaw,passive,0.002,1.0,0.5316106469180696,0.0025793032514379397,20,1,34.50599999999999,0.0014439929998388834,34.50744399299983,0,nan,0.8,0.5317182985216334,0.0025370172285979647,0.0009244865216071424,0.0004160683661511766,0.016165782296858534,0.007984560101083232,1,1,0.0,0.7622591844475988,0.5407823058712722,0.5802566327422999,0.012787647160414
1030,20,low_yaw,always_probe,0.002,1.0,0.5316106469180696,0.0025793032514379397,20,1,34.73599999999999,0.0014228909994926653,34.73742289099948,1,nan,0.7000000000000001,0.5317596063227789,0.0025999374127066645,0.0009315367196102358,0.0001302387981815739,0.016165782296858534,0.007984560101083232,1,1,0.0,0.7622641773264103,0.5486239680513877,0.5802566327422999,0.07248270688930877
1030,20,low_yaw,batch_aware,0.002,1.0,0.5316106469180696,0.0025793032514379397,20,1,34.50599999999999,0.0029816309986472334,34.50898163099864,0,-0.34999999999999754,0.8,0.5317182985216334,0.0025370172285979647,0.0009244865216071424,0.0004160683661511766,0.016165782296858534,0.007984560101083232,1,1,0.0,0.7622591844475988,0.5407823058712722,0.5802566327422999,0.012787647160414
1030,20,low_yaw,ignore_passive,0.002,1.0,0.5316106469180696,0.0025793032514379397,20,1,34.73599999999999,0.0015320760003305622,34.73753207600032,1,1.0999999999999996,0.7000000000000001,0.5317596063227789,0.0025999374127066645,0.0009315367196102358,0.0001302387981815739,0.016165782296858534,0.007984560101083232,1,1,0.0,0.7622641773264103,0.5486239680513877,0.5802566327422999,0.07248270688930877
1030,20,low_yaw,oracle,0.002,1.0,0.5316106469180696,0.0025793032514379397,20,1,33.839999999999996,0.0016389699990213558,33.84163896999902,0,nan,0.7000000000000001,0.5316106469180696,0.0025793032514379397,1e-10,1e-10,1e-10,1e-10,1,1,0.0,0.7622642231326451,0.5412368057821667,0.21958243801034552,0.013452988076521944
